HEADER,TIME_MS,SV_DRV,SV_STR,SV_STD,SWP_SG,SV_POS,GY_ROLL,GY_YAW,GY_PITCH,ACC_X,ACC_Y,ACC_Z
a,123398,0.000,0.000,36.000,0.000,-0.044,-0.051,0.041,0.520,2.085,9.446,2.120
a,123403,0.000,0.000,36.000,0.000,-0.044,-0.051,0.026,-0.091,2.101,9.457,2.127
a,123406,0.000,0.000,36.000,0.000,-0.044,-0.112,0.133,0.169,2.078,9.446,2.122
a,123410,0.000,0.000,36.000,0.000,-0.044,0.056,-0.142,-0.030,2.103,9.456,2.122
a,123414,0.000,0.000,36.000,0.000,-0.088,-0.051,0.133,0.138,2.101,9.442,2.115
a,123418,0.000,0.000,36.000,0.000,0.352,-0.112,0.087,0.459,2.082,9.442,2.113
a,123423,0.000,0.000,36.000,0.000,-0.044,-0.127,0.026,-0.793,2.091,9.433,2.115
a,123427,0.000,0.000,36.000,0.000,-0.088,0.010,-0.050,-0.091,2.076,9.471,2.121
a,123431,0.000,0.000,36.000,0.000,-0.088,0.163,0.194,0.321,2.070,9.469,2.145
a,123434,0.000,0.000,36.000,0.000,-0.088,0.041,-0.035,-0.579,2.081,9.471,2.115
a,123438,0.000,0.000,36.000,0.000,-0.044,-0.173,0.148,0.734,2.097,9.410,2.097
a,123442,0.000,0.000,36.000,0.000,-0.044,-0.127,-0.188,-0.473,2.073,9.454,2.119
a,123446,0.000,0.000,36.000,0.000,-0.088,-0.158,-0.050,-0.198,2.078,9.413,2.138
a,123451,0.000,0.000,36.000,0.000,0.000,-0.112,0.194,0.031,2.085,9.468,2.109
a,123455,0.000,0.000,36.000,0.000,-0.044,0.041,-0.188,-0.412,2.076,9.444,2.103
a,123459,0.000,0.000,36.000,0.000,-0.044,-0.081,-0.081,1.512,2.073,9.442,2.128
a,123462,0.000,0.000,36.000,0.000,-0.044,0.041,0.133,-1.114,2.054,9.451,2.113
a,123467,0.000,0.000,36.000,0.000,-0.044,-0.005,-0.065,0.688,2.085,9.428,2.093
a,123470,0.000,0.000,36.000,0.000,-0.088,0.056,0.072,-0.030,2.103,9.433,2.102
a,123474,0.000,0.000,36.000,0.000,-0.088,-0.051,0.026,-0.137,2.096,9.450,2.143
a,123478,0.000,0.000,36.000,0.000,-0.088,0.071,0.057,0.138,2.073,9.442,2.102
a,123482,0.000,0.000,36.000,0.000,-0.088,-0.112,0.133,-0.030,2.094,9.461,2.122
a,123486,0.000,0.000,36.000,0.000,-0.088,0.071,-0.096,0.077,2.058,9.449,2.096
a,123490,0.000,0.000,36.000,0.000,-0.044,0.010,0.057,0.352,2.088,9.427,2.109
a,123494,0.000,0.000,36.000,0.000,-0.176,0.102,-0.417,-0.137,2.076,9.404,2.121
a,123498,0.000,0.000,36.000,0.000,-0.132,-0.020,-0.142,-0.305,2.089,9.456,2.103
a,123502,0.000,0.000,36.000,0.000,-0.088,-0.295,0.133,-0.579,2.057,9.446,2.131
a,123506,0.000,0.000,36.000,0.000,-0.044,-0.020,0.026,-0.793,2.107,9.461,2.150
a,123511,0.000,0.000,36.000,0.000,-0.044,0.194,0.026,-1.373,2.084,9.481,2.103
a,123514,0.000,0.000,36.000,0.000,-0.044,0.071,0.011,0.184,2.076,9.449,2.113
a,123518,0.000,0.000,36.000,0.000,-0.088,0.178,-0.035,0.672,2.094,9.462,2.127
a,123522,0.000,0.000,36.000,0.000,-0.132,0.071,0.118,0.352,2.096,9.444,2.106
a,123526,0.000,0.000,36.000,0.000,-0.088,-0.326,-0.035,0.031,2.101,9.433,2.125
a,123530,0.000,0.000,36.000,0.000,-0.044,-0.112,-0.096,-0.793,2.084,9.443,2.113
a,123534,0.000,0.000,36.000,0.000,-0.088,0.102,-0.081,-0.213,2.107,9.451,2.108
a,123538,0.000,0.000,36.000,0.000,-0.044,-0.112,0.240,0.031,2.094,9.454,2.132
a,123542,0.000,0.000,36.000,0.000,-0.088,-0.112,-0.264,-0.579,2.112,9.455,2.116
a,123546,0.000,0.000,36.000,0.000,-0.088,-0.051,-0.035,-0.091,2.085,9.428,2.113
a,123551,0.000,0.000,36.000,0.000,0.000,0.010,-0.096,0.031,2.101,9.456,2.128
a,123555,0.000,0.000,36.000,0.000,-0.088,0.056,-0.172,0.581,2.073,9.486,2.097
a,123558,0.000,0.000,36.000,0.000,-0.088,-0.051,0.072,-0.091,2.091,9.461,2.109
a,123563,0.000,0.000,36.000,0.000,-0.044,0.087,0.072,-0.488,2.105,9.461,2.128
a,123566,0.000,0.000,36.000,0.000,-0.088,-0.066,-0.081,-0.366,2.103,9.470,2.110
a,123570,0.000,0.000,36.000,0.000,-0.044,-0.112,0.072,-0.137,2.100,9.442,2.116
a,123575,0.000,0.000,36.000,0.000,-0.044,-0.020,0.133,1.405,2.112,9.480,2.108
a,123579,0.000,0.000,36.000,0.000,-0.044,0.056,-0.020,0.581,2.082,9.456,2.087
a,123582,0.000,0.000,36.000,0.000,-0.044,-0.158,0.255,1.237,2.089,9.439,2.113
a,123586,0.000,0.000,36.000,0.000,-0.044,-0.158,-0.264,-0.091,2.088,9.455,2.128
a,123590,0.000,0.000,36.000,0.000,-0.044,-0.051,-0.081,-0.152,2.097,9.457,2.139
a,123594,0.000,0.000,36.000,0.000,-0.044,-0.173,-0.142,-0.045,2.091,9.450,2.126
a,123598,0.000,0.000,36.000,0.000,-0.088,0.056,0.087,0.749,2.105,9.462,2.125
a,123603,0.000,0.000,36.000,0.000,-0.088,-0.112,-0.142,-0.137,2.082,9.436,2.103
a,123606,0.000,0.000,36.000,0.000,-0.088,0.087,0.072,-0.641,2.076,9.462,2.122
a,123611,0.000,0.000,36.000,0.000,-0.044,-0.127,-0.066,-0.202,2.082,9.457,2.125
a,123614,0.000,0.000,36.000,0.000,-0.044,0.056,-0.112,1.004,2.088,9.461,2.103
a,123618,0.000,0.000,36.000,0.000,0.000,-0.127,0.041,-0.844,2.088,9.428,2.115
a,123622,0.000,0.000,36.000,0.000,-0.088,-0.173,-0.081,-0.294,2.085,9.433,2.103
a,123626,0.000,0.000,36.000,0.000,-0.088,0.072,0.072,-0.141,2.091,9.449,2.140
a,123630,0.000,0.000,36.000,0.000,-0.088,0.056,0.209,0.179,2.069,9.470,2.110
a,123634,0.000,0.000,36.000,0.000,-0.088,-0.020,-0.020,-0.309,2.091,9.450,2.101
a,123638,0.000,0.000,36.000,0.000,0.352,0.011,0.102,1.172,2.089,9.446,2.122
a,123642,0.000,0.000,36.000,0.000,-0.044,-0.050,0.056,0.973,2.088,9.465,2.125
a,123646,0.000,0.000,36.000,0.000,-0.088,0.041,-0.066,-0.248,2.081,9.446,2.109
a,123650,0.000,0.000,36.000,0.000,-0.088,-0.020,0.041,-0.416,2.088,9.439,2.119
a,123654,0.000,0.000,36.000,0.000,-0.088,-0.218,-0.310,-1.210,2.094,9.471,2.102
a,123658,0.000,0.000,36.000,0.000,-0.088,-0.005,-0.005,0.851,2.101,9.458,2.103
a,123662,0.000,0.000,36.000,0.000,-0.132,0.087,0.087,-0.599,2.073,9.434,2.113
a,123667,0.000,0.000,36.000,0.000,0.352,0.041,-0.020,-0.523,2.089,9.427,2.121
a,123670,0.000,0.000,36.000,0.000,-0.044,-0.005,0.255,-0.141,2.091,9.450,2.132
a,123674,0.000,0.000,36.000,0.000,-0.088,0.011,0.133,0.454,2.089,9.455,2.113
a,123678,0.000,0.000,36.000,0.000,-0.044,-0.127,0.087,-0.676,2.091,9.448,2.106
a,123682,0.000,0.000,36.000,0.000,0.308,-0.050,0.041,0.073,2.096,9.449,2.126
a,123686,0.000,0.000,36.000,0.000,0.352,0.209,-0.020,0.118,2.085,9.475,2.096
a,123690,0.000,0.000,36.000,0.000,-0.088,-0.005,0.163,0.637,2.078,9.450,2.108
a,123694,0.000,0.000,36.000,0.000,-0.044,0.102,0.072,-0.859,2.097,9.413,2.109
a,123698,0.000,0.000,36.000,0.000,-0.088,0.117,0.087,0.836,2.088,9.455,2.140
a,123703,0.000,0.000,36.000,0.000,-0.088,-0.066,0.056,-1.607,2.094,9.483,2.121
a,123707,0.000,0.000,36.000,0.000,0.352,-0.005,-0.005,0.744,2.065,9.444,2.132
a,123710,0.000,0.000,36.000,0.000,-0.044,-0.127,0.041,-0.569,2.072,9.427,2.112
a,123715,0.000,0.000,36.000,0.000,0.352,0.041,-0.173,-0.355,2.078,9.454,2.103
a,123718,0.000,0.000,36.000,0.000,-0.044,-0.020,0.148,-0.920,2.081,9.457,2.101
a,123722,0.000,0.000,36.000,0.000,-0.044,0.056,-0.173,-0.187,2.070,9.451,2.103
a,123727,0.000,0.000,36.000,0.000,-0.088,0.102,0.117,0.668,2.070,9.458,2.094
a,123731,0.000,0.000,36.000,0.000,-0.044,-0.112,0.087,0.179,2.084,9.443,2.120
a,123735,0.000,0.000,36.000,0.000,-0.044,-0.050,-0.020,-0.080,2.076,9.446,2.109
a,123738,0.000,0.000,36.000,0.000,-0.088,0.087,0.087,-0.309,2.094,9.432,2.113
a,123742,0.000,0.000,36.000,0.000,-0.044,0.072,0.072,0.240,2.097,9.448,2.113
a,123746,0.000,0.000,36.000,0.000,-0.044,-0.005,-0.050,0.531,2.085,9.439,2.106
a,123750,0.000,0.000,36.000,0.000,-0.044,0.087,0.148,-1.195,2.058,9.452,2.109
a,123754,0.000,0.000,36.000,0.000,-0.044,-0.005,0.041,-0.187,2.097,9.462,2.125
a,123759,0.000,0.000,36.000,0.000,-0.132,0.117,-0.188,0.286,2.096,9.424,2.094
a,123763,0.000,0.000,36.000,0.000,-0.044,-0.234,-0.066,-0.691,2.073,9.457,2.125
a,123767,0.000,0.000,36.000,0.000,-0.044,-0.112,0.041,0.393,2.101,9.445,2.116
a,123770,0.000,0.000,36.000,0.000,0.352,0.194,-0.020,-1.134,2.088,9.450,2.125
a,123775,0.000,0.000,36.000,0.000,-0.088,0.102,-0.295,-0.050,2.100,9.458,2.132
a,123778,0.000,0.000,36.000,0.000,-0.088,-0.112,-0.050,0.515,2.088,9.471,2.132
a,123782,0.000,0.000,36.000,0.000,-0.044,0.072,0.087,0.592,2.085,9.461,2.150
a,123786,0.000,0.000,36.000,0.000,-0.088,0.179,-0.035,-0.050,2.091,9.470,2.093
a,123790,0.000,0.000,36.000,0.000,-0.088,0.102,0.041,-0.050,2.082,9.451,2.109
a,123794,0.000,0.000,36.000,0.000,-0.088,0.056,-0.173,0.088,2.081,9.422,2.122
a,123798,0.000,0.000,36.000,0.000,-0.132,-0.218,-0.218,0.515,2.109,9.461,2.116
a,123802,0.000,0.000,36.000,0.000,-0.044,0.011,-0.035,0.408,2.100,9.451,2.112
a,123806,0.000,0.000,36.000,0.000,0.000,-0.112,-0.050,0.744,2.084,9.485,2.112
a,123810,0.000,0.000,36.000,0.000,-0.044,-0.295,0.087,-1.027,2.091,9.463,2.103
a,123814,0.000,0.000,36.000,0.000,-0.044,0.209,-0.112,0.683,2.076,9.430,2.127
a,123819,0.000,0.000,36.000,0.000,-0.088,0.072,-0.188,0.454,2.089,9.465,2.116
a,123822,0.000,0.000,36.000,0.000,-0.088,-0.173,-0.157,0.576,2.084,9.475,2.119
a,123826,0.000,0.000,36.000,0.000,-0.088,-0.050,-0.066,0.302,2.091,9.456,2.125
a,123830,0.000,0.000,36.000,0.000,-0.088,-0.066,0.087,-0.263,2.109,9.450,2.109
a,123834,0.000,0.000,36.000,0.000,-0.044,-0.066,0.316,-0.263,2.082,9.427,2.099
a,123838,0.000,0.000,36.000,0.000,-0.132,0.102,0.072,-0.477,2.070,9.438,2.106
a,123842,0.000,0.000,36.000,0.000,-0.088,0.117,-0.142,0.332,2.097,9.451,2.108
a,123846,0.000,0.000,36.000,0.000,-0.088,-0.005,-0.127,0.195,2.073,9.446,2.103
a,123851,0.000,0.000,36.000,0.000,-0.088,0.056,-0.218,0.698,2.096,9.437,2.100
a,123855,0.000,0.000,36.000,0.000,-0.088,-0.020,-0.157,-1.821,2.089,9.468,2.125
a,123858,0.000,0.000,36.000,0.000,-0.132,-0.005,0.056,0.637,2.072,9.480,2.122
a,123862,0.000,0.000,36.000,0.000,-0.132,-0.173,0.224,0.592,2.085,9.439,2.106
a,123866,0.000,0.000,36.000,0.000,-0.088,0.041,-0.066,-0.248,2.082,9.430,2.103
a,123871,0.000,0.000,36.000,0.000,0.000,-0.050,0.041,-0.034,2.089,9.468,2.112
a,123875,0.000,0.000,36.000,0.000,-0.132,0.163,-0.188,-0.798,2.100,9.473,2.090
a,123879,0.000,0.000,36.000,0.000,0.396,-0.127,-0.173,-0.477,2.073,9.443,2.084
a,123882,0.000,0.000,36.000,0.000,0.000,0.011,-0.035,0.454,2.081,9.444,2.122
a,123886,0.000,0.000,36.000,0.000,-0.044,-0.218,-0.142,-0.462,2.089,9.455,2.112
a,123890,0.000,0.000,36.000,0.000,-0.044,0.011,0.072,0.347,2.081,9.434,2.140
a,123894,0.000,0.000,36.000,0.000,-0.044,-0.050,0.087,0.073,2.088,9.436,2.142
a,123898,0.000,0.000,36.000,0.000,-0.088,0.072,0.072,0.454,2.091,9.431,2.106
a,123903,0.000,0.000,36.000,0.000,-0.088,-0.005,-0.127,-0.080,2.107,9.457,2.100
a,123906,0.000,0.000,36.000,0.000,-0.088,0.102,-0.005,0.729,2.063,9.456,2.125
a,123911,0.000,0.000,36.000,0.000,-0.088,0.011,0.087,0.698,2.088,9.444,2.138
a,123914,0.000,0.000,36.000,0.000,0.352,-0.066,0.041,-0.966,2.078,9.398,2.072
a,123918,0.000,0.000,36.000,0.000,-0.044,-0.005,0.316,0.286,2.103,9.442,2.096
a,123922,0.000,0.000,36.000,0.000,0.000,0.056,0.102,0.897,2.097,9.442,2.116
a,123926,0.000,0.000,36.000,0.000,-0.088,-0.279,0.163,0.515,2.097,9.485,2.107
a,123930,0.000,0.000,36.000,0.000,-0.088,-0.020,-0.020,-0.752,2.089,9.456,2.126
a,123934,0.000,0.000,36.000,0.000,-0.132,0.163,-0.066,0.286,2.065,9.456,2.128
a,123938,0.000,0.000,36.000,0.000,-0.044,-0.050,-0.341,0.210,2.100,9.456,2.134
a,123942,0.000,0.000,36.000,0.000,-0.088,0.072,-0.035,0.195,2.073,9.470,2.106
a,123946,0.000,0.000,36.000,0.000,-0.044,0.011,-0.142,-0.034,2.076,9.436,2.116
a,123950,0.000,0.000,36.000,0.000,-0.044,0.194,0.087,-0.874,2.091,9.445,2.114
a,123954,0.000,0.000,36.000,0.000,-0.044,0.041,-0.020,-0.752,2.078,9.455,2.110
a,123958,0.000,0.000,36.000,0.000,-0.132,0.041,0.209,-0.355,2.091,9.433,2.134
a,123962,0.000,0.000,36.000,0.000,-0.088,-0.020,-0.020,-1.011,2.070,9.448,2.093
a,123967,0.000,0.000,36.000,0.000,-0.044,0.072,-0.188,-2.126,2.081,9.479,2.081
a,123970,0.000,0.000,36.000,0.000,-0.088,0.117,0.041,0.897,2.085,9.474,2.127
a,123974,0.000,0.000,36.000,0.000,-0.088,-0.112,0.148,0.302,2.081,9.439,2.121
a,123978,0.000,0.000,36.000,0.000,-0.088,-0.218,0.133,-0.416,2.094,9.431,2.122
a,123982,0.000,0.000,36.000,0.000,-0.088,0.072,0.041,0.531,2.078,9.442,2.125
a,123986,0.000,0.000,36.000,0.000,-0.088,-0.279,-0.188,-0.355,2.094,9.459,2.127
a,123990,0.000,0.000,36.000,0.000,-0.088,-0.157,0.056,1.462,2.066,9.458,2.122
a,123994,0.000,0.000,36.000,0.000,-0.088,-0.112,-0.066,0.302,2.078,9.427,2.106
a,123998,0.000,0.000,36.000,0.000,-0.044,0.117,-0.020,0.576,2.100,9.487,2.106
a,124003,0.000,0.000,36.000,0.000,-0.044,0.011,0.102,1.981,2.101,9.461,2.101
a,124006,0.000,0.000,36.000,0.000,-0.044,0.255,-0.341,-0.569,2.066,9.465,2.106
a,124010,0.000,0.000,36.000,0.000,-0.088,0.041,0.087,-1.057,2.097,9.456,2.122
a,124014,0.000,0.000,36.000,0.000,-0.044,-0.218,0.347,-0.416,2.097,9.451,2.127
a,124018,0.000,0.000,36.000,0.000,0.352,0.163,-0.020,-0.095,2.069,9.444,2.122
a,124023,0.000,0.000,36.000,0.000,0.396,0.148,0.087,-0.370,2.070,9.499,2.112
a,124027,0.000,0.000,36.000,0.000,0.352,0.072,0.270,1.569,2.096,9.442,2.119
a,124031,0.000,0.000,36.000,0.000,0.352,-0.020,-0.295,-0.920,2.082,9.452,2.126
a,124035,0.000,0.000,36.000,0.000,0.352,0.041,0.041,-1.011,2.085,9.461,2.127
a,124039,0.000,0.000,36.000,0.000,0.352,0.163,0.041,0.439,2.088,9.461,2.121
a,124042,0.000,0.075,36.000,0.075,-0.044,0.056,0.133,-0.462,2.109,9.464,2.115
a,124046,0.000,0.151,36.000,0.151,-0.044,-0.127,-0.066,-0.950,2.069,9.462,2.119
a,124050,0.000,0.226,36.000,0.226,0.000,0.011,-0.142,0.134,2.094,9.445,2.102
a,124055,0.000,0.302,36.000,0.302,-0.044,-0.112,-0.050,0.912,2.113,9.443,2.093
a,124058,0.000,0.377,36.000,0.377,-0.044,0.056,0.087,0.088,2.063,9.436,2.125
a,124063,0.000,0.453,36.000,0.453,-0.044,0.163,0.041,0.393,2.094,9.471,2.097
a,124066,0.000,0.529,36.000,0.529,-0.044,-0.310,-0.142,0.088,2.081,9.477,2.103
a,124070,0.000,0.604,36.000,0.604,-0.044,0.026,0.209,1.126,2.078,9.455,2.122
a,124074,0.000,0.680,36.000,0.680,0.352,0.117,-0.066,1.065,2.100,9.459,2.113
a,124078,0.000,0.755,36.000,0.755,-0.088,0.102,-0.173,0.439,2.101,9.470,2.115
a,124083,0.000,0.831,36.000,0.831,0.000,-0.096,0.072,0.134,2.078,9.485,2.137
a,124086,0.000,0.907,36.000,0.907,-0.044,0.041,-0.020,-0.263,2.082,9.442,2.103
a,124090,0.000,0.982,36.000,0.982,0.352,-0.264,0.255,0.637,2.089,9.437,2.100
a,124094,0.000,1.058,36.000,1.058,0.703,0.072,0.087,1.080,2.081,9.433,2.137
a,124098,0.000,1.134,36.000,1.134,-0.044,0.285,-0.142,0.393,2.073,9.513,2.143
a,124102,0.000,1.209,36.000,1.209,0.352,0.362,0.362,-0.309,2.065,9.421,2.131
a,124106,0.000,1.285,36.000,1.285,-0.044,-0.173,-0.066,0.118,2.125,9.531,2.116
a,124110,0.000,1.360,36.000,1.360,-0.044,-0.005,-0.066,0.179,2.073,9.467,2.099
a,124115,0.000,1.436,36.000,1.436,0.396,0.087,0.041,-0.477,2.069,9.470,2.112
a,124118,0.000,1.512,36.000,1.512,0.527,-0.279,0.087,0.011,2.148,9.513,2.103
a,124122,0.000,1.587,36.000,1.587,0.527,-0.066,-0.020,-0.294,2.084,9.522,2.119
a,124127,0.000,1.662,36.000,1.662,0.615,-0.005,0.148,0.302,2.100,9.482,2.143
a,124130,0.000,1.738,36.000,1.738,0.659,-0.050,-0.066,0.027,2.107,9.468,2.081
a,124134,0.000,1.813,36.000,1.813,0.703,-0.050,-0.081,-1.332,2.084,9.443,2.108
a,124138,0.000,1.888,36.000,1.888,0.703,0.194,0.087,-1.408,2.128,9.470,2.127
a,124142,0.000,1.964,36.000,1.964,1.055,-0.050,-0.020,0.225,2.107,9.485,2.096
a,124146,0.000,2.039,36.000,2.039,1.230,0.041,0.209,-0.309,2.058,9.469,2.109
a,124151,0.000,2.114,36.000,2.114,1.318,-0.005,0.270,0.836,2.089,9.455,2.126
a,124155,0.000,2.189,36.000,2.189,1.274,-0.035,-0.341,0.653,2.143,9.499,2.084
a,124158,0.000,2.264,36.000,2.264,1.362,-0.112,0.209,-0.034,2.049,9.515,2.148
a,124162,0.000,2.339,36.000,2.339,1.758,-0.005,0.102,0.622,2.097,9.445,2.113
a,124166,0.000,2.413,36.000,2.413,1.714,-0.050,-0.295,0.347,2.163,9.428,2.119
a,124170,0.000,2.488,36.000,2.488,1.758,-0.112,0.041,0.027,2.051,9.439,2.127
a,124175,0.000,2.562,36.000,2.562,1.318,0.056,0.102,1.080,2.047,9.432,2.106
a,124179,0.000,2.637,36.000,2.637,1.362,-0.188,-0.127,-0.355,2.138,9.430,2.115
a,124183,0.000,2.711,36.000,2.711,1.758,-0.279,-0.112,1.019,2.066,9.473,2.103
a,124187,0.000,2.785,36.000,2.785,1.758,-0.005,0.423,-0.156,2.063,9.493,2.113
a,124190,0.000,2.860,36.000,2.860,1.846,-0.005,0.087,0.408,2.148,9.407,2.103
a,124194,0.000,2.933,36.000,2.933,1.890,0.163,0.148,-0.095,2.070,9.450,2.115
a,124198,0.000,3.007,36.000,3.007,1.890,0.316,0.041,-0.477,2.089,9.499,2.144
a,124203,0.000,3.081,36.000,3.081,2.021,0.056,0.041,0.454,2.089,9.471,2.087
a,124206,0.000,3.155,36.000,3.155,2.417,-0.066,-0.020,-0.645,2.057,9.470,2.127
a,124211,0.000,3.228,36.000,3.228,2.461,0.163,-0.020,0.073,2.091,9.461,2.097
a,124215,0.000,3.301,36.000,3.301,2.461,0.179,-0.157,1.263,2.089,9.442,2.157
a,124218,0.000,3.375,36.000,3.375,2.461,0.148,-0.295,-0.859,2.063,9.462,2.102
a,124222,0.000,3.448,36.000,3.448,2.417,-0.081,0.072,-1.729,2.084,9.470,2.138
a,124226,0.000,3.520,36.000,3.520,2.461,0.056,0.056,0.531,2.089,9.482,2.090
a,124230,0.000,3.593,36.000,3.593,2.065,0.056,-0.234,0.347,2.091,9.461,2.128
a,124234,0.000,3.665,36.000,3.665,2.461,0.056,0.255,-0.034,2.066,9.450,2.102
a,124238,0.000,3.738,36.000,3.738,2.549,0.041,-0.020,-0.676,2.063,9.473,2.128
a,124242,0.000,3.810,36.000,3.810,2.505,0.209,-0.234,0.103,2.103,9.427,2.116
a,124246,0.000,3.882,36.000,3.882,2.593,0.194,-0.127,-0.431,2.101,9.470,2.109
a,124250,0.000,3.954,36.000,3.954,2.812,-0.020,0.087,-1.027,2.094,9.527,2.154
a,124254,0.000,4.025,36.000,4.025,3.120,0.179,0.163,1.324,2.070,9.510,2.132
a,124258,0.000,4.097,36.000,4.097,3.208,-0.203,-0.081,0.302,2.158,9.470,2.119
a,124262,0.000,4.168,36.000,4.168,3.296,-0.112,-0.127,-0.187,2.073,9.485,2.082
a,124267,0.000,4.239,36.000,4.239,3.340,0.163,-0.035,-1.179,2.042,9.430,2.132
a,124270,0.000,4.309,36.000,4.309,3.296,0.011,0.041,0.698,2.128,9.474,2.096
a,124274,0.000,4.380,36.000,4.380,3.252,0.072,0.026,0.088,2.073,9.431,2.087
a,124278,0.000,4.450,36.000,4.450,3.296,0.331,0.240,-0.431,2.023,9.455,2.150
a,124282,0.000,4.520,36.000,4.520,3.296,-0.050,0.148,0.302,2.103,9.482,2.113
a,124286,0.000,4.590,36.000,4.590,3.296,-0.050,-0.020,-0.050,2.125,9.467,2.110
a,124290,0.000,4.660,36.000,4.660,3.340,-0.112,0.148,0.179,2.041,9.427,2.132
a,124294,0.000,4.729,36.000,4.729,3.296,-0.020,-0.066,-0.676,2.127,9.457,2.084
a,124298,0.000,4.798,36.000,4.798,3.340,0.056,-0.127,0.454,2.103,9.489,2.116
a,124303,0.000,4.867,36.000,4.867,3.164,0.224,0.072,0.179,2.023,9.455,2.148
a,124306,0.000,4.936,36.000,4.936,3.296,0.102,0.148,0.179,2.101,9.470,2.125
a,124310,0.000,5.004,36.000,5.004,3.384,-0.157,0.056,1.324,2.116,9.420,2.120
a,124314,0.000,5.072,36.000,5.072,3.428,0.011,-0.035,-0.141,2.002,9.369,2.112
a,124318,0.000,5.140,36.000,5.140,3.472,0.102,0.255,0.439,2.085,9.476,2.125
a,124322,0.000,5.208,36.000,5.208,3.516,-0.066,-0.127,-0.798,2.144,9.477,2.081
a,124327,0.000,5.275,36.000,5.275,4.570,-0.005,-0.234,0.011,2.088,9.424,2.148
a,124331,0.000,5.342,36.000,5.342,3.867,-0.127,-0.127,-0.294,2.084,9.479,2.094
a,124335,0.000,5.408,36.000,5.408,4.043,0.056,-0.066,0.088,2.089,9.534,2.137
a,124338,0.000,5.475,36.000,5.475,4.043,0.102,0.026,-0.309,2.088,9.463,2.119
a,124342,0.000,5.541,36.000,5.541,4.175,0.163,-0.066,0.103,2.084,9.474,2.122
a,124346,0.000,5.607,36.000,5.607,4.570,-0.020,0.209,-0.416,2.060,9.485,2.137
a,124350,0.000,5.672,36.000,5.672,4.570,-0.112,-0.188,-0.416,2.084,9.437,2.163
a,124355,0.000,5.737,36.000,5.737,4.614,-0.112,-0.066,0.118,2.115,9.436,2.075
a,124358,0.000,5.802,36.000,5.802,4.570,0.011,0.041,0.531,2.097,9.415,2.106
a,124363,0.000,5.867,36.000,5.867,4.570,-0.020,-0.066,-0.782,2.082,9.465,2.103
a,124367,0.000,5.931,36.000,5.931,4.614,-0.096,0.072,0.240,2.094,9.499,2.115
a,124370,0.000,5.995,36.000,5.995,4.570,0.072,-0.035,-0.034,2.084,9.533,2.121
a,124374,0.000,6.058,36.000,6.058,4.614,0.194,-0.066,-0.584,2.097,9.458,2.127
a,124378,0.000,6.121,36.000,6.121,4.702,0.163,0.209,-0.202,2.065,9.428,2.097
a,124382,0.000,6.184,36.000,6.184,5.361,-0.157,-0.249,0.134,2.120,9.483,2.106
a,124386,0.000,6.247,36.000,6.247,5.405,0.041,-0.341,-0.630,2.105,9.481,2.081
a,124390,0.000,6.309,36.000,6.309,5.581,0.148,0.087,-0.309,2.070,9.450,2.121
a,124394,0.000,6.371,36.000,6.371,5.977,-0.112,-0.173,0.088,2.148,9.461,2.102
a,124398,0.000,6.432,36.000,6.432,5.977,-0.112,-0.005,0.851,2.132,9.461,2.134
a,124402,0.000,6.493,36.000,6.493,6.021,0.102,0.041,-0.065,2.063,9.442,2.130
a,124406,0.000,6.554,36.000,6.554,6.064,0.072,-0.142,0.195,2.120,9.475,2.116
a,124410,0.000,6.614,36.000,6.614,5.977,-0.005,-0.050,0.515,2.081,9.445,2.072
a,124415,0.000,6.674,36.000,6.674,6.021,-0.050,0.056,0.637,2.047,9.451,2.150
a,124419,0.000,6.733,36.000,6.733,6.021,-0.005,0.224,0.531,2.085,9.444,2.122
a,124422,0.000,6.792,36.000,6.792,6.021,-0.066,-0.020,-0.737,2.091,9.456,2.116
a,124426,0.000,6.851,36.000,6.851,5.977,-0.020,0.041,-0.782,2.076,9.465,2.137
a,124430,0.000,6.909,36.000,6.909,6.021,0.056,0.087,-0.080,2.085,9.443,2.097
a,124434,0.000,6.967,36.000,6.967,5.977,-0.020,-0.341,-0.447,2.125,9.443,2.116
a,124438,0.000,7.025,36.000,7.025,6.064,-0.005,-0.112,0.805,2.063,9.444,2.115
a,124442,0.000,7.082,36.000,7.082,6.064,0.163,0.163,0.683,2.047,9.425,2.138
a,124446,0.000,7.138,36.000,7.138,6.021,0.041,0.087,-0.630,2.116,9.439,2.128
a,124451,0.000,7.195,36.000,7.195,6.064,-0.020,0.087,-1.057,2.085,9.410,2.100
a,124454,0.000,7.250,36.000,7.250,6.021,-0.112,0.087,-0.080,2.076,9.464,2.090
a,124458,0.000,7.306,36.000,7.306,6.021,0.102,0.026,-0.477,2.091,9.459,2.097
a,124463,0.000,7.361,36.000,7.361,6.064,0.072,-0.249,-1.683,2.088,9.470,2.113
a,124466,0.000,7.415,36.000,7.415,5.977,0.072,-0.234,0.637,2.047,9.462,2.121
a,124470,0.000,7.469,36.000,7.469,6.021,-0.050,0.148,-0.050,2.081,9.461,2.114
a,124475,0.000,7.523,36.000,7.523,6.021,-0.050,-0.066,0.088,2.085,9.500,2.106
a,124479,0.000,7.576,36.000,7.576,6.021,0.056,-0.127,0.134,2.091,9.421,2.121
a,124483,0.000,7.628,36.000,7.628,6.021,0.087,-0.127,1.340,2.101,9.456,2.128
a,124486,0.000,7.680,36.000,7.680,5.977,-0.142,0.026,-1.622,2.127,9.452,2.116
a,124490,0.000,7.732,36.000,7.732,6.021,-0.173,0.056,1.019,2.096,9.462,2.113
a,124494,0.000,7.783,36.000,7.783,5.977,0.087,0.209,1.462,2.082,9.523,2.113
a,124498,0.000,7.834,36.000,7.834,6.021,0.102,0.209,-0.156,2.113,9.471,2.137
a,124502,0.000,7.884,36.000,7.884,6.899,-0.050,-0.112,0.622,2.105,9.503,2.130
a,124507,0.000,7.934,36.000,7.934,6.196,0.087,0.148,-0.218,2.011,9.477,2.114
a,124511,0.000,7.983,36.000,7.983,6.284,0.194,0.148,-0.706,2.100,9.463,2.094
a,124515,0.000,8.032,36.000,8.032,6.064,-0.050,-0.173,0.134,2.152,9.462,2.128
a,124519,0.000,8.080,36.000,8.080,6.284,-0.020,-0.020,-0.309,2.039,9.406,2.143
a,124523,0.000,8.128,36.000,8.128,6.284,0.087,0.209,-0.920,2.094,9.479,2.121
a,124526,0.000,8.175,36.000,8.175,6.680,-0.264,0.056,1.844,2.144,9.451,2.125
a,124530,0.000,8.222,36.000,8.222,6.680,-0.005,-0.295,0.439,2.063,9.455,2.099
a,124534,0.000,8.268,36.000,8.268,6.855,0.163,0.041,0.286,2.065,9.414,2.163
a,124538,0.000,8.314,36.000,8.314,6.724,0.056,-0.066,0.302,2.120,9.470,2.073
a,124542,0.000,8.359,36.000,8.359,6.768,0.041,-0.295,-0.523,2.131,9.454,2.138
a,124546,0.000,8.404,36.000,8.404,6.812,0.072,-0.188,0.240,2.076,9.501,2.113
a,124550,0.000,8.448,36.000,8.448,6.987,-0.218,0.102,0.790,2.112,9.521,2.113
a,124554,0.000,8.492,36.000,8.492,7.603,-0.386,-0.005,0.958,2.127,9.510,2.091
a,124558,0.000,8.535,36.000,8.535,7.690,-0.005,-0.142,-0.462,2.069,9.517,2.119
a,124563,0.000,8.577,36.000,8.577,7.646,0.056,0.072,-0.355,2.116,9.444,2.096
a,124567,0.000,8.619,36.000,8.619,7.690,0.163,-0.279,0.958,2.094,9.480,2.108
a,124570,0.000,8.660,36.000,8.660,7.690,-0.173,0.041,0.027,2.049,9.428,2.154
a,124574,0.000,8.701,36.000,8.701,7.646,0.056,-0.005,0.912,2.096,9.414,2.079
a,124578,0.000,8.742,36.000,8.742,7.734,-0.112,0.026,-1.225,2.105,9.401,2.144
a,124582,0.000,8.781,36.000,8.781,7.690,0.163,0.041,0.057,2.069,9.434,2.116
a,124586,0.000,8.820,36.000,8.820,8.042,-0.066,-0.127,-0.263,2.073,9.456,2.130
a,124590,0.000,8.859,36.000,8.859,7.646,-0.050,-0.157,0.698,2.105,9.444,2.115
a,124594,0.000,8.897,36.000,8.897,7.646,0.117,-0.050,1.309,2.082,9.450,2.114
a,124598,0.000,8.934,36.000,8.934,7.646,-0.050,0.072,-0.294,2.076,9.437,2.093
a,124603,0.000,8.971,36.000,8.971,7.998,0.102,-0.020,-0.202,2.082,9.428,2.093
a,124607,0.000,9.007,36.000,9.007,7.690,0.087,0.209,-0.966,2.065,9.464,2.125
a,124610,0.000,9.043,36.000,9.043,7.690,0.056,0.102,0.515,2.084,9.449,2.099
a,124614,0.000,9.078,36.000,9.078,7.734,-0.188,0.087,-0.523,2.089,9.468,2.116
a,124618,0.000,9.112,36.000,9.112,7.690,0.270,0.041,-0.004,2.091,9.421,2.116
a,124622,0.000,9.146,36.000,9.146,7.998,0.224,-0.020,0.683,2.089,9.427,2.122
a,124627,0.000,9.179,36.000,9.179,8.042,-0.020,0.316,-0.630,2.105,9.464,2.131
a,124631,0.000,9.212,36.000,9.212,8.042,0.209,0.163,0.622,2.101,9.439,2.106
a,124635,0.000,9.244,36.000,9.244,7.690,-0.020,-0.066,-0.676,2.073,9.462,2.127
a,124638,0.000,9.275,36.000,9.275,7.690,0.056,-0.066,0.439,2.088,9.467,2.110
a,124642,0.000,9.306,36.000,9.306,7.603,-0.096,-0.050,1.279,2.089,9.471,2.085
a,124646,0.000,9.336,36.000,9.336,7.603,0.163,-0.066,0.179,2.085,9.464,2.102
a,124651,0.000,9.366,36.000,9.366,7.734,-0.112,0.087,0.408,2.078,9.505,2.121
a,124655,0.000,9.395,36.000,9.395,7.690,0.163,-0.173,0.286,2.097,9.476,2.148
a,124658,0.000,9.423,36.000,9.423,7.734,-0.050,0.041,0.027,2.127,9.450,2.102
a,124663,0.000,9.450,36.000,9.450,8.086,-0.066,-0.127,-0.294,2.042,9.414,2.093
a,124668,0.000,9.477,36.000,9.477,8.130,0.148,0.362,-0.492,2.082,9.402,2.168
a,124670,0.000,9.504,36.000,9.504,8.965,0.056,-0.112,0.851,2.112,9.499,2.065
a,124674,0.000,9.529,36.000,9.529,8.086,-0.218,0.087,-0.187,2.010,9.516,2.169
a,124678,0.000,9.554,36.000,9.554,8.174,-0.066,-0.234,-0.416,2.073,9.487,2.064
a,124683,0.000,9.579,36.000,9.579,8.042,-0.020,0.041,-0.645,2.096,9.498,2.148
a,124686,0.000,9.603,36.000,9.603,8.086,-0.631,-0.035,-2.752,1.675,9.354,1.912
a,124692,0.000,9.626,36.000,9.626,8.130,0.285,0.194,-0.202,2.041,9.275,2.102
a,124694,0.000,9.648,36.000,9.648,6.680,-0.570,-0.799,-2.416,1.815,9.558,1.948
a,124698,0.000,9.670,36.000,9.670,8.130,0.117,0.148,0.729,2.105,9.571,2.715
a,124702,0.000,9.691,36.000,9.691,8.042,0.438,-0.295,0.378,2.187,9.483,1.876
a,124706,0.000,9.711,36.000,9.711,8.086,1.354,-0.127,-0.324,2.053,8.984,2.306
a,124711,0.000,9.731,36.000,9.731,11.118,-1.363,0.942,-0.523,1.852,9.887,1.500
a,124715,0.000,9.750,36.000,9.750,8.086,1.095,0.469,0.378,2.415,9.499,2.588
a,124719,0.000,9.768,36.000,9.768,8.130,0.087,-0.371,-2.263,2.175,9.075,1.894
a,124722,0.000,9.786,36.000,9.786,8.218,0.377,-0.218,0.897,1.985,9.461,2.409
a,124726,0.000,9.803,36.000,9.803,8.218,-0.050,0.056,0.576,2.103,9.521,2.422
a,124730,0.000,9.819,36.000,9.819,8.350,0.591,-0.234,0.179,2.137,9.475,1.816
a,124734,0.000,9.835,36.000,9.835,8.306,-0.264,-0.905,-0.065,1.961,9.468,2.008
a,124738,0.000,9.850,36.000,9.850,8.394,-0.035,0.224,2.271,2.073,9.516,2.172
a,124742,0.000,9.864,36.000,9.864,8.350,-0.295,-0.508,-0.905,2.160,9.621,2.188
a,124746,0.000,9.878,36.000,9.878,8.394,-0.005,0.087,0.454,2.066,9.522,2.354
a,124751,0.000,9.890,36.000,9.890,8.394,0.087,0.087,-1.088,2.047,9.498,1.993
a,124755,0.000,9.903,36.000,9.903,8.394,0.331,-0.173,0.317,2.172,9.410,2.143
a,124758,0.000,9.914,36.000,9.914,8.745,-0.173,-0.005,0.805,2.045,9.548,2.035
a,124762,0.000,9.925,36.000,9.925,8.350,0.041,0.148,-0.263,2.065,9.395,2.180
a,124766,0.000,9.935,36.000,9.935,8.745,0.056,0.224,0.729,2.109,9.498,2.116
a,124770,0.000,9.944,36.000,9.944,8.350,-0.050,-0.066,0.240,2.081,9.442,2.082
a,124774,0.000,9.953,36.000,9.953,8.394,-0.050,0.255,0.195,2.112,9.443,2.154
a,124779,0.000,9.961,36.000,9.961,8.745,0.148,0.255,-0.447,2.065,9.445,2.085
a,124783,0.000,9.968,36.000,9.968,8.350,-0.112,-0.066,0.088,2.112,9.454,2.128
a,124786,0.000,9.974,36.000,9.974,8.350,-0.005,-0.005,0.637,2.085,9.430,2.106
a,124790,0.000,9.980,36.000,9.980,8.350,0.087,-0.020,-0.538,2.070,9.430,2.112
a,124794,0.000,9.985,36.000,9.985,8.350,-0.112,-0.127,0.134,2.094,9.442,2.121
a,124798,0.000,9.989,36.000,9.989,8.394,-0.050,-0.066,0.454,2.070,9.461,2.093
a,124803,0.000,9.993,36.000,9.993,8.350,-0.005,0.148,0.393,2.081,9.481,2.142
a,124807,0.000,9.996,36.000,9.996,8.438,0.163,-0.142,-0.752,2.116,9.458,2.112
a,124810,0.000,9.998,36.000,9.998,8.394,-0.112,0.056,0.729,2.069,9.481,2.113
a,124815,0.000,9.999,36.000,9.999,8.350,-0.035,0.224,1.126,2.078,9.461,2.140
a,124819,0.000,10.000,36.000,10.000,8.350,0.117,-0.035,0.073,2.070,9.446,2.093
a,124822,0.000,10.000,36.000,10.000,8.306,0.041,0.041,-0.462,2.101,9.451,2.137
a,124826,0.000,9.999,36.000,9.999,8.350,-0.066,0.209,-1.118,2.070,9.422,2.088
a,124830,0.000,9.998,36.000,9.998,8.350,-0.173,0.102,0.531,2.073,9.443,2.137
a,124834,0.000,9.995,36.000,9.995,8.394,-0.066,-0.066,-0.691,2.105,9.467,2.107
a,124838,0.000,9.992,36.000,9.992,8.394,0.056,0.087,-0.050,2.066,9.442,2.119
a,124842,0.000,9.988,36.000,9.988,8.306,-0.050,-0.050,0.515,2.072,9.446,2.122
a,124846,0.000,9.984,36.000,9.984,8.306,-0.050,-0.066,0.286,2.085,9.485,2.096
a,124850,0.000,9.979,36.000,9.979,8.394,-0.112,0.041,0.073,2.081,9.425,2.116
a,124854,0.000,9.973,36.000,9.973,8.350,0.163,0.270,1.004,2.082,9.439,2.132
a,124858,0.000,9.966,36.000,9.966,8.394,0.102,-0.127,0.073,2.094,9.439,2.119
a,124862,0.000,9.959,36.000,9.959,8.350,-0.218,-0.035,-0.462,2.076,9.419,2.100
a,124867,0.000,9.950,36.000,9.950,8.789,0.041,0.087,-0.309,2.070,9.431,2.119
a,124870,0.000,9.941,36.000,9.941,8.394,-0.005,-0.005,0.515,2.078,9.431,2.107
a,124874,0.000,9.932,36.000,9.932,8.350,-0.050,-0.127,-0.080,2.073,9.433,2.115
a,124878,0.000,9.921,36.000,9.921,8.350,0.056,0.224,0.851,2.081,9.465,2.116
a,124882,0.000,9.910,36.000,9.910,8.394,0.056,-0.127,0.027,2.051,9.475,2.132
a,124886,0.000,9.898,36.000,9.898,8.350,0.056,-0.066,-0.050,2.070,9.459,2.126
a,124890,0.000,9.885,36.000,9.885,8.350,0.163,0.224,0.500,2.088,9.455,2.101
a,124894,0.000,9.872,36.000,9.872,8.350,0.041,-0.020,-0.538,2.066,9.452,2.105
a,124899,0.000,9.858,36.000,9.858,8.438,-0.050,0.209,0.302,2.097,9.451,2.131
a,124903,0.000,9.843,36.000,9.843,8.745,-0.005,-0.005,0.393,2.083,9.445,2.114
a,124906,0.000,9.827,36.000,9.827,8.394,-0.310,0.148,0.912,2.091,9.433,2.100
a,124910,0.000,9.811,36.000,9.811,8.394,0.056,-0.081,-0.462,2.091,9.438,2.116
a,124914,0.000,9.793,36.000,9.793,8.350,0.179,-0.112,-0.492,2.091,9.470,2.116
a,124918,0.000,9.775,36.000,9.775,8.350,0.072,-0.035,0.134,2.082,9.440,2.113
a,124922,0.000,9.757,36.000,9.757,8.394,-0.050,-0.127,0.347,2.082,9.457,2.122
a,124927,0.000,9.737,36.000,9.737,8.350,-0.050,0.041,0.454,2.100,9.458,2.102
a,124931,0.000,9.717,36.000,9.717,8.350,-0.188,-0.173,-0.477,2.105,9.427,2.119
a,124934,0.000,9.696,36.000,9.696,8.394,0.224,0.133,0.393,2.084,9.455,2.119
a,124938,0.000,9.674,36.000,9.674,8.350,0.056,0.087,0.393,2.078,9.449,2.101
a,124942,0.000,9.652,36.000,9.652,8.306,-0.066,-0.127,-0.263,2.073,9.432,2.119
a,124946,0.000,9.629,36.000,9.629,8.350,0.041,-0.173,-0.523,2.097,9.454,2.112
a,124950,0.000,9.605,36.000,9.605,8.350,0.011,-0.050,1.492,2.078,9.436,2.105
a,124955,0.000,9.580,36.000,9.580,8.394,0.163,-0.005,0.775,2.096,9.450,2.101
a,124959,0.000,9.555,36.000,9.555,8.350,0.163,-0.035,-0.752,2.089,9.446,2.122
a,124963,0.000,9.528,36.000,9.528,8.394,0.041,-0.127,-0.584,2.065,9.467,2.109
a,124966,0.000,9.501,36.000,9.501,8.350,0.041,-0.020,-0.920,2.089,9.467,2.120
a,124971,0.000,9.474,36.000,9.474,8.394,-0.050,-0.218,0.744,2.084,9.470,2.108
a,124974,0.000,9.445,36.000,9.445,8.394,-0.020,-0.066,-0.355,2.082,9.428,2.128
a,124978,0.000,9.416,36.000,9.416,8.394,-0.188,-0.066,-0.263,2.097,9.461,2.113
a,124982,0.000,9.386,36.000,9.386,8.306,0.209,0.072,0.668,2.079,9.462,2.103
a,124986,0.000,9.355,36.000,9.355,8.350,0.209,-0.188,-0.263,2.082,9.432,2.106
a,124990,0.000,9.324,36.000,9.324,8.306,-0.066,-0.127,-0.462,2.081,9.464,2.125
a,124994,0.000,9.292,36.000,9.292,8.350,-0.173,0.026,-0.676,2.101,9.482,2.084
a,124998,0.000,9.259,36.000,9.259,8.350,0.056,-0.020,0.225,2.085,9.471,2.120
a,125002,0.000,9.225,36.000,9.225,8.306,0.163,0.056,0.622,2.078,9.454,2.121
a,125006,0.000,9.191,36.000,9.191,8.350,-0.020,-0.066,-0.477,2.101,9.464,2.114
a,125010,0.000,9.155,36.000,9.155,8.306,0.041,0.041,-0.355,2.101,9.479,2.121
a,125015,0.000,9.120,36.000,9.120,8.306,-0.096,-0.081,0.347,2.085,9.468,2.115
a,125018,0.000,9.083,36.000,9.083,8.350,-0.112,-0.066,-0.095,2.073,9.442,2.099
a,125022,0.000,9.046,36.000,9.046,8.306,0.102,-0.066,0.225,2.084,9.450,2.143
a,125026,0.000,9.007,36.000,9.007,8.394,0.056,0.163,0.836,2.072,9.469,2.110
a,125030,0.000,8.969,36.000,8.969,8.350,0.316,0.041,-0.584,2.089,9.454,2.128
a,125034,0.000,8.929,36.000,8.929,8.394,-0.050,-0.050,0.790,2.097,9.463,2.127
a,125038,0.000,8.889,36.000,8.889,8.350,-0.234,0.041,-1.286,2.094,9.456,2.116
a,125042,0.000,8.848,36.000,8.848,8.350,0.056,0.041,0.073,2.073,9.439,2.136
a,125047,0.000,8.806,36.000,8.806,8.394,-0.173,0.056,0.531,2.078,9.465,2.125
a,125051,0.000,8.764,36.000,8.764,8.394,-0.188,0.087,-0.844,2.063,9.422,2.115
a,125054,0.000,8.720,36.000,8.720,8.350,0.056,0.148,-0.050,2.076,9.485,2.142
a,125058,0.000,8.677,36.000,8.677,8.394,-0.035,0.163,1.569,2.085,9.465,2.132
a,125062,0.000,8.632,36.000,8.632,8.350,-0.005,0.072,-0.737,2.078,9.451,2.103
a,125066,0.000,8.587,36.000,8.587,8.350,0.041,0.148,-0.248,2.085,9.450,2.106
a,125071,0.000,8.541,36.000,8.541,8.350,-0.112,-0.157,0.729,2.085,9.443,2.113
a,125075,0.000,8.494,36.000,8.494,8.350,-0.112,-0.127,0.240,2.078,9.444,2.116
a,125078,0.000,8.446,36.000,8.446,8.350,-0.173,0.148,-0.080,2.082,9.475,2.113
a,125082,0.000,8.398,36.000,8.398,8.350,-0.005,-0.020,-0.050,2.057,9.461,2.119
a,125087,0.000,8.349,36.000,8.349,8.745,-0.035,0.056,1.599,2.105,9.413,2.107
a,125090,0.000,8.300,36.000,8.300,8.350,0.117,0.041,0.515,2.100,9.448,2.144
a,125094,0.000,8.249,36.000,8.249,8.306,0.011,-0.035,-0.034,2.081,9.433,2.103
a,125098,0.000,8.199,36.000,8.199,8.350,0.102,0.224,0.714,2.091,9.434,2.120
a,125103,0.000,8.147,36.000,8.147,8.306,-0.127,-0.402,-1.332,2.076,9.443,2.122
a,125106,0.000,8.095,36.000,8.095,8.394,-0.005,0.011,0.958,2.073,9.440,2.122
a,125110,0.000,8.042,36.000,8.042,8.745,0.056,0.087,0.088,2.085,9.439,2.121
a,125115,0.000,7.988,36.000,7.988,8.350,-0.050,0.163,0.805,2.084,9.443,2.096
a,125118,0.000,7.933,36.000,7.933,8.394,0.148,-0.127,-0.706,2.091,9.442,2.099
a,125122,0.000,7.878,36.000,7.878,8.350,0.087,-0.020,-1.302,2.069,9.428,2.115
a,125126,0.000,7.823,36.000,7.823,8.394,-0.112,0.209,0.347,2.116,9.442,2.103
a,125130,0.000,7.766,36.000,7.766,8.350,0.056,0.087,-0.141,2.085,9.475,2.134
a,125134,0.000,7.709,36.000,7.709,8.350,-0.188,-0.173,-0.477,2.103,9.464,2.126
a,125138,0.000,7.651,36.000,7.651,8.350,-0.112,0.148,0.011,2.089,9.503,2.116
a,125142,0.000,7.593,36.000,7.593,8.394,-0.234,-0.020,-0.294,2.081,9.331,2.122
a,125146,0.000,7.534,36.000,7.534,8.394,0.087,-0.127,-1.347,2.066,9.369,2.125
a,125150,0.000,7.474,36.000,7.474,8.174,-0.005,-0.341,0.302,2.113,9.457,2.084
a,125154,0.000,7.414,36.000,7.414,9.536,0.072,0.102,1.324,2.057,9.449,2.148
a,125158,0.000,7.353,36.000,7.353,8.350,-0.020,-0.066,-0.309,2.054,9.463,2.105
a,125162,0.000,7.291,36.000,7.291,8.745,0.102,-0.295,-0.172,2.150,9.416,2.076
a,125167,0.000,7.229,36.000,7.229,8.350,-0.188,0.041,-0.477,2.057,9.413,2.133
a,125170,0.000,7.166,36.000,7.166,8.306,-0.020,-0.066,-1.408,2.072,9.428,2.127
a,125174,0.000,7.103,36.000,7.103,8.965,0.179,0.270,1.859,2.100,9.446,2.114
a,125178,0.000,7.038,36.000,7.038,8.130,0.163,-0.081,-0.752,2.101,9.442,2.122
a,125182,0.000,6.974,36.000,6.974,8.218,-0.066,0.255,-0.523,2.054,9.401,2.143
a,125187,0.000,6.908,36.000,6.908,8.086,0.148,-0.066,-0.767,2.078,9.459,2.081
a,125190,0.000,6.842,36.000,6.842,8.042,0.163,0.087,-0.172,2.107,9.425,2.178
a,125194,0.000,6.776,36.000,6.776,7.603,-0.157,-0.005,1.172,2.089,9.414,2.096
a,125198,0.000,6.708,36.000,6.708,7.690,0.117,-0.005,1.218,2.109,9.439,2.138
a,125203,0.000,6.640,36.000,6.640,7.603,0.026,-0.310,-1.729,2.078,9.500,2.085
a,125207,0.000,6.572,36.000,6.572,7.603,-0.127,0.087,-0.676,2.072,9.410,2.166
a,125211,0.000,6.503,36.000,6.503,7.603,0.117,0.087,1.004,2.081,9.419,2.079
a,125214,0.000,6.433,36.000,6.433,7.559,-0.218,-0.112,0.576,2.063,9.489,2.127
a,125218,0.000,6.363,36.000,6.363,7.427,0.041,-0.066,-0.523,2.085,9.427,2.121
a,125222,0.000,6.292,36.000,6.292,7.427,-0.050,0.148,0.302,2.105,9.415,2.093
a,125226,0.000,6.221,36.000,6.221,7.339,-0.188,-0.020,-0.523,2.105,9.479,2.116
a,125230,0.000,6.149,36.000,6.149,7.383,0.041,0.041,-0.309,2.051,9.431,2.151
a,125235,0.000,6.077,36.000,6.077,6.943,-0.050,-0.127,-0.141,2.107,9.456,2.108
a,125239,0.000,6.004,36.000,6.004,6.987,-0.234,-0.127,-0.737,2.089,9.465,2.112
a,125243,0.000,5.930,36.000,5.930,6.943,-0.157,-0.066,1.080,2.076,9.469,2.138
a,125246,0.000,5.856,36.000,5.856,6.812,0.209,-0.050,0.943,2.069,9.483,2.119
a,125251,0.000,5.781,36.000,5.781,6.855,0.041,-0.173,-0.294,2.069,9.433,2.116
a,125254,0.000,5.706,36.000,5.706,6.899,0.163,-0.234,0.011,2.069,9.482,2.112
a,125259,0.000,5.630,36.000,5.630,6.855,-0.050,0.316,-0.187,2.082,9.473,2.079
a,125262,0.000,5.554,36.000,5.554,6.855,0.102,0.163,0.500,2.137,9.436,2.109
a,125266,0.000,5.477,36.000,5.477,6.855,-0.234,-0.157,-0.370,2.082,9.509,2.148
a,125270,0.000,5.400,36.000,5.400,6.768,-0.020,0.087,1.340,2.078,9.465,2.125
a,125274,0.000,5.322,36.000,5.322,6.812,-0.035,-0.249,0.302,2.125,9.473,2.125
a,125278,0.000,5.244,36.000,5.244,7.603,-0.005,-0.127,0.195,2.070,9.494,2.143
a,125282,0.000,5.165,36.000,5.165,6.680,0.209,-0.020,-0.004,2.047,9.436,2.114
a,125286,0.000,5.086,36.000,5.086,6.724,-0.066,-0.020,-0.645,2.109,9.495,2.099
a,125290,0.000,5.006,36.000,5.006,6.724,0.209,-0.020,0.011,2.089,9.482,2.144
a,125294,0.000,4.926,36.000,4.926,6.636,0.041,0.148,-0.844,2.057,9.461,2.100
a,125298,0.000,4.845,36.000,4.845,6.636,0.179,0.026,0.439,2.107,9.482,2.131
a,125302,0.000,4.764,36.000,4.764,6.196,-0.279,0.041,-0.187,2.085,9.482,2.102
a,125306,0.000,4.682,36.000,4.682,6.240,-0.112,-0.020,0.027,2.085,9.510,2.134
a,125310,0.000,4.600,36.000,4.600,6.152,0.163,0.041,0.378,2.089,9.474,2.120
a,125314,0.000,4.517,36.000,4.517,6.152,0.041,-0.295,-0.477,2.105,9.481,2.107
a,125319,0.000,4.434,36.000,4.434,6.108,-0.188,0.041,-0.844,2.069,9.479,2.127
a,125322,0.000,4.351,36.000,4.351,5.977,0.209,-0.005,0.622,2.014,9.450,2.125
a,125326,0.000,4.267,36.000,4.267,5.493,-0.188,0.041,-0.202,2.144,9.371,2.113
a,125330,0.000,4.183,36.000,4.183,5.317,-0.112,0.224,0.958,2.073,9.486,2.081
a,125334,0.000,4.098,36.000,4.098,5.273,0.056,0.163,1.019,2.045,9.485,2.151
a,125338,0.000,4.013,36.000,4.013,4.878,0.056,-0.081,-1.057,2.112,9.444,2.108
a,125342,0.000,3.927,36.000,3.927,4.834,0.041,-0.173,-0.737,2.109,9.450,2.106
a,125346,0.000,3.841,36.000,3.841,5.229,0.087,0.255,1.508,2.031,9.433,2.137
a,125351,0.000,3.755,36.000,3.755,4.922,0.102,0.270,0.943,2.105,9.413,2.127
a,125355,0.000,3.668,36.000,3.668,4.922,-0.112,-0.005,0.698,2.122,9.464,2.108
a,125358,0.000,3.581,36.000,3.581,5.229,-0.050,-0.188,-0.416,2.057,9.480,2.131
a,125362,0.000,3.494,36.000,3.494,4.746,-0.279,-0.035,-0.630,2.120,9.440,2.097
a,125366,0.000,3.406,36.000,3.406,4.790,-0.432,-0.157,0.683,2.131,9.450,2.110
a,125370,0.000,3.318,36.000,3.318,4.702,0.209,0.209,0.378,1.976,9.439,2.154
a,125374,0.000,3.229,36.000,3.229,4.570,0.056,0.148,0.240,2.112,9.400,2.087
a,125379,0.000,3.140,36.000,3.140,4.175,0.087,-0.127,-0.431,2.120,9.432,2.131
a,125383,0.000,3.051,36.000,3.051,4.175,-0.127,0.209,-0.630,1.980,9.451,2.112
a,125387,0.000,2.962,36.000,2.962,4.131,0.224,0.133,0.118,2.096,9.458,2.143
a,125390,0.000,2.872,36.000,2.872,4.087,-0.050,-0.066,0.286,2.137,9.493,2.084
a,125394,0.000,2.782,36.000,2.782,4.087,0.072,-0.142,0.347,2.022,9.406,2.127
a,125398,0.000,2.691,36.000,2.691,4.131,-0.020,0.148,-0.630,2.051,9.470,2.151
a,125403,0.000,2.600,36.000,2.600,4.087,-0.005,-0.295,0.439,2.144,9.403,2.051
a,125407,0.000,2.509,36.000,2.509,3.999,-0.127,0.209,-0.202,2.085,9.421,2.119
a,125411,0.000,2.418,36.000,2.418,3.999,0.148,0.087,-0.599,2.014,9.382,2.126
a,125415,0.000,2.326,36.000,2.326,3.911,0.056,-0.112,0.515,2.131,9.445,2.096
a,125418,0.000,2.234,36.000,2.234,3.867,0.056,-0.173,0.073,2.115,9.427,2.113
a,125422,0.000,2.142,36.000,2.142,3.472,0.087,-0.173,-1.469,1.988,9.445,2.122
a,125426,0.000,2.050,36.000,2.050,3.955,-0.295,0.148,-1.225,2.119,9.454,2.127
a,125430,0.000,1.957,36.000,1.957,3.384,-0.386,-0.157,0.698,2.166,9.493,2.112
a,125434,0.000,1.864,36.000,1.864,3.428,-0.050,-0.050,0.622,2.025,9.436,2.120
a,125438,0.000,1.771,36.000,1.771,3.384,0.194,0.316,-0.324,2.045,9.445,2.148
a,125442,0.000,1.678,36.000,1.678,3.340,-0.005,-0.173,0.439,2.194,9.570,2.096
a,125446,0.000,1.584,36.000,1.584,3.296,-0.341,-0.127,-0.676,2.076,9.544,2.116
a,125450,0.000,1.491,36.000,1.491,3.296,0.270,0.209,-0.202,1.985,9.454,2.169
a,125454,0.000,1.397,36.000,1.397,3.252,0.072,0.163,1.721,2.113,9.407,2.185
a,125458,0.000,1.303,36.000,1.303,3.208,-0.005,-0.463,-1.317,2.127,9.422,2.046
a,125462,0.000,1.208,36.000,1.208,3.164,-0.173,0.209,0.240,1.985,9.408,2.186
a,125467,0.000,1.114,36.000,1.114,2.725,0.316,0.637,-1.256,2.091,9.510,2.094
a,125470,0.000,1.019,36.000,1.019,4.043,-0.325,-0.341,0.408,2.209,9.483,2.069
a,125474,0.000,0.924,36.000,0.924,2.593,-0.005,-0.005,0.805,2.010,9.471,2.132
a,125478,0.000,0.830,36.000,0.830,2.065,0.056,0.194,-0.905,2.034,9.444,2.106
a,125482,0.000,0.734,36.000,0.734,2.505,-0.173,0.087,0.027,2.146,9.465,2.097
a,125486,0.000,0.639,36.000,0.639,2.065,-0.173,-0.447,0.469,2.085,9.437,2.137
a,125490,0.000,0.544,36.000,0.544,1.934,-0.188,0.209,-0.920,2.023,9.413,2.105
a,125494,0.000,0.449,36.000,0.449,1.890,-0.173,0.087,-0.034,2.109,9.444,2.096
a,125498,0.000,0.353,36.000,0.353,1.846,0.209,-0.188,-1.073,2.103,9.480,2.115
a,125503,0.000,0.257,36.000,0.257,1.890,0.041,0.087,-0.370,2.053,9.424,2.114
a,125507,0.000,0.162,36.000,0.162,1.846,0.163,0.026,-0.798,2.065,9.438,2.127
a,125510,0.000,0.066,36.000,0.066,1.846,-0.096,-0.127,0.698,2.160,9.440,2.127
a,125514,0.000,-0.030,36.000,-0.030,1.846,-0.112,-0.066,0.073,2.069,9.431,2.136
a,125518,0.000,-0.126,36.000,-0.126,1.802,0.041,0.362,-0.859,2.058,9.439,2.138
a,125522,0.000,-0.222,36.000,-0.222,1.802,-0.279,-0.234,0.225,2.160,9.407,2.116
a,125527,0.000,-0.318,36.000,-0.318,1.406,-0.279,-0.447,0.256,2.097,9.464,2.093
a,125531,0.000,-0.414,36.000,-0.414,1.187,0.209,0.209,-0.050,2.041,9.418,2.148
a,125535,0.000,-0.510,36.000,-0.510,1.714,0.056,-0.005,0.698,2.109,9.451,2.075
a,125538,0.000,-0.606,36.000,-0.606,1.099,-0.050,-0.127,-0.095,2.119,9.455,2.120
a,125542,0.000,-0.702,36.000,-0.702,1.187,-0.005,-0.050,0.973,2.047,9.471,2.097
a,125546,0.000,-0.798,36.000,-0.798,0.703,0.209,0.255,-0.004,2.081,9.420,2.120
a,125550,0.000,-0.894,36.000,-0.894,0.527,-0.112,-0.234,0.240,2.143,9.379,2.108
a,125554,0.000,-0.990,36.000,-0.990,0.483,0.163,0.087,0.210,2.039,9.400,2.126
a,125559,0.000,-1.086,36.000,-1.086,0.000,0.209,0.362,-0.156,2.058,9.442,2.103
a,125563,0.000,-1.182,36.000,-1.182,0.483,-0.218,-0.112,0.897,2.162,9.418,2.109
a,125566,0.000,-1.278,36.000,-1.278,0.396,0.011,-0.127,0.698,2.058,9.419,2.137
a,125571,0.000,-1.374,36.000,-1.374,0.396,0.072,0.056,1.340,2.063,9.433,2.127
a,125575,0.000,-1.470,36.000,-1.470,0.352,-0.020,0.041,-1.302,2.128,9.436,2.122
a,125578,0.000,-1.566,36.000,-1.566,-0.044,-0.218,-0.722,0.027,2.120,9.455,2.090
a,125582,0.000,-1.661,36.000,-1.661,-0.044,0.072,0.072,0.347,2.041,9.566,2.125
a,125586,0.000,-1.757,36.000,-1.757,-0.044,-0.020,0.362,-0.202,2.094,9.438,2.142
a,125590,0.000,-1.852,36.000,-1.852,-0.044,-0.188,-0.341,-1.286,2.122,9.485,2.109
a,125594,0.000,-1.948,36.000,-1.948,-0.132,-0.173,-0.218,1.004,2.081,9.446,2.122
a,125598,0.000,-2.043,36.000,-2.043,-0.132,0.117,0.026,0.286,2.070,9.437,2.128
a,125602,0.000,-2.138,36.000,-2.138,-0.220,-0.050,0.072,0.515,2.122,9.428,2.127
a,125606,0.000,-2.233,36.000,-2.233,-0.352,-0.112,-0.112,0.851,2.103,9.413,2.103
a,125610,0.000,-2.328,36.000,-2.328,-0.264,-0.173,0.056,-0.156,2.076,9.476,2.127
a,125615,0.000,-2.422,36.000,-2.422,-0.352,0.209,-0.112,0.515,2.072,9.422,2.122
a,125618,0.000,-2.517,36.000,-2.517,-0.747,0.102,0.026,-0.584,2.127,9.468,2.061
a,125622,0.000,-2.611,36.000,-2.611,-0.835,0.072,0.072,0.195,2.034,9.415,2.144
a,125626,0.000,-2.705,36.000,-2.705,-0.967,0.041,-0.127,-1.134,2.119,9.331,2.103
a,125630,0.000,-2.799,36.000,-2.799,-1.099,0.072,-0.005,1.874,2.140,9.427,2.096
a,125634,0.000,-2.893,36.000,-2.893,-1.450,0.163,0.209,-0.202,2.016,9.418,2.151
a,125638,0.000,-2.986,36.000,-2.986,-1.494,0.148,0.209,-0.370,2.119,9.413,2.100
a,125642,0.000,-3.080,36.000,-3.080,-1.538,-0.066,0.087,-0.676,2.120,9.444,2.108
a,125646,0.000,-3.173,36.000,-3.173,-1.406,-0.066,0.041,-0.737,2.022,9.446,2.116
a,125651,0.000,-3.266,36.000,-3.266,-1.450,0.163,0.148,0.424,2.101,9.438,2.139
a,125654,0.000,-3.358,36.000,-3.358,-1.494,-0.386,0.087,0.118,2.103,9.457,2.078
a,125658,0.000,-3.450,36.000,-3.450,-1.494,0.163,-0.279,0.836,2.084,9.458,2.134
a,125662,0.000,-3.542,36.000,-3.542,-1.494,-0.050,0.224,0.729,2.078,9.456,2.130
a,125666,0.000,-3.634,36.000,-3.634,-1.494,-0.112,-0.142,-0.462,2.082,9.450,2.112
a,125670,0.000,-3.725,36.000,-3.725,-1.582,-0.218,-0.295,-0.050,2.166,9.455,2.116
a,125675,0.000,-3.817,36.000,-3.817,-1.538,-0.066,0.255,-1.134,2.049,9.396,2.103
a,125679,0.000,-3.907,36.000,-3.907,-1.538,0.087,-0.066,-0.447,2.094,9.483,2.110
a,125682,0.000,-3.998,36.000,-3.998,-1.714,-0.203,0.056,1.294,2.084,9.415,2.102
a,125686,0.000,-4.088,36.000,-4.088,-2.109,0.102,-0.157,0.500,2.084,9.452,2.091
a,125690,0.000,-4.178,36.000,-4.178,-1.802,-0.066,0.041,-0.462,2.078,9.451,2.108
a,125694,0.000,-4.267,36.000,-4.267,-0.352,0.163,-0.127,0.057,2.089,9.492,2.113
a,125698,0.000,-4.357,36.000,-4.357,-2.373,-0.050,-0.005,0.744,2.113,9.458,2.100
a,125703,0.000,-4.445,36.000,-4.445,-2.329,0.163,-0.005,0.943,2.047,9.402,2.091
a,125707,0.000,-4.534,36.000,-4.534,-2.461,-0.050,0.026,-0.844,2.128,9.412,2.119
a,125711,0.000,-4.622,36.000,-4.622,-2.461,0.224,0.194,0.011,2.085,9.419,2.122
a,125715,0.000,-4.709,36.000,-4.709,-2.944,0.148,-0.295,-0.706,2.089,9.461,2.114
a,125719,0.000,-4.796,36.000,-4.796,-2.988,0.285,0.163,1.324,2.049,9.413,2.125
a,125723,0.000,-4.883,36.000,-4.883,-2.988,-0.050,0.163,0.592,2.073,9.451,2.102
a,125726,0.000,-4.970,36.000,-4.970,-2.988,0.011,-0.035,0.454,2.112,9.438,2.119
a,125730,0.000,-5.055,36.000,-5.055,-2.988,0.072,-0.142,-0.187,2.096,9.440,2.134
a,125734,0.000,-5.141,36.000,-5.141,-2.988,-0.005,-0.020,0.286,2.081,9.463,2.110
a,125738,0.000,-5.226,36.000,-5.226,-2.988,-0.035,0.148,0.744,2.134,9.458,2.121
a,125742,0.000,-5.311,36.000,-5.311,-3.120,0.087,-0.295,-1.149,2.127,9.475,2.116
a,125746,0.000,-5.395,36.000,-5.395,-3.164,-0.188,-0.127,-0.645,2.081,9.535,2.132
a,125750,0.000,-5.478,36.000,-5.478,-3.164,0.438,0.423,0.149,2.011,9.409,2.158
a,125754,0.000,-5.561,36.000,-5.561,-3.647,-0.112,0.148,0.225,2.146,9.416,2.075
a,125758,0.000,-5.644,36.000,-5.644,-3.735,0.209,-0.173,0.164,2.076,9.371,2.105
a,125762,0.000,-5.726,36.000,-5.726,-3.779,0.163,0.545,0.989,1.951,9.443,2.108
a,125767,0.000,-5.808,36.000,-5.808,-3.911,-0.005,-0.279,0.531,2.209,9.505,2.122
a,125770,0.000,-5.889,36.000,-5.889,-4.307,-0.096,-0.341,0.653,2.042,9.438,2.081
a,125774,0.000,-5.969,36.000,-5.969,-4.351,0.041,0.041,-1.332,2.002,9.444,2.163
a,125778,0.000,-6.049,36.000,-6.049,-4.351,-0.050,-0.127,0.011,2.148,9.489,2.132
a,125782,0.000,-6.129,36.000,-6.129,-4.351,0.041,-0.447,-0.233,2.094,9.444,2.106
a,125786,0.000,-6.208,36.000,-6.208,-4.307,0.209,-0.127,0.286,2.018,9.454,2.167
a,125790,0.000,-6.286,36.000,-6.286,-4.307,0.163,0.255,-0.111,2.115,9.421,2.103
a,125794,0.000,-6.364,36.000,-6.364,-4.351,-0.173,0.041,0.240,2.160,9.454,2.109
a,125799,0.000,-6.441,36.000,-6.441,-4.351,0.179,0.087,0.515,2.054,9.468,2.140
a,125803,0.000,-6.517,36.000,-6.517,-4.307,0.117,-0.035,0.011,2.051,9.434,2.108
a,125806,0.000,-6.593,36.000,-6.593,-3.560,-0.096,-0.050,1.111,2.119,9.457,2.099
a,125810,0.000,-6.668,36.000,-6.668,-4.395,-0.295,-0.341,-0.889,2.158,9.386,2.081
a,125815,0.000,-6.743,36.000,-6.743,-4.351,-0.203,0.209,0.744,2.039,9.333,2.122
a,125818,0.000,-6.817,36.000,-6.817,-4.351,-0.112,0.133,-0.416,2.101,9.462,2.087
a,125822,0.000,-6.891,36.000,-6.891,-4.438,-0.050,0.255,0.179,2.065,9.418,2.099
a,125827,0.000,-6.963,36.000,-6.963,-4.482,0.102,-0.173,0.424,2.069,9.452,2.084
a,125831,0.000,-7.035,36.000,-7.035,-4.570,0.056,0.056,0.912,2.073,9.418,2.154
a,125834,0.000,-7.107,36.000,-7.107,-4.614,0.087,-0.020,-0.691,2.107,9.482,2.073
a,125838,0.000,-7.178,36.000,-7.178,-5.010,-0.127,-0.234,-0.782,2.137,9.415,2.125
a,125842,0.000,-7.248,36.000,-7.248,-5.054,-0.050,0.087,0.240,2.023,9.458,2.108
a,125846,0.000,-7.317,36.000,-7.317,-5.054,-0.035,-0.005,1.294,2.088,9.489,2.131
a,125850,0.000,-7.386,36.000,-7.386,-5.186,0.133,-0.173,1.324,2.097,9.468,2.138
a,125855,0.000,-7.453,36.000,-7.453,-5.273,-0.005,-0.463,-0.660,2.081,9.458,2.125
a,125859,0.000,-7.521,36.000,-7.521,-5.273,0.072,0.133,0.408,2.097,9.482,2.112
a,125862,0.000,-7.587,36.000,-7.587,-5.625,0.148,-0.020,-0.920,2.105,9.437,2.113
a,125867,0.000,-7.653,36.000,-7.653,-5.317,-0.127,-0.066,-0.691,2.084,9.455,2.119
a,125870,0.000,-7.718,36.000,-7.718,-5.317,0.117,0.072,0.286,2.072,9.474,2.134
a,125874,0.000,-7.782,36.000,-7.782,-4.966,-0.005,0.041,0.439,2.089,9.459,2.094
a,125878,0.000,-7.846,36.000,-7.846,-5.713,-0.173,-0.127,0.286,2.119,9.366,2.116
a,125882,0.000,-7.908,36.000,-7.908,-5.757,-0.020,-0.173,-0.294,2.060,9.450,2.097
a,125886,0.000,-7.970,36.000,-7.970,-5.757,0.102,0.224,1.050,2.034,9.463,2.133
a,125890,0.000,-8.031,36.000,-8.031,-5.801,0.163,-0.218,0.714,2.058,9.445,2.099
a,125894,0.000,-8.092,36.000,-8.092,-5.933,-0.127,-0.173,-0.309,2.120,9.431,2.084
a,125898,0.000,-8.151,36.000,-8.151,-5.977,0.102,-0.020,0.179,2.031,9.428,2.116
a,125902,0.000,-8.210,36.000,-8.210,-6.328,-0.020,0.469,-0.706,2.081,9.481,2.072
a,125906,0.000,-8.268,36.000,-8.268,-6.021,-0.112,-0.050,0.622,2.162,9.450,2.109
a,125910,0.000,-8.325,36.000,-8.325,-6.021,-0.050,-0.066,0.393,2.027,9.479,2.085
a,125915,0.000,-8.381,36.000,-8.381,-6.021,0.072,-0.142,-0.141,2.072,9.433,2.156
a,125918,0.000,-8.437,36.000,-8.437,-5.977,-0.005,-0.050,0.698,2.127,9.486,2.103
a,125922,0.000,-8.491,36.000,-8.491,-6.372,-0.157,-0.295,0.714,2.072,9.482,2.150
a,125926,0.000,-8.545,36.000,-8.545,-5.977,0.148,-0.234,-0.263,2.060,9.505,2.119
a,125930,0.000,-8.598,36.000,-8.598,-6.460,-0.020,-0.295,-0.966,2.100,9.452,2.096
a,125934,0.000,-8.650,36.000,-8.650,-6.416,-0.173,-0.142,-0.248,2.069,9.459,2.119
a,125938,0.000,-8.701,36.000,-8.701,-6.548,0.087,0.148,-0.218,2.029,9.449,2.126
a,125942,0.000,-8.751,36.000,-8.751,-6.504,0.056,-0.066,-0.080,2.107,9.457,2.100
a,125946,0.000,-8.800,36.000,-8.800,-6.504,-0.173,-0.157,0.622,2.085,9.469,2.126
a,125951,0.000,-8.849,36.000,-8.849,-6.504,-0.050,0.316,0.240,2.047,9.446,2.112
a,125954,0.000,-8.896,36.000,-8.896,-5.229,0.056,-0.173,0.073,2.134,9.489,2.109
a,125958,0.000,-8.943,36.000,-8.943,-6.592,0.072,0.102,1.172,2.049,9.400,2.114
a,125963,0.000,-8.988,36.000,-8.988,-6.548,-0.112,0.072,-1.164,2.049,9.443,2.106
a,125966,0.000,-9.033,36.000,-9.033,-6.636,-0.203,-0.234,0.592,2.115,9.487,2.148
a,125970,0.000,-9.077,36.000,-9.077,-7.075,0.148,0.148,-0.309,2.119,9.408,2.075
a,125975,0.000,-9.120,36.000,-9.120,-7.119,-0.157,-0.249,0.454,2.072,9.406,2.128
a,125979,0.000,-9.162,36.000,-9.162,-7.163,-0.005,0.087,0.118,2.063,9.464,2.114
a,125983,0.000,-9.203,36.000,-9.203,-6.548,-0.112,-0.020,-0.050,2.107,9.452,2.105
a,125986,0.000,-9.243,36.000,-9.243,-7.163,-0.173,-0.295,0.454,2.115,9.504,2.116
a,125990,0.000,-9.282,36.000,-9.282,-7.207,-0.050,-0.066,-0.050,2.037,9.507,2.145
a,125994,0.000,-9.320,36.000,-9.320,-7.163,0.209,-0.127,-0.156,2.091,9.462,2.132
a,125998,0.000,-9.357,36.000,-9.357,-7.119,-0.127,-0.127,-0.462,2.143,9.457,2.125
a,126003,0.000,-9.393,36.000,-9.393,-7.207,-0.020,-0.295,-1.011,2.045,9.454,2.090
a,126007,0.000,-9.428,36.000,-9.428,-7.119,0.148,0.087,-0.767,2.085,9.439,2.138
a,126010,0.000,-9.462,36.000,-9.462,-7.163,0.209,-0.249,-0.477,2.122,9.476,2.061
a,126015,0.000,-9.496,36.000,-9.496,-7.163,0.117,-0.005,1.370,2.069,9.427,2.122
a,126019,0.000,-9.528,36.000,-9.528,-7.163,0.209,0.148,0.118,2.054,9.451,2.088
a,126022,0.000,-9.559,36.000,-9.559,-4.482,0.056,0.270,0.592,2.088,9.475,2.088
a,126026,0.000,-9.589,36.000,-9.589,-7.251,0.163,-0.127,-0.004,2.049,9.425,2.088
a,126030,0.000,-9.618,36.000,-9.618,-7.339,0.179,-0.142,0.332,2.096,9.449,2.109
a,126034,0.000,-9.646,36.000,-9.646,-7.383,-0.325,0.209,0.240,2.070,9.443,2.112
a,126038,0.000,-9.673,36.000,-9.673,-7.383,-0.050,0.041,0.179,2.070,9.425,2.127
a,126042,0.000,-9.699,36.000,-9.699,-7.383,-0.066,-0.127,-0.798,2.144,9.467,2.126
a,126046,0.000,-9.724,36.000,-9.724,-7.383,-0.188,-0.020,-0.676,2.039,9.468,2.109
a,126050,0.000,-9.748,36.000,-9.748,-7.383,-0.050,0.438,0.882,2.082,9.459,2.133
a,126054,0.000,-9.771,36.000,-9.771,-7.383,-0.157,-0.218,1.126,2.120,9.471,2.102
a,126058,0.000,-9.792,36.000,-9.792,-7.339,-0.066,0.087,-0.309,2.053,9.443,2.105
a,126062,0.000,-9.813,36.000,-9.813,-7.383,0.072,0.133,0.302,2.070,9.448,2.113
a,126067,0.000,-9.833,36.000,-9.833,-7.383,-0.020,-0.127,-0.477,2.107,9.443,2.088
a,126070,0.000,-9.851,36.000,-9.851,-7.383,-0.050,-0.066,0.225,2.081,9.434,2.099
a,126074,0.000,-9.869,36.000,-9.869,-7.383,0.194,0.041,-0.660,2.085,9.438,2.132
a,126078,0.000,-9.885,36.000,-9.885,-7.383,0.072,-0.157,1.447,2.088,9.452,2.085
a,126082,0.000,-9.901,36.000,-9.901,-7.383,0.163,-0.341,-0.095,2.089,9.455,2.136
a,126086,0.000,-9.915,36.000,-9.915,-7.383,-0.066,0.087,-0.202,2.053,9.452,2.103
a,126090,0.000,-9.928,36.000,-9.928,-7.339,0.163,0.041,0.057,2.070,9.457,2.113
a,126094,0.000,-9.940,36.000,-9.940,-7.383,-0.096,0.163,1.111,2.094,9.452,2.110
a,126099,0.000,-9.951,36.000,-9.951,-7.383,-0.188,-0.173,-1.332,2.065,9.442,2.109
a,126103,0.000,-9.961,36.000,-9.961,-7.383,-0.112,0.148,0.240,2.082,9.454,2.088
a,126106,0.000,-9.970,36.000,-9.970,-7.383,-0.112,0.056,0.592,2.116,9.419,2.100
a,126110,0.000,-9.977,36.000,-9.977,-7.383,0.056,0.041,0.393,2.105,9.334,2.097
a,126114,0.000,-9.984,36.000,-9.984,-7.778,-0.295,0.087,-0.798,2.091,9.457,2.149
a,126118,0.000,-9.989,36.000,-9.989,-7.910,-0.173,0.148,0.225,2.088,9.445,2.138
a,126123,0.000,-9.994,36.000,-9.994,-7.822,-0.218,0.423,0.271,2.105,9.416,2.084
a,126127,0.000,-9.997,36.000,-9.997,-7.866,0.056,0.102,1.080,2.091,9.422,2.122
a,126131,0.000,-9.999,36.000,-9.999,-7.910,-0.020,0.087,-0.538,2.066,9.432,2.126
a,126134,0.000,-10.000,36.000,-10.000,-7.910,-0.188,-0.066,-0.691,2.069,9.421,2.113
a,126138,0.000,-10.000,36.000,-10.000,-7.866,-0.173,-0.234,0.332,2.066,9.463,2.109
a,126142,0.000,-9.998,36.000,-9.998,-7.822,0.056,0.087,0.118,2.066,9.452,2.113
a,126146,0.000,-9.996,36.000,-9.996,-7.866,-0.066,-0.020,-0.676,2.084,9.437,2.119
a,126151,0.000,-9.993,36.000,-9.993,-7.866,-0.020,-0.066,-0.462,2.088,9.421,2.094
a,126155,0.000,-9.988,36.000,-9.988,-7.866,-0.050,-0.066,-0.034,2.070,9.444,2.134
a,126158,0.000,-9.982,36.000,-9.982,-7.954,-0.173,0.102,0.958,2.084,9.446,2.120
a,126163,0.000,-9.975,36.000,-9.975,-7.866,0.041,-0.066,-0.645,2.097,9.442,2.116
a,126167,0.000,-9.967,36.000,-9.967,-7.910,-0.005,-0.173,0.011,2.085,9.457,2.120
a,126170,0.000,-9.958,36.000,-9.958,-7.954,0.148,0.148,-1.256,2.101,9.450,2.138
a,126174,0.000,-9.947,36.000,-9.947,-7.866,-0.005,-0.173,-0.095,2.097,9.483,2.122
a,126178,0.000,-9.936,36.000,-9.936,-7.866,0.163,-0.127,0.424,2.082,9.434,2.091
a,126182,0.000,-9.923,36.000,-9.923,-7.910,0.041,-0.127,-0.370,2.078,9.464,2.130
a,126186,0.000,-9.909,36.000,-9.909,-7.866,-0.035,-0.157,1.279,2.091,9.428,2.116
a,126190,0.000,-9.894,36.000,-9.894,-7.910,-0.127,0.209,-0.844,2.107,9.451,2.138
a,126194,0.000,-9.878,36.000,-9.878,-7.866,-0.050,0.041,0.134,2.094,9.465,2.116
a,126198,0.000,-9.861,36.000,-9.861,-7.910,0.163,-0.157,0.668,2.125,9.459,2.101
a,126202,0.000,-9.843,36.000,-9.843,-7.910,0.087,-0.173,-0.431,2.088,9.448,2.109
a,126206,0.000,-9.823,36.000,-9.823,-7.910,-0.218,-0.127,0.073,2.063,9.467,2.125
a,126210,0.000,-9.803,36.000,-9.803,-7.866,0.117,-0.081,-0.050,2.089,9.465,2.121
a,126214,0.000,-9.781,36.000,-9.781,-7.866,-0.066,-0.020,-0.248,2.089,9.457,2.115
a,126218,0.000,-9.758,36.000,-9.758,-7.866,-0.035,0.026,-0.034,2.082,9.462,2.125
a,126222,0.000,-9.734,36.000,-9.734,-7.954,0.041,-0.020,-0.691,2.073,9.457,2.125
a,126227,0.000,-9.709,36.000,-9.709,-7.866,0.117,-0.417,0.347,2.082,9.455,2.122
a,126231,0.000,-9.682,36.000,-9.682,-7.866,-0.005,0.224,0.515,2.088,9.474,2.107
a,126234,0.000,-9.655,36.000,-9.655,-7.910,0.087,-0.234,-0.966,2.109,9.458,2.106
a,126238,0.000,-9.626,36.000,-9.626,-7.866,-0.050,0.224,0.912,2.057,9.444,2.116
a,126242,0.000,-9.596,36.000,-9.596,-7.866,-0.127,-0.066,-0.370,2.072,9.455,2.114
a,126246,0.000,-9.565,36.000,-9.565,-7.954,0.209,0.224,0.500,2.078,9.477,2.105
a,126251,0.000,-9.533,36.000,-9.533,-7.822,0.087,-0.020,-0.218,2.097,9.483,2.136
a,126255,0.000,-9.500,36.000,-9.500,-7.822,-0.112,0.102,0.912,2.072,9.461,2.108
a,126258,0.000,-9.466,36.000,-9.466,-7.866,-0.050,0.041,0.027,2.073,9.475,2.132
a,126262,0.000,-9.430,36.000,-9.430,-7.910,0.087,-0.127,-0.324,2.112,9.464,2.122
a,126266,0.000,-9.393,36.000,-9.393,-7.910,-0.050,0.026,-0.416,2.088,9.463,2.119
a,126270,0.000,-9.356,36.000,-9.356,-7.822,-0.005,-0.142,0.576,2.082,9.424,2.122
a,126274,0.000,-9.317,36.000,-9.317,-7.866,0.056,-0.050,0.515,2.088,9.436,2.119
a,126279,0.000,-9.277,36.000,-9.277,-7.866,-0.005,0.209,0.302,2.084,9.419,2.121
a,126283,0.000,-9.236,36.000,-9.236,-7.866,-0.112,0.209,0.027,2.081,9.454,2.112
a,126286,0.000,-9.194,36.000,-9.194,-7.822,-0.173,-0.050,0.622,2.105,9.438,2.099
a,126290,0.000,-9.150,36.000,-9.150,-7.866,-0.173,-0.127,-0.080,2.091,9.422,2.102
a,126294,0.000,-9.106,36.000,-9.106,-7.866,0.011,-0.173,0.805,2.091,9.458,2.106
a,126298,0.000,-9.060,36.000,-9.060,-7.910,-0.035,0.133,-0.080,2.072,9.450,2.097
a,126302,0.000,-9.013,36.000,-9.013,-7.866,0.041,0.041,-0.798,2.094,9.445,2.122
a,126307,0.000,-8.966,36.000,-8.966,-7.866,-0.112,0.255,-0.050,2.094,9.479,2.122
a,126311,0.000,-8.917,36.000,-8.917,-7.866,0.102,0.056,0.515,2.084,9.448,2.116
a,126314,0.000,-8.867,36.000,-8.867,-7.910,-0.005,-0.066,-0.187,2.057,9.454,2.102
a,126319,0.000,-8.816,36.000,-8.816,-7.910,0.056,0.148,0.134,2.082,9.443,2.119
a,126323,0.000,-8.764,36.000,-8.764,-7.866,-0.112,0.041,0.347,2.054,9.425,2.125
a,126326,0.000,-8.710,36.000,-8.710,-7.822,0.148,-0.173,-0.447,2.073,9.452,2.103
a,126330,0.000,-8.656,36.000,-8.656,-7.910,0.056,0.102,0.973,2.078,9.444,2.125
a,126334,0.000,-8.601,36.000,-8.601,-7.866,-0.005,-0.234,0.347,2.115,9.482,2.119
a,126338,0.000,-8.544,36.000,-8.544,-7.910,-0.112,-0.005,0.698,2.081,9.450,2.121
a,126342,0.000,-8.487,36.000,-8.487,-7.910,-0.279,-0.050,0.622,2.097,9.443,2.130
a,126346,0.000,-8.428,36.000,-8.428,-7.866,-0.050,-0.112,1.004,2.073,9.446,2.085
a,126350,0.000,-8.369,36.000,-8.369,-7.866,0.087,-0.066,-1.302,2.100,9.450,2.103
a,126354,0.000,-8.308,36.000,-8.308,-7.910,0.255,0.255,-0.370,2.085,9.439,2.103
a,126358,0.000,-8.246,36.000,-8.246,-7.910,0.056,-0.112,0.958,2.094,9.416,2.122
a,126362,0.000,-8.183,36.000,-8.183,-7.866,-0.020,-0.127,-0.752,2.089,9.470,2.099
a,126367,0.000,-8.120,36.000,-8.120,-7.822,-0.112,0.148,-0.095,2.073,9.463,2.114
a,126370,0.000,-8.055,36.000,-8.055,-7.866,-0.081,0.041,1.721,2.084,9.483,2.134
a,126374,0.000,-7.989,36.000,-7.989,-7.910,0.026,-0.035,-1.622,2.116,9.452,2.120
a,126378,0.000,-7.922,36.000,-7.922,-7.822,-0.127,0.041,-0.523,2.070,9.439,2.096
a,126382,0.000,-7.854,36.000,-7.854,-7.822,0.102,-0.112,0.821,2.082,9.420,2.138
a,126386,0.000,-7.785,36.000,-7.785,-7.866,-0.173,-0.066,0.118,2.060,9.450,2.099
a,126390,0.000,-7.715,36.000,-7.715,-7.910,0.194,0.041,-0.660,2.078,9.464,2.120
a,126394,0.000,-7.645,36.000,-7.645,-7.910,0.041,-0.127,-0.584,2.081,9.470,2.101
a,126398,0.000,-7.573,36.000,-7.573,-7.910,-0.127,-0.066,-0.584,2.053,9.407,2.097
a,126403,0.000,-7.500,36.000,-7.500,-7.866,-0.066,0.041,-0.523,2.082,9.458,2.100
a,126406,0.000,-7.426,36.000,-7.426,-7.778,-0.127,-0.020,-0.370,2.119,9.428,2.082
a,126410,0.000,-7.351,36.000,-7.351,-7.866,-0.050,0.270,0.637,2.060,9.471,2.109
a,126414,0.000,-7.276,36.000,-7.276,-7.075,-0.157,0.224,1.111,2.122,9.463,2.097
a,126418,0.000,-7.199,36.000,-7.199,-7.910,-0.035,-0.249,-1.836,2.101,9.467,2.097
a,126422,0.000,-7.121,36.000,-7.121,-7.910,-0.173,-0.325,1.095,2.045,9.448,2.100
a,126427,0.000,-7.043,36.000,-7.043,-7.910,0.117,0.163,1.309,2.105,9.479,2.138
a,126431,0.000,-6.963,36.000,-6.963,-7.910,-0.127,-0.234,-0.370,2.088,9.474,2.096
a,126434,0.000,-6.883,36.000,-6.883,-7.822,-0.020,-0.402,-1.286,2.072,9.428,2.125
a,126438,0.000,-6.802,36.000,-6.802,-7.822,-0.066,0.148,-0.523,2.088,9.454,2.127
a,126442,0.000,-6.720,36.000,-6.720,-7.910,-0.218,-0.173,0.134,2.105,9.458,2.097
a,126446,0.000,-6.637,36.000,-6.637,-7.339,-0.112,0.056,0.851,2.049,9.418,2.137
a,126450,0.000,-6.553,36.000,-6.553,-7.295,0.041,0.148,-1.408,2.078,9.449,2.125
a,126455,0.000,-6.468,36.000,-6.468,-7.251,0.194,-0.066,-1.042,2.119,9.452,2.097
a,126458,0.000,-6.382,36.000,-6.382,-7.295,0.102,-0.173,-0.065,2.042,9.470,2.105
a,126463,0.000,-6.296,36.000,-6.296,-7.207,-0.005,-0.295,0.225,2.089,9.446,2.136
a,126467,0.000,-6.208,36.000,-6.208,-7.163,0.255,0.209,-0.279,2.073,9.467,2.107
a,126471,0.000,-6.120,36.000,-6.120,-7.075,-0.020,-0.218,0.225,2.108,9.456,2.122
a,126474,0.000,-6.031,36.000,-6.031,-7.075,-0.173,0.102,0.622,2.088,9.407,2.127
a,126478,0.000,-5.941,36.000,-5.941,-6.504,0.056,0.056,0.836,2.065,9.486,2.091
a,126482,0.000,-5.850,36.000,-5.850,-6.460,-0.050,-0.417,-0.340,2.119,9.497,2.143
a,126486,0.000,-5.759,36.000,-5.759,-6.416,-0.127,0.041,-0.950,2.065,9.513,2.096
a,126490,0.000,-5.667,36.000,-5.667,-5.933,0.438,0.270,0.683,2.076,9.439,2.121
a,126494,0.000,-5.574,36.000,-5.574,-5.889,-0.020,-0.020,-0.798,2.094,9.421,2.096
a,126498,0.000,-5.480,36.000,-5.480,-5.757,0.194,0.331,-0.660,2.058,9.505,2.120
a,126502,0.000,-5.385,36.000,-5.385,-5.669,0.056,0.087,0.286,2.085,9.457,2.114
a,126506,0.000,-5.290,36.000,-5.290,-5.713,-0.020,-0.066,-0.477,2.100,9.481,2.125
a,126510,0.000,-5.194,36.000,-5.194,-5.757,-0.050,0.056,0.073,2.064,9.459,2.091
a,126514,0.000,-5.097,36.000,-5.097,-5.713,0.087,0.209,-0.370,2.076,9.487,2.119
a,126519,0.000,-5.000,36.000,-5.000,-5.317,-0.050,-0.066,0.027,2.140,9.457,2.093
a,126522,0.000,-4.902,36.000,-4.902,-5.273,0.148,0.148,-0.599,2.063,9.427,2.097
a,126526,0.000,-4.803,36.000,-4.803,-5.186,0.011,0.163,1.126,2.076,9.454,2.103
a,126530,0.000,-4.703,36.000,-4.703,-5.142,-0.096,0.133,0.347,2.107,9.438,2.097
a,126534,0.000,-4.603,36.000,-4.603,-5.186,0.087,-0.020,-0.263,2.063,9.464,2.097
a,126538,0.000,-4.502,36.000,-4.502,-5.098,-0.402,-0.234,-0.416,2.122,9.448,2.112
a,126542,0.000,-4.401,36.000,-4.401,-5.010,0.087,-0.127,-0.966,2.085,9.505,2.121
a,126546,0.000,-4.299,36.000,-4.299,-4.570,0.209,-0.005,0.958,2.089,9.446,2.148
a,126551,0.000,-4.196,36.000,-4.196,-4.482,-0.050,-0.234,0.286,2.131,9.471,2.116
a,126554,0.000,-4.093,36.000,-4.093,-4.482,-0.112,0.255,-0.050,2.039,9.475,2.116
a,126558,0.000,-3.989,36.000,-3.989,-4.482,0.102,-0.066,0.286,2.091,9.464,2.132
a,126562,0.000,-3.884,36.000,-3.884,-4.438,-0.188,0.041,-0.202,2.096,9.481,2.130
a,126566,0.000,-3.779,36.000,-3.779,-4.307,0.087,0.087,-0.706,2.051,9.463,2.127
a,126570,0.000,-3.673,36.000,-3.673,-4.307,-0.112,0.041,0.439,2.103,9.493,2.107
a,126575,0.000,-3.567,36.000,-3.567,-4.307,0.163,-0.173,0.210,2.073,9.461,2.109
a,126579,0.000,-3.460,36.000,-3.460,-4.263,-0.005,-0.020,0.408,2.081,9.432,2.137
a,126583,0.000,-3.353,36.000,-3.353,-3.867,-0.005,0.087,-0.095,2.089,9.463,2.113
a,126587,0.000,-3.245,36.000,-3.245,-3.867,0.102,0.041,0.210,2.072,9.428,2.103
a,126590,0.000,-3.137,36.000,-3.137,-3.867,0.209,-0.112,0.714,2.082,9.449,2.127
a,126594,0.000,-3.028,36.000,-3.028,-3.208,0.041,-0.554,-0.187,2.132,9.521,2.109
a,126598,0.000,-2.919,36.000,-2.919,-3.735,0.041,0.041,-0.752,2.072,9.492,2.126
a,126603,0.000,-2.809,36.000,-2.809,-3.604,0.146,-0.165,-1.007,2.084,9.493,2.132
a,126607,0.000,-2.699,36.000,-2.699,-3.208,-0.067,-0.165,-1.145,2.120,9.456,2.115
a,126610,0.000,-2.589,36.000,-2.589,-3.120,-0.052,0.171,0.550,2.084,9.436,2.114
a,126615,0.000,-2.478,36.000,-2.478,-3.120,0.391,-0.180,-0.076,2.103,9.451,2.115
a,126619,0.000,-2.366,36.000,-2.366,-2.988,-0.281,-0.150,0.947,2.179,9.446,2.096
a,126622,0.000,-2.255,36.000,-2.255,-2.900,-0.052,0.217,-0.183,2.058,9.464,2.132
a,126626,0.000,-2.143,36.000,-2.143,-2.505,0.146,0.263,-0.412,2.069,9.477,2.142
a,126630,0.000,-2.030,36.000,-2.030,-2.461,-0.129,-0.287,-0.656,2.163,9.473,2.113
a,126634,0.000,-1.917,36.000,-1.917,-2.417,-0.037,0.079,1.146,2.073,9.457,2.096
a,126638,0.000,-1.804,36.000,-1.804,-2.417,0.055,-0.058,0.367,2.069,9.443,2.145
a,126642,0.000,-1.691,36.000,-1.691,-2.417,0.162,-0.058,0.046,2.137,9.473,2.081
a,126646,0.000,-1.577,36.000,-1.577,-2.417,-0.129,-0.394,-0.702,2.103,9.449,2.105
a,126650,0.000,-1.463,36.000,-1.463,-2.329,0.253,0.217,-0.793,2.049,9.418,2.120
a,126654,0.000,-1.349,36.000,-1.349,-1.582,0.268,-0.043,0.703,2.097,9.451,2.087
a,126658,0.000,-1.234,36.000,-1.234,-2.329,-0.052,0.095,-0.015,2.091,9.485,2.125
a,126662,0.000,-1.119,36.000,-1.119,-2.329,0.009,-0.012,0.504,2.060,9.377,2.112
a,126667,0.000,-1.004,36.000,-1.004,-2.197,-0.037,-0.073,-1.633,2.143,9.415,2.084
a,126670,0.000,-0.889,36.000,-0.889,-2.109,-0.006,-0.058,-0.076,2.105,9.483,2.122
a,126674,0.000,-0.774,36.000,-0.774,-1.758,0.192,-0.012,-0.671,2.060,9.457,2.132
a,126678,0.000,-0.658,36.000,-0.658,-1.758,0.391,0.140,0.306,2.076,9.424,2.125
a,126682,0.000,-0.542,36.000,-0.542,-1.582,0.329,0.034,-0.458,2.088,9.482,2.116
a,126686,0.000,-0.426,36.000,-0.426,-1.670,0.100,0.156,0.352,2.063,9.388,2.125
a,126690,0.000,-0.310,36.000,-0.310,-1.538,0.070,0.110,1.375,2.091,9.462,2.087
a,126694,0.000,-0.194,36.000,-0.194,-1.494,-0.052,-0.058,0.321,2.119,9.439,2.132
a,126698,0.000,-0.078,36.000,-0.078,-1.055,-0.205,0.034,-2.290,2.049,9.421,2.119
a,126703,0.000,0.038,36.000,0.038,1.230,0.085,0.095,-1.068,2.105,9.421,2.091
a,126706,0.000,0.155,36.000,0.155,-0.835,-0.129,-0.119,-0.549,2.072,9.470,2.103
a,126710,0.000,0.271,36.000,0.271,-0.308,-0.327,-0.211,0.657,2.127,9.428,2.075
a,126715,0.000,0.388,36.000,0.388,-0.264,0.146,0.156,-0.412,2.034,9.500,2.126
a,126718,0.000,0.504,36.000,0.504,-0.308,-0.067,-0.058,-0.488,2.109,9.479,2.082
a,126722,0.000,0.621,36.000,0.621,-0.220,0.024,-0.058,1.436,2.120,9.467,2.157
a,126726,0.000,0.737,36.000,0.737,-0.176,0.162,-0.165,0.291,2.023,9.421,2.072
a,126731,0.000,0.854,36.000,0.854,-0.176,0.085,-0.119,1.161,2.138,9.448,2.116
a,126735,0.000,0.970,36.000,0.970,-0.176,-0.129,0.156,-0.870,2.089,9.510,2.115
a,126738,0.000,1.087,36.000,1.087,-0.044,-0.022,-0.165,-0.992,2.041,9.464,2.148
a,126742,0.000,1.203,36.000,1.203,1.143,0.055,-0.241,-0.549,2.105,9.419,2.127
a,126746,0.000,1.319,36.000,1.319,0.439,0.055,-0.379,1.054,2.127,9.445,2.122
a,126750,0.000,1.436,36.000,1.436,0.571,0.223,0.278,1.176,2.008,9.481,2.161
a,126754,0.000,1.552,36.000,1.552,0.703,0.162,0.034,-0.610,2.089,9.463,2.109
a,126759,0.000,1.667,36.000,1.667,0.703,-0.052,-0.485,0.886,2.187,9.488,2.132
a,126762,0.000,1.783,36.000,1.783,1.099,0.039,-0.165,-0.564,2.031,9.474,2.138
a,126767,0.000,1.899,36.000,1.899,1.187,0.268,0.476,-0.030,2.042,9.354,2.151
a,126771,0.000,2.014,36.000,2.014,1.274,0.162,0.217,-0.076,2.148,9.470,2.077
a,126774,0.000,2.129,36.000,2.129,1.318,-0.022,-0.333,-1.312,2.084,9.457,2.094
a,126778,0.000,2.244,36.000,2.244,1.274,0.284,0.064,1.069,2.014,9.436,2.143
a,126782,0.000,2.359,36.000,2.359,1.274,0.085,0.095,1.649,2.120,9.433,2.125
a,126786,0.000,2.473,36.000,2.473,1.318,0.085,-0.394,-0.717,2.132,9.475,2.090
a,126790,0.000,2.588,36.000,2.588,1.758,-0.174,-0.119,-0.076,2.034,9.542,2.199
a,126794,0.000,2.701,36.000,2.701,1.802,0.268,0.369,0.184,2.054,9.485,2.107
a,126798,0.000,2.815,36.000,2.815,1.890,0.070,0.110,1.741,2.150,9.431,2.094
a,126802,0.000,2.928,36.000,2.928,1.890,-0.113,-0.226,-0.183,2.058,9.449,2.114
a,126806,0.000,3.041,36.000,3.041,1.934,0.055,0.278,0.611,2.053,9.450,2.119
a,126810,0.000,3.154,36.000,3.154,1.890,0.162,-0.226,0.184,2.160,9.488,2.109
a,126814,0.000,3.266,36.000,3.266,2.461,0.039,-0.424,-0.595,2.097,9.469,2.133
a,126819,0.000,3.378,36.000,3.378,2.021,0.039,0.324,-0.549,2.018,9.404,2.121
a,126822,0.000,3.489,36.000,3.489,2.021,-0.037,-0.043,1.084,2.122,9.479,2.094
a,126826,0.000,3.600,36.000,3.600,2.109,-0.174,-0.287,-0.015,2.097,9.434,2.127
a,126830,0.000,3.711,36.000,3.711,2.461,-0.022,-0.012,-0.778,2.011,9.409,2.105
a,126834,0.000,3.821,36.000,3.821,2.505,-0.006,-0.043,1.039,2.160,9.459,2.132
a,126838,0.000,3.931,36.000,3.931,2.681,-0.373,0.064,1.084,2.088,9.486,2.094
a,126842,0.000,4.040,36.000,4.040,2.769,0.192,-0.012,-0.839,2.084,9.471,2.136
a,126846,0.000,4.149,36.000,4.149,3.208,-0.006,0.156,0.260,2.066,9.477,2.126
a,126850,0.000,4.257,36.000,4.257,3.208,-0.281,-0.043,0.504,2.105,9.436,2.094
a,126855,0.000,4.364,36.000,4.364,3.296,-0.037,-0.134,0.001,2.138,9.451,2.156
a,126858,0.000,4.471,36.000,4.471,3.208,-0.052,0.431,-0.122,2.057,9.458,2.145
a,126862,0.000,4.578,36.000,4.578,3.296,-0.006,0.110,0.565,2.084,9.505,2.116
a,126866,0.000,4.684,36.000,4.684,3.296,0.162,0.217,-0.137,2.116,9.434,2.148
a,126870,0.000,4.789,36.000,4.789,3.384,-0.006,-0.333,0.001,2.072,9.474,2.145
a,126874,0.000,4.894,36.000,4.894,3.428,-0.174,0.217,0.367,2.057,9.463,2.122
a,126879,0.000,4.998,36.000,4.998,3.823,-0.052,0.186,0.596,2.154,9.440,2.096
a,126883,0.000,5.101,36.000,5.101,3.911,0.085,-0.058,-0.839,2.125,9.471,2.110
a,126886,0.000,5.204,36.000,5.204,4.043,0.055,-0.043,0.810,2.060,9.425,2.148
a,126890,0.000,5.306,36.000,5.306,4.043,0.055,0.079,-0.320,2.097,9.434,2.109
a,126894,0.000,5.408,36.000,5.408,4.131,-0.006,0.156,-0.167,2.078,9.461,2.109
a,126898,0.000,5.508,36.000,5.508,4.131,0.192,0.095,-1.160,2.063,9.473,2.096
a,126903,0.000,5.608,36.000,5.608,4.131,-0.129,0.003,-1.374,2.089,9.434,2.119
a,126907,0.000,5.707,36.000,5.707,4.131,-0.174,0.049,0.153,2.057,9.475,2.120
a,126910,0.000,5.806,36.000,5.806,4.570,-0.022,-0.226,-0.335,2.154,9.481,2.085
a,126914,0.000,5.903,36.000,5.903,4.746,-0.006,0.095,0.413,2.042,9.495,2.151
a,126919,0.000,6.000,36.000,6.000,4.878,-0.342,-0.058,-0.458,2.116,9.500,2.072
a,126922,0.000,6.096,36.000,6.096,5.229,-0.037,-0.150,1.298,2.103,9.425,2.136
a,126926,0.000,6.191,36.000,6.191,5.273,-0.205,0.034,-2.228,2.008,9.485,2.087
a,126930,0.000,6.286,36.000,6.286,5.317,0.268,0.049,0.397,2.097,9.442,2.133
a,126934,0.000,6.379,36.000,6.379,5.273,-0.220,-0.027,-1.083,2.105,9.482,2.075
a,126938,0.000,6.472,36.000,6.472,5.273,0.055,0.064,0.886,2.042,9.457,2.160
a,126942,0.000,6.564,36.000,6.564,5.273,0.085,0.049,-0.305,2.082,9.438,2.120
a,126946,0.000,6.655,36.000,6.655,5.317,0.055,-0.134,-1.038,2.127,9.474,2.082
a,126950,0.000,6.745,36.000,6.745,5.405,0.100,-0.012,0.077,2.049,9.409,2.114
a,126954,0.000,6.834,36.000,6.834,5.405,0.085,0.095,-0.244,2.060,9.459,2.101
a,126958,0.000,6.922,36.000,6.922,5.493,0.009,0.232,1.191,2.122,9.436,2.085
a,126962,0.000,7.009,36.000,7.009,5.933,-0.174,-0.104,0.657,2.082,9.512,2.127
a,126967,0.000,7.095,36.000,7.095,6.064,0.452,0.354,1.619,2.021,9.481,2.162
a,126970,0.000,7.180,36.000,7.180,6.021,0.192,-0.058,-1.206,2.131,9.487,2.102
a,126974,0.000,7.264,36.000,7.264,6.064,-0.129,-0.287,-1.160,2.107,9.442,2.122
a,126978,0.000,7.347,36.000,7.347,6.021,-0.067,0.263,-1.053,2.029,9.459,2.119
a,126982,0.000,7.429,36.000,7.429,6.021,0.253,-0.058,-1.343,2.125,9.420,2.130
a,126986,0.000,7.510,36.000,7.510,6.064,-0.174,-0.058,0.413,2.107,9.488,2.081
a,126990,0.000,7.590,36.000,7.590,6.064,-0.235,0.217,-0.442,2.039,9.427,2.151
a,126994,0.000,7.669,36.000,7.669,6.064,0.055,0.278,0.825,2.113,9.485,2.103
a,126998,0.000,7.747,36.000,7.747,6.021,-0.052,-0.119,-0.213,2.109,9.432,2.108
a,127003,0.000,7.824,36.000,7.824,6.152,0.039,-0.287,-0.458,2.078,9.455,2.143
a,127007,0.000,7.899,36.000,7.899,6.196,-0.052,0.232,0.550,2.049,9.456,2.119
a,127010,0.000,7.974,36.000,7.974,9.097,0.039,0.263,-0.992,2.094,9.413,2.116
a,127014,0.000,8.047,36.000,8.047,6.284,-0.388,-0.394,0.123,2.179,9.486,2.125
a,127018,0.000,8.119,36.000,8.119,6.680,-0.159,-0.302,0.230,2.047,9.542,2.143
a,127022,0.000,8.190,36.000,8.190,8.086,-0.113,0.461,-1.160,2.073,9.465,2.102
a,127026,0.000,8.260,36.000,8.260,6.855,-0.113,-0.333,0.214,2.168,9.488,2.113
a,127031,0.000,8.328,36.000,8.328,6.987,-0.190,-0.226,-0.824,2.034,9.446,2.091
a,127035,0.000,8.396,36.000,8.396,7.339,-0.022,0.217,-0.335,2.016,9.421,2.161
a,127039,0.000,8.462,36.000,8.462,7.427,0.055,0.156,-0.122,2.168,9.442,2.085
a,127042,0.000,8.527,36.000,8.527,7.427,0.177,-0.379,1.573,2.081,9.459,2.119
a,127046,0.000,8.590,36.000,8.590,7.383,0.055,0.369,0.046,2.004,9.418,2.125
a,127050,0.000,8.653,36.000,8.653,7.471,0.055,0.140,-0.274,2.125,9.442,2.088
a,127054,0.000,8.714,36.000,8.714,7.427,-0.022,-0.119,-0.320,2.096,9.418,2.116
a,127058,0.000,8.774,36.000,8.774,7.471,-0.006,0.049,-0.015,2.027,9.443,2.120
a,127063,0.000,8.832,36.000,8.832,7.515,0.039,0.049,-0.992,2.105,9.456,2.103
a,127066,0.000,8.889,36.000,8.889,7.471,-0.113,0.095,-0.015,2.131,9.459,2.088
a,127071,0.000,8.945,36.000,8.945,7.559,-0.037,-0.043,1.191,2.039,9.436,2.119
a,127075,0.000,9.000,36.000,9.000,7.471,0.055,0.110,0.657,2.058,9.424,2.127
a,127078,0.000,9.053,36.000,9.053,7.471,-0.006,-0.241,-0.320,2.132,9.427,2.097
a,127082,0.000,9.105,36.000,9.105,7.383,-0.403,-0.165,-0.763,2.085,9.470,2.131
a,127086,0.000,9.156,36.000,9.156,7.559,0.009,0.354,-0.167,2.037,9.427,2.115
a,127090,0.000,9.205,36.000,9.205,7.515,-0.037,0.171,1.252,2.132,9.461,2.120
a,127094,0.000,9.252,36.000,9.252,7.559,-0.037,-0.012,0.672,2.169,9.480,2.109
a,127098,0.000,9.299,36.000,9.299,7.603,-0.190,0.217,-0.870,2.016,9.470,2.144
a,127102,0.000,9.344,36.000,9.344,7.603,-0.220,-0.165,0.367,2.113,9.503,2.107
a,127106,0.000,9.387,36.000,9.387,7.646,-0.129,-0.165,-0.717,2.154,9.475,2.113
a,127110,0.000,9.429,36.000,9.429,7.603,-0.052,-0.012,-0.183,2.058,9.428,2.099
a,127115,0.000,9.470,36.000,9.470,7.646,0.268,0.171,0.703,2.076,9.410,2.140
a,127119,0.000,9.509,36.000,9.509,7.646,-0.235,0.095,-0.564,2.148,9.450,2.081
a,127122,0.000,9.547,36.000,9.547,7.690,0.085,-0.394,-0.290,2.073,9.443,2.132
a,127126,0.000,9.584,36.000,9.584,10.151,0.055,0.064,0.550,2.025,9.442,2.127
a,127130,0.000,9.618,36.000,9.618,8.086,-0.281,0.003,0.550,2.137,9.457,2.133
a,127134,0.000,9.652,36.000,9.652,8.130,-0.113,-0.119,0.092,2.103,9.407,2.107
a,127138,0.000,9.684,36.000,9.684,8.218,0.162,0.217,0.397,2.006,9.367,2.122
a,127142,0.000,9.714,36.000,9.714,8.218,0.085,0.156,-1.068,2.113,9.485,2.081
a,127146,0.000,9.743,36.000,9.743,8.218,-0.113,-0.302,-0.580,2.172,9.463,2.127
a,127151,0.000,9.771,36.000,9.771,8.306,-0.006,0.278,0.947,1.985,9.462,2.127
a,127155,0.000,9.796,36.000,9.796,8.262,0.116,0.217,0.596,2.115,9.436,2.132
a,127158,0.000,9.821,36.000,9.821,8.218,-0.006,-0.211,0.611,2.168,9.487,2.065
a,127162,0.000,9.844,36.000,9.844,8.262,-0.067,-0.058,-0.458,2.014,9.406,2.125
a,127166,0.000,9.865,36.000,9.865,8.218,0.207,0.431,0.397,2.029,9.461,2.137
a,127170,0.000,9.885,36.000,9.885,8.262,0.207,-0.058,-0.030,2.143,9.428,2.072
a,127174,0.000,9.903,36.000,9.903,8.350,0.100,0.064,0.642,2.069,9.424,2.136
a,127179,0.000,9.920,36.000,9.920,8.262,0.207,0.217,-0.091,2.039,9.436,2.119
a,127183,0.000,9.935,36.000,9.935,8.306,-0.022,0.095,-0.671,2.125,9.452,2.109
a,127186,0.000,9.948,36.000,9.948,8.350,0.100,0.003,0.703,2.072,9.462,2.131
a,127190,0.000,9.960,36.000,9.960,8.262,0.100,0.049,0.031,2.051,9.464,2.132
a,127194,0.000,9.971,36.000,9.971,8.306,0.162,0.263,0.397,2.100,9.452,2.122
a,127198,0.000,9.980,36.000,9.980,8.350,-0.006,-0.104,0.504,2.097,9.461,2.125
a,127202,0.000,9.987,36.000,9.987,8.745,0.207,0.049,0.397,2.051,9.414,2.120
a,127207,0.000,9.993,36.000,9.993,8.394,0.055,0.263,0.153,2.085,9.456,2.109
a,127210,0.000,9.997,36.000,9.997,8.306,0.055,0.064,0.596,2.120,9.467,2.109
a,127215,0.000,9.999,36.000,9.999,8.350,0.162,-0.150,0.184,2.071,9.440,2.097
a,127219,0.000,10.000,36.000,10.000,8.306,0.039,-0.119,-0.824,2.072,9.449,2.113
a,127223,0.000,9.999,36.000,9.999,8.306,0.055,-0.012,-0.213,2.116,9.448,2.112
a,127226,0.000,9.997,36.000,9.997,8.350,0.085,0.049,-0.503,2.094,9.473,2.119
a,127230,0.000,9.993,36.000,9.993,8.350,0.039,-0.165,-0.320,2.069,9.464,2.125
a,127234,0.000,9.987,36.000,9.987,8.394,-0.174,0.095,0.199,2.107,9.459,2.110
a,127238,0.000,9.980,36.000,9.980,8.350,0.177,-0.043,1.237,2.097,9.471,2.109
a,127242,0.000,9.971,36.000,9.971,8.306,-0.129,-0.012,-0.228,2.081,9.431,2.119
a,127246,0.000,9.961,36.000,9.961,8.306,-0.113,0.110,1.054,2.082,9.448,2.079
a,127250,0.000,9.949,36.000,9.949,8.745,-0.129,-0.012,-0.992,2.089,9.442,2.116
a,127254,0.000,9.935,36.000,9.935,8.350,0.070,0.171,1.649,2.082,9.419,2.082
a,127258,0.000,9.920,36.000,9.920,8.350,0.055,0.003,0.764,2.089,9.439,2.125
a,127262,0.000,9.903,36.000,9.903,8.394,-0.006,0.110,0.764,2.082,9.464,2.113
a,127267,0.000,9.885,36.000,9.885,8.394,0.085,-0.058,-0.564,2.045,9.464,2.132
a,127270,0.000,9.865,36.000,9.865,8.350,-0.052,-0.012,-0.183,2.058,9.424,2.120
a,127274,0.000,9.843,36.000,9.843,8.306,-0.067,0.095,-0.458,2.105,9.427,2.142
a,127278,0.000,9.820,36.000,9.820,8.306,-0.067,0.263,-0.946,2.107,9.450,2.122
a,127282,0.000,9.795,36.000,9.795,8.350,0.207,-0.134,-0.946,2.070,9.483,2.087
a,127286,0.000,9.768,36.000,9.768,8.306,0.100,0.049,0.138,2.101,9.443,2.109
a,127290,0.000,9.740,36.000,9.740,8.306,0.100,-0.165,0.031,2.084,9.442,2.110
a,127294,0.000,9.710,36.000,9.710,8.350,-0.235,-0.058,-0.335,2.076,9.434,2.113
a,127298,0.000,9.678,36.000,9.678,8.350,0.162,0.140,-1.206,2.094,9.442,2.093
a,127303,0.000,9.645,36.000,9.645,8.394,-0.113,0.095,-0.015,2.109,9.449,2.099
a,127307,0.000,9.611,36.000,9.611,8.350,-0.190,0.110,-0.335,2.067,9.445,2.120
a,127310,0.000,9.574,36.000,9.574,8.350,0.146,-0.058,-0.473,2.066,9.463,2.139
a,127314,0.000,9.537,36.000,9.537,8.350,0.039,0.324,-0.290,2.122,9.481,2.099
a,127318,0.000,9.497,36.000,9.497,8.350,-0.006,0.095,-0.076,2.084,9.427,2.125
a,127322,0.000,9.456,36.000,9.456,8.350,-0.006,-0.150,0.993,2.091,9.450,2.112
a,127326,0.000,9.413,36.000,9.413,8.394,-0.098,-0.104,1.466,2.066,9.455,2.105
a,127331,0.000,9.369,36.000,9.369,8.350,-0.022,-0.165,-0.503,2.072,9.418,2.125
a,127335,0.000,9.323,36.000,9.323,8.350,0.162,0.217,0.352,2.094,9.469,2.114
a,127338,0.000,9.276,36.000,9.276,8.306,0.055,0.049,-0.076,2.100,9.470,2.126
a,127342,0.000,9.227,36.000,9.227,8.350,-0.129,-0.165,-0.442,2.085,9.457,2.125
a,127346,0.000,9.176,36.000,9.176,8.394,0.162,-0.333,-0.061,2.078,9.448,2.154
a,127350,0.000,9.124,36.000,9.124,8.306,0.055,0.003,0.504,2.094,9.462,2.115
a,127354,0.000,9.070,36.000,9.070,8.306,-0.067,0.049,-0.946,2.076,9.450,2.105
a,127359,0.000,9.015,36.000,9.015,8.350,0.268,0.156,0.184,2.103,9.477,2.101
a,127362,0.000,8.958,36.000,8.958,8.306,-0.235,0.156,-0.442,2.105,9.454,2.113
a,127367,0.000,8.900,36.000,8.900,8.350,-0.067,-0.119,-1.419,2.097,9.470,2.115
a,127371,0.000,8.840,36.000,8.840,8.350,-0.037,-0.150,1.466,2.088,9.475,2.109
a,127374,0.000,8.778,36.000,8.778,8.350,-0.129,-0.058,-1.419,2.057,9.437,2.116
a,127378,0.000,8.715,36.000,8.715,8.218,-0.174,0.232,1.054,2.097,9.464,2.116
a,127382,0.000,8.651,36.000,8.651,8.306,-0.022,-0.104,-0.503,2.077,9.438,2.110
a,127386,0.000,8.585,36.000,8.585,8.306,-0.022,0.003,-0.824,2.097,9.452,2.127
a,127390,0.000,8.517,36.000,8.517,8.306,0.039,0.217,-1.099,2.084,9.470,2.119
a,127394,0.000,8.448,36.000,8.448,8.350,0.055,-0.043,0.489,2.088,9.406,2.109
a,127398,0.000,8.378,36.000,8.378,8.350,-0.006,0.049,0.001,2.084,9.446,2.125
a,127402,0.000,8.306,36.000,8.306,8.350,-0.006,-0.012,0.321,2.097,9.446,2.131
a,127406,0.000,8.233,36.000,8.233,8.394,0.055,-0.043,0.825,2.101,9.458,2.115
a,127411,0.000,8.158,36.000,8.158,8.394,-0.174,0.003,0.932,2.073,9.471,2.119
a,127415,0.000,8.081,36.000,8.081,8.350,0.055,0.095,0.046,2.091,9.450,2.113
a,127418,0.000,8.004,36.000,8.004,8.350,0.055,0.171,0.550,2.109,9.512,2.113
a,127422,0.000,7.925,36.000,7.925,8.306,-0.006,-0.043,0.871,2.088,9.481,2.125
a,127426,0.000,7.844,36.000,7.844,8.306,0.009,0.064,1.268,2.097,9.448,2.112
a,127430,0.000,7.762,36.000,7.762,8.350,-0.052,0.079,0.489,2.097,9.477,2.125
a,127434,0.000,7.679,36.000,7.679,8.350,0.162,-0.211,0.917,2.103,9.427,2.107
a,127438,0.000,7.594,36.000,7.594,8.394,-0.098,-0.043,1.924,2.084,9.418,2.112
a,127442,0.000,7.508,36.000,7.508,8.350,-0.129,0.049,-0.610,2.109,9.486,2.133
a,127446,0.000,7.421,36.000,7.421,8.394,0.055,-0.058,0.199,2.051,9.420,2.142
a,127451,0.000,7.332,36.000,7.332,8.745,0.100,-0.287,0.077,2.127,9.418,2.094
a,127455,0.000,7.242,36.000,7.242,9.097,0.085,0.156,-0.732,2.103,9.416,2.107
a,127458,0.000,7.151,36.000,7.151,8.350,0.207,0.095,-0.183,2.070,9.430,2.106
a,127463,0.000,7.058,36.000,7.058,8.350,0.146,0.217,-1.007,2.042,9.410,2.126
a,127466,0.000,6.964,36.000,6.964,8.262,-0.235,-0.165,-0.320,2.105,9.511,2.103
a,127470,0.000,6.869,36.000,6.869,8.174,0.329,0.324,0.199,2.053,9.415,2.143
a,127474,0.000,6.772,36.000,6.772,8.350,0.207,0.385,0.550,2.069,9.471,2.090
a,127479,0.000,6.674,36.000,6.674,8.086,0.162,0.003,0.794,2.109,9.432,2.148
a,127483,0.000,6.575,36.000,6.575,7.646,-0.220,-0.226,-0.122,2.065,9.414,2.090
a,127487,0.000,6.475,36.000,6.475,7.646,-0.022,0.049,-0.885,2.029,9.445,2.158
a,127490,0.000,6.374,36.000,6.374,7.559,-0.052,0.064,0.596,2.101,9.489,2.119
a,127494,0.000,6.271,36.000,6.271,7.515,-0.190,-0.287,-0.702,2.138,9.487,2.103
a,127498,0.000,6.168,36.000,6.168,8.174,0.100,0.064,0.581,2.041,9.467,2.113
a,127502,0.000,6.063,36.000,6.063,6.987,-0.067,0.049,-1.206,2.084,9.503,2.101
a,127506,0.000,5.957,36.000,5.957,7.690,-0.205,-0.043,1.084,2.143,9.470,2.097
a,127511,0.000,5.849,36.000,5.849,6.812,-0.022,-0.165,-0.458,2.047,9.416,2.139
a,127514,0.000,5.741,36.000,5.741,6.812,-0.220,0.049,-0.076,2.049,9.442,2.063
a,127519,0.000,5.632,36.000,5.632,6.768,0.177,0.140,0.260,2.096,9.440,2.137
a,127523,0.000,5.522,36.000,5.522,6.812,-0.129,-0.165,-0.656,2.089,9.470,2.121
a,127526,0.000,5.410,36.000,5.410,6.768,-0.235,0.049,-0.610,2.103,9.461,2.133
a,127530,0.000,5.298,36.000,5.298,6.724,-0.067,0.003,-0.335,2.107,9.467,2.109
a,127534,0.000,5.184,36.000,5.184,6.724,0.253,0.064,-0.351,2.097,9.445,2.133
a,127538,0.000,5.070,36.000,5.070,6.592,-0.190,-0.012,-0.228,2.116,9.443,2.069
a,127542,0.000,4.954,36.000,4.954,6.328,0.162,0.095,-0.076,2.045,9.450,2.108
a,127546,0.000,4.838,36.000,4.838,6.196,-0.006,0.156,-0.076,2.084,9.492,2.139
a,127550,0.000,4.720,36.000,4.720,7.515,-0.037,0.446,2.001,2.091,9.425,2.132
a,127554,0.000,4.602,36.000,4.602,6.108,-0.067,-0.058,-1.038,2.088,9.367,2.093
a,127558,0.000,4.483,36.000,4.483,7.383,-0.190,-0.119,-0.503,2.049,9.449,2.096
a,127562,0.000,4.363,36.000,4.363,5.977,-0.067,-0.119,-0.656,2.091,9.456,2.115
a,127566,0.000,4.242,36.000,4.242,5.449,-0.174,-0.226,0.153,2.094,9.446,2.090
a,127571,0.000,4.120,36.000,4.120,5.361,0.039,-0.165,-0.335,2.057,9.403,2.101
a,127574,0.000,3.998,36.000,3.998,4.922,-0.006,-0.119,-0.183,2.070,9.492,2.107
a,127578,0.000,3.874,36.000,3.874,4.790,0.055,-0.119,-0.061,2.134,9.491,2.127
a,127582,0.000,3.750,36.000,3.750,4.834,0.146,0.049,-0.244,2.053,9.413,2.148
a,127586,0.000,3.625,36.000,3.625,4.834,0.100,-0.058,0.367,2.045,9.437,2.100
a,127590,0.000,3.499,36.000,3.499,4.878,-0.006,0.186,0.703,2.116,9.402,2.103
a,127594,0.000,3.373,36.000,3.373,4.746,-0.403,-0.287,-0.671,2.122,9.439,2.075
a,127598,0.000,3.246,36.000,3.246,4.790,-0.037,0.232,1.466,2.049,9.457,2.148
a,127603,0.000,3.118,36.000,3.118,4.658,0.100,0.171,0.184,2.085,9.467,2.097
a,127606,0.000,2.990,36.000,2.990,4.614,-0.327,-0.333,0.397,2.152,9.473,2.132
a,127610,0.000,2.861,36.000,2.861,5.229,-0.129,0.049,-0.320,2.066,9.448,2.109
a,127614,0.000,2.731,36.000,2.731,4.131,0.100,-0.043,0.688,2.091,9.475,2.132
a,127618,0.000,2.601,36.000,2.601,4.175,-0.281,-0.119,0.107,2.132,9.437,2.082
a,127622,0.000,2.470,36.000,2.470,4.043,-0.067,-0.379,-0.381,2.071,9.474,2.099
a,127627,0.000,2.339,36.000,2.339,4.043,0.146,0.217,-0.244,2.058,9.398,2.099
a,127631,0.000,2.207,36.000,2.207,3.955,-0.190,-0.150,-0.076,2.118,9.451,2.101
a,127634,0.000,2.075,36.000,2.075,4.043,-0.129,-0.058,-1.206,2.073,9.459,2.127
a,127638,0.000,1.942,36.000,1.942,3.823,0.146,-0.012,-1.175,2.037,9.449,2.120
a,127642,0.000,1.809,36.000,1.809,3.472,-0.129,-0.119,-0.778,2.160,9.421,2.110
a,127646,0.000,1.675,36.000,1.675,3.340,-0.113,-0.165,0.001,2.085,9.443,2.090
a,127650,0.000,1.541,36.000,1.541,3.252,0.055,0.278,0.489,1.982,9.459,2.114
a,127655,0.000,1.407,36.000,1.407,3.208,0.055,0.049,-0.213,2.131,9.501,2.106
a,127659,0.000,1.272,36.000,1.272,3.164,-0.113,-0.211,-0.183,2.114,9.415,2.107
a,127662,0.000,1.137,36.000,1.137,3.120,0.085,-0.211,-0.687,2.045,9.440,2.110
a,127667,0.000,1.002,36.000,1.002,2.725,0.100,0.339,0.489,2.096,9.468,2.145
a,127671,0.000,0.866,36.000,0.866,2.505,-0.220,-0.150,0.932,2.152,9.475,2.101
a,127674,0.000,0.730,36.000,0.730,2.461,-0.022,0.095,-0.503,2.042,9.407,2.107
a,127678,0.000,0.594,36.000,0.594,2.461,-0.006,0.171,0.825,2.054,9.487,2.102
a,127682,0.000,0.458,36.000,0.458,1.978,-0.174,-0.119,0.214,2.199,9.439,2.119
a,127686,0.000,0.321,36.000,0.321,1.934,0.207,-0.058,-0.015,2.039,9.464,2.112
a,127690,0.000,0.185,36.000,0.185,1.890,0.055,0.156,0.306,2.027,9.410,2.132
a,127694,0.000,0.048,36.000,0.048,1.978,0.223,0.171,1.726,2.113,9.461,2.127
a,127698,0.000,-0.089,36.000,-0.089,1.846,-0.037,-0.241,-1.572,2.096,9.461,2.102
a,127702,0.000,-0.226,36.000,-0.226,1.846,-0.022,0.095,-0.335,2.035,9.421,2.114
a,127706,0.000,-0.363,36.000,-0.363,1.802,0.100,0.171,1.023,2.107,9.470,2.116
a,127710,0.000,-0.500,36.000,-0.500,1.670,0.039,-0.165,-0.442,2.119,9.457,2.102
a,127714,0.000,-0.637,36.000,-0.637,1.230,-0.129,-0.226,-0.595,2.039,9.407,2.094
a,127719,0.000,-0.774,36.000,-0.774,1.143,-0.052,0.537,0.153,2.065,9.371,2.143
a,127722,0.000,-0.911,36.000,-0.911,0.703,-0.190,-0.058,-0.977,2.140,9.446,2.094
a,127726,0.000,-1.048,36.000,-1.048,0.703,0.329,0.446,0.626,2.051,9.418,2.110
a,127730,0.000,-1.185,36.000,-1.185,0.527,-0.174,-0.287,-0.015,2.082,9.374,2.126
a,127734,0.000,-1.321,36.000,-1.321,0.439,-0.129,-0.012,-0.824,2.088,9.406,2.136
a,127738,0.000,-1.458,36.000,-1.458,-0.044,0.192,-0.333,-0.335,2.065,9.488,2.090
a,127742,0.000,-1.594,36.000,-1.594,0.000,-0.129,-0.058,-0.442,2.115,9.427,2.180
a,127746,0.000,-1.730,36.000,-1.730,-0.132,-0.052,-0.012,-0.183,2.084,9.521,2.066
a,127751,0.000,-1.866,36.000,-1.866,-0.176,-0.052,-0.012,0.321,2.089,9.464,2.176
a,127755,0.000,-2.001,36.000,-2.001,-0.176,-0.022,0.049,-0.396,2.051,9.507,2.109
a,127759,0.000,-2.136,36.000,-2.136,-0.264,0.085,-0.150,-0.030,2.118,9.386,2.113
a,127762,0.000,-2.271,36.000,-2.271,-0.220,-0.235,-0.012,-0.595,2.073,9.479,2.115
a,127766,0.000,-2.406,36.000,-2.406,-0.176,-0.052,0.064,0.657,2.082,9.421,2.133
a,127770,0.000,-2.540,36.000,-2.540,-0.308,-0.006,0.095,-0.122,2.112,9.443,2.082
a,127774,0.000,-2.674,36.000,-2.674,-0.264,-0.190,-0.333,-1.251,2.101,9.450,2.127
a,127779,0.000,-2.807,36.000,-2.807,-0.791,0.070,0.202,-1.923,2.051,9.425,2.128
a,127783,0.000,-2.940,36.000,-2.940,-0.879,0.085,-0.226,-0.732,2.119,9.456,2.114
a,127787,0.000,-3.072,36.000,-3.072,-0.879,-0.266,0.354,1.359,2.046,9.445,2.133
a,127790,0.000,-3.204,36.000,-3.204,-1.055,0.039,-0.226,-1.328,2.081,9.513,2.122
a,127794,0.000,-3.336,36.000,-3.336,0.703,-0.067,-0.226,-0.290,2.070,9.517,2.113
a,127798,0.000,-3.467,36.000,-3.467,-1.538,-0.113,0.263,0.306,2.058,9.528,2.130
a,127802,0.000,-3.597,36.000,-3.597,-1.450,-0.113,-0.012,-0.213,2.112,9.513,2.128
a,127806,0.000,-3.726,36.000,-3.726,-1.494,-0.190,-0.058,-0.885,2.058,9.434,2.088
a,127811,0.000,-3.855,36.000,-3.855,-1.538,0.100,-0.058,0.031,2.097,9.434,2.096
a,127815,0.000,-3.984,36.000,-3.984,-1.670,0.146,-0.119,-0.305,2.107,9.483,2.103
a,127818,0.000,-4.111,36.000,-4.111,-1.802,-0.098,-0.150,1.268,2.066,9.465,2.134
a,127823,0.000,-4.238,36.000,-4.238,-1.758,-0.006,0.171,0.932,2.085,9.424,2.094
a,127826,0.000,-4.364,36.000,-4.364,-2.197,0.268,-0.165,0.260,2.107,9.439,2.143
a,127830,0.000,-4.490,36.000,-4.490,-2.197,-0.067,-0.226,-0.290,2.125,9.485,2.084
a,127834,0.000,-4.614,36.000,-4.614,-1.055,-0.067,0.064,-0.335,2.045,9.494,2.120
a,127838,0.000,-4.738,36.000,-4.738,-2.329,-0.006,0.263,-0.213,2.084,9.571,2.115
a,127842,0.000,-4.861,36.000,-4.861,-2.329,-0.190,0.095,-0.335,2.160,9.475,2.136
a,127846,0.000,-4.983,36.000,-4.983,-2.461,-0.113,-0.012,0.413,2.041,9.452,2.107
a,127850,0.000,-5.104,36.000,-5.104,-2.900,-0.006,0.049,0.367,2.065,9.424,2.114
a,127854,0.000,-5.225,36.000,-5.225,-2.944,-0.113,0.171,0.947,2.113,9.428,2.058
a,127858,0.000,-5.344,36.000,-5.344,-2.944,-0.129,-0.287,-0.946,2.097,9.406,2.119
a,127862,0.000,-5.462,36.000,-5.462,-3.076,0.039,0.156,-0.458,2.035,9.438,2.151
a,127866,0.000,-5.579,36.000,-5.579,-2.461,0.146,-0.058,-0.519,2.094,9.471,2.063
a,127870,0.000,-5.696,36.000,-5.696,-3.164,0.146,-0.226,-0.412,2.116,9.500,2.136
a,127874,0.000,-5.811,36.000,-5.811,-3.560,-0.022,-0.012,-0.320,2.047,9.442,2.121
a,127878,0.000,-5.925,36.000,-5.925,-3.604,-0.129,0.263,-0.809,2.063,9.450,2.127
a,127883,0.000,-6.038,36.000,-6.038,-3.647,0.009,0.110,1.100,2.101,9.471,2.109
a,127886,0.000,-6.150,36.000,-6.150,-4.307,-0.022,0.049,-0.396,2.057,9.495,2.105
a,127890,0.000,-6.261,36.000,-6.261,-3.867,0.085,0.217,-0.564,2.057,9.479,2.115
a,127894,0.000,-6.370,36.000,-6.370,-3.867,-0.052,0.064,0.672,2.119,9.454,2.106
a,127898,0.000,-6.479,36.000,-6.479,-4.307,0.085,0.217,-0.351,2.072,9.452,2.103
a,127902,0.000,-6.586,36.000,-6.586,-4.395,0.100,0.278,0.642,2.029,9.421,2.101
a,127907,0.000,-6.692,36.000,-6.692,-4.482,-0.113,-0.165,-0.183,2.146,9.463,2.109
a,127911,0.000,-6.796,36.000,-6.796,-4.482,0.055,-0.165,-0.122,2.072,9.416,2.157
a,127914,0.000,-6.900,36.000,-6.900,-4.966,0.039,0.003,-0.015,1.982,9.533,2.105
a,127918,0.000,-7.002,36.000,-7.002,-5.098,0.055,-0.119,0.382,2.221,9.407,2.131
a,127922,0.000,-7.102,36.000,-7.102,-5.229,-0.006,-0.104,0.703,2.037,9.443,2.113
a,127926,0.000,-7.201,36.000,-7.201,-5.229,0.085,-0.119,-1.175,2.023,9.428,2.120
a,127931,0.000,-7.299,36.000,-7.299,-5.186,0.207,0.278,0.657,2.156,9.471,2.125
a,127935,0.000,-7.396,36.000,-7.396,-5.229,0.039,-0.394,-0.320,2.107,9.481,2.051
a,127939,0.000,-7.491,36.000,-7.491,-5.186,0.162,0.217,0.291,2.014,9.428,2.154
a,127942,0.000,-7.584,36.000,-7.584,-5.229,0.100,0.263,0.031,2.085,9.446,2.109
a,127946,0.000,-7.677,36.000,-7.677,-5.142,-0.113,-0.195,0.978,2.089,9.434,2.082
a,127951,0.000,-7.767,36.000,-7.767,-5.317,-0.022,-0.119,-0.396,2.018,9.486,2.167
a,127955,0.000,-7.856,36.000,-7.856,-5.713,0.055,-0.043,0.489,2.127,9.467,2.122
a,127959,0.000,-7.944,36.000,-7.944,-5.801,-0.006,0.049,-0.183,2.088,9.475,2.091
a,127963,0.000,-8.030,36.000,-8.030,-4.395,-0.006,0.156,-0.183,1.982,9.524,2.130
a,127966,0.000,-8.114,36.000,-8.114,-5.977,-0.022,-0.287,-1.206,2.158,9.498,2.130
a,127970,0.000,-8.197,36.000,-8.197,-6.328,0.207,-0.195,0.581,2.079,9.428,2.096
a,127974,0.000,-8.278,36.000,-8.278,-6.021,-0.067,0.049,-0.564,2.016,9.418,2.122
a,127978,0.000,-8.358,36.000,-8.358,-6.416,-0.006,-0.333,0.062,2.156,9.414,2.142
a,127982,0.000,-8.436,36.000,-8.436,-6.372,-0.052,-0.272,-0.183,2.101,9.474,2.065
a,127986,0.000,-8.512,36.000,-8.512,-6.460,0.055,0.324,-0.076,2.047,9.425,2.151
a,127990,0.000,-8.586,36.000,-8.586,-6.460,0.085,0.049,-0.778,2.076,9.457,2.096
a,127994,0.000,-8.659,36.000,-8.659,-6.548,-0.006,-0.043,-0.015,2.148,9.451,2.076
a,127998,0.000,-8.730,36.000,-8.730,-6.548,0.360,0.095,-1.099,2.029,9.432,2.121
a,128002,0.000,-8.799,36.000,-8.799,-6.504,-0.006,0.232,0.489,2.076,9.443,2.114
a,128006,0.000,-8.867,36.000,-8.867,-6.592,-0.281,-0.440,-0.061,2.152,9.477,2.110
a,128010,0.000,-8.932,36.000,-8.932,-6.548,0.177,-0.241,0.153,2.065,9.480,2.151
a,128015,0.000,-8.996,36.000,-8.996,-6.548,0.253,0.232,-0.519,2.079,9.433,2.126
a,128018,0.000,-9.058,36.000,-9.058,-7.075,0.329,0.217,-0.137,2.085,9.438,2.132
a,128022,0.000,-9.118,36.000,-9.118,-7.163,-0.006,-0.272,0.672,2.113,9.448,2.088
a,128026,0.000,-9.177,36.000,-9.177,-7.251,-0.006,0.232,1.039,2.053,9.450,2.127
a,128030,0.000,-9.233,36.000,-9.233,-7.207,0.329,0.263,-0.030,2.034,9.438,2.119
a,128034,0.000,-9.288,36.000,-9.288,-7.251,-0.129,-0.058,-0.396,2.146,9.463,2.084
a,128038,0.000,-9.340,36.000,-9.340,-7.207,-0.220,0.003,0.718,2.065,9.451,2.087
a,128042,0.000,-9.391,36.000,-9.391,-7.207,0.055,0.049,0.428,2.053,9.425,2.125
a,128046,0.000,-9.440,36.000,-9.440,-7.207,0.100,0.217,0.092,2.131,9.444,2.108
a,128051,0.000,-9.487,36.000,-9.487,-7.163,0.192,-0.150,0.031,2.105,9.451,2.097
a,128055,0.000,-9.532,36.000,-9.532,-7.207,0.039,0.171,-0.228,2.040,9.445,2.127
a,128058,0.000,-9.574,36.000,-9.574,-7.207,0.085,-0.119,-0.351,2.116,9.456,2.125
a,128062,0.000,-9.615,36.000,-9.615,-7.207,-0.113,-0.012,-0.076,2.128,9.486,2.110
a,128067,0.000,-9.654,36.000,-9.654,-7.207,-0.449,0.217,-0.228,2.035,9.427,2.154
a,128070,0.000,-9.691,36.000,-9.691,-7.207,-0.220,-0.012,-0.076,2.069,9.418,2.103
a,128074,0.000,-9.726,36.000,-9.726,-7.339,-0.113,-0.058,0.153,2.105,9.428,2.097
a,128078,0.000,-9.759,36.000,-9.759,-7.383,-0.220,-0.119,0.062,2.054,9.398,2.125
a,128083,0.000,-9.790,36.000,-9.790,-7.339,0.055,0.339,0.489,2.070,9.459,2.130
a,128087,0.000,-9.818,36.000,-9.818,-7.383,0.024,-0.241,-2.244,2.143,9.431,2.084
a,128090,0.000,-9.845,36.000,-9.845,-5.273,-0.342,-0.027,-0.030,2.087,9.440,2.107
a,128094,0.000,-9.870,36.000,-9.870,-7.734,-0.052,0.446,0.764,2.010,9.369,2.119
a,128098,0.000,-9.892,36.000,-9.892,-7.778,-0.052,0.339,0.550,2.097,9.445,2.097
a,128102,0.000,-9.912,36.000,-9.912,-7.471,-0.113,-0.150,1.039,2.101,9.418,2.075
a,128106,0.000,-9.931,36.000,-9.931,-7.822,0.055,0.049,-0.183,2.029,9.461,2.133
a,128111,0.000,-9.947,36.000,-9.947,-7.778,-0.113,0.339,-0.122,2.116,9.457,2.126
a,128115,0.000,-9.961,36.000,-9.961,-7.383,-0.113,-0.333,-0.106,2.103,9.449,2.110
a,128118,0.000,-9.973,36.000,-9.973,-7.778,-0.159,0.278,1.146,2.051,9.421,2.143
a,128123,0.000,-9.982,36.000,-9.982,-7.778,0.177,0.064,1.451,2.097,9.446,2.101
a,128127,0.000,-9.990,36.000,-9.990,-7.427,-0.220,-0.104,-0.122,2.114,9.444,2.110
a,128130,0.000,-9.996,36.000,-9.996,-7.822,-0.205,-0.073,-1.587,2.081,9.489,2.161
a,128134,0.000,-9.999,36.000,-9.999,-7.778,0.055,0.049,-0.122,2.084,9.450,2.116
a,128138,0.000,-10.000,36.000,-10.000,-7.822,0.085,0.095,-0.839,2.097,9.457,2.110
a,128142,0.000,-9.999,36.000,-9.999,-7.822,-0.129,-0.012,-0.228,2.084,9.469,2.120
a,128146,0.000,-9.996,36.000,-9.996,-7.778,-0.022,-0.058,-0.442,2.065,9.446,2.084
a,128150,0.000,-9.990,36.000,-9.990,-7.866,-0.022,-0.104,-0.610,2.085,9.437,2.143
a,128154,0.000,-9.983,36.000,-9.983,-7.778,-0.006,0.156,0.153,2.096,9.449,2.096
a,128158,0.000,-9.973,36.000,-9.973,-7.778,-0.052,0.171,0.810,2.091,9.449,2.114
a,128162,0.000,-9.961,36.000,-9.961,-7.822,0.039,0.217,-0.290,2.097,9.463,2.103
a,128167,0.000,-9.947,36.000,-9.947,-7.778,0.009,-0.043,1.191,2.091,9.450,2.091
a,128170,0.000,-9.931,36.000,-9.931,-7.471,0.085,-0.119,-0.351,2.063,9.452,2.119
a,128174,0.000,-9.913,36.000,-9.913,-7.866,0.100,0.064,0.535,2.076,9.443,2.113
a,128178,0.000,-9.892,36.000,-9.892,-7.778,0.039,0.049,-0.228,2.116,9.464,2.132
a,128182,0.000,-9.869,36.000,-9.869,-7.734,-0.006,0.003,0.886,2.072,9.437,2.125
a,128186,0.000,-9.844,36.000,-9.844,-7.822,0.207,0.125,0.581,2.083,9.438,2.097
a,128190,0.000,-9.817,36.000,-9.817,-7.778,-0.220,0.064,0.871,2.101,9.457,2.097
a,128194,0.000,-9.788,36.000,-9.788,-7.778,-0.174,0.156,-0.076,2.112,9.461,2.109
a,128198,0.000,-9.756,36.000,-9.756,-7.778,0.055,0.110,1.039,2.072,9.464,2.133
a,128203,0.000,-9.723,36.000,-9.723,-7.471,0.146,-0.012,-0.305,2.073,9.455,2.125
a,128206,0.000,-9.687,36.000,-9.687,-7.822,-0.113,-0.119,0.199,2.072,9.459,2.107
a,128210,0.000,-9.649,36.000,-9.649,-7.778,-0.022,0.095,-0.610,2.049,9.432,2.120
a,128215,0.000,-9.609,36.000,-9.609,-7.734,-0.159,0.140,-0.061,2.101,9.459,2.109
a,128218,0.000,-9.566,36.000,-9.566,-7.778,0.039,-0.226,-1.038,2.076,9.462,2.116
a,128222,0.000,-9.522,36.000,-9.522,-7.778,-0.342,0.186,1.039,2.091,9.464,2.119
a,128227,0.000,-9.475,36.000,-9.475,-7.778,0.100,0.095,0.031,2.073,9.464,2.127
a,128231,0.000,-9.426,36.000,-9.426,-7.778,0.100,0.064,0.657,2.103,9.448,2.116
a,128235,0.000,-9.375,36.000,-9.375,-7.822,0.100,0.064,0.749,2.066,9.439,2.125
a,128238,0.000,-9.322,36.000,-9.322,-7.778,0.055,-0.012,0.306,2.065,9.455,2.103
a,128242,0.000,-9.267,36.000,-9.267,-7.471,-0.129,0.049,-1.358,2.096,9.470,2.115
a,128246,0.000,-9.210,36.000,-9.210,-7.822,-0.113,-0.012,-0.076,2.076,9.471,2.105
a,128250,0.000,-9.150,36.000,-9.150,-7.427,0.146,0.095,-0.519,2.094,9.421,2.109
a,128254,0.000,-9.089,36.000,-9.089,-7.778,0.162,0.110,0.291,2.071,9.506,2.114
a,128259,0.000,-9.025,36.000,-9.025,-7.471,-0.174,-0.043,0.810,2.103,9.436,2.107
a,128262,0.000,-8.960,36.000,-8.960,-7.427,0.039,0.049,-0.717,2.094,9.450,2.110
a,128266,0.000,-8.892,36.000,-8.892,-7.778,0.039,0.156,-1.038,2.097,9.461,2.102
a,128271,0.000,-8.822,36.000,-8.822,-7.866,-0.022,-0.058,-0.458,2.094,9.450,2.107
a,128274,0.000,-8.751,36.000,-8.751,-7.822,0.146,0.171,-1.282,2.099,9.457,2.127
a,128278,0.000,-8.677,36.000,-8.677,-7.866,-0.022,-0.012,-0.228,2.088,9.467,2.094
a,128282,0.000,-8.601,36.000,-8.601,-7.734,-0.006,0.247,0.657,2.085,9.451,2.119
a,128286,0.000,-8.523,36.000,-8.523,-7.822,-0.144,-0.089,-1.221,2.087,9.464,2.122
a,128290,0.000,-8.443,36.000,-8.443,-7.822,0.253,-0.119,-0.732,2.076,9.452,2.109
a,128294,0.000,-8.362,36.000,-8.362,-7.822,-0.113,0.324,0.153,2.094,9.452,2.127
a,128298,0.000,-8.278,36.000,-8.278,-7.778,0.070,0.079,-0.061,2.084,9.465,2.116
a,128302,0.000,-8.192,36.000,-8.192,-7.822,-0.113,0.171,0.825,2.097,9.446,2.113
a,128306,0.000,-8.105,36.000,-8.105,-7.778,0.100,-0.104,0.581,2.100,9.431,2.114
a,128310,0.000,-8.015,36.000,-8.015,-7.822,-0.022,0.049,-0.595,2.081,9.439,2.113
a,128315,0.000,-7.924,36.000,-7.924,-7.515,-0.052,0.095,0.199,2.094,9.410,2.132
a,128319,0.000,-7.830,36.000,-7.830,-7.471,-0.113,-0.012,0.062,2.089,9.450,2.103
a,128322,0.000,-7.735,36.000,-7.735,-7.822,0.024,-0.134,-1.755,2.088,9.459,2.114
a,128326,0.000,-7.638,36.000,-7.638,-7.866,0.085,0.049,-0.458,2.072,9.428,2.112
a,128330,0.000,-7.539,36.000,-7.539,-7.778,-0.190,-0.058,-0.396,2.082,9.456,2.114
a,128334,0.000,-7.439,36.000,-7.439,-7.778,0.146,-0.226,-0.412,2.089,9.431,2.109
a,128338,0.000,-7.336,36.000,-7.336,-4.395,-0.220,-0.012,0.260,2.100,9.474,2.109
a,128342,0.000,-7.232,36.000,-7.232,-7.778,-0.113,0.171,0.260,2.076,9.471,2.120
a,128346,0.000,-7.126,36.000,-7.126,-7.778,0.055,0.171,-0.015,2.095,9.431,2.105
a,128351,0.000,-7.019,36.000,-7.019,-7.778,0.162,0.064,0.978,2.100,9.401,2.143
a,128355,0.000,-6.909,36.000,-6.909,-7.427,-0.342,0.049,-0.824,2.091,9.456,2.103
a,128358,0.000,-6.798,36.000,-6.798,-7.822,-0.052,-0.058,-0.213,2.088,9.418,2.113
a,128362,0.000,-6.686,36.000,-6.686,-7.778,0.146,0.156,-0.351,2.109,9.439,2.097
a,128366,0.000,-6.572,36.000,-6.572,-7.778,-0.037,-0.012,0.993,2.094,9.388,2.138
a,128370,0.000,-6.456,36.000,-6.456,-7.427,0.162,0.064,0.688,2.039,9.428,2.114
a,128375,0.000,-6.338,36.000,-6.338,-7.339,0.162,-0.104,-0.137,2.114,9.465,2.070
a,128378,0.000,-6.219,36.000,-6.219,-4.570,-0.174,-0.256,0.596,2.085,9.430,2.103
a,128383,0.000,-6.099,36.000,-6.099,-7.339,-0.113,0.064,0.932,2.073,9.461,2.149
a,128387,0.000,-5.977,36.000,-5.977,-7.251,0.055,-0.165,0.382,2.069,9.505,2.132
a,128390,0.000,-5.853,36.000,-5.853,-6.416,0.039,-0.012,-0.824,2.103,9.479,2.099
a,128394,0.000,-5.728,36.000,-5.728,-7.163,0.055,0.171,0.657,2.084,9.457,2.138
a,128398,0.000,-5.602,36.000,-5.602,-7.119,-0.129,0.461,0.581,2.061,9.433,2.136
a,128402,0.000,-5.474,36.000,-5.474,-5.933,0.070,0.171,1.848,2.120,9.483,2.088
a,128406,0.000,-5.345,36.000,-5.345,-6.504,0.055,-0.058,0.046,2.081,9.449,2.122
a,128411,0.000,-5.214,36.000,-5.214,-6.372,-0.006,0.049,-0.122,2.051,9.464,2.139
a,128414,0.000,-5.082,36.000,-5.082,-6.021,0.146,0.095,-1.343,2.094,9.456,2.085
a,128419,0.000,-4.949,36.000,-4.949,-5.977,0.039,-0.119,-1.160,2.096,9.488,2.126
a,128423,0.000,-4.815,36.000,-4.815,-5.845,-0.113,-0.012,0.153,2.031,9.500,2.133
a,128426,0.000,-4.679,36.000,-4.679,-5.713,0.100,-0.211,0.581,2.076,9.457,2.178
a,128430,0.000,-4.542,36.000,-4.542,-5.713,0.116,-0.104,2.062,2.100,9.485,2.094
a,128434,0.000,-4.404,36.000,-4.404,-3.867,-0.251,-0.516,-1.832,2.120,9.473,2.116
a,128438,0.000,-4.265,36.000,-4.265,-5.142,0.345,0.232,1.619,2.057,9.498,2.151
a,128442,0.000,-4.125,36.000,-4.125,-5.054,-0.052,0.018,0.978,2.083,9.494,2.105
a,128446,0.000,-3.983,36.000,-3.983,-4.966,0.162,-0.287,-0.228,2.113,9.427,2.125
a,128450,0.000,-3.841,36.000,-3.841,-4.570,0.085,-0.058,-0.580,2.063,9.427,2.136
a,128454,0.000,-3.697,36.000,-3.697,-4.438,0.024,-0.302,-1.541,2.175,9.455,2.122
a,128458,0.000,-3.553,36.000,-3.553,-4.263,0.116,-0.043,1.802,2.094,9.499,2.096
a,128462,0.000,-3.408,36.000,-3.408,-3.779,0.070,-0.027,-0.641,2.073,9.476,2.130
a,128467,0.000,-3.261,36.000,-3.261,-3.735,-0.220,0.079,1.634,2.110,9.468,2.090
a,128470,0.000,-3.114,36.000,-3.114,-3.647,0.055,0.095,0.367,2.085,9.456,2.126
a,128474,0.000,-2.966,36.000,-2.966,-3.691,0.100,-0.104,0.535,2.070,9.432,2.157
a,128478,0.000,-2.818,36.000,-2.818,-3.604,-0.312,-0.150,1.359,2.119,9.498,2.097
a,128482,0.000,-2.668,36.000,-2.668,-3.560,-0.190,0.171,0.046,2.077,9.501,2.122
a,128486,0.000,-2.518,36.000,-2.518,-3.164,0.268,0.095,-0.030,2.085,9.461,2.133
a,128490,0.000,-2.367,36.000,-2.367,-3.120,0.055,-0.119,0.199,2.112,9.442,2.085
a,128494,0.000,-2.215,36.000,-2.215,-3.032,-0.067,-0.287,-0.503,2.120,9.456,2.094
a,128498,0.000,-2.063,36.000,-2.063,-2.988,-0.067,0.369,-0.671,2.039,9.450,2.162
a,128503,0.000,-1.910,36.000,-1.910,-2.944,0.055,0.079,-0.870,2.105,9.474,2.094
a,128506,0.000,-1.756,36.000,-1.756,-2.461,-0.037,-0.104,1.084,2.115,9.443,2.114
a,128510,0.000,-1.602,36.000,-1.602,-2.373,-0.113,-0.043,0.764,2.031,9.455,2.125
a,128514,0.000,-1.448,36.000,-1.448,-2.329,-0.006,0.095,-0.183,2.120,9.434,2.133
a,128518,0.000,-1.293,36.000,-1.293,-2.241,0.055,-0.058,-0.183,2.112,9.499,2.105
a,128522,0.000,-1.137,36.000,-1.137,-1.846,0.039,-0.104,-0.778,2.122,9.465,2.143
a,128527,0.000,-0.982,36.000,-0.982,-1.626,-0.312,-0.150,-0.824,2.107,9.509,2.101
a,128531,0.000,-0.825,36.000,-0.825,-1.626,-0.006,-0.012,0.275,2.091,9.590,2.109
a,128534,0.000,-0.669,36.000,-0.669,-1.582,0.146,0.049,-0.687,2.094,9.461,2.088
a,128538,0.000,-0.512,36.000,-0.512,-0.264,0.009,0.171,1.084,2.082,9.409,2.110
a,128542,0.000,-0.355,36.000,-0.355,-1.538,0.100,0.110,0.535,2.076,9.483,2.130
a,128546,0.000,-0.198,36.000,-0.198,-1.143,-0.129,0.095,-0.824,2.094,9.471,2.085
a,128550,0.000,-0.041,36.000,-0.041,-1.099,-0.174,-0.012,0.382,2.070,9.432,2.145
a,128555,0.000,0.116,36.000,0.116,-0.835,0.055,0.125,0.550,2.082,9.463,2.090
a,128559,0.000,0.274,36.000,0.274,-0.396,0.055,-0.058,-0.015,2.132,9.428,2.091
a,128562,0.000,0.431,36.000,0.431,-0.308,-0.190,-0.165,-0.610,2.085,9.493,2.099
a,128567,0.000,0.589,36.000,0.589,-0.308,0.055,0.018,0.550,2.089,9.438,2.155
a,128571,0.000,0.746,36.000,0.746,-0.396,-0.022,-0.501,-0.809,2.109,9.483,2.096
a,128574,0.000,0.904,36.000,0.904,-0.264,-0.174,0.049,-0.076,2.089,9.477,2.142
a,128578,0.000,1.061,36.000,1.061,-0.176,-0.037,0.095,0.993,2.065,9.438,2.088
a,128582,0.000,1.218,36.000,1.218,-0.132,-0.037,0.232,1.191,2.113,9.452,2.122
a,128586,0.000,1.375,36.000,1.375,-0.088,-0.190,-0.058,-0.610,2.063,9.421,2.103
a,128590,0.000,1.531,36.000,1.531,3.867,-0.129,-0.333,-0.763,2.089,9.470,2.122
a,128594,0.000,1.688,36.000,1.688,0.527,0.039,0.064,-0.824,2.089,9.498,2.122
a,128598,0.000,1.844,36.000,1.844,0.615,0.055,-0.226,0.413,2.088,9.477,2.114
a,128602,0.000,1.999,36.000,1.999,0.703,-0.067,-0.073,0.535,2.095,9.448,2.120
a,128606,0.000,2.155,36.000,2.155,1.318,0.162,0.156,-0.030,2.042,9.450,2.149
a,128610,0.000,2.309,36.000,2.309,1.714,0.039,0.049,-0.396,2.082,9.436,2.103
a,128615,0.000,2.464,36.000,2.464,1.714,0.085,-0.119,-1.343,2.138,9.469,2.109
a,128619,0.000,2.617,36.000,2.617,1.362,-0.037,0.171,1.420,2.053,9.450,2.120
a,128622,0.000,2.771,36.000,2.771,1.758,0.039,-0.119,-0.610,2.060,9.442,2.120
a,128626,0.000,2.923,36.000,2.923,1.846,-0.052,-0.058,-0.183,2.158,9.450,2.103
a,128630,0.000,3.075,36.000,3.075,3.428,-0.113,-0.165,0.199,2.069,9.493,2.101
a,128634,0.000,3.227,36.000,3.227,2.021,0.146,0.446,-0.427,2.073,9.434,2.126
a,128638,0.000,3.377,36.000,3.377,2.065,-0.006,-0.379,0.794,2.120,9.480,2.125
a,128642,0.000,3.527,36.000,3.527,2.109,-0.022,-0.333,-0.931,2.089,9.450,2.122
a,128646,0.000,3.676,36.000,3.676,2.505,-0.067,-0.012,-0.610,2.034,9.498,2.139
a,128651,0.000,3.824,36.000,3.824,2.637,-0.022,-0.547,-0.809,2.181,9.500,2.122
a,128655,0.000,3.972,36.000,3.972,2.725,-0.190,-0.394,-0.213,2.103,9.582,2.103
a,128658,0.000,4.118,36.000,4.118,3.120,0.207,0.217,0.092,2.023,9.432,2.154
a,128662,0.000,4.263,36.000,4.263,3.120,-0.022,-0.058,-0.290,2.134,9.459,2.107
a,128666,0.000,4.408,36.000,4.408,3.164,-0.052,-0.333,-0.045,2.105,9.489,2.084
a,128670,0.000,4.551,36.000,4.551,2.769,0.284,0.171,1.130,2.022,9.414,2.155
a,128674,0.000,4.694,36.000,4.694,3.208,-0.006,0.537,0.184,2.084,9.459,2.125
a,128679,0.000,4.835,36.000,4.835,3.252,-0.159,0.171,1.481,2.127,9.436,2.069
a,128683,0.000,4.975,36.000,4.975,3.296,0.100,-0.272,0.917,2.065,9.431,2.145
a,128686,0.000,5.114,36.000,5.114,3.384,-0.006,-0.104,-0.183,2.102,9.476,2.109
a,128690,0.000,5.251,36.000,5.251,3.823,-0.067,0.110,-0.671,2.097,9.506,2.114
a,128694,0.000,5.388,36.000,5.388,5.977,-0.052,0.095,0.306,2.105,9.488,2.105
a,128698,0.000,5.523,36.000,5.523,4.043,0.268,0.049,-0.198,2.078,9.464,2.127
a,128702,0.000,5.656,36.000,5.656,4.087,0.146,-0.058,-0.519,2.057,9.436,2.125
a,128707,0.000,5.789,36.000,5.789,4.219,-0.235,-0.394,-1.038,2.166,9.503,2.109
a,128711,0.000,5.919,36.000,5.919,4.790,0.100,0.324,0.291,2.049,9.378,2.099
a,128714,0.000,6.049,36.000,6.049,4.834,-0.006,0.049,-0.183,2.091,9.495,2.110
a,128719,0.000,6.177,36.000,6.177,5.361,-0.052,-0.501,0.275,2.140,9.483,2.114
a,128723,0.000,6.303,36.000,6.303,5.449,-0.006,0.171,-0.122,2.045,9.462,2.096
a,128726,0.000,6.428,36.000,6.428,5.449,0.192,0.156,-0.793,2.081,9.461,2.148
a,128730,0.000,6.551,36.000,6.551,5.405,-0.006,0.064,0.932,2.115,9.456,2.127
a,128734,0.000,6.673,36.000,6.673,5.449,0.039,-0.027,0.184,2.054,9.433,2.110
a,128738,0.000,6.793,36.000,6.793,5.493,0.055,0.156,0.428,2.069,9.450,2.137
a,128742,0.000,6.911,36.000,6.911,5.449,0.039,0.049,-0.228,2.115,9.479,2.114
a,128746,0.000,7.027,36.000,7.027,6.240,0.100,-0.150,-0.198,2.099,9.451,2.122
a,128750,0.000,7.142,36.000,7.142,5.449,0.314,0.049,-0.687,2.016,9.425,2.143
a,128754,0.000,7.255,36.000,7.255,5.625,-0.067,0.095,-1.419,2.097,9.456,2.106
a,128758,0.000,7.366,36.000,7.366,5.977,-0.113,0.003,0.810,2.140,9.438,2.094
a,128762,0.000,7.475,36.000,7.475,5.581,0.162,-0.318,0.550,2.069,9.434,2.109
a,128767,0.000,7.582,36.000,7.582,5.977,0.100,0.171,0.550,2.073,9.439,2.131
a,128770,0.000,7.687,36.000,7.687,5.933,-0.281,0.095,0.153,2.115,9.459,2.116
a,128774,0.000,7.791,36.000,7.791,5.977,-0.052,-0.211,0.978,2.072,9.455,2.101
a,128778,0.000,7.892,36.000,7.892,5.977,-0.037,-0.043,1.084,2.097,9.470,2.126
a,128782,0.000,7.991,36.000,7.991,6.108,-0.067,-0.165,-1.099,2.103,9.546,2.122
a,128786,0.000,8.088,36.000,8.088,5.493,0.100,-0.073,-1.099,2.089,9.509,2.106
a,128790,0.000,8.184,36.000,8.184,6.284,0.100,-0.089,1.130,2.118,9.465,2.107
a,128794,0.000,8.277,36.000,8.277,6.284,0.116,-0.211,1.451,2.101,9.431,2.116
a,128798,0.000,8.367,36.000,8.367,6.680,0.009,0.232,1.298,2.045,9.446,2.109
a,128803,0.000,8.456,36.000,8.456,6.724,0.162,-0.226,0.153,2.105,9.462,2.140
a,128806,0.000,8.542,36.000,8.542,6.768,-0.113,0.003,0.657,2.078,9.459,2.101
a,128810,0.000,8.626,36.000,8.626,6.855,0.085,0.049,-0.244,2.058,9.446,2.133
a,128814,0.000,8.708,36.000,8.708,6.899,0.207,0.049,-0.091,2.060,9.471,2.109
a,128818,0.000,8.788,36.000,8.788,7.339,-0.006,0.110,0.672,2.119,9.428,2.134
a,128822,0.000,8.865,36.000,8.865,7.383,0.055,0.064,0.932,2.088,9.463,2.096
a,128827,0.000,8.940,36.000,8.940,7.427,0.146,0.003,0.397,2.085,9.443,2.132
a,128831,0.000,9.013,36.000,9.013,7.427,0.100,0.064,0.962,2.076,9.469,2.113
a,128835,0.000,9.083,36.000,9.083,7.515,0.223,0.064,1.787,2.137,9.456,2.099
a,128838,0.000,9.151,36.000,9.151,7.471,0.039,0.324,-0.671,2.058,9.463,2.119
a,128842,0.000,9.216,36.000,9.216,7.471,0.039,0.095,-0.992,2.078,9.420,2.113
a,128846,0.000,9.279,36.000,9.279,7.515,0.146,-0.211,-0.305,2.145,9.458,2.096
a,128850,0.000,9.339,36.000,9.339,7.603,0.162,0.125,0.917,2.042,9.473,2.130
a,128854,0.000,9.397,36.000,9.397,7.646,0.360,0.263,-0.961,2.039,9.402,2.120
a,128859,0.000,9.452,36.000,9.452,7.690,-0.067,-0.394,-0.595,2.185,9.513,2.094
a,128863,0.000,9.505,36.000,9.505,7.646,-0.022,0.049,-0.442,2.035,9.451,2.134
a,128866,0.000,9.555,36.000,9.555,9.448,0.100,0.263,-0.091,2.060,9.464,2.114
a,128870,0.000,9.602,36.000,9.602,8.218,-0.174,-0.165,0.168,2.184,9.608,2.096
a,128875,0.000,9.647,36.000,9.647,8.306,-0.220,-0.012,0.306,2.076,9.434,2.096
a,128878,0.000,9.690,36.000,9.690,8.394,0.085,-0.043,-0.687,2.027,9.426,2.157
a,128882,0.000,9.729,36.000,9.729,8.394,0.100,0.049,-0.091,2.132,9.446,2.113
a,128886,0.000,9.767,36.000,9.767,8.789,-0.281,0.064,1.039,2.103,9.446,2.110
a,128890,0.000,9.801,36.000,9.801,8.394,0.085,0.156,-1.282,2.035,9.428,2.136
a,128894,0.000,9.833,36.000,9.833,8.789,-0.113,0.003,0.596,2.101,9.469,2.085
a,128898,0.000,9.862,36.000,9.862,8.745,-0.006,-0.104,1.039,2.115,9.474,2.116
a,128902,0.000,9.888,36.000,9.888,8.789,0.146,-0.012,-0.503,2.069,9.458,2.132
a,128906,0.000,9.911,36.000,9.911,8.789,-0.113,0.049,0.413,2.088,9.481,2.113
a,128910,0.000,9.932,36.000,9.932,8.789,-0.052,-0.165,0.046,2.113,9.443,2.070
a,128914,0.000,9.950,36.000,9.950,8.394,-0.129,-0.150,-0.564,2.087,9.465,2.136
a,128918,0.000,9.965,36.000,9.965,8.745,0.055,0.171,0.657,2.065,9.450,2.110
a,128922,0.000,9.978,36.000,9.978,8.394,-0.190,-0.012,-0.992,2.101,9.483,2.101
a,128926,0.000,9.988,36.000,9.988,8.789,-0.022,-0.287,-0.656,2.089,9.473,2.127
a,128931,0.000,9.995,36.000,9.995,8.833,-0.022,-0.119,-1.038,2.065,9.433,2.121
a,128934,0.000,9.999,36.000,9.999,8.394,0.207,-0.058,-0.122,2.072,9.456,2.113
a,128938,0.000,10.000,36.000,10.000,8.394,-0.006,-0.165,-0.015,2.096,9.481,2.149
a,128942,0.000,9.999,36.000,9.999,8.438,0.024,-0.134,-1.648,2.069,9.413,2.136
a,128946,0.000,9.994,36.000,9.994,8.745,0.055,0.217,0.199,2.082,9.489,2.105
a,128951,0.000,9.987,36.000,9.987,8.789,0.100,0.095,0.031,2.089,9.467,2.138
a,128955,0.000,9.977,36.000,9.977,8.745,0.039,0.003,-0.076,2.058,9.454,2.132
a,128958,0.000,9.964,36.000,9.964,8.789,-0.129,0.156,-0.290,2.088,9.461,2.136
a,128963,0.000,9.949,36.000,9.949,8.350,0.177,-0.104,1.558,2.081,9.510,2.103
a,128966,0.000,9.930,36.000,9.930,8.789,-0.129,0.064,-0.610,2.076,9.449,2.122
a,128970,0.000,9.909,36.000,9.909,8.745,-0.052,0.171,0.504,2.070,9.436,2.116
a,128974,0.000,9.885,36.000,9.885,8.394,-0.220,-0.027,0.489,2.093,9.444,2.105
a,128979,0.000,9.858,36.000,9.858,8.745,-0.388,0.049,-0.015,2.091,9.457,2.119
a,128983,0.000,9.829,36.000,9.829,8.833,0.055,-0.119,-0.076,2.070,9.439,2.133
a,128987,0.000,9.796,36.000,9.796,8.745,0.162,-0.119,0.397,2.060,9.479,2.110
a,128990,0.000,9.761,36.000,9.761,8.789,0.177,0.034,0.260,2.091,9.440,2.108
a,128994,0.000,9.722,36.000,9.722,8.789,0.055,0.095,1.344,2.077,9.464,2.120
a,128998,0.000,9.681,36.000,9.681,8.789,0.085,0.156,-0.900,2.076,9.421,2.105
a,129002,0.000,9.638,36.000,9.638,8.789,-0.327,-0.104,0.810,2.100,9.459,2.136
a,129006,0.000,9.591,36.000,9.591,8.789,0.100,-0.058,0.077,2.076,9.449,2.109
a,129011,0.000,9.542,36.000,9.542,8.833,0.100,-0.012,-0.198,2.076,9.452,2.148
a,129015,0.000,9.490,36.000,9.490,8.833,0.100,-0.058,-0.137,2.105,9.495,2.138
a,129018,0.000,9.435,36.000,9.435,8.789,-0.022,-0.226,-0.228,2.094,9.474,2.091
a,129022,0.000,9.377,36.000,9.377,8.789,0.162,-0.012,0.077,2.072,9.443,2.114
a,129027,0.000,9.317,36.000,9.317,8.833,0.085,0.110,-0.687,2.079,9.422,2.143
a,129030,0.000,9.254,36.000,9.254,8.394,0.100,0.003,0.917,2.085,9.459,2.114
a,129034,0.000,9.188,36.000,9.188,8.789,0.055,-0.165,0.214,2.096,9.451,2.128
a,129038,0.000,9.119,36.000,9.119,8.789,-0.052,0.263,-0.183,2.081,9.461,2.119
a,129042,0.000,9.048,36.000,9.048,8.394,0.039,0.049,-0.290,2.089,9.450,2.107
a,129046,0.000,8.974,36.000,8.974,8.789,0.085,0.156,-0.335,2.084,9.471,2.127
a,129050,0.000,8.897,36.000,8.897,8.789,-0.006,0.049,-0.183,2.084,9.463,2.113
a,129054,0.000,8.818,36.000,8.818,8.394,-0.129,-0.058,-0.992,2.109,9.475,2.107
a,129058,0.000,8.736,36.000,8.736,8.789,0.192,-0.012,-1.221,2.094,9.459,2.105
a,129062,0.000,8.652,36.000,8.652,8.438,0.009,0.110,1.191,2.097,9.459,2.110
a,129066,0.000,8.565,36.000,8.565,8.745,0.085,-0.104,-0.412,2.076,9.455,2.122
a,129070,0.000,8.475,36.000,8.475,8.394,0.009,0.247,0.214,2.100,9.442,2.108
a,129074,0.000,8.383,36.000,8.383,8.789,0.100,0.049,0.245,2.094,9.446,2.119
a,129078,0.000,8.288,36.000,8.288,8.394,0.039,-0.226,-0.809,2.097,9.461,2.125
a,129083,0.000,8.191,36.000,8.191,8.789,0.055,-0.012,0.382,2.078,9.485,2.116
a,129086,0.000,8.091,36.000,8.091,8.745,-0.067,0.156,-0.396,2.081,9.475,2.103
a,129090,0.000,7.989,36.000,7.989,8.394,-0.052,-0.058,0.367,2.078,9.457,2.120
a,129094,0.000,7.885,36.000,7.885,8.701,-0.006,0.049,0.367,2.105,9.446,2.105
a,129098,0.000,7.778,36.000,7.778,8.789,-0.190,0.263,-0.290,2.089,9.481,2.096
a,129102,0.000,7.669,36.000,7.669,8.745,0.100,0.232,0.535,2.065,9.434,2.114
a,129107,0.000,7.557,36.000,7.557,8.789,-0.052,0.385,0.550,2.072,9.457,2.110
a,129111,0.000,7.443,36.000,7.443,8.789,-0.052,0.110,0.596,2.125,9.424,2.096
a,129114,0.000,7.327,36.000,7.327,8.789,-0.190,-0.012,-0.228,2.081,9.495,2.113
a,129118,0.000,7.208,36.000,7.208,8.789,0.085,-0.012,-0.244,2.097,9.457,2.130
a,129122,0.000,7.087,36.000,7.087,9.053,0.207,0.049,0.138,2.070,9.457,2.107
a,129126,0.000,6.964,36.000,6.964,8.394,-0.296,-0.119,-0.290,2.120,9.424,2.127
a,129131,0.000,6.839,36.000,6.839,8.789,0.039,-0.165,-0.717,2.066,9.436,2.138
a,129135,0.000,6.712,36.000,6.712,8.789,-0.098,0.171,2.230,2.058,9.469,2.127
a,129139,0.000,6.583,36.000,6.583,9.448,-0.006,-0.058,0.046,2.085,9.434,2.096
a,129142,0.000,6.452,36.000,6.452,8.262,0.055,-0.027,0.596,2.076,9.437,2.103
a,129146,0.000,6.318,36.000,6.318,8.218,-0.174,0.324,-0.122,2.057,9.498,2.116
a,129150,0.000,6.183,36.000,6.183,10.459,0.024,0.018,-1.114,2.079,9.444,2.125
a,129154,0.000,6.045,36.000,6.045,8.042,0.116,0.064,1.451,2.107,9.396,2.091
a,129158,0.000,5.906,36.000,5.906,7.559,0.055,0.156,-0.015,2.103,9.456,2.120
a,129163,0.000,5.765,36.000,5.765,8.174,-0.113,0.232,0.657,2.070,9.474,2.103
a,129166,0.000,5.622,36.000,5.622,7.383,-0.022,0.156,-0.824,2.088,9.483,2.103
a,129170,0.000,5.477,36.000,5.477,6.724,-0.022,-0.226,-0.228,2.094,9.461,2.109
a,129175,0.000,5.331,36.000,5.331,6.724,0.207,-0.165,0.138,2.029,9.464,2.103
a,129178,0.000,5.183,36.000,5.183,7.559,-0.006,0.110,-0.122,2.105,9.457,2.143
a,129182,0.000,5.033,36.000,5.033,6.240,0.039,-0.547,-0.488,2.150,9.432,2.120
a,129186,0.000,4.881,36.000,4.881,6.284,-0.006,-0.058,0.428,2.037,9.462,2.088
a,129190,0.000,4.728,36.000,4.728,6.943,0.055,0.049,-0.122,2.081,9.409,2.143
a,129194,0.000,4.574,36.000,4.574,6.196,-0.113,-0.119,-0.122,2.152,9.513,2.099
a,129198,0.000,4.417,36.000,4.417,6.108,0.192,-0.333,-0.824,2.029,9.492,2.114
a,129202,0.000,4.260,36.000,4.260,6.064,-0.006,-0.134,0.764,2.054,9.426,2.119
a,129206,0.000,4.101,36.000,4.101,5.977,0.162,-0.150,0.749,2.150,9.481,2.122
a,129210,0.000,3.940,36.000,3.940,5.449,-0.067,-0.501,-0.809,2.076,9.455,2.069
a,129214,0.000,3.779,36.000,3.779,5.317,-0.006,0.095,0.306,2.089,9.445,2.154
a,129219,0.000,3.616,36.000,3.616,5.229,-0.022,0.156,-0.564,2.089,9.445,2.097
a,129222,0.000,3.452,36.000,3.452,4.834,-0.220,0.064,0.718,2.101,9.491,2.106
a,129226,0.000,3.286,36.000,3.286,4.702,-0.022,-0.119,-0.885,2.089,9.489,2.122
a,129230,0.000,3.120,36.000,3.120,4.702,0.055,-0.012,0.260,2.088,9.495,2.094
a,129234,0.000,2.952,36.000,2.952,4.658,0.055,0.049,-0.122,2.103,9.471,2.103
a,129238,0.000,2.784,36.000,2.784,4.570,-0.220,-0.027,0.810,2.099,9.488,2.119
a,129242,0.000,2.614,36.000,2.614,4.087,-0.052,0.110,0.932,2.073,9.457,2.130
a,129246,0.000,2.444,36.000,2.444,4.131,0.024,-0.089,-0.473,2.116,9.462,2.116
a,129250,0.000,2.272,36.000,2.272,3.867,-0.022,-0.058,-0.671,2.091,9.471,2.103
a,129255,0.000,2.100,36.000,2.100,3.999,0.100,0.003,0.352,2.076,9.486,2.148
a,129258,0.000,1.927,36.000,1.927,4.043,-0.006,0.171,0.367,2.097,9.433,2.107
a,129262,0.000,1.754,36.000,1.754,3.428,0.085,-0.226,-0.732,2.115,9.431,2.113
a,129266,0.000,1.580,36.000,1.580,3.340,-0.174,-0.058,0.260,2.070,9.450,2.088
a,129270,0.000,1.405,36.000,1.405,3.252,0.009,0.186,1.359,2.067,9.458,2.094
a,129274,0.000,1.229,36.000,1.229,3.208,-0.235,-0.211,-1.374,2.133,9.483,2.107
a,129279,0.000,1.053,36.000,1.053,3.999,0.039,-0.058,-0.946,2.054,9.449,2.126
a,129283,0.000,0.877,36.000,0.877,2.725,0.146,-0.333,-1.160,2.057,9.442,2.126
a,129286,0.000,0.700,36.000,0.700,2.681,0.177,0.110,1.512,2.094,9.469,2.119
a,129290,0.000,0.523,36.000,0.523,2.505,0.100,-0.211,0.917,2.154,9.449,2.099
a,129294,0.000,0.346,36.000,0.346,1.978,-0.098,0.278,1.146,2.047,9.418,2.113
a,129298,0.000,0.168,36.000,0.168,1.978,-0.052,0.049,-0.122,2.101,9.469,2.082
a,129303,0.000,-0.010,36.000,-0.010,1.846,0.131,-0.134,-1.984,2.069,9.416,2.133
a,129306,0.000,-0.188,36.000,-0.188,1.802,-0.190,-0.256,0.489,2.079,9.432,2.082
a,129311,0.000,-0.366,36.000,-0.366,1.143,-0.129,-0.012,-0.458,2.100,9.392,2.149
a,129315,0.000,-0.544,36.000,-0.544,0.703,-0.067,0.369,-0.396,2.085,9.463,2.130
a,129318,0.000,-0.721,36.000,-0.721,0.615,-0.006,0.003,0.550,2.096,9.485,2.103
a,129322,0.000,-0.899,36.000,-0.899,0.659,-0.113,-0.119,-0.015,2.103,9.485,2.136
a,129326,0.000,-1.077,36.000,-1.077,3.911,-0.190,0.125,0.550,2.082,9.457,2.136
a,129330,0.000,-1.254,36.000,-1.254,0.615,-0.067,0.217,-0.396,2.076,9.471,2.099
a,129334,0.000,-1.431,36.000,-1.431,1.230,-0.067,-0.211,-0.290,2.107,9.481,2.103
a,129338,0.000,-1.608,36.000,-1.608,0.483,0.329,0.156,0.077,2.016,9.443,2.126
a,129342,0.000,-1.784,36.000,-1.784,-0.176,-0.067,-0.165,-1.099,2.105,9.461,2.099
a,129346,0.000,-1.960,36.000,-1.960,-0.220,-0.052,-0.119,0.046,2.120,9.403,2.096
a,129350,0.000,-2.136,36.000,-2.136,-0.264,-0.220,0.232,0.718,2.045,9.448,2.093
a,129354,0.000,-2.311,36.000,-2.311,-0.352,-0.296,-0.226,-0.564,2.138,9.407,2.103
a,129358,0.000,-2.485,36.000,-2.485,-0.747,-0.067,-0.211,-0.015,2.091,9.489,2.096
a,129362,0.000,-2.658,36.000,-2.658,-0.835,-0.220,-0.058,-0.183,2.049,9.442,2.107
a,129367,0.000,-2.831,36.000,-2.831,-0.879,0.100,0.049,0.397,2.070,9.471,2.127
a,129370,0.000,-3.003,36.000,-3.003,-1.055,-0.174,-0.104,0.779,2.127,9.471,2.109
a,129374,0.000,-3.174,36.000,-3.174,-1.450,-0.113,-0.012,0.092,2.060,9.434,2.130
a,129378,0.000,-3.344,36.000,-3.344,-1.450,0.223,0.110,1.283,2.039,9.446,2.119
a,129382,0.000,-3.513,36.000,-3.513,-1.494,-0.052,-0.027,0.703,2.128,9.430,2.125
a,129386,0.000,-3.682,36.000,-3.682,-1.494,0.162,0.095,0.245,2.081,9.400,2.116
a,129390,0.000,-3.849,36.000,-3.849,-1.582,-0.144,-0.104,-0.503,2.036,9.428,2.091
a,129394,0.000,-4.015,36.000,-4.015,-1.758,-0.052,-0.058,-0.106,2.088,9.414,2.119
a,129399,0.000,-4.179,36.000,-4.179,-0.923,0.085,-0.012,-0.458,2.089,9.392,2.090
a,129403,0.000,-4.343,36.000,-4.343,-1.802,-0.342,0.186,0.077,2.124,9.457,2.105
a,129406,0.000,-4.505,36.000,-4.505,-1.011,-0.190,0.156,-0.778,2.035,9.439,2.136
a,129410,0.000,-4.666,36.000,-4.666,-2.197,-0.190,-0.226,-0.671,2.144,9.566,2.116
a,129414,0.000,-4.825,36.000,-4.825,-2.329,-0.190,0.110,-0.335,2.030,9.415,2.167
a,129418,0.000,-4.983,36.000,-4.983,-2.417,0.085,0.049,-0.839,2.049,9.392,2.078
a,129422,0.000,-5.139,36.000,-5.139,-2.856,-0.220,0.186,0.703,2.126,9.457,2.151
a,129426,0.000,-5.294,36.000,-5.294,-2.944,0.162,0.049,0.031,2.042,9.467,2.055
a,129431,0.000,-5.447,36.000,-5.447,-3.076,-0.006,0.079,0.810,2.024,9.487,2.191
a,129435,0.000,-5.599,36.000,-5.599,-3.164,-0.052,-0.165,0.046,2.137,9.425,2.069
a,129438,0.000,-5.748,36.000,-5.748,-3.647,-0.342,-0.165,-1.099,2.100,9.452,2.081
a,129442,0.000,-5.896,36.000,-5.896,-2.417,-0.052,0.492,0.535,1.994,9.436,2.173
a,129446,0.000,-6.042,36.000,-6.042,-4.307,-0.403,-0.394,-0.870,2.206,9.455,2.075
a,129450,0.000,-6.186,36.000,-6.186,-4.438,-0.067,-0.119,-0.564,2.105,9.479,2.101
a,129454,0.000,-6.329,36.000,-6.329,-4.482,0.253,-0.058,-0.900,1.969,9.420,2.148
a,129459,0.000,-6.469,36.000,-6.469,-4.438,0.055,0.003,-0.076,2.151,9.492,2.105
a,129463,0.000,-6.607,36.000,-6.607,-4.482,0.039,-0.440,-0.809,2.134,9.474,2.061
a,129466,0.000,-6.743,36.000,-6.743,-4.482,0.055,0.110,0.092,1.974,9.438,2.157
a,129470,0.000,-6.877,36.000,-6.877,-4.482,-0.098,0.492,1.176,2.122,9.488,2.139
a,129475,0.000,-7.008,36.000,-7.008,-4.438,-0.159,-0.150,1.084,2.143,9.469,2.057
a,129478,0.000,-7.138,36.000,-7.138,-4.482,-0.006,-0.104,0.306,2.036,9.408,2.157
a,129482,0.000,-7.265,36.000,-7.265,-4.570,0.055,0.385,-0.076,2.070,9.451,2.119
a,129486,0.000,-7.389,36.000,-7.389,-5.054,-0.174,-0.043,-0.122,2.082,9.467,2.119
a,129490,0.000,-7.512,36.000,-7.512,-5.098,-0.220,-0.012,0.275,2.100,9.470,2.132
a,129494,0.000,-7.631,36.000,-7.631,-5.229,-0.022,0.049,-0.503,2.035,9.420,2.119
a,129498,0.000,-7.749,36.000,-7.749,-5.273,0.329,0.064,0.245,2.089,9.500,2.126
a,129502,0.000,-7.864,36.000,-7.864,-5.669,-0.052,-0.318,0.611,2.137,9.413,2.110
a,129506,0.000,-7.976,36.000,-7.976,-5.713,-0.129,-0.058,-0.671,2.029,9.442,2.114
a,129510,0.000,-8.085,36.000,-8.085,-5.713,0.146,0.217,-0.412,2.082,9.469,2.114
a,129514,0.000,-8.192,36.000,-8.192,-4.526,-0.067,-0.119,-1.328,2.115,9.483,2.107
a,129518,0.000,-8.296,36.000,-8.296,-5.933,-0.067,-0.531,-0.702,2.033,9.416,2.114
a,129522,0.000,-8.398,36.000,-8.398,-5.889,-0.190,0.171,-0.183,2.076,9.482,2.126
a,129526,0.000,-8.497,36.000,-8.497,-6.021,-0.022,-0.287,-1.190,2.097,9.489,2.097
a,129531,0.000,-8.592,36.000,-8.592,-5.977,0.085,-0.012,-0.732,2.096,9.445,2.103
a,129534,0.000,-8.685,36.000,-8.685,-5.977,-0.266,0.232,1.359,2.112,9.443,2.096
a,129538,0.000,-8.776,36.000,-8.776,-5.977,-0.052,0.263,0.199,2.070,9.500,2.116
a,129542,0.000,-8.863,36.000,-8.863,-6.021,-0.235,-0.394,-1.083,2.116,9.483,2.125
a,129546,0.000,-8.947,36.000,-8.947,-5.186,0.146,-0.012,-1.450,2.041,9.416,2.149
a,129550,0.000,-9.028,36.000,-9.028,-6.504,-0.129,-0.195,0.184,2.070,9.468,2.091
a,129555,0.000,-9.106,36.000,-9.106,-6.592,-0.052,-0.150,0.657,2.122,9.442,2.162
a,129559,0.000,-9.181,36.000,-9.181,-7.075,0.055,-0.104,0.489,2.054,9.469,2.084
a,129562,0.000,-9.253,36.000,-9.253,-2.988,-0.022,0.095,-0.564,2.100,9.432,2.148
a,129566,0.000,-9.322,36.000,-9.322,-7.207,-0.067,-0.165,-0.381,2.076,9.518,2.097
a,129570,0.000,-9.388,36.000,-9.388,-7.163,0.162,0.278,0.962,2.096,9.406,2.151
a,129574,0.000,-9.450,36.000,-9.450,-7.163,-0.235,0.049,-0.228,2.100,9.450,2.084
a,129578,0.000,-9.509,36.000,-9.509,-7.119,-0.109,0.063,0.550,2.119,9.400,2.143
a,129583,0.000,-9.565,36.000,-9.565,-7.163,0.212,-0.060,-0.183,2.047,9.493,2.115
a,129587,0.000,-9.618,36.000,-9.618,-7.207,0.059,0.047,0.260,2.073,9.442,2.143
a,129590,0.000,-9.667,36.000,-9.667,-7.163,-0.185,-0.105,-1.099,2.093,9.476,2.143
a,129594,0.000,-9.713,36.000,-9.713,-7.295,0.044,-0.212,0.412,2.099,9.518,2.114
a,129598,0.000,-9.756,36.000,-9.756,-7.207,-0.154,-0.014,0.611,2.084,9.462,2.082
a,129602,0.000,-9.795,36.000,-9.795,-7.339,0.105,0.215,0.351,2.081,9.474,2.119
a,129606,0.000,-9.831,36.000,-9.831,-7.383,-0.002,0.001,0.595,2.081,9.431,2.107
a,129611,0.000,-9.864,36.000,-9.864,-7.383,-0.002,0.047,0.366,2.103,9.481,2.119
a,129615,0.000,-9.893,36.000,-9.893,-7.383,0.105,-0.044,0.580,2.057,9.469,2.094
a,129618,0.000,-9.918,36.000,-9.918,-7.427,0.090,0.154,-0.733,2.085,9.469,2.110
a,129623,0.000,-9.940,36.000,-9.940,-7.383,-0.017,-0.121,-0.718,2.125,9.503,2.107
a,129627,0.000,-9.959,36.000,-9.959,-7.822,0.059,-0.166,0.382,2.045,9.468,2.112
a,129630,0.000,-9.974,36.000,-9.974,-7.866,0.044,-0.060,-0.336,2.063,9.467,2.145
a,129634,0.000,-9.986,36.000,-9.986,-7.778,-0.002,-0.319,0.824,2.103,9.483,2.082
a,129638,0.000,-9.994,36.000,-9.994,-7.778,-0.292,-0.197,0.809,2.076,9.461,2.099
a,129642,0.000,-9.999,36.000,-9.999,-7.822,0.166,0.078,0.748,2.048,9.467,2.119
a,129646,0.000,-10.000,36.000,-10.000,-7.822,-0.017,-0.060,-1.481,2.113,9.470,2.122
a,129650,0.000,-9.998,36.000,-9.998,-7.822,-0.093,-0.044,1.466,2.105,9.486,2.114
a,129654,0.000,-9.992,36.000,-9.992,-7.866,-0.307,-0.105,-0.458,2.061,9.457,2.136
a,129658,0.000,-9.982,36.000,-9.982,-7.866,-0.246,0.276,-0.718,2.089,9.451,2.107
a,129662,0.000,-9.969,36.000,-9.969,-7.866,-0.002,-0.014,0.305,2.097,9.450,2.099
a,129666,0.000,-9.952,36.000,-9.952,-7.778,-0.109,-0.105,0.657,2.084,9.432,2.138
a,129670,0.000,-9.932,36.000,-9.932,-7.866,-0.215,0.154,0.198,2.049,9.481,2.105
a,129674,0.000,-9.909,36.000,-9.909,-7.910,0.059,0.047,0.366,2.105,9.446,2.122
a,129678,0.000,-9.881,36.000,-9.881,-7.866,-0.139,-0.273,-0.397,2.087,9.457,2.120
a,129683,0.000,-9.850,36.000,-9.850,-7.822,-0.017,0.108,-0.992,2.070,9.463,2.116
a,129686,0.000,-9.816,36.000,-9.816,-7.866,0.059,-0.090,0.763,2.102,9.457,2.091
a,129690,0.000,-9.778,36.000,-9.778,-7.866,-0.170,-0.105,0.977,2.088,9.456,2.107
a,129694,0.000,-9.737,36.000,-9.737,-7.866,-0.231,-0.014,-1.053,2.065,9.427,2.122
a,129698,0.000,-9.692,36.000,-9.692,-7.822,0.090,0.063,-0.687,2.077,9.455,2.126
a,129702,0.000,-9.643,36.000,-9.643,-7.822,0.166,0.063,0.641,2.105,9.470,2.103
a,129707,0.000,-9.591,36.000,-9.591,-7.822,0.075,0.108,1.573,2.070,9.443,2.138
a,129711,0.000,-9.536,36.000,-9.536,-7.866,-0.063,0.047,-0.336,2.084,9.474,2.105
a,129715,0.000,-9.477,36.000,-9.477,-7.866,-0.170,0.001,0.824,2.107,9.486,2.113
a,129718,0.000,-9.414,36.000,-9.414,-7.822,-0.017,0.093,-0.779,2.073,9.459,2.149
a,129722,0.000,-9.348,36.000,-9.348,-7.822,-0.170,0.215,0.260,2.076,9.475,2.119
a,129726,0.000,-9.279,36.000,-9.279,-7.822,-0.047,-0.060,0.046,2.085,9.470,2.088
a,129730,0.000,-9.206,36.000,-9.206,-7.866,-0.185,-0.014,-1.160,2.084,9.467,2.113
a,129735,0.000,-9.130,36.000,-9.130,-7.822,0.075,-0.136,-1.924,2.073,9.439,2.093
a,129739,0.000,-9.050,36.000,-9.050,-7.822,0.166,-0.212,0.916,2.078,9.470,2.105
a,129743,0.000,-8.968,36.000,-8.968,-7.822,-0.017,-0.273,0.092,2.087,9.480,2.101
a,129746,0.000,-8.881,36.000,-8.881,-7.866,-0.231,-0.014,-0.336,2.073,9.459,2.109
a,129751,0.000,-8.792,36.000,-8.792,-7.822,0.090,-0.075,0.565,2.105,9.432,2.097
a,129755,0.000,-8.699,36.000,-8.699,-7.822,0.105,-0.121,-0.183,2.101,9.468,2.119
a,129759,0.000,-8.603,36.000,-8.603,-7.822,-0.047,0.047,0.412,2.088,9.457,2.125
a,129763,0.000,-8.504,36.000,-8.504,-7.778,0.090,0.215,-0.244,2.084,9.464,2.113
a,129766,0.000,-8.401,36.000,-8.401,-7.822,-0.200,-0.151,1.527,2.089,9.450,2.120
a,129770,0.000,-8.296,36.000,-8.296,-7.778,-0.109,-0.044,0.550,2.089,9.432,2.127
a,129774,0.000,-8.187,36.000,-8.187,-7.866,0.212,-0.014,-0.076,2.078,9.439,2.131
a,129778,0.000,-8.075,36.000,-8.075,-7.866,0.197,0.230,0.076,2.070,9.475,2.126
a,129782,0.000,-7.960,36.000,-7.960,-7.822,-0.017,0.093,-0.779,2.078,9.450,2.113
a,129786,0.000,-7.842,36.000,-7.842,-7.866,0.090,-0.166,-1.008,2.069,9.416,2.122
a,129790,0.000,-7.721,36.000,-7.721,-7.866,-0.170,-0.014,0.214,2.084,9.430,2.121
a,129794,0.000,-7.597,36.000,-7.597,-7.866,0.044,-0.060,-0.229,2.073,9.442,2.105
a,129798,0.000,-7.471,36.000,-7.471,-7.822,0.014,0.047,-1.588,2.095,9.476,2.119
a,129802,0.000,-7.341,36.000,-7.341,-7.031,0.151,-0.166,-0.565,2.096,9.456,2.093
a,129806,0.000,-7.209,36.000,-7.209,-7.822,-0.124,-0.060,-0.565,2.096,9.506,2.145
a,129810,0.000,-7.073,36.000,-7.073,-7.866,0.014,0.169,1.542,2.073,9.491,2.150
a,129815,0.000,-6.935,36.000,-6.935,-7.866,-0.109,-0.029,0.870,2.139,9.433,2.070
a,129818,0.000,-6.795,36.000,-6.795,-7.822,-0.047,0.215,-0.015,2.109,9.413,2.097
a,129822,0.000,-6.652,36.000,-6.652,-7.822,-0.032,0.230,-0.290,2.054,9.493,2.101
a,129826,0.000,-6.506,36.000,-6.506,-7.427,-0.032,-0.029,1.527,2.149,9.519,2.101
a,129830,0.000,-6.357,36.000,-6.357,-7.339,-0.032,-0.105,1.298,2.084,9.452,2.105
a,129834,0.000,-6.207,36.000,-6.207,-6.592,-0.017,0.154,-0.336,2.022,9.414,2.139
a,129838,0.000,-6.053,36.000,-6.053,-7.295,-0.246,0.001,-0.229,2.161,9.479,2.097
a,129842,0.000,-5.898,36.000,-5.898,-7.163,-0.032,-0.029,-1.069,2.082,9.465,2.103
a,129846,0.000,-5.740,36.000,-5.740,-7.075,0.105,0.063,-0.137,2.045,9.494,2.136
a,129851,0.000,-5.579,36.000,-5.579,-5.889,-0.047,-0.166,0.305,2.101,9.471,2.125
a,129855,0.000,-5.417,36.000,-5.417,-6.504,-0.322,-0.212,-1.710,2.083,9.485,2.103
a,129858,0.000,-5.252,36.000,-5.252,-6.372,0.105,0.063,1.023,2.049,9.470,2.130
a,129862,0.000,-5.085,36.000,-5.085,-5.977,0.227,0.276,1.069,2.065,9.475,2.099
a,129866,0.000,-4.917,36.000,-4.917,-5.889,-0.170,-0.105,0.657,2.119,9.486,2.109
a,129870,0.000,-4.746,36.000,-4.746,-6.328,-0.170,-0.166,0.046,2.058,9.452,2.116
a,129874,0.000,-4.573,36.000,-4.573,-5.757,0.059,0.108,1.038,2.072,9.403,2.132
a,129879,0.000,-4.399,36.000,-4.399,-5.229,-0.215,-0.151,0.809,2.158,9.459,2.091
a,129883,0.000,-4.222,36.000,-4.222,-5.186,0.105,0.215,0.076,2.073,9.492,2.126
a,129887,0.000,-4.044,36.000,-4.044,-5.054,-0.170,0.001,0.870,2.078,9.492,2.122
a,129890,0.000,-3.864,36.000,-3.864,-4.526,-0.047,0.169,0.046,2.120,9.452,2.113
a,129894,0.000,-3.683,36.000,-3.683,-4.482,-0.017,0.047,-1.084,2.051,9.439,2.094
a,129898,0.000,-3.500,36.000,-3.500,-4.438,0.044,-0.166,-0.397,2.109,9.450,2.133
a,129902,0.000,-3.316,36.000,-3.316,-3.911,0.212,-0.014,0.183,2.066,9.456,2.109
a,129906,0.000,-3.130,36.000,-3.130,-3.735,-0.109,0.093,0.260,2.078,9.479,2.148
a,129911,0.000,-2.943,36.000,-2.943,-3.604,-0.017,-0.289,-0.779,2.138,9.455,2.130
a,129915,0.000,-2.755,36.000,-2.755,-3.560,0.334,-0.273,0.962,2.049,9.459,2.084
a,129918,0.000,-2.565,36.000,-2.565,-3.076,0.182,-0.273,-0.351,2.110,9.536,2.151
a,129922,0.000,-2.375,36.000,-2.375,-3.076,0.105,-0.105,0.137,2.060,9.521,2.114
a,129927,0.000,-2.183,36.000,-2.183,-2.988,-0.063,0.398,0.290,2.058,9.493,2.120
a,129930,0.000,-1.991,36.000,-1.991,-2.900,-0.002,0.093,0.412,2.127,9.483,2.120
a,129934,0.000,-1.797,36.000,-1.797,-2.461,0.273,-0.289,-0.092,2.094,9.459,2.142
a,129938,0.000,-1.603,36.000,-1.603,-2.461,-0.124,0.200,0.916,2.079,9.432,2.114
a,129942,0.000,-1.408,36.000,-1.408,-2.329,0.090,-0.151,-0.580,2.083,9.459,2.127
a,129946,0.000,-1.212,36.000,-1.212,-2.285,0.120,-0.029,1.069,2.097,9.494,2.125
a,129950,0.000,-1.015,36.000,-1.015,-1.538,-0.017,-0.151,-0.122,2.066,9.446,2.127
a,129954,0.000,-0.818,36.000,-0.818,-2.109,0.059,-0.212,1.038,2.101,9.450,2.127
a,129958,0.000,-0.621,36.000,-0.621,-1.670,0.059,-0.289,0.092,2.115,9.567,2.110
a,129962,0.000,-0.423,36.000,-0.423,-1.582,-0.170,-0.014,0.412,2.053,9.504,2.126
a,129966,0.000,-0.225,36.000,-0.225,-1.450,0.151,-0.151,-0.412,2.116,9.498,2.161
a,129970,0.000,-0.027,36.000,-0.027,-1.011,0.075,-0.151,1.252,2.105,9.449,2.122
a,129974,0.000,0.171,36.000,0.171,-0.879,0.090,0.215,-0.519,2.018,9.380,2.138
a,129978,0.000,0.370,36.000,0.370,-0.352,-0.109,0.001,0.809,2.072,9.445,2.119
a,129983,0.000,0.568,36.000,0.568,-0.308,-0.017,-0.151,0.366,2.087,9.444,2.097
a,129986,0.000,0.766,36.000,0.766,-0.308,0.197,-0.273,-0.305,2.058,9.434,2.110
a,129990,0.000,0.965,36.000,0.965,0.439,-0.002,0.383,0.046,2.061,9.495,2.122
a,129994,0.000,1.162,36.000,1.162,-0.220,0.166,0.063,0.534,2.085,9.410,2.114
a,129998,0.000,1.360,36.000,1.360,0.439,-0.063,-0.166,-0.824,2.137,9.442,2.122
a,130002,0.000,1.557,36.000,1.557,0.571,-0.063,0.093,-0.611,2.060,9.495,2.091
a,130006,0.000,1.754,36.000,1.754,0.659,0.426,0.063,-0.244,2.055,9.483,2.127
a,130011,0.000,1.950,36.000,1.950,1.230,-0.124,-0.212,-0.672,2.145,9.525,2.096
a,130015,0.000,2.145,36.000,2.145,1.758,-0.017,-0.044,-0.397,2.051,9.420,2.143
a,130018,0.000,2.340,36.000,2.340,1.758,0.334,0.169,0.550,2.045,9.450,2.143
a,130022,0.000,2.534,36.000,2.534,1.362,0.120,0.001,1.069,2.160,9.456,2.126
a,130026,0.000,2.727,36.000,2.727,1.758,-0.246,-0.472,-0.565,2.076,9.465,2.107
a,130030,0.000,2.919,36.000,2.919,1.758,0.105,0.047,-0.031,2.072,9.432,2.126
a,130035,0.000,3.110,36.000,3.110,1.802,0.197,-0.121,-0.412,2.081,9.488,2.116
a,130039,0.000,3.300,36.000,3.300,3.164,0.105,-0.151,0.473,2.078,9.498,2.143
a,130043,0.000,3.489,36.000,3.489,1.934,-0.063,0.169,0.092,2.083,9.443,2.088
a,130046,0.000,3.676,36.000,3.676,2.021,0.044,0.230,-0.336,2.073,9.483,2.099
a,130051,0.000,3.862,36.000,3.862,2.021,-0.017,0.108,-1.160,2.107,9.469,2.109
a,130055,0.000,4.047,36.000,4.047,2.505,-0.124,-0.166,-0.443,2.078,9.450,2.121
a,130059,0.000,4.230,36.000,4.230,2.593,0.044,0.108,-1.481,2.035,9.469,2.125
a,130063,0.000,4.411,36.000,4.411,3.076,0.014,0.169,1.847,2.166,9.457,2.070
a,130066,0.000,4.591,36.000,4.591,3.120,-0.185,0.154,-0.458,2.082,9.527,2.126
a,130070,0.000,4.769,36.000,4.769,3.208,-0.047,-0.228,-0.183,2.058,9.443,2.107
a,130074,0.000,4.945,36.000,4.945,3.296,0.212,0.063,0.244,2.110,9.428,2.143
a,130078,0.000,5.120,36.000,5.120,3.384,0.197,0.063,-0.473,2.060,9.394,2.114
a,130082,0.000,5.292,36.000,5.292,3.911,-0.124,-0.228,-0.336,2.150,9.439,2.114
a,130086,0.000,5.463,36.000,5.463,4.834,-0.002,-0.228,0.092,2.116,9.507,2.133
a,130090,0.000,5.631,36.000,5.631,4.526,0.105,0.154,-0.198,2.049,9.449,2.132
a,130094,0.000,5.797,36.000,5.797,4.570,-0.185,-0.166,-0.565,2.131,9.474,2.139
a,130098,0.000,5.961,36.000,5.961,4.658,0.166,0.154,-0.031,2.049,9.467,2.143
a,130102,0.000,6.122,36.000,6.122,4.834,0.273,0.063,0.870,2.069,9.543,2.148
a,130106,0.000,6.281,36.000,6.281,4.878,0.258,-0.014,-1.069,2.112,9.467,2.143
a,130110,0.000,6.437,36.000,6.437,5.273,-0.032,-0.151,1.252,2.119,9.443,2.084
a,130114,0.000,6.591,36.000,6.591,5.405,0.243,-0.182,-1.603,2.047,9.418,2.158
a,130119,0.000,6.743,36.000,6.743,5.449,0.227,0.093,-1.832,2.054,9.487,2.143
a,130122,0.000,6.891,36.000,6.891,5.493,-0.047,0.215,0.412,2.138,9.461,2.084
a,130126,0.000,7.037,36.000,7.037,5.449,-0.017,-0.014,-0.718,2.066,9.438,2.138
a,130130,0.000,7.181,36.000,7.181,7.646,-0.047,0.276,0.550,2.022,9.380,2.091
a,130134,0.000,7.321,36.000,7.321,6.812,-0.002,0.230,0.870,2.150,9.450,2.110
a,130138,0.000,7.458,36.000,7.458,5.449,-0.093,-0.273,1.420,2.085,9.449,2.061
a,130142,0.000,7.592,36.000,7.592,5.581,0.182,0.444,1.053,2.053,9.443,2.155
a,130146,0.000,7.723,36.000,7.723,5.581,-0.124,0.108,-1.160,2.113,9.488,2.088
a,130151,0.000,7.852,36.000,7.852,5.933,-0.063,-0.319,-0.061,2.133,9.497,2.127
a,130155,0.000,7.976,36.000,7.976,6.021,0.059,-0.060,0.260,2.045,9.442,2.105
a,130158,0.000,8.098,36.000,8.098,5.977,0.059,0.230,-0.122,2.070,9.469,2.113
a,130162,0.000,8.216,36.000,8.216,6.152,-0.185,0.063,-0.336,2.163,9.448,2.116
a,130166,0.000,8.331,36.000,8.331,6.196,-0.047,-0.121,0.366,2.070,9.439,2.107
a,130170,0.000,8.443,36.000,8.443,6.240,-0.124,0.093,-0.443,2.023,9.422,2.115
a,130174,0.000,8.551,36.000,8.551,7.383,-0.109,-0.228,-0.122,2.112,9.463,2.088
a,130178,0.000,8.655,36.000,8.655,6.680,-0.170,-0.502,0.382,2.131,9.504,2.119
a,130183,0.000,8.756,36.000,8.756,6.768,-0.063,0.368,-0.656,1.996,9.470,2.138
a,130187,0.000,8.854,36.000,8.854,6.812,0.151,0.001,-0.626,2.120,9.483,2.133
a,130190,0.000,8.947,36.000,8.947,6.943,-0.322,-0.212,0.046,2.169,9.445,2.103
a,130194,0.000,9.037,36.000,9.037,7.383,0.273,-0.044,0.641,1.949,9.445,2.142
a,130198,0.000,9.123,36.000,9.123,7.471,0.151,0.276,-0.626,2.071,9.438,2.136
a,130202,0.000,9.206,36.000,9.206,7.603,-0.002,-0.502,0.428,2.206,9.442,2.084
a,130206,0.000,9.284,36.000,9.284,7.603,0.044,-0.319,-0.275,1.973,9.467,2.119
a,130211,0.000,9.359,36.000,9.359,7.690,0.273,0.322,0.031,2.091,9.503,2.138
a,130215,0.000,9.430,36.000,9.430,7.734,-0.338,-0.121,-0.336,2.128,9.436,2.096
a,130219,0.000,9.496,36.000,9.496,9.536,0.059,0.047,0.260,2.039,9.421,2.119
a,130223,0.000,9.559,36.000,9.559,8.042,-0.047,0.230,0.657,2.039,9.488,2.101
a,130227,0.000,9.618,36.000,9.618,8.218,0.151,0.093,-0.305,2.143,9.446,2.109
a,130230,0.000,9.672,36.000,9.672,8.174,-0.170,-0.273,0.595,2.058,9.469,2.105
a,130234,0.000,9.723,36.000,9.723,8.174,0.166,0.047,-0.137,2.018,9.452,2.126
a,130238,0.000,9.769,36.000,9.769,8.218,-0.215,0.093,-0.061,2.097,9.448,2.116
a,130242,0.000,9.811,36.000,9.811,8.262,-0.124,-0.090,0.763,2.113,9.486,2.103
a,130246,0.000,9.849,36.000,9.849,8.218,-0.231,-0.105,-0.076,2.073,9.468,2.109
a,130250,0.000,9.883,36.000,9.883,8.306,0.426,0.337,-0.305,2.070,9.487,2.119
a,130254,0.000,9.913,36.000,9.913,8.350,-0.185,-0.289,-0.992,2.138,9.446,2.113
a,130258,0.000,9.938,36.000,9.938,8.350,-0.154,0.017,1.359,2.064,9.416,2.116
a,130262,0.000,9.959,36.000,9.959,8.350,-0.063,0.108,-0.290,2.060,9.431,2.127
a,130266,0.000,9.976,36.000,9.976,8.350,-0.093,-0.105,-1.557,2.142,9.471,2.122
a,130270,0.000,9.988,36.000,9.988,8.350,0.044,-0.243,0.748,2.099,9.468,2.096
a,130274,0.000,9.996,36.000,9.996,8.350,-0.063,0.093,-0.336,2.051,9.442,2.151
a,130278,0.000,10.000,36.000,10.000,8.350,0.105,0.261,0.076,2.138,9.477,2.105
a,130283,0.000,9.999,36.000,9.999,8.350,0.059,-0.029,0.931,2.113,9.444,2.110
a,130286,0.000,9.994,36.000,9.994,8.394,0.105,0.093,0.351,2.047,9.470,2.132
a,130290,0.000,9.985,36.000,9.985,8.350,-0.124,-0.044,0.092,2.076,9.439,2.119
a,130294,0.000,9.971,36.000,9.971,8.350,0.059,-0.121,0.046,2.097,9.471,2.085
a,130298,0.000,9.953,36.000,9.953,8.350,-0.231,-0.105,-0.290,2.085,9.440,2.119
a,130302,0.000,9.931,36.000,9.931,8.350,-0.047,0.063,-0.076,2.064,9.452,2.085
a,130307,0.000,9.904,36.000,9.904,8.394,0.090,-0.151,0.031,2.116,9.486,2.114
a,130310,0.000,9.873,36.000,9.873,8.350,-0.017,0.093,-0.229,2.100,9.477,2.122
a,130314,0.000,9.837,36.000,9.837,8.306,0.059,0.063,0.489,2.063,9.467,2.116
a,130319,0.000,9.797,36.000,9.797,8.350,-0.078,-0.075,-1.847,2.107,9.414,2.090
a,130322,0.000,9.753,36.000,9.753,8.350,-0.017,-0.166,-0.458,2.097,9.469,2.101
a,130326,0.000,9.704,36.000,9.704,8.350,0.212,0.108,0.748,2.066,9.449,2.105
a,130331,0.000,9.651,36.000,9.651,8.350,0.044,0.108,-0.504,2.082,9.483,2.113
a,130335,0.000,9.594,36.000,9.594,8.394,0.044,-0.228,-0.290,2.097,9.455,2.094
a,130339,0.000,9.533,36.000,9.533,8.350,-0.002,0.047,0.260,2.081,9.450,2.119
a,130342,0.000,9.467,36.000,9.467,8.350,-0.002,-0.228,0.198,2.094,9.425,2.107
a,130346,0.000,9.397,36.000,9.397,8.350,0.044,0.246,0.183,2.089,9.461,2.096
a,130350,0.000,9.323,36.000,9.323,8.394,-0.017,-0.060,-0.397,2.101,9.445,2.133
a,130354,0.000,9.244,36.000,9.244,8.394,-0.002,-0.014,0.046,2.054,9.439,2.101
a,130358,0.000,9.162,36.000,9.162,8.350,-0.109,-0.090,0.809,2.083,9.430,2.099
a,130363,0.000,9.075,36.000,9.075,8.350,-0.063,0.078,0.489,2.095,9.457,2.120
a,130366,0.000,8.984,36.000,8.984,8.350,-0.170,-0.014,0.198,2.100,9.432,2.151
a,130371,0.000,8.889,36.000,8.889,8.350,0.059,-0.105,0.092,2.093,9.452,2.082
a,130375,0.000,8.790,36.000,8.790,8.350,0.059,-0.105,-0.015,2.110,9.477,2.116
a,130378,0.000,8.687,36.000,8.687,8.350,-0.109,0.078,0.870,2.064,9.452,2.116
a,130382,0.000,8.580,36.000,8.580,8.394,0.044,0.093,-0.885,2.091,9.455,2.127
a,130386,0.000,8.469,36.000,8.469,8.350,-0.063,0.047,-0.565,2.094,9.432,2.125
a,130390,0.000,8.355,36.000,8.355,8.350,0.151,-0.289,-0.885,2.084,9.428,2.102
a,130394,0.000,8.236,36.000,8.236,8.306,0.105,0.169,0.580,2.051,9.449,2.114
a,130398,0.000,8.114,36.000,8.114,8.350,0.273,0.078,0.855,2.077,9.431,2.101
a,130402,0.000,7.987,36.000,7.987,8.306,-0.185,-0.212,-0.611,2.095,9.437,2.136
a,130406,0.000,7.858,36.000,7.858,8.350,0.197,-0.044,0.244,2.095,9.418,2.110
a,130410,0.000,7.724,36.000,7.724,8.350,0.044,-0.105,-0.779,2.079,9.462,2.113
a,130415,0.000,7.587,36.000,7.587,8.745,-0.231,0.108,-1.053,2.091,9.462,2.120
a,130418,0.000,7.446,36.000,7.446,8.438,-0.170,-0.014,0.366,2.100,9.410,2.101
a,130422,0.000,7.302,36.000,7.302,8.350,0.334,-0.166,-0.092,2.045,9.438,2.130
a,130426,0.000,7.155,36.000,7.155,8.262,0.090,-0.014,0.779,2.133,9.396,2.114
a,130430,0.000,7.004,36.000,7.004,8.130,-0.246,0.001,-0.565,2.091,9.421,2.109
a,130434,0.000,6.849,36.000,6.849,9.580,0.075,0.230,1.740,2.066,9.459,2.110
a,130438,0.000,6.692,36.000,6.692,8.350,-0.154,0.169,1.374,2.125,9.458,2.106
a,130442,0.000,6.531,36.000,6.531,8.350,-0.292,-0.121,-0.397,2.091,9.503,2.145
a,130446,0.000,6.368,36.000,6.368,8.350,-0.017,-0.014,-0.229,2.089,9.443,2.107
a,130450,0.000,6.201,36.000,6.201,8.262,-0.124,-0.044,0.305,2.113,9.556,2.101
a,130455,0.000,6.031,36.000,6.031,9.009,-0.002,-0.121,0.061,2.088,9.437,2.082
a,130459,0.000,5.859,36.000,5.859,8.086,-0.093,0.001,1.099,2.063,9.456,2.094
a,130463,0.000,5.683,36.000,5.683,7.690,0.044,0.154,-0.290,2.070,9.456,2.122
a,130466,0.000,5.505,36.000,5.505,7.603,0.136,0.230,-0.519,2.085,9.482,2.143
a,130470,0.000,5.324,36.000,5.324,7.471,0.090,-0.228,-0.305,2.105,9.400,2.101
a,130474,0.000,5.141,36.000,5.141,6.855,0.151,-0.014,-0.672,2.076,9.418,2.119
a,130479,0.000,4.955,36.000,4.955,6.812,0.044,0.063,-0.290,2.066,9.444,2.109
a,130482,0.000,4.766,36.000,4.766,6.636,0.105,0.093,-0.198,2.091,9.406,2.082
a,130487,0.000,4.576,36.000,4.576,6.284,-0.139,-0.411,-0.458,2.118,9.428,2.078
a,130491,0.000,4.383,36.000,4.383,6.152,0.105,0.124,0.794,2.024,9.473,2.139
a,130494,0.000,4.188,36.000,4.188,6.196,0.136,0.139,-1.771,2.112,9.488,2.127
a,130499,0.000,3.991,36.000,3.991,6.108,-0.063,-0.151,-0.718,2.097,9.462,2.138
a,130503,0.000,3.791,36.000,3.791,5.977,0.197,-0.121,-1.008,2.072,9.420,2.075
a,130507,0.000,3.590,36.000,3.590,5.361,-0.139,0.108,-0.611,2.076,9.421,2.119
a,130511,0.000,3.387,36.000,3.387,4.834,-0.170,-0.014,0.366,2.109,9.512,2.076
a,130514,0.000,3.183,36.000,3.183,4.746,-0.002,-0.228,-0.076,2.076,9.489,2.130
a,130518,0.000,2.977,36.000,2.977,4.658,-0.109,0.292,1.298,2.071,9.464,2.105
a,130522,0.000,2.769,36.000,2.769,4.570,-0.017,0.108,-0.992,2.114,9.476,2.120
a,130526,0.000,2.560,36.000,2.560,4.175,-0.109,-0.014,-0.183,2.051,9.488,2.109
a,130530,0.000,2.349,36.000,2.349,4.570,-0.032,-0.105,-0.565,2.077,9.454,2.133
a,130534,0.000,2.137,36.000,2.137,3.999,0.166,0.230,0.855,2.109,9.500,2.085
a,130538,0.000,1.924,36.000,1.924,3.911,0.090,-0.228,-0.626,2.066,9.443,2.127
a,130542,0.000,1.710,36.000,1.710,3.472,-0.063,0.292,0.809,2.005,9.426,2.127
a,130546,0.000,1.495,36.000,1.495,3.384,-0.063,-0.228,-0.397,2.127,9.445,2.107
a,130550,0.000,1.279,36.000,1.279,3.208,-0.322,-0.090,0.702,2.089,9.459,2.076
a,130554,0.000,1.063,36.000,1.063,3.164,0.105,0.154,-0.092,2.027,9.483,2.133
a,130558,0.000,0.846,36.000,0.846,3.120,-0.185,0.246,0.244,2.124,9.412,2.094
a,130562,0.000,0.628,36.000,0.628,2.593,0.014,-0.136,1.298,2.116,9.483,2.099
a,130567,0.000,0.410,36.000,0.410,2.549,-0.109,0.185,0.657,2.051,9.430,2.125
a,130570,0.000,0.191,36.000,0.191,2.461,0.059,-0.060,0.046,2.082,9.455,2.110
a,130574,0.000,-0.028,36.000,-0.028,2.373,-0.124,-0.395,-0.366,2.150,9.470,2.122
a,130578,0.000,-0.247,36.000,-0.247,1.978,-0.063,-0.105,-0.565,2.035,9.400,2.082
a,130582,0.000,-0.465,36.000,-0.465,1.890,-0.109,0.093,0.260,2.081,9.432,2.127
a,130586,0.000,-0.684,36.000,-0.684,1.802,0.075,-0.197,1.084,2.122,9.548,2.090
a,130590,0.000,-0.903,36.000,-0.903,1.230,-0.170,-0.121,0.366,2.081,9.418,2.127
a,130594,0.000,-1.121,36.000,-1.121,0.703,-0.047,0.322,-0.183,2.031,9.442,2.113
a,130598,0.000,-1.339,36.000,-1.339,0.659,0.090,-0.273,0.290,2.126,9.428,2.078
a,130603,0.000,-1.557,36.000,-1.557,0.483,-0.170,-0.014,-0.076,2.066,9.457,2.101
a,130607,0.000,-1.774,36.000,-1.774,-0.088,-0.109,-0.212,0.489,2.107,9.456,2.127
a,130610,0.000,-1.990,36.000,-1.990,-0.220,-0.322,-0.166,-0.183,2.082,9.456,2.130
a,130614,0.000,-2.205,36.000,-2.205,-0.220,-0.322,0.093,0.092,2.100,9.550,2.096
a,130618,0.000,-2.419,36.000,-2.419,-0.264,-0.002,0.230,0.809,2.105,9.479,2.158
a,130622,0.000,-2.633,36.000,-2.633,-0.352,-0.017,-0.151,-0.076,2.067,9.473,2.120
a,130627,0.000,-2.845,36.000,-2.845,-0.835,-0.047,-0.121,-0.122,2.094,9.403,2.082
a,130631,0.000,-3.056,36.000,-3.056,-1.055,-0.017,0.047,-0.397,2.035,9.489,2.162
a,130635,0.000,-3.265,36.000,-3.265,-1.450,0.212,-0.212,0.244,2.120,9.409,2.138
a,130639,0.000,-3.474,36.000,-3.474,-1.538,-0.047,0.261,0.366,2.037,9.353,2.114
a,130642,0.000,-3.680,36.000,-3.680,-1.011,0.044,-0.060,-0.885,2.085,9.456,2.101
a,130646,0.000,-3.885,36.000,-3.885,-1.758,-0.093,-0.197,1.298,2.169,9.492,2.119
a,130650,0.000,-4.088,36.000,-4.088,-2.153,-0.047,0.001,0.550,2.041,9.427,2.096
a,130654,0.000,-4.289,36.000,-4.289,-0.923,0.059,0.215,0.260,2.065,9.420,2.101
a,130658,0.000,-4.489,36.000,-4.489,-2.329,-0.078,0.001,-0.718,2.157,9.450,2.110
a,130663,0.000,-4.686,36.000,-4.686,-2.329,-0.276,0.108,-0.015,2.015,9.416,2.138
a,130666,0.000,-4.881,36.000,-4.881,-2.812,-0.063,-0.121,-0.397,2.100,9.495,2.130
a,130670,0.000,-5.074,36.000,-5.074,-2.944,0.166,0.001,-0.031,2.064,9.438,2.142
a,130675,0.000,-5.264,36.000,-5.264,-2.988,0.059,-0.029,0.870,2.054,9.477,2.103
a,130678,0.000,-5.452,36.000,-5.452,-3.120,-0.170,-0.212,-0.076,2.128,9.452,2.142
a,130682,0.000,-5.637,36.000,-5.637,-3.164,-0.276,-0.060,-0.076,2.089,9.449,2.055
a,130686,0.000,-5.820,36.000,-5.820,-3.208,-0.063,-0.212,-1.206,2.087,9.452,2.125
a,130690,0.000,-6.000,36.000,-6.000,-3.691,-0.200,-0.044,-0.565,2.061,9.462,2.099
a,130694,0.000,-6.177,36.000,-6.177,-3.779,-0.078,-0.105,-0.290,2.128,9.440,2.139
a,130698,0.000,-6.351,36.000,-6.351,-3.823,0.105,-0.060,0.397,2.091,9.524,2.110
a,130702,0.000,-6.522,36.000,-6.522,-3.867,-0.063,0.154,-0.824,2.094,9.427,2.132
a,130706,0.000,-6.689,36.000,-6.689,-4.438,-0.047,0.490,0.534,2.014,9.407,2.101
a,130710,0.000,-6.854,36.000,-6.854,-4.482,0.029,-0.426,-1.191,2.124,9.433,2.103
a,130714,0.000,-7.015,36.000,-7.015,-4.526,-0.154,0.108,1.252,2.039,9.439,2.139
a,130718,0.000,-7.173,36.000,-7.173,-5.054,-0.185,0.154,-0.458,2.066,9.485,2.116
a,130722,0.000,-7.327,36.000,-7.327,-5.098,-0.276,-0.136,0.489,2.149,9.449,2.142
a,130726,0.000,-7.478,36.000,-7.478,-5.186,-0.170,-0.166,-0.015,2.063,9.483,2.075
a,130731,0.000,-7.625,36.000,-7.625,-5.229,-0.047,0.215,-0.183,2.096,9.414,2.143
a,130734,0.000,-7.769,36.000,-7.769,-5.273,0.273,0.215,-0.137,2.073,9.459,2.105
a,130738,0.000,-7.908,36.000,-7.908,-5.801,-0.292,-0.258,0.351,2.144,9.426,2.096
a,130742,0.000,-8.044,36.000,-8.044,-5.801,0.059,0.154,0.046,2.053,9.431,2.130
a,130746,0.000,-8.175,36.000,-8.175,-5.889,0.197,0.307,0.672,2.033,9.443,2.126
a,130750,0.000,-8.303,36.000,-8.303,-6.328,-0.017,-0.182,0.580,2.178,9.457,2.122
a,130755,0.000,-8.426,36.000,-8.426,-6.021,0.059,-0.060,0.092,2.045,9.449,2.157
a,130759,0.000,-8.546,36.000,-8.546,-6.064,-0.124,0.261,-0.611,2.027,9.449,2.078
a,130762,0.000,-8.661,36.000,-8.661,-5.229,-0.231,-0.029,0.809,2.179,9.476,2.126
a,130766,0.000,-8.771,36.000,-8.771,-6.504,-0.170,-0.395,0.000,2.057,9.467,2.063
a,130770,0.000,-8.878,36.000,-8.878,-6.460,0.105,0.261,-0.198,2.002,9.392,2.138
a,130774,0.000,-8.979,36.000,-8.979,-6.680,-0.063,-0.289,-0.565,2.116,9.455,2.109
a,130778,0.000,-9.077,36.000,-9.077,-5.977,0.227,0.261,0.595,2.029,9.427,2.122
a,130783,0.000,-9.169,36.000,-9.169,-6.680,0.197,0.398,-0.153,2.061,9.388,2.115
a,130787,0.000,-9.257,36.000,-9.257,-7.119,0.334,0.093,0.137,2.119,9.434,2.116
a,130790,0.000,-9.341,36.000,-9.341,-7.251,0.197,-0.166,-0.519,2.072,9.471,2.105
a,130794,0.000,-9.419,36.000,-9.419,-7.207,0.029,0.001,-0.458,2.039,9.433,2.149
a,130798,0.000,-9.493,36.000,-9.493,-7.207,0.197,0.047,-0.580,2.070,9.467,2.120
a,130802,0.000,-9.562,36.000,-9.562,-7.207,-0.170,-0.395,0.382,2.128,9.457,2.097
a,130806,0.000,-9.626,36.000,-9.626,-7.207,-0.047,-0.121,0.092,2.063,9.406,2.125
a,130810,0.000,-9.685,36.000,-9.685,-7.339,0.426,0.063,-0.473,2.023,9.434,2.113
a,130815,0.000,-9.739,36.000,-9.739,-7.251,-0.338,-0.105,-1.053,2.120,9.404,2.107
a,130819,0.000,-9.788,36.000,-9.788,-7.295,-0.109,-0.166,-0.015,2.081,9.427,2.113
a,130822,0.000,-9.832,36.000,-9.832,-7.339,0.197,-0.014,-0.947,2.035,9.443,2.145
a,130827,0.000,-9.871,36.000,-9.871,-7.383,0.059,-0.121,0.092,2.137,9.427,2.116
a,130831,0.000,-9.905,36.000,-9.905,-7.295,-0.032,-0.105,-0.565,2.093,9.489,2.105
a,130834,0.000,-9.934,36.000,-9.934,-7.383,0.059,-0.029,0.763,2.052,9.449,2.136
a,130838,0.000,-9.958,36.000,-9.958,-7.734,0.151,0.536,-0.412,2.035,9.394,2.113
a,130842,0.000,-9.976,36.000,-9.976,-7.910,0.059,-0.090,0.657,2.175,9.512,2.088
a,130846,0.000,-9.989,36.000,-9.989,-7.954,-0.276,0.047,-0.122,2.045,9.416,2.126
a,130850,0.000,-9.997,36.000,-9.997,-7.954,0.151,0.261,-0.519,2.025,9.436,2.133
a,130854,0.000,-10.000,36.000,-10.000,-7.998,-0.047,-0.060,0.412,2.174,9.488,2.105
a,130858,0.000,-9.998,36.000,-9.998,-7.998,-0.109,-0.395,0.000,2.073,9.467,2.132
a,130862,0.000,-9.990,36.000,-9.990,-7.998,0.151,-0.014,-1.389,2.037,9.438,2.158
a,130866,0.000,-9.977,36.000,-9.977,-7.954,-0.047,0.093,0.092,2.134,9.446,2.096
a,130870,0.000,-9.958,36.000,-9.958,-8.042,0.029,-0.319,-0.321,2.122,9.475,2.091
a,130874,0.000,-9.935,36.000,-9.935,-7.998,0.166,0.063,0.137,2.024,9.462,2.120
a,130878,0.000,-9.906,36.000,-9.906,-7.998,0.044,0.261,-0.229,2.094,9.455,2.096
a,130883,0.000,-9.872,36.000,-9.872,-7.998,-0.063,-0.426,-0.702,2.148,9.469,2.105
a,130886,0.000,-9.833,36.000,-9.833,-7.998,-0.215,0.169,0.809,2.057,9.432,2.120
a,130890,0.000,-9.788,36.000,-9.788,-7.954,-0.047,0.124,0.489,2.046,9.445,2.097
a,130894,0.000,-9.738,36.000,-9.738,-8.042,0.120,-0.212,1.511,2.132,9.481,2.119
a,130898,0.000,-9.683,36.000,-9.683,-7.998,-0.032,-0.182,-1.863,2.060,9.455,2.120
a,130903,0.000,-9.623,36.000,-9.623,-7.998,0.197,0.215,-0.580,2.034,9.446,2.145
a,130906,0.000,-9.558,36.000,-9.558,-8.042,0.044,-0.197,1.038,2.116,9.450,2.103
a,130910,0.000,-9.487,36.000,-9.487,-7.954,-0.109,-0.060,0.260,2.072,9.461,2.101
a,130914,0.000,-9.412,36.000,-9.412,-7.998,-0.215,0.154,0.198,2.053,9.464,2.139
a,130918,0.000,-9.331,36.000,-9.331,-7.998,0.059,0.200,1.282,2.095,9.480,2.125
a,130923,0.000,-9.245,36.000,-9.245,-7.954,0.059,-0.426,0.565,2.096,9.439,2.120
a,130927,0.000,-9.154,36.000,-9.154,-7.954,0.059,0.047,-0.076,2.041,9.446,2.120
a,130931,0.000,-9.059,36.000,-9.059,-7.954,-0.047,0.001,0.809,2.072,9.486,2.088
a,130934,0.000,-8.958,36.000,-8.958,-7.954,0.044,-0.151,0.153,2.120,9.479,2.113
a,130938,0.000,-8.852,36.000,-8.852,-7.954,0.151,-0.166,-0.351,2.082,9.432,2.110
a,130942,0.000,-8.742,36.000,-8.742,-8.042,-0.017,0.261,-0.397,2.084,9.446,2.116
a,130946,0.000,-8.627,36.000,-8.627,-7.998,0.044,-0.212,-0.229,2.077,9.437,2.109
a,130951,0.000,-8.507,36.000,-8.507,-7.954,-0.002,0.108,0.046,2.067,9.458,2.127
a,130955,0.000,-8.382,36.000,-8.382,-7.998,-0.017,0.261,-0.229,2.081,9.443,2.113
a,130958,0.000,-8.253,36.000,-8.253,-7.998,-0.063,0.093,0.794,2.110,9.450,2.120
a,130963,0.000,-8.119,36.000,-8.119,-7.910,-0.047,-0.060,-0.122,2.094,9.463,2.113
a,130967,0.000,-7.981,36.000,-7.981,-7.998,-0.047,0.093,0.092,2.054,9.442,2.109
a,130970,0.000,-7.838,36.000,-7.838,-7.954,0.166,-0.060,0.046,2.089,9.465,2.116
a,130974,0.000,-7.691,36.000,-7.691,-7.998,-0.002,0.063,0.779,2.107,9.491,2.116
a,130978,0.000,-7.539,36.000,-7.539,-7.998,0.151,-0.334,-1.328,2.037,9.457,2.132
a,130982,0.000,-7.384,36.000,-7.384,-7.998,0.212,-0.121,-0.031,2.051,9.471,2.138
a,130986,0.000,-7.224,36.000,-7.224,-7.998,0.059,0.215,0.260,2.116,9.459,2.091
a,130990,0.000,-7.060,36.000,-7.060,-7.954,0.044,0.139,0.641,2.071,9.454,2.143
a,130994,0.000,-6.892,36.000,-6.892,-7.383,0.090,-0.044,-0.687,2.054,9.458,2.125
a,130998,0.000,-6.720,36.000,-6.720,-8.042,0.105,0.108,0.244,2.093,9.471,2.127
a,131002,0.000,-6.545,36.000,-6.545,-7.998,0.258,-0.441,-0.718,2.103,9.461,2.136
a,131006,0.000,-6.366,36.000,-6.366,-7.998,0.258,0.093,-0.794,2.054,9.469,2.149
a,131010,0.000,-6.183,36.000,-6.183,-7.998,-0.047,0.322,-0.122,2.085,9.418,2.107
a,131015,0.000,-5.996,36.000,-5.996,-7.822,-0.063,0.063,-0.824,2.142,9.503,2.084
a,131018,0.000,-5.806,36.000,-5.806,-7.295,0.090,-0.044,0.397,2.071,9.501,2.142
a,131022,0.000,-5.613,36.000,-5.613,-7.251,0.075,0.001,-0.580,2.082,9.493,2.122
a,131026,0.000,-5.417,36.000,-5.417,-6.372,-0.109,0.169,0.305,2.105,9.457,2.155
a,131030,0.000,-5.217,36.000,-5.217,-7.075,0.105,0.047,0.076,2.078,9.396,2.119
a,131034,0.000,-5.014,36.000,-5.014,-6.460,-0.017,0.001,-0.015,2.149,9.468,2.132
a,131038,0.000,-4.809,36.000,-4.809,-6.021,-0.078,-0.044,-0.229,2.087,9.537,2.120
a,131042,0.000,-4.601,36.000,-4.601,-5.845,0.090,-0.319,-0.504,2.082,9.498,2.139
a,131046,0.000,-4.389,36.000,-4.389,-5.713,-0.185,0.154,-0.656,2.073,9.464,2.132
a,131051,0.000,-4.176,36.000,-4.176,-5.317,-0.017,-0.548,-0.275,2.089,9.513,2.082
a,131055,0.000,-3.960,36.000,-3.960,-5.098,0.212,-0.273,0.641,2.070,9.431,2.120
a,131058,0.000,-3.741,36.000,-3.741,-5.010,0.090,0.017,-0.153,2.110,9.450,2.109
a,131062,0.000,-3.520,36.000,-3.520,-4.526,-0.063,0.429,-1.282,2.101,9.470,2.162
a,131066,0.000,-3.298,36.000,-3.298,-4.395,-0.002,-0.014,-0.015,2.076,9.469,2.072
a,131070,0.000,-3.073,36.000,-3.073,-3.911,-0.109,-0.166,0.092,2.089,9.403,2.155
a,131074,0.000,-2.846,36.000,-2.846,-3.735,0.044,0.108,0.092,2.054,9.504,2.091
a,131079,0.000,-2.618,36.000,-2.618,-3.560,-0.063,-0.197,0.244,2.151,9.448,2.138
a,131083,0.000,-2.387,36.000,-2.387,-3.120,-0.231,0.108,-0.824,2.070,9.506,2.113
a,131086,0.000,-2.156,36.000,-2.156,-3.076,-0.063,0.398,0.595,2.033,9.430,2.119
a,131090,0.000,-1.923,36.000,-1.923,-3.164,-0.276,0.093,0.412,2.105,9.443,2.101
a,131094,0.000,-1.689,36.000,-1.689,-2.505,0.212,-0.121,0.290,2.084,9.421,2.107
a,131098,0.000,-1.453,36.000,-1.453,-2.329,-0.002,0.490,0.473,2.053,9.475,2.114
a,131102,0.000,-1.217,36.000,-1.217,-0.879,0.105,0.169,-0.137,2.101,9.426,2.148
a,131107,0.000,-0.980,36.000,-0.980,-1.758,-0.002,-0.228,0.046,2.096,9.485,2.099
a,131111,0.000,-0.742,36.000,-0.742,-1.626,-0.093,-0.060,0.611,2.094,9.455,2.122
a,131114,0.000,-0.504,36.000,-0.504,-1.494,0.197,-0.319,-0.672,2.095,9.434,2.097
a,131119,0.000,-0.265,36.000,-0.265,-1.494,0.044,0.017,0.870,2.087,9.475,2.138
a,131122,0.000,-0.025,36.000,-0.025,-1.450,-0.093,0.459,1.282,2.058,9.477,2.113
a,131126,0.000,0.214,36.000,0.214,-0.923,0.090,-0.044,-0.794,2.095,9.492,2.109
a,131130,0.000,0.453,36.000,0.453,-0.835,0.258,0.047,-0.794,2.096,9.449,2.161
a,131134,0.000,0.693,36.000,0.693,-0.308,-0.109,-0.273,0.977,2.072,9.388,2.096
a,131138,0.000,0.932,36.000,0.932,-0.044,0.212,0.047,0.031,2.112,9.467,2.142
a,131142,0.000,1.170,36.000,1.170,-0.132,0.273,-0.014,0.031,2.058,9.500,2.096
a,131146,0.000,1.408,36.000,1.408,0.352,-0.063,0.017,0.489,2.071,9.401,2.145
a,131150,0.000,1.646,36.000,1.646,0.352,-0.017,0.078,-0.092,2.067,9.408,2.107
a,131154,0.000,1.883,36.000,1.883,0.571,0.059,-0.395,0.321,2.115,9.459,2.097
a,131158,0.000,2.118,36.000,2.118,0.703,0.059,0.093,0.168,2.041,9.494,2.200
a,131162,0.000,2.353,36.000,2.353,2.505,0.090,-0.121,-1.114,2.051,9.449,2.097
a,131167,0.000,2.587,36.000,2.587,1.758,-0.124,-0.212,-1.267,2.157,9.416,2.149
a,131170,0.000,2.819,36.000,2.819,1.846,0.105,-0.060,-0.137,2.058,9.446,2.101
a,131174,0.000,3.049,36.000,3.049,1.934,0.105,0.230,0.794,2.041,9.400,2.148
a,131178,0.000,3.278,36.000,3.278,1.890,-0.047,0.124,0.550,2.087,9.517,2.105
a,131182,0.000,3.506,36.000,3.506,1.978,0.075,0.001,1.084,2.103,9.427,2.119
a,131186,0.000,3.731,36.000,3.731,2.417,0.166,0.276,0.748,2.060,9.409,2.132
a,131190,0.000,3.954,36.000,3.954,2.505,0.075,-0.411,-0.794,2.128,9.448,2.088
a,131194,0.000,4.175,36.000,4.175,4.526,0.059,-0.060,0.366,2.069,9.450,2.114
a,131198,0.000,4.394,36.000,4.394,2.769,0.090,0.001,-1.176,2.095,9.471,2.110
a,131203,0.000,4.611,36.000,4.611,3.164,0.090,-0.380,-1.160,2.093,9.458,2.154
a,131206,0.000,4.825,36.000,4.825,3.252,0.090,0.353,0.794,2.067,9.444,2.125
a,131210,0.000,5.036,36.000,5.036,3.340,0.044,-0.228,-0.565,2.078,9.475,2.154
a,131215,0.000,5.244,36.000,5.244,3.823,0.258,0.124,0.473,2.108,9.493,2.143
a,131218,0.000,5.449,36.000,5.449,3.867,0.044,-0.014,-1.481,2.088,9.483,2.096
a,131222,0.000,5.652,36.000,5.652,4.043,-0.231,0.307,0.687,2.108,9.436,2.101
a,131227,0.000,5.851,36.000,5.851,4.131,0.151,-0.151,-0.305,2.052,9.487,2.132
a,131231,0.000,6.046,36.000,6.046,4.658,-0.002,-0.319,0.107,2.116,9.505,2.107
a,131235,0.000,6.239,36.000,6.239,4.790,0.090,-0.136,0.122,2.082,9.436,2.125
a,131238,0.000,6.427,36.000,6.427,5.273,-0.002,-0.151,0.702,2.094,9.495,2.097
a,131242,0.000,6.612,36.000,6.612,5.361,-0.002,-0.060,0.305,2.119,9.449,2.126
a,131246,0.000,6.793,36.000,6.793,5.405,-0.032,0.063,-0.336,2.055,9.476,2.075
a,131250,0.000,6.971,36.000,6.971,6.987,0.151,-0.060,-1.282,2.122,9.450,2.133
a,131254,0.000,7.144,36.000,7.144,5.449,-0.032,0.124,1.084,2.108,9.444,2.094
a,131259,0.000,7.313,36.000,7.313,5.537,-0.017,-0.060,-0.672,2.065,9.442,2.105
a,131263,0.000,7.477,36.000,7.477,5.625,-0.032,0.185,1.145,2.116,9.428,2.151
a,131266,0.000,7.638,36.000,7.638,5.889,-0.002,0.063,0.550,2.058,9.449,2.094
a,131271,0.000,7.794,36.000,7.794,5.537,0.258,-0.044,-0.626,2.095,9.458,2.116
a,131274,0.000,7.945,36.000,7.945,5.581,0.044,-0.319,-0.168,2.093,9.462,2.113
a,131278,0.000,8.092,36.000,8.092,5.625,0.059,-0.090,0.595,2.082,9.452,2.101
a,131282,0.000,8.233,36.000,8.233,5.977,-0.063,-0.395,-0.321,2.128,9.486,2.136
a,131286,0.000,8.370,36.000,8.370,6.064,-0.047,0.093,0.046,2.045,9.489,2.143
a,131290,0.000,8.502,36.000,8.502,6.196,0.044,-0.014,-1.053,2.089,9.432,2.138
a,131294,0.000,8.629,36.000,8.629,6.064,-0.170,-0.304,1.313,2.124,9.504,2.103
a,131298,0.000,8.751,36.000,8.751,6.240,0.166,-0.105,0.473,2.058,9.421,2.103
a,131302,0.000,8.868,36.000,8.868,6.724,-0.017,0.093,-0.290,2.063,9.389,2.130
a,131306,0.000,8.979,36.000,8.979,8.833,0.197,-0.044,-0.962,2.139,9.451,2.090
a,131310,0.000,9.085,36.000,9.085,6.812,-0.124,-0.151,-1.206,2.079,9.440,2.130
a,131315,0.000,9.185,36.000,9.185,6.987,0.151,-0.121,-0.412,2.072,9.449,2.154
a,131318,0.000,9.280,36.000,9.280,7.383,0.075,0.063,-0.412,2.110,9.454,2.113
a,131322,0.000,9.369,36.000,9.369,7.471,-0.017,-0.350,0.763,2.128,9.491,2.085
a,131326,0.000,9.453,36.000,9.453,7.603,-0.063,-0.105,-0.611,2.079,9.473,2.142
a,131330,0.000,9.531,36.000,9.531,8.042,0.059,0.108,0.092,2.036,9.492,2.103
a,131334,0.000,9.603,36.000,9.603,8.042,0.044,-0.105,-0.565,2.136,9.463,2.107
a,131338,0.000,9.669,36.000,9.669,8.086,-0.170,0.169,0.046,2.108,9.471,2.097
a,131342,0.000,9.729,36.000,9.729,8.174,0.059,0.078,0.489,2.035,9.451,2.142
a,131346,0.000,9.784,36.000,9.784,8.306,0.166,0.215,-0.092,2.115,9.418,2.133
a,131351,0.000,9.832,36.000,9.832,8.394,-0.063,-0.166,-0.489,2.134,9.444,2.079
a,131355,0.000,9.874,36.000,9.874,8.394,0.059,-0.014,-0.168,2.018,9.403,2.157
a,131358,0.000,9.910,36.000,9.910,8.350,0.044,-0.014,-0.336,2.085,9.427,2.122
a,131362,0.000,9.941,36.000,9.941,8.306,-0.002,-0.044,0.977,2.107,9.439,2.116
a,131366,0.000,9.965,36.000,9.965,8.394,0.075,-0.044,1.191,2.025,9.457,2.122
a,131370,0.000,9.982,36.000,9.982,8.438,0.273,0.169,0.580,2.065,9.459,2.139
a,131375,0.000,9.994,36.000,9.994,8.701,0.059,0.108,0.550,2.128,9.432,2.125
a,131379,0.000,10.000,36.000,10.000,8.350,-0.002,0.154,0.260,2.072,9.459,2.120
a,131383,0.000,9.999,36.000,9.999,8.350,0.090,0.047,-0.244,2.070,9.467,2.126
a,131386,0.000,9.992,36.000,9.992,8.306,0.090,0.215,-0.519,2.116,9.395,2.107
a,131390,0.000,9.979,36.000,9.979,8.350,0.059,0.307,1.130,2.085,9.468,2.133
a,131394,0.000,9.959,36.000,9.959,8.306,0.090,0.368,-0.840,2.069,9.439,2.126
a,131398,0.000,9.933,36.000,9.933,8.262,0.212,0.063,0.641,2.081,9.418,2.085
a,131403,0.000,9.901,36.000,9.901,8.350,-0.002,-0.258,0.489,2.107,9.440,2.103
a,131407,0.000,9.863,36.000,9.863,8.350,0.334,0.063,0.473,2.045,9.424,2.099
a,131410,0.000,9.819,36.000,9.819,8.306,-0.002,-0.014,-0.168,2.072,9.444,2.093
a,131415,0.000,9.768,36.000,9.768,8.394,-0.139,0.108,-0.290,2.095,9.436,2.132
a,131419,0.000,9.711,36.000,9.711,8.394,0.090,0.047,-1.008,2.066,9.459,2.119
a,131422,0.000,9.648,36.000,9.648,8.350,0.273,-0.044,0.916,2.082,9.446,2.136
a,131426,0.000,9.579,36.000,9.579,8.262,-0.124,-0.212,-0.824,2.107,9.469,2.114
a,131430,0.000,9.504,36.000,9.504,8.350,-0.063,-0.014,-0.565,2.089,9.449,2.101
a,131434,0.000,9.422,36.000,9.422,8.306,-0.063,0.078,-0.031,2.091,9.454,2.105
a,131438,0.000,9.335,36.000,9.335,8.350,-0.078,0.124,-0.840,2.113,9.482,2.120
a,131442,0.000,9.242,36.000,9.242,8.350,-0.063,-0.228,-0.824,2.101,9.457,2.119
a,131446,0.000,9.142,36.000,9.142,8.350,-0.063,-0.166,-0.992,2.073,9.439,2.148
a,131450,0.000,9.037,36.000,9.037,8.306,0.090,0.093,-0.458,2.116,9.451,2.122
a,131454,0.000,8.926,36.000,8.926,8.350,-0.154,0.246,1.191,2.095,9.437,2.110
a,131458,0.000,8.809,36.000,8.809,8.350,-0.124,0.154,-0.290,2.101,9.428,2.136
a,131462,0.000,8.687,36.000,8.687,8.350,0.212,0.108,1.023,2.101,9.455,2.114
a,131467,0.000,8.559,36.000,8.559,8.350,-0.047,-0.105,0.092,2.107,9.434,2.132
a,131470,0.000,8.425,36.000,8.425,8.306,-0.109,-0.014,-0.122,2.088,9.459,2.097
a,131474,0.000,8.286,36.000,8.286,8.306,-0.063,-0.014,0.641,2.101,9.458,2.125
a,131478,0.000,8.141,36.000,8.141,8.306,0.151,-0.151,-0.733,2.082,9.462,2.094
a,131482,0.000,7.992,36.000,7.992,8.262,0.044,0.093,-0.397,2.100,9.443,2.119
a,131486,0.000,7.836,36.000,7.836,8.350,-0.109,0.093,1.450,2.067,9.433,2.084
a,131490,0.000,7.676,36.000,7.676,8.394,-0.109,0.017,0.809,2.095,9.452,2.119
a,131494,0.000,7.511,36.000,7.511,8.306,0.059,0.093,0.412,2.101,9.457,2.125
a,131499,0.000,7.340,36.000,7.340,8.394,-0.002,-0.014,0.366,2.103,9.421,2.113
a,131503,0.000,7.165,36.000,7.165,8.350,-0.002,0.261,-0.183,2.100,9.442,2.114
a,131506,0.000,6.985,36.000,6.985,9.800,-0.124,0.047,-0.229,2.091,9.425,2.113
a,131510,0.000,6.801,36.000,6.801,8.306,-0.200,-0.151,-0.290,2.101,9.448,2.084
a,131514,0.000,6.611,36.000,6.611,9.053,0.059,-0.090,0.809,2.048,9.474,2.138
a,131518,0.000,6.418,36.000,6.418,8.350,-0.215,0.001,-0.076,2.105,9.438,2.075
a,131522,0.000,6.220,36.000,6.220,8.745,-0.215,-0.151,0.702,2.084,9.499,2.138
a,131526,0.000,6.018,36.000,6.018,8.394,-0.170,-0.014,-0.122,2.082,9.420,2.088
a,131531,0.000,5.812,36.000,5.812,8.306,-0.124,0.063,-0.290,2.124,9.426,2.103
a,131535,0.000,5.602,36.000,5.602,8.086,-0.276,0.001,0.702,2.070,9.469,2.094
a,131538,0.000,5.388,36.000,5.388,8.086,0.044,-0.090,0.076,2.093,9.504,2.148
a,131542,0.000,5.170,36.000,5.170,8.174,-0.383,-0.624,0.779,2.178,9.483,2.109
a,131546,0.000,4.949,36.000,4.949,7.646,-0.246,0.169,-0.336,2.052,9.620,2.142
a,131551,0.000,4.725,36.000,4.725,8.086,-0.185,0.124,0.870,2.083,9.451,2.084
a,131554,0.000,4.497,36.000,4.497,6.987,-0.093,0.001,1.359,2.109,9.446,2.099
a,131559,0.000,4.266,36.000,4.266,6.768,0.014,-0.151,1.420,2.063,9.436,2.126
a,131562,0.000,4.032,36.000,4.032,6.680,-0.002,0.444,0.748,2.051,9.424,2.113
a,131566,0.000,3.795,36.000,3.795,6.240,-0.170,0.001,0.153,2.167,9.473,2.076
a,131571,0.000,3.556,36.000,3.556,6.987,-0.109,-0.319,0.611,2.065,9.391,2.126
a,131574,0.000,3.314,36.000,3.314,6.064,0.029,-0.105,-0.290,2.005,9.494,2.046
a,131578,0.000,3.070,36.000,3.070,5.977,-0.109,0.063,0.763,2.112,9.459,2.174
a,131582,0.000,2.824,36.000,2.824,5.186,0.182,-0.380,-1.481,2.055,9.418,2.110
a,131586,0.000,2.575,36.000,2.575,4.702,-0.154,-0.212,1.252,2.122,9.436,2.133
a,131590,0.000,2.325,36.000,2.325,4.175,0.212,0.246,0.687,2.039,9.384,2.130
a,131594,0.000,2.073,36.000,2.073,6.812,-0.017,0.108,-1.053,2.079,9.433,2.109
a,131598,0.000,1.819,36.000,1.819,3.867,-0.231,-0.090,0.031,2.126,9.437,2.107
a,131602,0.000,1.564,36.000,1.564,3.428,-0.002,-0.212,0.305,2.058,9.483,2.090
a,131606,0.000,1.308,36.000,1.308,3.208,0.105,-0.044,0.397,2.082,9.452,2.142
a,131610,0.000,1.051,36.000,1.051,3.208,-0.002,0.047,-0.015,2.085,9.489,2.109
a,131615,0.000,0.793,36.000,0.793,2.812,-0.063,-0.426,-0.214,2.157,9.480,2.125
a,131618,0.000,0.534,36.000,0.534,2.681,0.044,-0.060,-0.565,2.014,9.406,2.070
a,131622,0.000,0.274,36.000,0.274,2.681,-0.063,0.047,-0.718,2.094,9.483,2.120
a,131626,0.000,0.015,36.000,0.015,2.461,-0.017,0.108,-0.229,2.071,9.465,2.127
a,131630,0.000,-0.245,36.000,-0.245,1.978,-0.139,-0.319,-0.275,2.076,9.426,2.107
a,131634,0.000,-0.505,36.000,-0.505,1.934,-0.185,0.124,-0.198,2.071,9.397,2.090
a,131639,0.000,-0.765,36.000,-0.765,1.758,-0.047,0.001,-0.015,2.070,9.408,2.084
a,131643,0.000,-1.024,36.000,-1.024,2.725,-0.063,0.047,-0.397,2.031,9.377,2.161
a,131647,0.000,-1.283,36.000,-1.283,0.615,-0.215,0.063,-0.015,2.095,9.406,2.081
a,131651,0.000,-1.541,36.000,-1.541,0.396,-0.063,-0.014,-1.252,2.094,9.376,2.150
a,131655,0.000,-1.798,36.000,-1.798,-0.176,-0.047,0.093,0.305,2.041,9.504,2.096
a,131659,0.000,-2.054,36.000,-2.054,-0.220,0.151,-0.197,-0.214,2.169,9.404,2.157
a,131662,0.000,-2.309,36.000,-2.309,-0.352,-0.017,0.093,-0.458,2.000,9.452,2.047
a,131666,0.000,-2.563,36.000,-2.563,-0.791,0.059,0.093,0.260,2.066,9.396,2.168
a,131670,0.000,-2.815,36.000,-2.815,-0.923,-0.170,-0.228,-0.122,2.119,9.442,2.088
a,131674,0.000,-3.065,36.000,-3.065,-1.406,0.365,0.063,-0.519,2.040,9.459,2.138
a,131679,0.000,-3.313,36.000,-3.313,-1.494,-0.002,0.063,-0.076,2.085,9.465,2.096
a,131683,0.000,-3.559,36.000,-3.559,-1.626,-0.215,0.047,-0.183,2.082,9.407,2.127
a,131687,0.000,-3.803,36.000,-3.803,-1.714,-0.047,-0.182,-0.687,2.051,9.440,2.063
a,131690,0.000,-4.045,36.000,-4.045,-1.758,-0.017,-0.029,0.595,2.136,9.473,2.138
a,131694,0.000,-4.283,36.000,-4.283,-2.109,-0.109,-0.105,1.038,2.063,9.486,2.065
a,131699,0.000,-4.519,36.000,-4.519,-2.241,0.044,0.169,0.046,2.008,9.439,2.148
a,131703,0.000,-4.752,36.000,-4.752,-2.417,-0.124,-0.228,-0.611,2.152,9.398,2.120
a,131707,0.000,-4.982,36.000,-4.982,-2.505,-0.093,-0.029,1.084,2.073,9.469,2.099
a,131710,0.000,-5.209,36.000,-5.209,-5.054,0.197,0.154,-0.244,1.954,9.479,2.161
a,131715,0.000,-5.432,36.000,-5.432,-3.120,-0.109,-0.121,-0.015,2.162,9.457,2.070
a,131719,0.000,-5.651,36.000,-5.651,-3.208,-0.231,-0.166,-0.458,2.070,9.416,2.107
a,131723,0.000,-5.867,36.000,-5.867,-3.647,0.136,0.276,-0.244,2.004,9.408,2.072
a,131726,0.000,-6.079,36.000,-6.079,-3.779,-0.170,0.032,2.153,2.179,9.451,2.139
a,131730,0.000,-6.286,36.000,-6.286,-3.867,-0.063,-0.151,-0.779,2.102,9.572,2.065
a,131734,0.000,-6.490,36.000,-6.490,-4.263,0.166,0.093,0.076,2.004,9.421,2.145
a,131738,0.000,-6.689,36.000,-6.689,-4.482,-0.032,0.246,-0.580,2.076,9.468,2.110
a,131742,0.000,-6.883,36.000,-6.883,-4.438,-0.292,-0.334,-1.145,2.107,9.407,2.037
a,131746,0.000,-7.073,36.000,-7.073,-4.526,-0.063,0.078,0.870,2.040,9.396,2.158
a,131750,0.000,-7.258,36.000,-7.258,-4.570,0.105,0.169,0.290,2.093,9.483,2.125
a,131754,0.000,-7.437,36.000,-7.437,-5.010,-0.322,-0.472,0.672,2.178,9.481,2.099
a,131758,0.000,-7.612,36.000,-7.612,-4.966,-0.231,-0.105,-0.504,2.054,9.578,2.130
a,131762,0.000,-7.782,36.000,-7.782,-5.098,0.197,0.322,-0.305,2.066,9.396,2.109
a,131767,0.000,-7.946,36.000,-7.946,-4.526,0.059,-0.014,0.092,2.112,9.403,2.157
a,131770,0.000,-8.104,36.000,-8.104,-5.273,0.059,-0.395,0.214,2.113,9.421,2.107
a,131774,0.000,-8.257,36.000,-8.257,-5.713,0.182,0.230,1.359,2.027,9.432,2.151
a,131778,0.000,-8.405,36.000,-8.405,-5.757,-0.185,-0.044,-0.229,2.099,9.517,2.081
a,131782,0.000,-8.546,36.000,-8.546,-5.889,0.044,-0.380,0.321,2.151,9.499,2.145
a,131786,0.000,-8.681,36.000,-8.681,-5.933,-0.185,0.261,-0.458,2.039,9.425,2.127
a,131790,0.000,-8.811,36.000,-8.811,-5.977,0.105,0.047,-0.198,2.053,9.504,2.110
a,131794,0.000,-8.934,36.000,-8.934,-5.977,-0.047,0.032,1.176,2.138,9.476,2.090
a,131798,0.000,-9.051,36.000,-9.051,-6.504,-0.215,-0.212,0.489,2.073,9.457,2.130
a,131803,0.000,-9.161,36.000,-9.161,-6.504,0.166,0.230,0.076,2.055,9.376,2.105
a,131807,0.000,-9.265,36.000,-9.265,-6.548,0.044,-0.060,-0.779,2.127,9.463,2.097
a,131810,0.000,-9.362,36.000,-9.362,-7.075,-0.170,-0.166,-0.076,2.116,9.461,2.110
a,131814,0.000,-9.453,36.000,-9.453,-7.119,-0.109,0.093,-0.183,2.105,9.439,2.107
a,131818,0.000,-9.537,36.000,-9.537,-5.713,-0.032,-0.090,1.466,2.089,9.530,2.091
a,131822,0.000,-9.614,36.000,-9.614,-7.119,0.105,-0.121,-0.198,2.128,9.391,2.113
a,131826,0.000,-9.685,36.000,-9.685,-7.207,-0.032,0.032,-1.695,2.004,9.428,2.101
a,131831,0.000,-9.748,36.000,-9.748,-7.207,0.136,0.230,-0.351,2.108,9.482,2.116
a,131835,0.000,-9.804,36.000,-9.804,-7.251,-0.109,-0.060,-0.015,2.131,9.464,2.114
a,131838,0.000,-9.854,36.000,-9.854,-7.295,-0.170,-0.029,0.931,2.066,9.426,2.101
a,131842,0.000,-9.896,36.000,-9.896,-7.383,0.044,0.230,-0.611,2.105,9.448,2.149
a,131846,0.000,-9.931,36.000,-9.931,-7.383,-0.215,-0.044,0.305,2.110,9.463,2.085
a,131850,0.000,-9.959,36.000,-9.959,-7.383,-0.047,0.353,1.038,2.060,9.462,2.148
a,131855,0.000,-9.980,36.000,-9.980,-7.778,0.197,0.185,0.962,1.999,9.450,2.133
a,131859,0.000,-9.993,36.000,-9.993,-7.910,-0.002,-0.228,0.092,2.156,9.445,2.116
a,131862,0.000,-10.000,36.000,-10.000,-7.954,-0.047,0.017,1.038,2.045,9.419,2.127
a,131867,0.000,-9.998,36.000,-9.998,-8.042,0.044,0.276,-0.397,2.029,9.444,2.132
a,131870,0.000,-9.990,36.000,-9.990,-8.042,-0.002,-0.151,0.153,2.130,9.452,2.116
a,131874,0.000,-9.974,36.000,-9.974,-7.998,0.075,-0.136,-0.489,2.076,9.446,2.113
a,131878,0.000,-9.951,36.000,-9.951,-8.086,0.120,0.230,1.832,2.058,9.410,2.145
a,131882,0.000,-9.921,36.000,-9.921,-8.042,-0.017,0.169,-0.824,2.120,9.469,2.126
a,131886,0.000,-9.884,36.000,-9.884,-7.954,-0.063,-0.166,-1.206,2.127,9.427,2.119
a,131890,0.000,-9.839,36.000,-9.839,-8.042,0.166,0.063,0.641,2.049,9.452,2.139
a,131894,0.000,-9.786,36.000,-9.786,-8.042,-0.017,0.001,0.198,2.101,9.457,2.097
a,131898,0.000,-9.727,36.000,-9.727,-8.042,0.044,0.261,0.916,2.108,9.470,2.105
a,131902,0.000,-9.660,36.000,-9.660,-8.086,0.197,0.185,-0.107,2.087,9.454,2.133
a,131906,0.000,-9.587,36.000,-9.587,-8.086,0.059,0.108,0.046,2.046,9.452,2.110
a,131910,0.000,-9.506,36.000,-9.506,-8.086,-0.124,0.108,-0.672,2.130,9.467,2.122
a,131915,0.000,-9.418,36.000,-9.418,-7.998,-0.002,-0.228,-0.076,2.058,9.431,2.116
a,131918,0.000,-9.323,36.000,-9.323,-7.998,-0.017,-0.044,-0.779,2.066,9.428,2.138
a,131922,0.000,-9.220,36.000,-9.220,-8.042,-0.002,0.063,0.489,2.100,9.479,2.113
a,131926,0.000,-9.111,36.000,-9.111,-8.042,-0.047,0.154,0.153,2.097,9.455,2.105
a,131930,0.000,-8.996,36.000,-8.996,-8.086,0.059,0.047,0.198,2.051,9.421,2.130
a,131934,0.000,-8.873,36.000,-8.873,-8.042,-0.124,-0.151,-0.611,2.095,9.424,2.125
a,131938,0.000,-8.744,36.000,-8.744,-8.086,-0.063,0.063,-0.290,2.099,9.473,2.107
a,131942,0.000,-8.608,36.000,-8.608,-8.042,-0.017,-0.060,-0.611,2.054,9.445,2.120
a,131946,0.000,-8.465,36.000,-8.465,-7.998,-0.002,0.215,-0.122,2.076,9.463,2.113
a,131951,0.000,-8.316,36.000,-8.316,-7.998,-0.047,-0.228,0.061,2.089,9.470,2.103
a,131955,0.000,-8.161,36.000,-8.161,-8.042,-0.170,0.169,-0.015,2.073,9.430,2.125
a,131959,0.000,-8.000,36.000,-8.000,-7.998,-0.063,-0.060,-1.160,2.076,9.420,2.126
a,131963,0.000,-7.832,36.000,-7.832,-8.042,-0.139,-0.060,-1.649,2.085,9.444,2.094
a,131966,0.000,-7.658,36.000,-7.658,-7.998,0.319,-0.029,0.168,2.077,9.475,2.125
a,131970,0.000,-7.479,36.000,-7.479,-7.998,-0.109,0.063,0.153,2.085,9.487,2.119
a,131974,0.000,-7.293,36.000,-7.293,-8.042,-0.276,-0.044,-0.015,2.087,9.474,2.127
a,131978,0.000,-7.103,36.000,-7.103,-8.042,-0.047,0.215,0.366,2.112,9.493,2.126
a,131983,0.000,-6.906,36.000,-6.906,-8.525,-0.093,-0.105,1.252,2.085,9.499,2.116
a,131987,0.000,-6.704,36.000,-6.704,-7.998,0.212,0.215,0.244,2.035,9.455,2.133
a,131990,0.000,-6.497,36.000,-6.497,-7.998,0.151,0.368,-1.496,2.138,9.464,2.099
a,131994,0.000,-6.285,36.000,-6.285,-7.822,0.075,0.078,1.466,2.122,9.451,2.099
a,131998,0.000,-6.068,36.000,-6.068,-4.570,0.273,0.154,-0.031,2.041,9.456,2.130
a,132003,0.000,-5.846,36.000,-5.846,-6.504,0.090,-0.212,-1.450,2.101,9.527,2.107
a,132006,0.000,-5.620,36.000,-5.620,-7.251,0.059,-0.121,0.366,2.094,9.443,2.142
a,132011,0.000,-5.389,36.000,-5.389,-7.163,0.166,0.490,0.168,2.024,9.401,2.096
a,132014,0.000,-5.154,36.000,-5.154,-6.680,0.166,0.001,0.290,2.107,9.483,2.122
a,132018,0.000,-4.915,36.000,-4.915,-6.372,-0.231,-0.380,0.382,2.154,9.468,2.105
a,132022,0.000,-4.672,36.000,-4.672,-6.372,0.151,0.108,-0.687,1.990,9.487,2.133
a,132026,0.000,-4.425,36.000,-4.425,-5.889,0.044,0.429,-0.244,2.097,9.536,2.130
a,132030,0.000,-4.174,36.000,-4.174,-2.549,-0.170,-0.166,0.412,2.146,9.475,2.116
a,132034,0.000,-3.921,36.000,-3.921,-5.361,0.182,-0.044,-0.626,2.052,9.432,2.126
a,132038,0.000,-3.664,36.000,-3.664,-4.482,0.044,0.001,-0.672,2.105,9.458,2.180
a,132042,0.000,-3.404,36.000,-3.404,-4.614,-0.078,0.108,-0.611,2.095,9.534,2.097
a,132046,0.000,-3.141,36.000,-3.141,-4.438,0.319,-0.334,-0.885,2.085,9.471,2.139
a,132050,0.000,-2.875,36.000,-2.875,-4.351,0.105,-0.151,0.244,2.093,9.506,2.109
a,132054,0.000,-2.608,36.000,-2.608,-3.735,0.319,0.215,-0.351,2.076,9.439,2.132
a,132058,0.000,-2.338,36.000,-2.338,-3.647,0.212,0.169,0.031,2.083,9.492,2.139
a,132062,0.000,-2.066,36.000,-2.066,-3.076,0.472,-0.166,-0.473,2.076,9.445,2.167
a,132067,0.000,-1.792,36.000,-1.792,-3.076,0.105,0.154,-0.031,2.063,9.489,2.125
a,132070,0.000,-1.516,36.000,-1.516,-1.670,0.151,0.001,-1.221,2.114,9.483,2.096
a,132074,0.000,-1.240,36.000,-1.240,-2.461,0.105,0.063,0.794,2.063,9.398,2.125
a,132078,0.000,-0.962,36.000,-0.962,-2.285,-0.047,-0.014,-0.076,2.112,9.481,2.090
a,132082,0.000,-0.683,36.000,-0.683,-2.197,0.273,0.185,0.687,2.107,9.495,2.142
a,132086,0.000,-0.403,36.000,-0.403,-1.758,-0.200,-0.380,-0.550,2.093,9.450,2.113
a,132090,0.000,-0.123,36.000,-0.123,-2.109,0.151,0.154,-0.901,2.089,9.445,2.120
a,132094,0.000,0.157,36.000,0.157,-1.582,-0.002,0.139,1.130,2.045,9.392,2.095
a,132098,0.000,0.437,36.000,0.437,-1.099,-0.276,-0.334,-0.153,2.169,9.444,2.113
a,132103,0.000,0.718,36.000,0.718,-0.791,-0.185,0.169,-0.611,2.077,9.488,2.122
a,132106,0.000,0.997,36.000,0.997,-0.308,-0.017,-0.090,0.595,2.105,9.470,2.105
a,132110,0.000,1.277,36.000,1.277,-0.220,0.059,-0.258,0.489,2.126,9.455,2.133
a,132114,0.000,1.555,36.000,1.555,-0.132,0.166,-0.044,0.580,2.022,9.457,2.116
a,132118,0.000,1.832,36.000,1.832,0.000,0.044,0.154,-0.336,2.096,9.449,2.149
a,132122,0.000,2.108,36.000,2.108,0.527,0.059,0.124,0.550,2.120,9.506,2.101
a,132127,0.000,2.383,36.000,2.383,0.703,-0.002,0.001,0.046,2.071,9.409,2.119
a,132131,0.000,2.656,36.000,2.656,1.187,-0.047,-0.105,0.657,2.081,9.395,2.133
a,132135,0.000,2.927,36.000,2.927,1.758,0.059,-0.212,-0.183,2.198,9.428,2.081
a,132138,0.000,3.196,36.000,3.196,1.934,-0.292,-0.151,-0.718,2.042,9.494,2.133
a,132142,0.000,3.462,36.000,3.462,5.186,0.059,0.429,-0.031,2.069,9.455,2.154
a,132146,0.000,3.726,36.000,3.726,2.461,-0.124,0.154,-0.397,2.073,9.439,2.103
a,132150,0.000,3.987,36.000,3.987,3.516,0.059,-0.014,0.366,2.097,9.438,2.154
a,132154,0.000,4.245,36.000,4.245,2.681,-0.063,-0.121,-0.565,2.097,9.481,2.114
a,132159,0.000,4.499,36.000,4.499,3.208,-0.002,-0.014,0.153,2.084,9.521,2.139
a,132163,0.000,4.751,36.000,4.751,3.252,0.090,-0.365,-0.137,2.102,9.499,2.108
a,132166,0.000,4.998,36.000,4.998,3.384,-0.124,-0.121,-0.397,2.116,9.506,2.164
a,132171,0.000,5.242,36.000,5.242,3.516,-0.170,0.429,0.244,2.000,9.461,2.110
a,132175,0.000,5.482,36.000,5.482,3.955,0.151,0.078,0.687,2.179,9.465,2.101
a,132178,0.000,5.717,36.000,5.717,4.175,-0.139,0.063,-0.885,2.122,9.470,2.078
a,132182,0.000,5.948,36.000,5.948,4.702,-0.109,0.169,1.038,2.029,9.442,2.132
a,132186,0.000,6.175,36.000,6.175,4.834,0.182,0.353,-0.489,2.136,9.486,2.133
a,132190,0.000,6.396,36.000,6.396,5.273,-0.185,-0.273,-0.992,2.116,9.471,2.097
a,132194,0.000,6.612,36.000,6.612,5.405,-0.307,0.337,1.191,2.022,9.425,2.122
a,132198,0.000,6.824,36.000,6.824,5.405,0.105,0.047,0.137,2.113,9.428,2.120
a,132202,0.000,7.029,36.000,7.029,5.317,-0.170,-0.151,-0.015,2.130,9.444,2.075
a,132206,0.000,7.230,36.000,7.230,5.493,-0.002,0.001,0.657,2.069,9.413,2.154
a,132210,0.000,7.424,36.000,7.424,5.977,0.059,0.368,0.412,2.039,9.499,2.125
a,132214,0.000,7.612,36.000,7.612,5.977,-0.063,0.169,-0.015,2.157,9.487,2.075
a,132218,0.000,7.795,36.000,7.795,5.977,-0.002,-0.441,-0.107,2.088,9.445,2.107
a,132222,0.000,7.971,36.000,7.971,6.021,0.151,0.139,0.565,2.002,9.442,2.155
a,132226,0.000,8.141,36.000,8.141,6.064,0.044,-0.105,-0.122,2.102,9.454,2.109
a,132230,0.000,8.304,36.000,8.304,6.196,0.044,-0.121,-1.374,2.115,9.457,2.143
a,132235,0.000,8.460,36.000,8.460,6.240,0.197,0.230,-0.031,2.070,9.468,2.103
a,132238,0.000,8.609,36.000,8.609,6.328,0.182,0.139,-2.046,2.082,9.474,2.143
a,132242,0.000,8.752,36.000,8.752,7.383,-0.170,-0.121,-0.076,2.089,9.469,2.110
a,132246,0.000,8.887,36.000,8.887,6.680,0.105,0.063,0.031,2.076,9.437,2.142
a,132250,0.000,9.016,36.000,9.016,6.812,0.059,0.047,0.214,2.134,9.500,2.096
a,132254,0.000,9.136,36.000,9.136,6.987,0.029,0.124,-0.687,2.087,9.491,2.148
a,132259,0.000,9.250,36.000,9.250,7.603,0.105,0.063,-0.137,2.061,9.420,2.081
a,132263,0.000,9.355,36.000,9.355,7.603,-0.032,0.246,1.252,2.120,9.419,2.119
a,132267,0.000,9.453,36.000,9.453,7.690,-0.109,-0.014,1.237,2.048,9.439,2.125
a,132270,0.000,9.543,36.000,9.543,8.174,0.090,0.001,-0.092,2.042,9.433,2.119
a,132274,0.000,9.626,36.000,9.626,8.086,-0.109,-0.090,1.527,2.148,9.464,2.103
a,132278,0.000,9.700,36.000,9.700,8.130,0.105,-0.151,0.916,2.058,9.461,2.122
a,132282,0.000,9.766,36.000,9.766,8.262,0.258,0.093,-0.687,2.042,9.446,2.161
a,132286,0.000,9.824,36.000,9.824,8.306,-0.063,-0.060,-0.290,2.143,9.452,2.107
a,132291,0.000,9.874,36.000,9.874,8.306,-0.063,-0.090,-0.198,2.073,9.458,2.081
a,132295,0.000,9.916,36.000,9.916,8.350,0.212,0.093,0.031,2.054,9.450,2.155
a,132299,0.000,9.949,36.000,9.949,8.350,0.105,0.001,0.534,2.113,9.471,2.113
a,132302,0.000,9.974,36.000,9.974,8.350,-0.307,0.078,-1.496,2.113,9.422,2.097
a,132306,0.000,9.991,36.000,9.991,8.306,0.182,0.108,1.237,2.042,9.427,2.127
a,132310,0.000,9.999,36.000,9.999,8.350,-0.170,0.001,0.153,2.116,9.458,2.126
a,132314,0.000,9.999,36.000,9.999,8.350,0.075,0.108,2.061,2.119,9.452,2.113
a,132318,0.000,9.990,36.000,9.990,14.019,-0.063,-0.105,-0.779,2.048,9.443,2.142
a,132322,0.000,9.973,36.000,9.973,8.350,-0.002,-0.228,0.198,2.057,9.492,2.126
a,132326,0.000,9.948,36.000,9.948,8.394,0.044,-0.044,-0.779,2.114,9.457,2.122
a,132330,0.000,9.914,36.000,9.914,8.350,0.319,-0.334,-1.099,2.100,9.485,2.125
a,132334,0.000,9.871,36.000,9.871,8.350,-0.017,0.368,-0.992,2.058,9.470,2.130
a,132338,0.000,9.820,36.000,9.820,8.350,-0.063,0.063,-0.290,2.070,9.474,2.075
a,132342,0.000,9.761,36.000,9.761,8.394,0.044,-0.273,-1.206,2.113,9.459,2.139
a,132346,0.000,9.693,36.000,9.693,8.306,-0.002,-0.166,0.412,2.070,9.483,2.105
a,132351,0.000,9.617,36.000,9.617,8.789,-0.002,0.063,0.763,2.097,9.442,2.130
a,132355,0.000,9.533,36.000,9.533,8.394,0.044,0.154,-0.718,2.107,9.455,2.103
a,132358,0.000,9.441,36.000,9.441,8.701,-0.215,-0.380,-1.817,2.067,9.493,2.120
a,132362,0.000,9.340,36.000,9.340,8.394,-0.124,-0.090,-0.137,2.067,9.439,2.127
a,132367,0.000,9.231,36.000,9.231,8.350,-0.047,-0.151,-0.076,2.102,9.477,2.094
a,132371,0.000,9.115,36.000,9.115,8.350,-0.322,0.169,0.366,2.083,9.459,2.136
a,132375,0.000,8.990,36.000,8.990,8.394,0.059,-0.060,0.260,2.065,9.456,2.109
a,132379,0.000,8.858,36.000,8.858,8.350,-0.047,0.001,0.809,2.082,9.449,2.116
a,132382,0.000,8.717,36.000,8.717,8.350,-0.231,-0.151,-0.290,2.083,9.463,2.096
a,132386,0.000,8.570,36.000,8.570,8.438,0.029,-0.105,-0.458,2.066,9.430,2.109
a,132390,0.000,8.414,36.000,8.414,8.394,0.136,-0.212,-1.176,2.091,9.476,2.127
a,132394,0.000,8.252,36.000,8.252,8.394,-0.063,-0.121,-0.611,2.094,9.446,2.122
a,132399,0.000,8.082,36.000,8.082,8.306,0.151,0.154,-1.374,2.084,9.432,2.132
a,132403,0.000,7.905,36.000,7.905,8.394,-0.002,0.215,0.305,2.085,9.456,2.113
a,132406,0.000,7.721,36.000,7.721,8.394,0.212,-0.090,0.855,2.082,9.430,2.105
a,132411,0.000,7.530,36.000,7.530,8.394,0.166,-0.029,1.450,2.071,9.456,2.120
a,132415,0.000,7.332,36.000,7.332,8.394,-0.185,0.017,0.031,2.083,9.457,2.109
a,132418,0.000,7.128,36.000,7.128,8.350,0.166,-0.166,-0.198,2.105,9.455,2.113
a,132422,0.000,6.917,36.000,6.917,8.306,0.059,0.047,-0.183,2.100,9.459,2.097
a,132426,0.000,6.701,36.000,6.701,8.350,-0.063,-0.166,-0.336,2.078,9.452,2.120
a,132430,0.000,6.478,36.000,6.478,8.306,-0.338,0.154,-0.275,2.058,9.470,2.127
a,132434,0.000,6.249,36.000,6.249,8.350,0.059,-0.380,0.214,2.154,9.400,2.122
a,132438,0.000,6.015,36.000,6.015,9.492,-0.063,0.017,0.137,2.077,9.471,2.096
a,132442,0.000,5.776,36.000,5.776,8.262,-0.215,-0.105,0.153,2.066,9.552,2.143
a,132446,0.000,5.531,36.000,5.531,8.174,-0.124,-0.502,-0.443,2.112,9.603,2.145
a,132450,0.000,5.281,36.000,5.281,7.690,0.166,-0.044,0.641,2.120,9.553,2.142
a,132454,0.000,5.026,36.000,5.026,8.921,-0.170,-0.105,0.198,2.099,9.516,2.127
a,132458,0.000,4.767,36.000,4.767,7.603,-0.063,0.246,0.702,2.093,9.444,2.116
a,132462,0.000,4.503,36.000,4.503,7.383,-0.124,-0.380,0.214,2.107,9.440,2.103
a,132467,0.000,4.235,36.000,4.235,6.812,-0.124,-0.289,-0.489,2.041,9.439,2.132
a,132470,0.000,3.963,36.000,3.963,7.515,0.044,0.185,0.183,2.058,9.458,2.099
a,132474,0.000,3.688,36.000,3.688,7.383,-0.322,-0.044,0.046,2.178,9.455,2.122
a,132478,0.000,3.409,36.000,3.409,6.196,-0.093,-0.029,1.191,2.055,9.523,2.133
a,132482,0.000,3.126,36.000,3.126,6.108,0.059,0.230,1.038,2.063,9.483,2.088
a,132486,0.000,2.841,36.000,2.841,5.933,0.044,0.047,-0.290,2.101,9.515,2.122
a,132490,0.000,2.553,36.000,2.553,5.317,0.151,0.276,0.076,2.097,9.491,2.097
a,132494,0.000,2.263,36.000,2.263,4.746,-0.124,-0.243,0.580,2.070,9.437,2.126
a,132499,0.000,1.970,36.000,1.970,4.614,0.151,0.093,0.779,2.107,9.367,2.107
a,132503,0.000,1.676,36.000,1.676,4.087,0.258,0.063,0.244,2.087,9.501,2.107
a,132506,0.000,1.379,36.000,1.379,3.867,-0.032,-0.426,-0.977,2.118,9.437,2.145
a,132510,0.000,1.082,36.000,1.082,4.702,0.090,0.368,-0.840,2.004,9.428,2.119
a,132514,0.000,0.783,36.000,0.783,3.164,-0.246,0.276,-0.824,2.144,9.489,2.096
a,132518,0.000,0.483,36.000,0.483,3.164,-0.215,-0.334,0.321,2.154,9.483,2.122
a,132522,0.000,0.183,36.000,0.183,3.120,-0.078,-0.090,-0.305,2.014,9.437,2.107
a,132527,0.000,-0.118,36.000,-0.118,2.593,0.044,0.276,-0.290,2.060,9.458,2.120
a,132531,0.000,-0.419,36.000,-0.419,2.417,-0.307,0.001,-0.290,2.128,9.471,2.109
a,132535,0.000,-0.720,36.000,-0.720,1.978,-0.063,-0.273,-0.672,2.052,9.431,2.133
a,132538,0.000,-1.020,36.000,-1.020,1.890,0.090,0.093,-0.519,2.081,9.450,2.132
a,132542,0.000,-1.319,36.000,-1.319,1.406,-0.017,-0.273,0.153,2.139,9.422,2.094
a,132546,0.000,-1.618,36.000,-1.618,1.099,-0.170,-0.289,-0.015,2.081,9.493,2.114
a,132550,0.000,-1.915,36.000,-1.915,0.659,-0.078,-0.334,-1.802,2.042,9.434,2.143
a,132554,0.000,-2.211,36.000,-2.211,0.527,-0.231,-0.044,-0.183,2.099,9.422,2.101
a,132559,0.000,-2.504,36.000,-2.504,-0.132,-0.231,-0.044,-0.565,2.128,9.395,2.088
a,132563,0.000,-2.796,36.000,-2.796,-0.176,-0.017,0.368,-0.504,2.020,9.395,2.113
a,132566,0.000,-3.086,36.000,-3.086,-0.176,0.029,0.017,-0.626,2.077,9.451,2.093
a,132571,0.000,-3.372,36.000,-3.372,-0.703,-0.166,-0.035,0.410,2.155,9.402,2.109
a,132575,0.000,-3.656,36.000,-3.656,-0.791,-0.166,-0.035,-0.079,2.042,9.440,2.097
a,132578,0.000,-3.937,36.000,-3.937,0.571,0.063,0.347,0.150,2.027,9.431,2.138
a,132582,0.000,-4.214,36.000,-4.214,-1.538,-0.013,0.011,0.364,2.149,9.475,2.122
a,132586,0.000,-4.487,36.000,-4.487,-1.758,-0.211,-0.050,0.196,2.070,9.420,2.127
a,132590,0.000,-4.757,36.000,-4.757,-1.055,-0.013,0.179,0.303,2.015,9.485,2.103
a,132594,0.000,-5.022,36.000,-5.022,-2.241,0.063,0.301,0.761,2.126,9.476,2.148
a,132598,0.000,-5.283,36.000,-5.283,-2.417,-0.227,-0.371,-0.491,2.120,9.449,2.081
a,132602,0.000,-5.539,36.000,-5.539,-2.944,-0.044,-0.188,0.654,2.055,9.463,2.138
a,132606,0.000,-5.790,36.000,-5.790,-3.076,0.063,0.026,0.593,2.058,9.487,2.127
a,132610,0.000,-6.036,36.000,-6.036,-3.120,-0.181,-0.035,-0.781,2.160,9.467,2.097
a,132615,0.000,-6.276,36.000,-6.276,-3.560,-0.059,-0.264,-0.827,2.060,9.412,2.084
a,132618,0.000,-6.511,36.000,-6.511,-3.779,-0.044,-0.111,0.089,2.035,9.378,2.138
a,132622,0.000,-6.740,36.000,-6.740,-3.867,0.002,-0.111,-0.170,2.112,9.511,2.125
a,132626,0.000,-6.963,36.000,-6.963,-4.395,-0.135,-0.142,-0.338,2.099,9.440,2.136
a,132630,0.000,-7.179,36.000,-7.179,-3.120,0.048,0.072,-0.460,2.061,9.491,2.094
a,132634,0.000,-7.389,36.000,-7.389,-4.614,-0.181,0.072,-0.399,2.097,9.465,2.090
a,132638,0.000,-7.592,36.000,-7.592,-5.229,-0.013,-0.279,-0.720,2.101,9.486,2.120
a,132642,0.000,-7.788,36.000,-7.788,-5.098,-0.227,-0.035,-0.781,2.114,9.477,2.139
a,132646,0.000,-7.976,36.000,-7.976,-5.229,-0.044,-0.035,0.196,2.071,9.459,2.096
a,132650,0.000,-8.158,36.000,-8.158,-5.229,-0.288,-0.004,-0.506,2.143,9.485,2.114
a,132655,0.000,-8.331,36.000,-8.331,-5.317,-0.166,0.011,0.593,2.078,9.446,2.113
a,132658,0.000,-8.497,36.000,-8.497,-5.757,-0.074,0.179,-0.781,2.071,9.451,2.096
a,132662,0.000,-8.655,36.000,-8.655,-5.845,-0.059,-0.004,-0.460,2.107,9.389,2.130
a,132666,0.000,-8.805,36.000,-8.805,-5.933,-0.074,-0.401,-1.529,2.113,9.445,2.070
a,132670,0.000,-8.947,36.000,-8.947,-5.977,-0.028,0.133,-0.414,2.077,9.426,2.133
a,132675,0.000,-9.081,36.000,-9.081,-6.372,-0.028,0.133,-1.285,2.095,9.424,2.127
a,132679,0.000,-9.205,36.000,-9.205,-6.460,-0.059,0.026,0.929,2.101,9.400,2.090
a,132683,0.000,-9.321,36.000,-9.321,-6.504,0.063,0.118,0.547,2.060,9.377,2.105
a,132687,0.000,-9.429,36.000,-9.429,-6.680,-0.059,0.103,-0.827,2.088,9.427,2.127
a,132690,0.000,-9.527,36.000,-9.527,-7.119,-0.074,-0.081,-0.903,2.113,9.426,2.118
a,132694,0.000,-9.617,36.000,-9.617,-5.142,0.094,-0.004,-0.689,2.073,9.427,2.116
a,132698,0.000,-9.697,36.000,-9.697,-7.251,0.109,0.103,0.074,2.058,9.500,2.126
a,132702,0.000,-9.768,36.000,-9.768,-7.778,0.201,0.271,-0.628,2.054,9.371,2.130
a,132706,0.000,-9.829,36.000,-9.829,-7.339,-0.028,-0.371,-0.872,2.142,9.470,2.085
a,132711,0.000,-9.882,36.000,-9.882,-7.339,0.094,-0.065,0.517,2.082,9.473,2.170
a,132715,0.000,-9.925,36.000,-9.925,-7.822,0.048,0.255,0.975,1.958,9.499,2.122
a,132718,0.000,-9.958,36.000,-9.958,-7.998,0.079,-0.096,-0.796,2.195,9.407,2.127
a,132723,0.000,-9.981,36.000,-9.981,-7.998,-0.105,-0.249,0.547,2.052,9.438,2.084
a,132726,0.000,-9.996,36.000,-9.996,-7.998,0.109,0.408,0.471,2.005,9.428,2.114
a,132730,0.000,-10.000,36.000,-10.000,-8.086,-0.013,0.087,0.028,2.164,9.450,2.132
a,132734,0.000,-9.995,36.000,-9.995,-8.086,-0.181,-0.539,-0.384,2.094,9.469,2.078
a,132738,0.000,-9.980,36.000,-9.980,-8.086,0.308,0.026,-1.407,1.993,9.430,2.178
a,132742,0.000,-9.955,36.000,-9.955,-8.086,0.231,0.240,1.357,2.105,9.486,2.109
a,132746,0.000,-9.921,36.000,-9.921,-8.481,0.002,-0.371,0.670,2.152,9.469,2.057
a,132750,0.000,-9.877,36.000,-9.877,-8.086,0.002,-0.004,0.044,2.022,9.431,2.154
a,132754,0.000,-9.823,36.000,-9.823,-8.130,0.216,0.118,0.395,2.058,9.440,2.116
a,132758,0.000,-9.760,36.000,-9.760,-8.086,-0.181,-0.004,-0.399,2.168,9.469,2.099
a,132762,0.000,-9.687,36.000,-9.687,-8.086,-0.059,-0.126,0.242,2.035,9.465,2.116
a,132767,0.000,-9.605,36.000,-9.605,-8.042,-0.166,0.393,-0.124,2.052,9.420,2.138
a,132770,0.000,-9.513,36.000,-9.513,-8.130,-0.013,0.057,-0.567,2.131,9.436,2.105
a,132774,0.000,-9.412,36.000,-9.412,-8.130,0.048,-0.340,0.868,2.110,9.465,2.110
a,132778,0.000,-9.301,36.000,-9.301,-7.998,0.201,0.225,-0.308,2.031,9.416,2.119
a,132782,0.000,-9.181,36.000,-9.181,-8.086,-0.105,0.179,-0.185,2.116,9.459,2.101
a,132786,0.000,-9.053,36.000,-9.053,-8.086,0.048,-0.096,-0.506,2.110,9.465,2.107
a,132790,0.000,-8.915,36.000,-8.915,-8.130,-0.013,-0.020,-0.201,2.039,9.450,2.107
a,132794,0.000,-8.768,36.000,-8.768,-8.086,0.063,0.118,0.654,2.060,9.442,2.110
a,132799,0.000,-8.613,36.000,-8.613,-8.086,-0.013,-0.310,-0.063,2.126,9.443,2.113
a,132803,0.000,-8.448,36.000,-8.448,-8.042,0.109,0.057,0.395,2.054,9.434,2.109
a,132806,0.000,-8.276,36.000,-8.276,-8.086,0.109,0.347,0.349,2.093,9.438,2.116
a,132810,0.000,-8.095,36.000,-8.095,-8.042,-0.181,-0.035,-1.056,2.136,9.465,2.114
a,132814,0.000,-7.906,36.000,-7.906,-8.042,0.155,0.072,0.288,2.060,9.450,2.116
a,132818,0.000,-7.709,36.000,-7.709,-8.042,0.079,-0.081,-0.323,2.102,9.480,2.109
a,132823,0.000,-7.504,36.000,-7.504,-8.086,-0.120,-0.218,-0.460,2.116,9.455,2.113
a,132827,0.000,-7.291,36.000,-7.291,-8.086,-0.013,-0.188,0.868,2.082,9.468,2.139
a,132831,0.000,-7.071,36.000,-7.071,-8.042,-0.120,-0.279,-0.674,2.085,9.486,2.099
a,132834,0.000,-6.844,36.000,-6.844,-8.438,0.002,0.011,0.593,2.091,9.406,2.126
a,132838,0.000,-6.610,36.000,-6.610,-8.086,-0.196,-0.264,-0.888,2.101,9.542,2.122
a,132842,0.000,-6.369,36.000,-6.369,-7.295,0.109,-0.050,0.242,2.109,9.498,2.138
a,132846,0.000,-6.122,36.000,-6.122,-7.954,-0.028,-0.020,-0.842,2.048,9.477,2.095
a,132851,0.000,-5.868,36.000,-5.868,-7.866,0.201,0.240,-1.391,2.108,9.370,2.139
a,132855,0.000,-5.608,36.000,-5.608,-6.636,0.124,-0.584,-2.262,2.108,9.552,2.122
a,132858,0.000,-5.342,36.000,-5.342,-7.295,0.002,-0.188,0.700,2.110,9.437,2.136
a,132863,0.000,-5.071,36.000,-5.071,-7.163,-0.044,0.240,0.150,2.046,9.449,2.130
a,132866,0.000,-4.795,36.000,-4.795,-6.021,-0.044,-0.111,0.196,2.152,9.538,2.105
a,132870,0.000,-4.513,36.000,-4.513,-6.372,-0.059,-0.493,-0.766,2.168,9.498,2.133
a,132874,0.000,-4.227,36.000,-4.227,-5.142,0.338,0.225,0.242,2.022,9.395,2.145
a,132878,0.000,-3.936,36.000,-3.936,-5.845,-0.242,0.255,-0.689,2.105,9.540,2.125
a,132882,0.000,-3.641,36.000,-3.641,-5.713,-0.166,-0.264,0.410,2.198,9.491,2.099
a,132886,0.000,-3.342,36.000,-3.342,-5.142,0.170,-0.386,-0.017,2.018,9.486,2.105
a,132890,0.000,-3.040,36.000,-3.040,-4.614,0.262,0.118,-0.582,2.021,9.467,2.155
a,132894,0.000,-2.734,36.000,-2.734,-3.779,0.048,-0.020,0.761,2.139,9.439,2.084
a,132898,0.000,-2.425,36.000,-2.425,-3.911,0.170,-0.218,0.135,2.094,9.499,2.097
a,132902,0.000,-2.114,36.000,-2.114,-3.735,0.262,0.225,-0.521,2.037,9.392,2.151
a,132906,0.000,-1.800,36.000,-1.800,-3.120,-0.028,-0.096,1.296,2.143,9.457,2.066
a,132910,0.000,-1.484,36.000,-1.484,-3.120,0.277,-0.081,1.021,2.114,9.438,2.132
a,132915,0.000,-1.166,36.000,-1.166,-2.197,0.063,0.194,0.929,2.055,9.434,2.114
a,132918,0.000,-0.847,36.000,-0.847,-2.461,0.048,-0.111,-0.949,2.113,9.457,2.122
a,132922,0.000,-0.527,36.000,-0.527,-2.285,0.155,-0.264,-0.475,2.108,9.430,2.078
a,132926,0.000,-0.207,36.000,-0.207,-2.197,0.063,0.179,0.486,2.072,9.439,2.142
a,132930,0.000,0.115,36.000,0.115,-1.758,0.063,0.118,0.486,2.070,9.436,2.127
a,132934,0.000,0.436,36.000,0.436,-1.714,0.033,0.026,-0.246,2.095,9.446,2.115
a,132938,0.000,0.757,36.000,0.757,-1.626,0.155,0.087,0.013,2.093,9.392,2.122
a,132942,0.000,1.078,36.000,1.078,-1.450,0.369,0.347,0.242,2.039,9.400,2.105
a,132946,0.000,1.397,36.000,1.397,0.527,-0.028,-0.020,-0.964,2.128,9.415,2.116
a,132951,0.000,1.716,36.000,1.716,-0.308,0.140,-0.020,-1.025,2.083,9.407,2.127
a,132955,0.000,2.033,36.000,2.033,-0.132,0.109,-0.035,0.135,2.033,9.487,2.107
a,132958,0.000,2.347,36.000,2.347,0.396,0.155,-0.004,-0.689,2.094,9.439,2.154
a,132962,0.000,2.660,36.000,2.660,0.615,0.002,0.179,0.044,2.067,9.445,2.096
a,132966,0.000,2.970,36.000,2.970,1.143,0.308,0.011,-0.475,2.105,9.500,2.157
a,132970,0.000,3.277,36.000,3.277,1.758,0.353,-0.142,1.128,2.023,9.470,2.097
a,132974,0.000,3.581,36.000,3.581,1.890,-0.013,-0.050,-0.338,2.120,9.446,2.130
a,132979,0.000,3.882,36.000,3.882,2.461,0.170,0.103,0.288,2.063,9.443,2.120
a,132983,0.000,4.178,36.000,4.178,2.109,0.140,0.194,-0.430,2.046,9.432,2.136
a,132986,0.000,4.470,36.000,4.470,2.461,0.079,-0.355,-0.353,2.105,9.437,2.096
a,132990,0.000,4.758,36.000,4.758,2.725,-0.059,0.011,-0.460,2.009,9.487,2.126
a,132994,0.000,5.041,36.000,5.041,3.164,0.216,-0.035,0.181,2.082,9.438,2.148
a,132998,0.000,5.319,36.000,5.319,2.681,0.063,-0.264,1.036,2.105,9.481,2.116
a,133002,0.000,5.591,36.000,5.591,3.472,0.262,-0.035,-1.224,2.005,9.433,2.143
a,133007,0.000,5.858,36.000,5.858,3.911,-0.059,-0.020,0.028,2.122,9.471,2.133
a,133011,0.000,6.119,36.000,6.119,4.175,0.262,0.118,-0.246,2.110,9.559,2.099
a,133014,0.000,6.373,36.000,6.373,4.570,-0.135,-0.264,-0.506,2.079,9.476,2.101
a,133019,0.000,6.621,36.000,6.621,4.878,-0.028,0.194,-0.521,2.130,9.446,2.155
a,133023,0.000,6.862,36.000,6.862,5.361,-0.013,-0.249,-0.094,2.060,9.482,2.103
a,133026,0.000,7.095,36.000,7.095,5.449,0.369,-0.081,-0.109,2.071,9.444,2.118
a,133030,0.000,7.322,36.000,7.322,5.581,0.155,-0.020,0.471,2.085,9.444,2.109
a,133034,0.000,7.540,36.000,7.540,6.021,-0.059,-0.035,0.150,2.097,9.461,2.105
a,133038,0.000,7.751,36.000,7.751,5.977,0.094,0.194,0.013,2.097,9.409,2.156
a,133042,0.000,7.954,36.000,7.954,6.021,0.155,0.011,-0.414,2.091,9.438,2.101
a,133046,0.000,8.148,36.000,8.148,6.064,0.033,-0.478,0.486,2.091,9.437,2.120
a,133050,0.000,8.333,36.000,8.333,6.108,0.277,0.484,0.166,2.049,9.421,2.145
a,133054,0.000,8.510,36.000,8.510,6.240,-0.044,-0.035,0.761,2.125,9.469,2.070
a,133058,0.000,8.678,36.000,8.678,6.328,-0.044,-0.157,-0.124,2.134,9.469,2.158
a,133063,0.000,8.836,36.000,8.836,6.724,-0.028,0.240,-0.827,1.993,9.421,2.096
a,133066,0.000,8.985,36.000,8.985,6.724,0.094,0.133,-0.048,2.116,9.376,2.132
a,133070,0.000,9.124,36.000,9.124,6.855,-0.211,-0.279,0.196,2.131,9.474,2.049
a,133074,0.000,9.254,36.000,9.254,7.383,-0.166,0.179,-0.017,2.021,9.419,2.133
a,133078,0.000,9.374,36.000,9.374,7.646,0.079,0.011,-0.628,2.061,9.486,2.105
a,133082,0.000,9.483,36.000,9.483,7.690,-0.227,-0.065,0.578,2.201,9.534,2.094
a,133086,0.000,9.583,36.000,9.583,7.646,0.155,0.011,0.181,2.036,9.448,2.145
a,133090,0.000,9.672,36.000,9.672,7.998,0.277,0.332,0.181,2.002,9.456,2.136
a,133094,0.000,9.750,36.000,9.750,8.174,-0.074,-0.096,-0.781,2.217,9.457,2.099
a,133098,0.000,9.818,36.000,9.818,8.394,-0.013,-0.462,0.715,2.107,9.504,2.103
a,133103,0.000,9.876,36.000,9.876,8.877,0.079,0.133,-0.643,1.967,9.481,2.139
a,133106,0.000,9.922,36.000,9.922,8.921,0.048,-0.050,-0.231,2.144,9.464,2.103
a,133110,0.000,9.958,36.000,9.958,8.965,0.002,-0.279,0.196,2.119,9.492,2.084
a,133114,0.000,9.983,36.000,9.983,8.965,0.201,0.072,-0.689,1.990,9.397,2.174
a,133118,0.000,9.997,36.000,9.997,8.965,0.079,0.194,-0.598,2.138,9.482,2.082
a,133122,0.000,10.000,36.000,10.000,9.009,-0.334,-0.188,-0.094,2.169,9.479,2.107
a,133127,0.000,9.992,36.000,9.992,8.965,-0.105,0.408,0.807,2.011,9.409,2.136
a,133131,0.000,9.973,36.000,9.973,8.965,-0.105,0.179,0.410,2.051,9.467,2.113
a,133134,0.000,9.943,36.000,9.943,9.009,0.109,-0.264,0.074,2.151,9.477,2.055
a,133138,0.000,9.901,36.000,9.901,9.009,-0.013,-0.172,1.021,2.071,9.440,2.130
a,133142,0.000,9.849,36.000,9.849,8.921,0.262,0.087,0.334,2.027,9.464,2.125
a,133146,0.000,9.786,36.000,9.786,9.009,0.033,-0.081,-0.414,2.113,9.494,2.096
a,133151,0.000,9.713,36.000,9.713,8.965,-0.028,-0.478,-0.216,2.095,9.446,2.119
a,133155,0.000,9.628,36.000,9.628,9.009,0.140,0.011,-0.582,2.008,9.397,2.130
a,133158,0.000,9.532,36.000,9.532,8.965,0.170,0.286,-0.140,2.124,9.449,2.084
a,133163,0.000,9.426,36.000,9.426,8.965,-0.089,-0.417,1.692,2.116,9.428,2.090
a,133166,0.000,9.310,36.000,9.310,8.965,-0.120,-0.203,-0.338,2.046,9.426,2.125
a,133170,0.000,9.183,36.000,9.183,8.965,0.185,0.057,-1.559,2.099,9.459,2.126
a,133174,0.000,9.045,36.000,9.045,8.921,0.109,-0.111,-0.201,2.137,9.475,2.099
a,133178,0.000,8.897,36.000,8.897,8.965,0.002,-0.004,-0.124,2.069,9.463,2.139
a,133182,0.000,8.740,36.000,8.740,8.965,-0.013,0.255,0.288,2.079,9.456,2.127
a,133186,0.000,8.572,36.000,8.572,9.009,-0.044,0.011,0.761,2.134,9.481,2.082
a,133190,0.000,8.394,36.000,8.394,9.009,-0.044,-0.188,0.654,2.058,9.448,2.133
a,133194,0.000,8.208,36.000,8.208,8.965,-0.135,0.301,-0.308,2.061,9.437,2.126
a,133198,0.000,8.011,36.000,8.011,8.921,-0.105,-0.050,-0.017,2.089,9.431,2.116
a,133202,0.000,7.806,36.000,7.806,8.965,-0.074,-0.172,-1.926,2.089,9.407,2.133
a,133207,0.000,7.591,36.000,7.591,8.965,-0.120,-0.035,-0.124,2.054,9.425,2.139
a,133210,0.000,7.368,36.000,7.368,8.921,-0.334,-0.035,0.150,2.093,9.436,2.110
a,133214,0.000,7.136,36.000,7.136,8.965,0.033,-0.126,-0.414,2.144,9.471,2.110
a,133218,0.000,6.897,36.000,6.897,8.921,0.048,-0.050,-0.781,2.073,9.504,2.107
a,133222,0.000,6.649,36.000,6.649,9.009,0.109,0.240,-0.094,2.036,9.433,2.143
a,133226,0.000,6.393,36.000,6.393,8.965,0.002,-0.081,0.807,2.102,9.445,2.103
a,133230,0.000,6.130,36.000,6.130,9.009,0.094,-0.371,-0.720,2.093,9.474,2.132
a,133234,0.000,5.860,36.000,5.860,10.107,-0.013,-0.035,-0.567,2.054,9.430,2.119
a,133238,0.000,5.583,36.000,5.583,11.118,0.338,0.347,0.028,2.130,9.416,2.105
a,133242,0.000,5.299,36.000,5.299,8.350,-0.181,-0.417,-0.384,2.138,9.379,2.078
a,133247,0.000,5.010,36.000,5.010,8.262,0.109,0.255,0.792,2.009,9.363,2.157
a,133251,0.000,4.714,36.000,4.714,7.603,-0.013,0.286,-0.185,2.064,9.461,2.084
a,133255,0.000,4.412,36.000,4.412,7.559,-0.196,0.118,-0.567,2.133,9.461,2.091
a,133258,0.000,4.106,36.000,4.106,6.943,-0.196,-0.371,-0.598,2.114,9.394,2.122
a,133262,0.000,3.794,36.000,3.794,6.724,-0.074,0.301,-1.453,2.029,9.383,2.136
a,133266,0.000,3.478,36.000,3.478,8.086,0.048,0.347,-0.124,2.133,9.458,2.114
a,133270,0.000,3.158,36.000,3.158,6.196,-0.563,-0.401,-0.674,2.217,9.414,2.047
a,133274,0.000,2.834,36.000,2.834,6.196,-0.120,0.072,-0.674,1.974,9.546,2.157
a,133278,0.000,2.506,36.000,2.506,5.977,-0.181,0.148,0.853,2.071,9.568,2.161
a,133283,0.000,2.175,36.000,2.175,7.339,-0.166,-0.188,1.082,2.161,9.461,2.116
a,133287,0.000,1.842,36.000,1.842,5.537,-0.242,-0.203,-0.613,2.083,9.444,2.143
a,133290,0.000,1.506,36.000,1.506,4.219,0.155,0.377,-0.582,2.002,9.396,2.142
a,133294,0.000,1.168,36.000,1.168,4.087,-0.059,0.240,0.257,2.161,9.440,2.097
a,133299,0.000,0.829,36.000,0.829,4.790,-0.181,-0.035,-0.613,2.105,9.376,2.119
a,133303,0.000,0.488,36.000,0.488,3.823,0.079,0.118,1.570,1.991,9.371,2.107
a,133307,0.000,0.147,36.000,0.147,3.296,0.094,-0.142,-0.353,2.113,9.488,2.109
a,133311,0.000,-0.195,36.000,-0.195,3.208,-0.303,-0.417,-0.384,2.118,9.456,2.072
a,133314,0.000,-0.537,36.000,-0.537,2.769,0.033,-0.020,-1.544,2.029,9.403,2.136
a,133318,0.000,-0.878,36.000,-0.878,2.593,0.002,0.209,2.212,2.058,9.505,2.101
a,133322,0.000,-1.219,36.000,-1.219,2.417,0.109,-0.142,0.914,2.156,9.436,2.091
a,133326,0.000,-1.558,36.000,-1.558,1.890,-0.395,-0.035,-1.208,2.067,9.477,2.088
a,133330,0.000,-1.896,36.000,-1.896,1.318,0.109,0.118,0.578,2.066,9.481,2.151
a,133334,0.000,-2.232,36.000,-2.232,0.659,-0.135,-0.020,-0.842,2.114,9.456,2.103
a,133338,0.000,-2.565,36.000,-2.565,0.439,0.063,-0.142,0.089,2.064,9.488,2.132
a,133342,0.000,-2.896,36.000,-2.896,-0.132,-0.044,0.408,0.486,2.030,9.506,2.114
a,133346,0.000,-3.223,36.000,-3.223,-0.308,-0.288,-0.218,-0.674,2.148,9.446,2.072
a,133350,0.000,-3.547,36.000,-3.547,-0.791,-0.440,-0.126,0.593,2.151,9.494,2.107
a,133354,0.000,-3.866,36.000,-3.866,-1.099,-0.395,0.118,0.257,2.029,9.419,2.075
a,133359,0.000,-4.182,36.000,-4.182,-1.494,0.002,0.347,0.196,2.116,9.431,2.132
a,133362,0.000,-4.492,36.000,-4.492,-0.396,-0.166,-0.142,0.700,2.088,9.366,2.085
a,133366,0.000,-4.798,36.000,-4.798,-1.758,0.033,0.362,-0.628,2.070,9.406,2.087
a,133370,0.000,-5.098,36.000,-5.098,-0.220,-0.059,-0.188,0.074,2.108,9.504,2.149
a,133374,0.000,-5.392,36.000,-5.392,-2.373,0.063,0.118,0.761,2.031,9.392,2.133
a,133378,0.000,-5.680,36.000,-5.680,-2.900,-0.044,-0.417,0.715,2.122,9.389,2.132
a,133382,0.000,-5.961,36.000,-5.961,-3.076,-0.059,-0.126,-0.140,2.015,9.408,2.130
a,133386,0.000,-6.235,36.000,-6.235,-3.208,-0.166,0.408,0.761,2.076,9.476,2.120
a,133390,0.000,-6.502,36.000,-6.502,-3.647,-0.105,-0.142,0.410,2.175,9.380,2.130
a,133394,0.000,-6.761,36.000,-6.761,-0.879,0.018,-0.126,1.570,2.035,9.431,2.103
a,133399,0.000,-7.013,36.000,-7.013,-4.351,-0.089,0.240,-1.712,2.036,9.480,2.127
a,133403,0.000,-7.256,36.000,-7.256,-4.438,0.002,0.240,0.303,2.155,9.424,2.082
a,133406,0.000,-7.490,36.000,-7.490,-4.570,-0.059,-0.478,-0.979,2.058,9.390,2.120
a,133410,0.000,-7.716,36.000,-7.716,-5.054,-0.013,0.011,0.257,2.020,9.454,2.116
a,133414,0.000,-7.932,36.000,-7.932,-5.142,0.002,0.087,1.189,2.139,9.422,2.097
a,133418,0.000,-8.139,36.000,-8.139,-5.229,-0.120,-0.218,-0.231,2.103,9.449,2.078
a,133422,0.000,-8.337,36.000,-8.337,-5.669,0.140,0.011,-0.308,2.023,9.410,2.127
a,133427,0.000,-8.524,36.000,-8.524,-5.713,0.048,0.118,0.410,2.066,9.465,2.126
a,133431,0.000,-8.701,36.000,-8.701,-3.208,0.002,-0.264,1.036,2.137,9.416,2.103
a,133435,0.000,-8.868,36.000,-8.868,-5.889,-0.364,0.087,1.189,2.055,9.430,2.099
a,133438,0.000,-9.023,36.000,-9.023,-5.977,-0.013,0.011,-1.162,2.064,9.444,2.149
a,133442,0.000,-9.168,36.000,-9.168,-6.064,-0.135,0.072,-0.460,2.102,9.456,2.127
a,133446,0.000,-9.302,36.000,-9.302,-6.460,-0.013,-0.203,-0.338,2.118,9.437,2.084
a,133451,0.000,-9.425,36.000,-9.425,-6.548,0.247,-0.142,-0.689,2.060,9.440,2.145
a,133455,0.000,-9.536,36.000,-9.536,-6.680,-0.120,0.301,0.975,2.066,9.426,2.105
a,133458,0.000,-9.636,36.000,-9.636,-7.163,-0.044,-0.050,-0.185,2.122,9.461,2.125
a,133463,0.000,-9.723,36.000,-9.723,-7.207,0.201,-0.432,-0.460,2.084,9.364,2.109
a,133467,0.000,-9.799,36.000,-9.799,-7.207,0.094,0.316,0.624,1.999,9.415,2.145
a,133470,0.000,-9.863,36.000,-9.863,-7.339,-0.059,-0.203,-0.079,2.155,9.425,2.105
a,133474,0.000,-9.915,36.000,-9.915,-7.383,-0.166,-0.096,0.929,2.057,9.395,2.136
a,133478,0.000,-9.955,36.000,-9.955,-7.383,-0.135,0.286,-0.720,2.011,9.394,2.096
a,133482,0.000,-9.982,36.000,-9.982,-7.778,-0.227,-0.401,0.303,2.178,9.494,2.105
a,133486,0.000,-9.997,36.000,-9.997,-7.427,-0.120,-0.035,-0.399,2.073,9.486,2.110
a,133490,0.000,-9.999,36.000,-9.999,-7.734,0.002,-0.096,0.044,2.054,9.487,2.155
a,133494,0.000,-9.990,36.000,-9.990,-7.778,-0.059,0.103,0.746,2.128,9.481,2.139
a,133498,0.000,-9.967,36.000,-9.967,-7.427,-0.181,-0.157,-1.437,2.084,9.450,2.063
a,133502,0.000,-9.933,36.000,-9.933,-7.427,-0.013,-0.218,-1.208,2.037,9.432,2.158
a,133506,0.000,-9.886,36.000,-9.886,-7.866,-0.211,0.164,-1.972,2.110,9.426,2.113
a,133510,0.000,-9.827,36.000,-9.827,-7.778,-0.166,-0.142,0.944,2.122,9.442,2.096
a,133515,0.000,-9.755,36.000,-9.755,-7.734,-0.044,-0.081,1.082,2.030,9.440,2.143
a,133518,0.000,-9.671,36.000,-9.671,-7.822,0.063,0.164,0.318,2.054,9.425,2.115
a,133522,0.000,-9.575,36.000,-9.575,-7.778,-0.181,-0.096,-0.399,2.133,9.495,2.125
a,133526,0.000,-9.467,36.000,-9.467,-7.778,-0.044,-0.126,1.296,2.067,9.468,2.110
a,133530,0.000,-9.347,36.000,-9.347,-7.427,0.033,-0.020,-0.475,2.045,9.462,2.125
a,133534,0.000,-9.215,36.000,-9.215,-7.778,0.109,-0.111,-0.094,2.107,9.450,2.116
a,133538,0.000,-9.071,36.000,-9.071,-7.778,-0.028,-0.020,-1.010,2.097,9.448,2.105
a,133542,0.000,-8.916,36.000,-8.916,-7.778,-0.028,0.057,0.532,2.067,9.445,2.139
a,133546,0.000,-8.750,36.000,-8.750,-7.778,0.048,-0.004,1.021,2.093,9.433,2.110
a,133551,0.000,-8.572,36.000,-8.572,-7.427,0.063,-0.126,0.975,2.093,9.428,2.130
a,133555,0.000,-8.384,36.000,-8.384,-7.427,-0.135,0.118,-0.231,2.058,9.418,2.122
a,133558,0.000,-8.184,36.000,-8.184,-7.427,-0.028,-0.081,-0.796,2.097,9.464,2.132
a,133562,0.000,-7.975,36.000,-7.975,-7.427,-0.120,0.179,-1.056,2.113,9.480,2.120
a,133566,0.000,-7.755,36.000,-7.755,-7.778,-0.074,0.026,-0.353,2.066,9.456,2.120
a,133570,0.000,-7.525,36.000,-7.525,-7.778,-0.120,0.271,0.578,2.060,9.457,2.130
a,133574,0.000,-7.285,36.000,-7.285,-7.778,0.048,0.133,-0.033,2.101,9.428,2.122
a,133579,0.000,-7.036,36.000,-7.036,-7.822,0.048,-0.355,0.609,2.097,9.461,2.103
a,133583,0.000,-6.777,36.000,-6.777,-7.778,0.048,0.087,0.761,2.060,9.480,2.125
a,133586,0.000,-6.510,36.000,-6.510,-6.680,-0.074,0.194,-0.582,2.085,9.486,2.114
a,133590,0.000,-6.234,36.000,-6.234,-7.734,-0.028,0.087,1.570,2.114,9.438,2.132
a,133594,0.000,-5.951,36.000,-5.951,-7.427,-0.105,-0.218,0.257,2.116,9.452,2.110
a,133599,0.000,-5.659,36.000,-5.659,-7.427,0.109,0.332,0.395,2.053,9.504,2.162
a,133603,0.000,-5.360,36.000,-5.360,-7.295,-0.303,-0.126,-0.414,2.144,9.525,2.078
a,133606,0.000,-5.054,36.000,-5.054,-7.251,-0.120,-0.203,0.044,2.116,9.499,2.125
a,133611,0.000,-4.741,36.000,-4.741,-5.977,0.308,0.408,-1.361,1.978,9.420,2.139
a,133615,0.000,-4.421,36.000,-4.421,-6.636,0.353,0.011,1.616,2.163,9.495,2.145
a,133618,0.000,-4.096,36.000,-4.096,-6.416,-0.074,-0.783,-1.850,2.146,9.507,2.075
a,133622,0.000,-3.765,36.000,-3.765,-5.054,-0.211,-0.157,0.166,2.034,9.442,2.138
a,133626,0.000,-3.430,36.000,-3.430,-5.757,0.308,0.881,-0.704,2.017,9.634,2.139
a,133630,0.000,-3.089,36.000,-3.089,-5.186,0.048,-0.188,0.181,2.219,9.528,2.085
a,133634,0.000,-2.745,36.000,-2.745,-5.142,-0.318,-0.310,0.715,2.113,9.500,2.113
a,133638,0.000,-2.396,36.000,-2.396,-4.570,0.277,0.240,-0.033,1.944,9.459,2.142
a,133642,0.000,-2.044,36.000,-2.044,-4.351,0.384,0.347,-0.140,2.089,9.388,2.090
a,133646,0.000,-1.690,36.000,-1.690,-3.691,-0.044,-0.401,0.944,2.210,9.506,2.096
a,133650,0.000,-1.333,36.000,-1.333,-3.164,-0.181,-0.325,-1.468,2.037,9.449,2.107
a,133654,0.000,-0.973,36.000,-0.973,-2.944,0.216,0.271,0.257,1.964,9.491,2.156
a,133658,0.000,-0.613,36.000,-0.613,-2.329,-0.074,-0.249,-1.178,2.200,9.546,2.076
a,133663,0.000,-0.251,36.000,-0.251,-2.153,0.155,-0.707,-0.231,2.116,9.485,2.110
a,133666,0.000,0.111,36.000,0.111,-1.758,-0.044,0.118,0.593,1.973,9.339,2.145
a,133670,0.000,0.473,36.000,0.473,-1.670,0.277,0.011,0.746,2.134,9.463,2.084
a,133674,0.000,0.835,36.000,0.835,-1.450,0.079,-0.569,-0.582,2.178,9.513,2.107
a,133678,0.000,1.196,36.000,1.196,-0.396,0.170,0.332,-0.140,1.970,9.531,2.127
a,133682,0.000,1.556,36.000,1.556,-0.308,0.094,0.026,-0.155,2.126,9.540,2.173
a,133686,0.000,1.914,36.000,1.914,-0.088,-0.059,-0.371,0.212,2.136,9.456,2.065
a,133690,0.000,2.269,36.000,2.269,0.439,0.140,0.133,-0.323,1.978,9.430,2.170
a,133694,0.000,2.622,36.000,2.622,0.659,-0.059,0.072,-0.017,2.130,9.473,2.132
a,133699,0.000,2.972,36.000,2.972,1.670,0.018,-0.371,1.097,2.125,9.529,2.069
a,133703,0.000,3.318,36.000,3.318,1.934,0.079,-0.020,-0.369,2.039,9.442,2.152
a,133706,0.000,3.659,36.000,3.659,2.021,-0.074,0.072,-0.460,2.073,9.501,2.119
a,133710,0.000,3.996,36.000,3.996,2.417,-0.013,-0.126,0.135,2.095,9.443,2.109
a,133715,0.000,4.328,36.000,4.328,2.505,-0.059,-0.279,0.807,2.110,9.473,2.143
a,133718,0.000,4.655,36.000,4.655,3.120,-0.013,0.240,-0.124,2.042,9.440,2.114
a,133722,0.000,4.975,36.000,4.975,3.164,0.109,0.011,0.288,2.105,9.448,2.119
a,133726,0.000,5.289,36.000,5.289,3.252,-0.166,-0.081,0.593,2.124,9.474,2.167
a,133731,0.000,5.596,36.000,5.596,4.087,0.155,0.148,0.517,2.011,9.470,2.091
a,133735,0.000,5.896,36.000,5.896,3.867,0.079,0.133,1.296,2.108,9.469,2.145
a,133738,0.000,6.188,36.000,6.188,3.955,0.094,0.026,0.334,2.097,9.439,2.121
a,133742,0.000,6.472,36.000,6.472,4.131,-0.196,0.301,-0.246,2.051,9.364,2.138
a,133746,0.000,6.747,36.000,6.747,4.702,-0.044,0.286,-0.079,2.039,9.391,2.116
a,133750,0.000,7.014,36.000,7.014,5.229,-0.120,0.103,-0.949,2.169,9.425,2.084
a,133754,0.000,7.271,36.000,7.271,5.493,-0.044,-0.432,-0.002,2.084,9.434,2.132
a,133759,0.000,7.518,36.000,7.518,6.064,0.002,0.194,0.761,2.042,9.500,2.158
a,133763,0.000,7.756,36.000,7.756,6.064,-0.059,0.179,-0.399,2.148,9.452,2.103
a,133766,0.000,7.983,36.000,7.983,6.152,-0.013,-0.508,0.150,2.122,9.476,2.114
a,133771,0.000,8.199,36.000,8.199,6.284,-0.211,0.133,1.036,1.990,9.503,2.161
a,133775,0.000,8.405,36.000,8.405,6.636,0.109,0.072,0.639,2.138,9.503,2.110
a,133778,0.000,8.599,36.000,8.599,6.636,-0.211,-0.447,-1.269,2.142,9.500,2.079
a,133782,0.000,8.781,36.000,8.781,5.977,-0.074,-0.035,-0.399,2.061,9.479,2.151
a,133786,0.000,8.952,36.000,8.952,6.768,0.124,0.515,1.708,2.042,9.448,2.133
a,133790,0.000,9.111,36.000,9.111,6.855,-0.181,-0.065,0.792,2.182,9.519,2.088
a,133794,0.000,9.257,36.000,9.257,7.383,-0.105,-0.050,0.150,2.065,9.456,2.149
a,133798,0.000,9.390,36.000,9.390,7.471,0.277,0.500,0.776,2.010,9.452,2.119
a,133802,0.000,9.511,36.000,9.511,7.690,0.155,0.026,0.273,2.163,9.442,2.105
a,133806,0.000,9.619,36.000,9.619,7.734,0.201,-0.142,-0.903,2.077,9.415,2.081
a,133810,0.000,9.714,36.000,9.714,7.690,0.140,0.026,-0.491,2.023,9.419,2.139
a,133814,0.000,9.795,36.000,9.795,8.042,0.033,0.179,-0.338,2.120,9.451,2.075
a,133818,0.000,9.863,36.000,9.863,8.174,0.094,-0.188,0.273,2.128,9.489,2.130
a,133822,0.000,9.918,36.000,9.918,8.262,0.094,-0.096,-0.140,2.046,9.475,2.120
a,133826,0.000,9.958,36.000,9.958,8.306,0.369,-0.188,0.120,2.108,9.443,2.132
a,133831,0.000,9.985,36.000,9.985,8.701,-0.028,0.011,1.082,2.113,9.493,2.110
a,133834,0.000,9.999,36.000,9.999,8.833,-0.059,-0.126,0.028,2.085,9.471,2.149
a,133838,0.000,9.998,36.000,9.998,8.789,-0.013,-0.142,-0.124,2.087,9.464,2.103
a,133842,0.000,9.983,36.000,9.983,8.833,-0.059,-0.035,-0.613,2.083,9.463,2.096
a,133846,0.000,9.955,36.000,9.955,8.833,-0.013,-0.279,-0.292,2.073,9.477,2.097
a,133850,0.000,9.912,36.000,9.912,8.833,0.048,0.011,0.257,2.064,9.440,2.110
a,133855,0.000,9.856,36.000,9.856,8.833,0.048,0.118,0.303,2.052,9.461,2.125
a,133858,0.000,9.786,36.000,9.786,8.833,-0.059,0.026,-0.140,2.097,9.489,2.118
a,133862,0.000,9.702,36.000,9.702,8.877,-0.044,-0.126,0.654,2.085,9.452,2.114
a,133866,0.000,9.605,36.000,9.605,8.877,-0.120,0.118,-0.995,2.095,9.476,2.116
a,133870,0.000,9.494,36.000,9.494,8.877,0.079,0.301,-1.239,2.097,9.462,2.132
a,133874,0.000,9.370,36.000,9.370,8.833,-0.120,0.133,0.074,2.076,9.464,2.091
a,133879,0.000,9.232,36.000,9.232,8.833,0.063,-0.157,0.410,2.089,9.436,2.122
a,133883,0.000,9.082,36.000,9.082,8.877,-0.013,-0.096,-0.185,2.076,9.454,2.126
a,133886,0.000,8.918,36.000,8.918,8.789,0.002,-0.264,0.303,2.077,9.449,2.107
a,133890,0.000,8.742,36.000,8.742,8.833,0.002,-0.050,0.364,2.107,9.452,2.113
a,133894,0.000,8.553,36.000,8.553,8.877,0.048,0.057,-0.338,2.066,9.471,2.084
a,133898,0.000,8.352,36.000,8.352,8.877,-0.013,0.011,-0.781,2.091,9.458,2.126
a,133902,0.000,8.139,36.000,8.139,8.877,-0.318,-0.111,0.257,2.085,9.470,2.107
a,133907,0.000,7.915,36.000,7.915,8.921,0.002,-0.035,0.410,2.095,9.433,2.142
a,133910,0.000,7.679,36.000,7.679,8.877,-0.028,0.026,-0.353,2.061,9.442,2.127
a,133914,0.000,7.432,36.000,7.432,8.877,-0.059,-0.020,0.349,2.073,9.470,2.118
a,133919,0.000,7.174,36.000,7.174,8.921,-0.288,-0.310,-0.491,2.101,9.412,2.097
a,133922,0.000,6.906,36.000,6.906,9.580,0.002,-0.218,-0.017,2.120,9.446,2.107
a,133926,0.000,6.628,36.000,6.628,8.833,0.140,0.011,-0.475,2.058,9.428,2.130
a,133930,0.000,6.340,36.000,6.340,10.195,0.048,0.179,-0.292,2.058,9.406,2.103
a,133934,0.000,6.043,36.000,6.043,9.668,-0.196,-0.188,-0.735,2.120,9.410,2.084
a,133938,0.000,5.737,36.000,5.737,8.877,-0.059,-0.203,0.364,2.070,9.516,2.113
a,133942,0.000,5.422,36.000,5.422,8.350,0.140,0.301,-0.491,2.004,9.407,2.127
a,133946,0.000,5.100,36.000,5.100,8.130,-0.166,0.164,0.303,2.107,9.450,2.101
a,133950,0.000,4.770,36.000,4.770,7.603,-0.181,-0.126,0.395,2.091,9.391,2.096
a,133954,0.000,4.433,36.000,4.433,7.383,-0.166,-0.020,0.654,2.061,9.449,2.078
a,133958,0.000,4.089,36.000,4.089,6.855,0.109,0.011,-0.140,2.124,9.517,2.136
a,133962,0.000,3.739,36.000,3.739,6.680,-0.120,0.133,0.761,2.061,9.426,2.078
a,133967,0.000,3.384,36.000,3.384,6.284,-0.105,-0.142,0.150,2.124,9.404,2.094
a,133970,0.000,3.023,36.000,3.023,6.284,-0.273,-0.111,0.257,2.119,9.457,2.082
a,133974,0.000,2.658,36.000,2.658,6.064,-0.196,-0.355,-1.208,2.122,9.561,2.091
a,133978,0.000,2.289,36.000,2.289,6.768,0.002,0.408,0.868,1.996,9.573,2.197
a,133982,0.000,1.916,36.000,1.916,5.229,-0.211,0.026,0.547,2.114,9.548,2.047
a,133986,0.000,1.540,36.000,1.540,4.658,-0.288,-0.035,-0.827,2.110,9.409,2.161
a,133990,0.000,1.162,36.000,1.162,4.131,0.063,-0.050,0.089,2.004,9.438,2.142
a,133994,0.000,0.782,36.000,0.782,3.867,-0.135,0.255,-0.796,2.079,9.425,2.101
a,133998,0.000,0.400,36.000,0.400,3.384,-0.166,-0.188,1.525,2.138,9.511,2.107
a,134003,0.000,0.017,36.000,0.017,3.208,0.109,-0.111,0.181,2.054,9.428,2.154
a,134007,0.000,-0.366,36.000,-0.366,2.725,0.079,0.301,-0.323,2.061,9.427,2.079
a,134010,0.000,-0.748,36.000,-0.748,2.505,0.063,-0.065,-0.964,2.082,9.382,2.110
a,134014,0.000,-1.130,36.000,-1.130,2.021,-0.044,0.072,0.150,2.033,9.459,2.145
a,134018,0.000,-1.510,36.000,-1.510,1.758,-0.028,-0.096,-0.674,2.128,9.426,2.091
a,134022,0.000,-1.888,36.000,-1.888,0.703,-0.303,-0.264,-0.292,2.144,9.479,2.033
a,134026,0.000,-2.264,36.000,-2.264,0.439,-0.044,-0.004,0.410,2.022,9.521,2.180
a,134031,0.000,-2.637,36.000,-2.637,-0.132,0.277,0.362,0.792,2.079,9.408,2.157
a,134035,0.000,-3.006,36.000,-3.006,-0.308,-0.181,-0.310,-0.384,2.204,9.419,2.059
a,134039,0.000,-3.370,36.000,-3.370,-0.879,-0.105,-0.035,-0.079,2.042,9.373,2.143
a,134042,0.000,-3.730,36.000,-3.730,1.714,-0.120,0.225,-1.437,2.031,9.432,2.132
a,134046,0.000,-4.085,36.000,-4.085,-2.241,0.002,0.347,0.807,2.063,9.467,2.105
a,134051,0.000,-4.434,36.000,-4.434,-1.758,0.201,-0.432,-0.338,2.107,9.443,2.085
a,134054,0.000,-4.777,36.000,-4.777,-2.153,-0.211,0.469,1.280,2.004,9.383,2.116
a,134059,0.000,-5.112,36.000,-5.112,-2.373,-0.044,0.286,-0.017,2.087,9.408,2.066
a,134062,0.000,-5.440,36.000,-5.440,-2.505,-0.288,-0.249,0.593,2.149,9.365,2.107
a,134066,0.000,-5.761,36.000,-5.761,-3.208,0.094,-0.462,-0.201,2.015,9.446,2.113
a,134070,0.000,-6.073,36.000,-6.073,-3.120,0.216,0.240,0.532,2.011,9.495,2.122
a,134074,0.000,-6.376,36.000,-6.376,-3.164,-0.120,0.133,0.288,2.178,9.521,2.079
a,134078,0.000,-6.669,36.000,-6.669,-3.735,-0.028,-0.355,-0.460,2.089,9.440,2.130
a,134082,0.000,-6.953,36.000,-6.953,-3.867,-0.013,0.240,-0.720,2.008,9.365,2.113
a,134086,0.000,-7.226,36.000,-7.226,-4.307,-0.227,-0.111,0.578,2.155,9.446,2.090
a,134090,0.000,-7.489,36.000,-7.489,-4.438,-0.288,-0.172,0.853,2.130,9.506,2.096
a,134094,0.000,-7.741,36.000,-7.741,-4.966,0.002,-0.218,-0.017,2.020,9.363,2.136
a,134098,0.000,-7.981,36.000,-7.981,-5.010,-0.105,0.347,0.364,2.093,9.438,2.099
a,134102,0.000,-8.209,36.000,-8.209,-5.186,-0.181,-0.386,0.761,2.138,9.430,2.085
a,134106,0.000,-8.425,36.000,-8.425,-5.273,-0.120,-0.081,0.074,2.061,9.434,2.127
a,134111,0.000,-8.629,36.000,-8.629,-5.625,0.109,0.118,0.639,2.085,9.388,2.126
a,134114,0.000,-8.819,36.000,-8.819,-5.757,-0.074,-0.020,-0.842,2.116,9.414,2.099
a,134118,0.000,-8.996,36.000,-8.996,-5.845,-0.105,-0.218,-0.079,2.091,9.493,2.119
a,134122,0.000,-9.160,36.000,-9.160,-5.977,0.308,0.347,-0.246,2.052,9.403,2.114
a,134126,0.000,-9.309,36.000,-9.309,-5.713,-0.181,0.133,0.028,2.113,9.439,2.082
a,134130,0.000,-9.445,36.000,-9.445,-6.460,0.079,-0.249,-0.704,2.097,9.480,2.096
a,134134,0.000,-9.566,36.000,-9.566,-6.636,-0.013,0.072,-0.506,2.061,9.434,2.138
a,134138,0.000,-9.673,36.000,-9.673,-7.119,0.201,0.118,-0.735,2.045,9.409,2.105
a,134142,0.000,-9.765,36.000,-9.765,-7.207,-0.731,-0.417,-0.979,2.224,9.461,2.097
a,134146,0.000,-9.842,36.000,-9.842,-6.504,0.277,0.286,0.349,2.020,9.512,2.133
a,134151,0.000,-9.903,36.000,-9.903,-7.295,-0.059,0.179,-0.567,2.124,9.419,2.040
a,134155,0.000,-9.950,36.000,-9.950,-7.383,0.018,0.133,2.013,2.082,9.476,2.178
a,134158,0.000,-9.982,36.000,-9.982,-7.778,-0.074,-0.264,-0.674,2.060,9.421,2.066
a,134162,0.000,-9.998,36.000,-9.998,-7.910,0.002,0.148,1.234,2.091,9.415,2.182
a,134166,0.000,-9.998,36.000,-9.998,-7.910,-0.013,-0.096,-0.338,2.077,9.480,2.061
a,134170,0.000,-9.984,36.000,-9.984,-8.042,-0.135,0.011,-0.292,2.118,9.448,2.120
a,134174,0.000,-9.953,36.000,-9.953,-7.954,0.216,0.118,0.853,2.041,9.495,2.082
a,134179,0.000,-9.908,36.000,-9.908,-7.998,-0.227,0.240,-0.674,2.095,9.422,2.151
a,134183,0.000,-9.846,36.000,-9.846,-7.998,0.109,0.026,0.746,2.114,9.481,2.081
a,134187,0.000,-9.770,36.000,-9.770,-7.954,-0.074,0.133,-0.628,2.083,9.443,2.125
a,134190,0.000,-9.678,36.000,-9.678,-8.086,0.048,0.286,-0.506,2.077,9.477,2.103
a,134194,0.000,-9.571,36.000,-9.571,-7.998,0.048,-0.081,0.074,2.113,9.473,2.127
a,134199,0.000,-9.450,36.000,-9.450,-7.998,-0.059,-0.142,0.089,2.067,9.476,2.084
a,134203,0.000,-9.313,36.000,-9.313,-8.042,-0.181,-0.081,1.036,2.079,9.456,2.139
a,134206,0.000,-9.161,36.000,-9.161,-7.998,0.048,-0.294,0.303,2.077,9.465,2.094
a,134211,0.000,-8.996,36.000,-8.996,-7.954,0.063,0.179,0.761,2.105,9.445,2.126
a,134214,0.000,-8.816,36.000,-8.816,-8.042,0.140,-0.035,-0.628,2.073,9.470,2.094
a,134218,0.000,-8.622,36.000,-8.622,-7.954,0.002,-0.050,-0.079,2.105,9.452,2.105
a,134222,0.000,-8.414,36.000,-8.414,-7.954,0.079,0.133,1.143,2.089,9.467,2.113
a,134226,0.000,-8.193,36.000,-8.193,-7.998,-0.120,0.103,0.578,2.061,9.434,2.105
a,134230,0.000,-7.959,36.000,-7.959,-7.998,0.094,0.026,0.013,2.083,9.454,2.110
a,134234,0.000,-7.712,36.000,-7.712,-8.042,0.048,0.011,0.150,2.110,9.450,2.097
a,134238,0.000,-7.453,36.000,-7.453,-8.086,0.048,-0.035,-0.399,2.105,9.487,2.148
a,134242,0.000,-7.182,36.000,-7.182,-7.954,0.079,-0.126,1.082,2.097,9.443,2.099
a,134246,0.000,-6.899,36.000,-6.899,-7.251,-0.089,-0.126,1.570,2.076,9.505,2.130
a,134250,0.000,-6.605,36.000,-6.605,-7.119,-0.013,0.011,-0.185,2.105,9.513,2.116
a,134255,0.000,-6.301,36.000,-6.301,-7.954,0.201,-0.096,-0.582,2.105,9.433,2.139
a,134258,0.000,-5.986,36.000,-5.986,-7.163,0.033,0.255,-0.842,2.040,9.434,2.115
a,134262,0.000,-5.661,36.000,-5.661,-7.119,0.079,0.087,1.463,2.108,9.434,2.133
a,134266,0.000,-5.328,36.000,-5.328,-7.339,0.079,-0.249,1.189,2.145,9.491,2.065
a,134270,0.000,-4.985,36.000,-4.985,-7.295,0.140,-0.096,-0.353,2.024,9.494,2.122
a,134274,0.000,-4.635,36.000,-4.635,-7.119,-0.074,0.240,-0.674,2.083,9.475,2.130
a,134278,0.000,-4.276,36.000,-4.276,-6.504,-0.028,-0.188,-0.521,2.164,9.437,2.114
a,134282,0.000,-3.911,36.000,-3.911,-5.757,-0.044,-0.325,0.059,2.065,9.378,2.133
a,134286,0.000,-3.539,36.000,-3.539,-5.889,-0.135,-0.035,-0.338,2.064,9.446,2.161
a,134290,0.000,-3.161,36.000,-3.161,-5.801,0.170,0.087,0.792,2.118,9.519,2.132
a,134294,0.000,-2.778,36.000,-2.778,-5.098,-0.166,-0.249,1.418,2.151,9.552,2.085
a,134299,0.000,-2.390,36.000,-2.390,-4.526,0.277,-0.004,1.647,2.054,9.448,2.188
a,134303,0.000,-1.998,36.000,-1.998,-3.867,0.201,0.561,-0.430,2.027,9.527,2.094
a,134306,0.000,-1.603,36.000,-1.603,-1.055,0.048,0.072,-1.437,2.211,9.494,2.070
a,134310,0.000,-1.204,36.000,-1.204,-3.120,0.048,-0.203,-1.056,2.102,9.404,2.142
a,134315,0.000,-0.804,36.000,-0.804,-2.944,-0.059,0.545,-0.689,2.022,9.475,2.109
a,134318,0.000,-0.402,36.000,-0.402,-2.373,0.201,0.179,-1.071,2.105,9.492,2.127
a,134322,0.000,0.001,36.000,0.001,-1.802,-0.059,-0.554,0.700,2.194,9.505,2.076
a,134326,0.000,0.405,36.000,0.405,-1.714,-0.120,-0.020,0.181,2.004,9.544,2.173
a,134331,0.000,0.808,36.000,0.808,-1.494,0.170,0.469,0.456,2.017,9.376,2.113
a,134335,0.000,1.210,36.000,1.210,-1.011,0.063,-0.340,1.189,2.201,9.486,2.148
a,134339,0.000,1.610,36.000,1.610,-0.264,-0.135,-0.508,-0.827,2.167,9.486,2.091
a,134342,0.000,2.007,36.000,2.007,0.571,0.109,0.179,0.181,1.968,9.467,2.155
a,134346,0.000,2.402,36.000,2.402,0.439,0.155,0.118,-0.140,2.116,9.548,2.105
a,134351,0.000,2.793,36.000,2.793,0.703,-0.074,-0.081,-0.735,2.163,9.475,2.097
a,134355,0.000,3.180,36.000,3.180,2.637,0.170,0.240,0.853,1.979,9.479,2.155
a,134359,0.000,3.562,36.000,3.562,1.846,-0.013,0.133,0.135,2.089,9.485,2.157
a,134363,0.000,3.938,36.000,3.938,2.021,-0.196,-0.508,-0.338,2.154,9.538,2.067
a,134366,0.000,4.308,36.000,4.308,2.461,0.094,0.255,0.746,2.021,9.486,2.212
a,134370,0.000,4.671,36.000,4.671,2.549,-0.013,0.286,-0.079,2.027,9.396,2.136
a,134374,0.000,5.026,36.000,5.026,3.120,-0.013,0.393,-0.185,2.126,9.390,2.091
a,134378,0.000,5.374,36.000,5.374,3.252,-0.105,-0.462,0.609,2.132,9.500,2.105
a,134382,0.000,5.713,36.000,5.713,3.779,0.094,0.194,-0.109,2.020,9.462,2.139
a,134386,0.000,6.042,36.000,6.042,3.867,0.155,0.271,0.731,2.099,9.476,2.103
a,134390,0.000,6.362,36.000,6.362,4.570,0.094,-0.325,-0.338,2.107,9.418,2.120
a,134394,0.000,6.671,36.000,6.671,4.790,-0.044,-0.004,0.089,2.031,9.360,2.103
a,134398,0.000,6.970,36.000,6.970,6.196,-0.044,-0.111,0.364,2.119,9.512,2.084
a,134402,0.000,7.257,36.000,7.257,5.537,-0.120,-0.035,0.089,2.118,9.489,2.130
a,134406,0.000,7.532,36.000,7.532,6.021,0.094,0.011,-1.285,2.046,9.488,2.136
a,134410,0.000,7.794,36.000,7.794,5.933,-0.105,0.011,0.486,2.076,9.481,2.142
a,134415,0.000,8.044,36.000,8.044,8.174,0.079,-0.249,-0.537,2.118,9.464,2.072
a,134418,0.000,8.281,36.000,8.281,6.196,-0.150,-0.188,1.082,2.089,9.471,2.136
a,134422,0.000,8.503,36.000,8.503,6.636,0.537,0.316,0.563,2.048,9.465,2.132
a,134426,0.000,8.712,36.000,8.712,9.141,0.201,-0.142,-0.582,2.133,9.451,2.072
a,134430,0.000,8.906,36.000,8.906,6.680,-0.135,-0.264,-0.399,2.107,9.428,2.145
a,134434,0.000,9.085,36.000,9.085,6.812,0.262,0.072,0.288,2.002,9.437,2.107
a,134438,0.000,9.249,36.000,9.249,6.855,-0.013,0.011,-1.330,2.124,9.458,2.091
a,134442,0.000,9.397,36.000,9.397,7.427,-0.181,-0.554,0.700,2.167,9.479,2.096
a,134446,0.000,9.530,36.000,9.530,8.350,0.079,0.454,-0.369,1.996,9.537,2.110
a,134451,0.000,9.647,36.000,9.647,7.690,0.247,0.072,-0.308,2.113,9.513,2.122
a,134455,0.000,9.747,36.000,9.747,8.174,0.109,-0.203,0.792,2.143,9.446,2.109
a,134458,0.000,9.831,36.000,9.831,8.218,0.063,-0.004,1.830,1.999,9.428,2.120
a,134463,0.000,9.898,36.000,9.898,8.306,0.048,0.316,0.471,2.082,9.425,2.130
a,134466,0.000,9.948,36.000,9.948,8.394,-0.059,-0.233,0.746,2.163,9.454,2.084
a,134470,0.000,9.982,36.000,9.982,8.350,0.048,-0.065,0.685,2.052,9.439,2.119
a,134474,0.000,9.998,36.000,9.998,8.350,0.155,0.408,0.059,1.988,9.463,2.107
a,134478,0.000,9.998,36.000,9.998,8.394,0.033,0.026,-0.475,2.151,9.432,2.090
a,134482,0.000,9.980,36.000,9.980,8.350,-0.013,-0.203,-0.613,2.082,9.455,2.082
a,134487,0.000,9.945,36.000,9.945,8.438,0.140,0.362,-0.262,2.046,9.433,2.136
a,134491,0.000,9.893,36.000,9.893,8.745,0.048,0.057,-0.674,2.131,9.464,2.084
a,134494,0.000,9.824,36.000,9.824,8.350,-0.120,-0.081,0.761,2.128,9.450,2.116
a,134498,0.000,9.738,36.000,9.738,8.350,0.002,0.011,-0.124,2.024,9.443,2.116
a,134503,0.000,9.635,36.000,9.635,8.350,0.048,0.240,-0.613,2.093,9.452,2.122
a,134506,0.000,9.516,36.000,9.516,8.350,0.079,0.026,-1.025,2.133,9.430,2.125
a,134511,0.000,9.380,36.000,9.380,8.394,-0.227,-0.035,0.410,2.071,9.465,2.119
a,134514,0.000,9.227,36.000,9.227,8.350,0.094,0.240,0.028,2.070,9.473,2.090
a,134518,0.000,9.059,36.000,9.059,8.350,-0.074,-0.035,-0.720,2.130,9.458,2.099
a,134522,0.000,8.875,36.000,8.875,8.394,0.002,-0.035,0.761,2.082,9.436,2.122
a,134526,0.000,8.675,36.000,8.675,8.350,0.155,0.072,-0.414,2.071,9.448,2.116
a,134530,0.000,8.460,36.000,8.460,8.394,-0.074,-0.081,-1.117,2.118,9.404,2.125
a,134534,0.000,8.230,36.000,8.230,8.394,-0.242,0.179,-0.292,2.101,9.479,2.125
a,134538,0.000,7.986,36.000,7.986,8.438,0.140,-0.065,-1.544,2.058,9.437,2.148
a,134542,0.000,7.727,36.000,7.727,8.394,0.048,0.057,-0.399,2.107,9.442,2.105
a,134546,0.000,7.455,36.000,7.455,8.350,0.033,-0.081,-0.582,2.083,9.459,2.108
a,134550,0.000,7.170,36.000,7.170,8.394,-0.074,-0.188,-0.353,2.045,9.464,2.125
a,134554,0.000,6.872,36.000,6.872,11.074,-0.059,0.194,-0.033,2.087,9.533,2.119
a,134558,0.000,6.562,36.000,6.562,8.350,-0.105,-0.279,-0.124,2.105,9.477,2.113
a,134563,0.000,6.240,36.000,6.240,8.306,-0.105,0.347,0.364,2.011,9.448,2.151
a,134566,0.000,5.906,36.000,5.906,8.394,0.033,-0.081,-0.735,2.128,9.416,2.110
a,134570,0.000,5.563,36.000,5.563,8.306,-0.059,-0.264,-0.185,2.122,9.529,2.063
a,134574,0.000,5.209,36.000,5.209,8.218,0.094,-0.264,-0.475,2.093,9.500,2.149
a,134578,0.000,4.845,36.000,4.845,8.086,-0.211,-0.264,0.410,2.093,9.443,2.132
a,134582,0.000,4.473,36.000,4.473,7.646,-0.120,0.118,0.044,2.105,9.547,2.101
a,134586,0.000,4.093,36.000,4.093,7.646,-0.181,-0.004,0.746,2.139,9.518,2.085
a,134590,0.000,3.705,36.000,3.705,7.339,-0.013,-0.081,0.074,2.046,9.376,2.154
a,134594,0.000,3.311,36.000,3.311,6.724,-0.288,0.042,0.853,2.029,9.450,2.075
a,134598,0.000,2.910,36.000,2.910,7.471,-0.013,0.209,0.639,2.118,9.422,2.118
a,134603,0.000,2.504,36.000,2.504,6.196,-0.196,-0.279,-1.651,2.148,9.527,2.069
a,134607,0.000,2.093,36.000,2.093,5.977,0.094,-0.020,-0.109,2.051,9.335,2.136
a,134610,0.000,1.678,36.000,1.678,4.922,0.063,0.362,0.654,2.014,9.377,2.101
a,134614,0.000,1.260,36.000,1.260,4.570,-0.227,-0.203,0.257,2.201,9.523,2.088
a,134618,0.000,0.839,36.000,0.839,4.087,-0.013,-0.172,0.685,2.107,9.403,2.130
a,134623,0.000,0.417,36.000,0.417,3.823,-0.273,0.072,0.593,1.992,9.463,2.061
a,134626,0.000,-0.007,36.000,-0.007,3.472,-0.227,0.057,-1.269,2.154,9.598,2.164
a,134630,0.000,-0.431,36.000,-0.431,3.208,-0.624,-0.081,-0.475,2.085,9.544,2.066
a,134635,0.000,-0.854,36.000,-0.854,3.340,0.201,0.332,-0.308,2.022,9.355,2.162
a,134639,0.000,-1.276,36.000,-1.276,2.637,-0.166,0.194,0.547,2.048,9.401,2.082
a,134643,0.000,-1.696,36.000,-1.696,2.109,-0.196,-0.264,-0.338,2.139,9.500,2.107
a,134646,0.000,-2.113,36.000,-2.113,1.846,-0.044,0.087,1.189,2.046,9.536,2.127
a,134650,0.000,-2.527,36.000,-2.527,1.099,-0.135,-0.203,-0.720,2.124,9.456,2.097
a,134654,0.000,-2.936,36.000,-2.936,0.527,-0.120,-0.752,-0.063,2.210,9.542,2.082
a,134658,0.000,-3.341,36.000,-3.341,-0.703,0.170,-0.035,0.349,2.011,9.515,2.170
a,134662,0.000,-3.739,36.000,-3.739,-0.308,-0.181,-0.142,-0.888,2.085,9.473,2.065
a,134666,0.000,-4.131,36.000,-4.131,-0.703,-0.334,-0.371,-0.552,2.242,9.540,2.132
a,134670,0.000,-4.516,36.000,-4.516,-1.494,-0.410,-0.249,-0.308,2.035,9.432,2.047
a,134674,0.000,-4.892,36.000,-4.892,-1.582,0.353,0.454,-0.979,2.040,9.448,2.170
a,134678,0.000,-5.260,36.000,-5.260,-2.153,-0.349,-0.096,-0.460,2.133,9.404,2.085
a,134682,0.000,-5.619,36.000,-5.619,-0.791,-0.395,-0.371,-0.811,2.064,9.402,2.103
a,134686,0.000,-5.968,36.000,-5.968,-2.461,-0.120,0.194,0.242,2.064,9.486,2.136
a,134690,0.000,-6.306,36.000,-6.306,-2.988,0.033,0.026,-1.498,2.061,9.427,2.152
a,134694,0.000,-6.632,36.000,-6.632,-3.164,-0.013,-0.172,0.578,2.079,9.360,2.090
a,134699,0.000,-6.947,36.000,-6.947,-3.779,-0.059,-0.020,-0.201,2.048,9.361,2.110
a,134703,0.000,-7.249,36.000,-7.249,-4.307,-0.288,-0.004,0.639,2.122,9.475,2.088
a,134706,0.000,-7.538,36.000,-7.538,-3.779,-0.395,-0.264,0.196,2.108,9.471,2.132
a,134710,0.000,-7.813,36.000,-7.813,-4.307,-0.120,0.530,1.051,2.011,9.372,2.088
a,134714,0.000,-8.074,36.000,-8.074,-5.142,-0.135,-0.035,-0.674,2.124,9.476,2.091
a,134718,0.000,-8.320,36.000,-8.320,-5.273,0.063,-0.157,-0.079,2.101,9.452,2.066
a,134723,0.000,-8.551,36.000,-8.551,-5.669,-0.059,-0.126,0.349,2.046,9.430,2.116
a,134727,0.000,-8.766,36.000,-8.766,-5.757,0.109,0.103,0.181,2.088,9.398,2.101
a,134730,0.000,-8.965,36.000,-8.965,-5.845,-0.059,-0.478,0.318,2.154,9.444,2.091
a,134734,0.000,-9.148,36.000,-9.148,-5.273,-0.059,-0.020,0.074,2.064,9.505,2.105
a,134738,0.000,-9.314,36.000,-9.314,-6.372,-0.135,0.240,-0.720,2.061,9.440,2.119
a,134742,0.000,-9.462,36.000,-9.462,-6.504,-0.227,-0.188,-0.140,2.130,9.444,2.109
a,134746,0.000,-9.593,36.000,-9.593,-6.636,-0.120,-0.325,-1.086,2.122,9.481,2.109
a,134751,0.000,-9.706,36.000,-9.706,-7.163,0.094,0.103,-1.498,2.035,9.438,2.139
a,134755,0.000,-9.801,36.000,-9.801,-7.163,-0.044,-0.035,0.150,2.145,9.428,2.119
a,134758,0.000,-9.878,36.000,-9.878,-7.163,-0.059,0.026,0.868,2.110,9.394,2.120
a,134763,0.000,-9.936,36.000,-9.936,-7.295,-0.181,-0.081,0.395,2.058,9.456,2.148
a,134766,0.000,-9.976,36.000,-9.976,-7.295,0.002,0.179,-0.079,2.077,9.420,2.109
a,134770,0.000,-9.997,36.000,-9.997,-7.295,0.247,-0.249,-0.811,2.093,9.439,2.097
a,134774,0.000,-9.999,36.000,-9.999,-7.734,0.170,-0.035,0.288,2.097,9.414,2.122
a,134778,0.000,-9.982,36.000,-9.982,-7.822,0.155,0.011,-0.094,2.067,9.470,2.130
a,134782,0.000,-9.946,36.000,-9.946,-7.866,-0.059,0.072,-0.185,2.113,9.450,2.105
a,134786,0.000,-9.892,36.000,-9.892,-7.910,-0.288,-0.004,0.746,2.085,9.452,2.143
a,134790,0.000,-9.818,36.000,-9.818,-7.822,0.079,-0.142,-0.475,2.070,9.448,2.139
a,134794,0.000,-9.727,36.000,-9.727,-7.822,0.063,-0.035,0.196,2.110,9.445,2.151
a,134798,0.000,-9.616,36.000,-9.616,-7.910,-0.074,-0.020,-0.475,2.064,9.446,2.145
a,134802,0.000,-9.488,36.000,-9.488,-7.910,0.002,-0.142,0.410,2.067,9.445,2.126
a,134806,0.000,-9.341,36.000,-9.341,-7.866,0.155,-0.020,0.273,2.070,9.444,2.110
a,134810,0.000,-9.176,36.000,-9.176,-7.866,-0.105,0.072,0.150,2.138,9.471,2.097
a,134815,0.000,-8.994,36.000,-8.994,-7.866,0.140,0.026,-0.430,2.073,9.446,2.097
a,134818,0.000,-8.794,36.000,-8.794,-7.910,0.094,-0.096,-1.224,2.071,9.438,2.119
a,134822,0.000,-8.577,36.000,-8.577,-7.910,-0.013,0.026,0.761,2.108,9.461,2.110
a,134826,0.000,-8.344,36.000,-8.344,-7.866,-0.181,0.301,0.547,2.089,9.436,2.103
a,134830,0.000,-8.095,36.000,-8.095,-7.954,0.155,0.072,-0.201,2.067,9.439,2.119
a,134834,0.000,-7.830,36.000,-7.830,-7.910,-0.135,-0.081,-0.521,2.101,9.482,2.119
a,134838,0.000,-7.550,36.000,-7.550,-7.866,0.155,-0.264,0.181,2.093,9.465,2.105
a,134842,0.000,-7.255,36.000,-7.255,-7.822,0.185,-0.203,-0.475,2.082,9.457,2.107
a,134846,0.000,-6.946,36.000,-6.946,-7.866,0.201,0.026,0.471,2.110,9.497,2.109
a,134851,0.000,-6.623,36.000,-6.623,-7.822,0.048,-0.294,0.303,2.076,9.439,2.119
a,134855,0.000,-6.287,36.000,-6.287,-7.822,0.033,0.133,-0.353,2.097,9.538,2.112
a,134858,0.000,-5.939,36.000,-5.939,-7.031,-0.028,0.255,-0.475,2.076,9.403,2.151
a,134862,0.000,-5.579,36.000,-5.579,-7.822,0.430,0.240,-0.353,2.064,9.458,2.145
a,134866,0.000,-5.208,36.000,-5.208,-7.339,0.109,-0.188,1.067,2.139,9.443,2.099
a,134870,0.000,-4.827,36.000,-4.827,-7.251,-0.105,-0.340,1.677,2.149,9.458,2.124
a,134874,0.000,-4.436,36.000,-4.436,-6.504,0.247,0.683,-1.483,2.009,9.556,2.158
a,134879,0.000,-4.036,36.000,-4.036,-6.021,0.216,-0.096,0.288,2.182,9.603,2.096
a,134883,0.000,-3.629,36.000,-3.629,-5.977,-0.211,-0.157,0.089,2.148,9.506,2.132
a,134886,0.000,-3.213,36.000,-3.213,-5.889,0.369,0.286,0.181,1.936,9.379,2.167
a,134890,0.000,-2.791,36.000,-2.791,-5.317,0.338,0.729,0.166,2.033,9.369,2.110
a,134894,0.000,-2.364,36.000,-2.364,-4.966,-0.288,-0.569,0.609,2.297,9.528,2.046
a,134898,0.000,-1.931,36.000,-1.931,-4.438,-0.059,-0.096,-0.888,1.996,9.451,2.164
a,134902,0.000,-1.495,36.000,-1.495,-3.823,0.353,0.958,-0.445,1.931,9.498,2.127
a,134907,0.000,-1.055,36.000,-1.055,-3.120,-0.273,-0.615,0.609,2.350,9.603,2.078
a,134911,0.000,-0.613,36.000,-0.613,-2.461,-0.120,-0.661,0.975,2.009,9.499,2.148
a,134914,0.000,-0.169,36.000,-0.169,-2.373,0.644,0.774,-0.109,1.760,9.351,2.149
a,134919,0.000,0.275,36.000,0.275,-2.197,-0.059,-0.355,0.502,2.380,9.597,2.081
a,134922,0.000,0.719,36.000,0.719,-1.714,-0.288,-1.378,0.731,2.216,9.550,2.061
a,134926,0.000,1.162,36.000,1.162,-1.582,0.109,0.393,0.028,1.840,9.373,2.230
a,134930,0.000,1.603,36.000,1.603,1.978,0.567,0.896,-0.445,2.060,9.436,2.132
a,134934,0.000,2.041,36.000,2.041,-0.308,-0.608,-1.226,0.059,2.343,9.577,2.084
a,134938,0.000,2.475,36.000,2.475,-0.132,0.155,-0.279,0.578,1.893,9.390,2.189
a,134942,0.000,2.904,36.000,2.904,0.527,0.445,1.171,0.547,1.877,9.345,2.122
a,134946,0.000,3.328,36.000,3.328,0.659,-0.028,-0.462,1.815,2.382,9.440,1.991
a,134950,0.000,3.746,36.000,3.746,1.802,-0.181,-0.752,-0.109,2.077,9.394,2.127
a,134954,0.000,4.157,36.000,4.157,1.934,0.216,0.622,0.563,1.906,9.452,2.158
a,134958,0.000,4.559,36.000,4.559,2.417,0.109,0.179,0.532,2.240,9.452,2.063
a,134962,0.000,4.953,36.000,4.953,2.769,-0.440,-0.600,0.975,2.114,9.544,2.110
a,134967,0.000,5.337,36.000,5.337,3.164,0.079,0.011,-0.628,1.937,9.444,2.167
a,134970,0.000,5.710,36.000,5.710,3.296,0.384,0.606,0.456,2.091,9.464,2.097
a,134974,0.000,6.072,36.000,6.072,3.428,-0.181,-0.584,-0.002,2.257,9.547,2.088
a,134978,0.000,6.422,36.000,6.422,3.516,-0.028,-0.020,-0.903,1.955,9.401,2.167
a,134982,0.000,6.760,36.000,6.760,4.131,0.262,0.744,-0.124,2.002,9.354,2.142
a,134986,0.000,7.084,36.000,7.084,4.746,-0.028,-0.203,-0.231,2.289,9.465,2.072
a,134990,0.000,7.394,36.000,7.394,5.537,-0.318,-0.584,0.212,2.099,9.516,2.120
a,134994,0.000,7.689,36.000,7.689,6.021,0.201,0.530,1.036,1.955,9.473,2.173
a,134999,0.000,7.969,36.000,7.969,6.240,0.109,0.057,0.288,2.234,9.543,2.099
a,135003,0.000,8.233,36.000,8.233,6.284,-0.440,-0.294,-0.017,2.101,9.519,2.116
a,135006,0.000,8.481,36.000,8.481,6.680,0.201,0.500,0.227,1.931,9.439,2.168
a,135010,0.000,8.711,36.000,8.711,6.680,0.063,0.087,0.700,2.167,9.486,2.090
a,135014,0.000,8.924,36.000,8.924,6.812,0.170,-0.493,0.303,2.166,9.425,2.078
a,135018,0.000,9.118,36.000,9.118,6.855,0.094,0.194,-0.048,1.976,9.431,2.160
a,135022,0.000,9.294,36.000,9.294,7.559,0.140,0.286,-0.414,2.099,9.454,2.101
a,135027,0.000,9.452,36.000,9.452,7.603,-0.120,-0.294,0.196,2.209,9.451,2.099
a,135031,0.000,9.590,36.000,9.590,7.646,-0.013,-0.081,0.135,2.024,9.436,2.158
a,135034,0.000,9.708,36.000,9.708,7.646,0.247,0.301,-0.323,1.996,9.421,2.127
a,135038,0.000,9.807,36.000,9.807,8.086,-0.196,0.087,-0.246,2.151,9.410,2.085
a,135042,0.000,9.885,36.000,9.885,8.218,0.201,-0.630,-0.613,2.154,9.474,2.120
a,135046,0.000,9.944,36.000,9.944,8.350,-0.059,0.286,-0.079,1.982,9.468,2.119
a,135051,0.000,9.982,36.000,9.982,8.350,0.048,0.377,0.639,2.132,9.491,2.099
a,135055,0.000,9.999,36.000,9.999,8.789,0.094,-0.172,0.838,2.149,9.470,2.101
a,135058,0.000,9.995,36.000,9.995,8.833,0.140,0.026,-0.857,2.027,9.436,2.127
a,135063,0.000,9.971,36.000,9.971,8.789,-0.120,0.194,0.135,2.082,9.443,2.132
a,135067,0.000,9.927,36.000,9.927,8.789,-0.059,-0.142,0.196,2.136,9.482,2.075
a,135070,0.000,9.861,36.000,9.861,8.789,-0.181,-0.188,0.593,2.060,9.421,2.125
a,135074,0.000,9.776,36.000,9.776,8.789,0.323,0.011,0.395,2.066,9.456,2.138
a,135078,0.000,9.669,36.000,9.669,8.789,0.002,-0.126,1.036,2.157,9.483,2.113
a,135082,0.000,9.543,36.000,9.543,8.789,-0.044,-0.111,-0.017,2.066,9.452,2.107
a,135086,0.000,9.397,36.000,9.397,8.745,0.002,0.118,0.303,2.055,9.451,2.130
a,135090,0.000,9.231,36.000,9.231,8.745,-0.044,-0.096,0.486,2.115,9.488,2.101
a,135094,0.000,9.045,36.000,9.045,8.789,0.109,-0.142,0.288,2.101,9.443,2.120
a,135098,0.000,8.841,36.000,8.841,8.789,-0.044,0.209,1.341,2.051,9.467,2.130
a,135102,0.000,8.617,36.000,8.617,8.701,0.185,0.133,-0.430,2.079,9.440,2.091
a,135106,0.000,8.376,36.000,8.376,8.789,0.170,-0.294,1.250,2.113,9.471,2.120
a,135110,0.000,8.117,36.000,8.117,8.438,-0.059,-0.157,-0.720,2.070,9.403,2.120
a,135115,0.000,7.840,36.000,7.840,8.438,0.170,0.118,-0.094,2.091,9.458,2.099
a,135118,0.000,7.547,36.000,7.547,8.833,-0.059,0.011,-0.567,2.114,9.469,2.096
a,135122,0.000,7.238,36.000,7.238,9.712,-0.166,-0.233,1.234,2.070,9.440,2.113
a,135126,0.000,6.913,36.000,6.913,8.438,0.109,0.072,0.395,2.082,9.433,2.107
a,135130,0.000,6.574,36.000,6.574,8.789,-0.044,0.072,0.150,2.120,9.498,2.099
a,135134,0.000,6.220,36.000,6.220,8.438,0.079,-0.264,1.357,2.066,9.434,2.120
a,135138,0.000,5.853,36.000,5.853,8.745,-0.288,0.026,0.349,2.093,9.432,2.116
a,135142,0.000,5.474,36.000,5.474,8.745,-0.135,-0.310,-0.445,2.118,9.516,2.142
a,135146,0.000,5.082,36.000,5.082,8.350,-0.227,-0.249,0.181,2.064,9.464,2.101
a,135151,0.000,4.679,36.000,4.679,8.218,-0.181,0.316,0.532,2.017,9.456,2.097
a,135155,0.000,4.266,36.000,4.266,8.086,-0.059,0.194,0.868,2.138,9.421,2.041
a,135158,0.000,3.844,36.000,3.844,8.086,-0.105,-0.111,0.089,2.089,9.536,2.081
a,135162,0.000,3.413,36.000,3.413,7.559,-0.074,-0.294,-0.338,2.126,9.577,2.130
a,135166,0.000,2.975,36.000,2.975,6.855,0.002,0.118,0.196,2.015,9.431,2.119
a,135170,0.000,2.530,36.000,2.530,7.383,-0.181,-0.417,-0.063,2.097,9.414,2.120
a,135174,0.000,2.079,36.000,2.079,6.284,-0.059,0.148,0.639,2.124,9.403,2.114
a,135179,0.000,1.624,36.000,1.624,6.064,-0.318,-0.340,-0.781,2.130,9.513,2.085
a,135183,0.000,1.165,36.000,1.165,5.537,0.033,0.026,-0.796,2.011,9.376,2.137
a,135187,0.000,0.702,36.000,0.702,4.746,-0.013,-0.081,0.395,2.102,9.400,2.094
a,135190,0.000,0.239,36.000,0.239,4.131,-0.273,-0.035,0.196,2.182,9.574,2.063
a,135194,0.000,-0.226,36.000,-0.226,3.867,0.216,-0.035,0.135,2.035,9.492,2.155
a,135198,0.000,-0.691,36.000,-0.691,3.296,0.155,0.377,0.731,2.087,9.425,2.116
a,135202,0.000,-1.154,36.000,-1.154,3.120,-0.211,-0.493,1.525,2.219,9.531,2.095
a,135206,0.000,-1.615,36.000,-1.615,2.593,-0.273,-0.508,1.097,2.029,9.428,2.088
a,135210,0.000,-2.073,36.000,-2.073,1.934,0.033,0.133,-0.246,1.952,9.373,2.160
a,135215,0.000,-2.527,36.000,-2.527,1.362,0.002,0.072,-0.017,2.175,9.383,2.041
a,135219,0.000,-2.975,36.000,-2.975,0.659,-0.517,-0.462,-0.949,2.185,9.475,2.091
a,135222,0.000,-3.418,36.000,-3.418,0.703,-0.074,0.362,-0.414,1.942,9.509,2.191
a,135227,0.000,-3.853,36.000,-3.853,-0.220,-0.059,0.393,-1.269,2.132,9.428,2.047
a,135231,0.000,-4.280,36.000,-4.280,-0.352,-0.181,-0.096,0.150,2.231,9.634,2.051
a,135234,0.000,-4.698,36.000,-4.698,-0.879,0.109,0.438,0.227,1.973,9.328,2.099
a,135238,0.000,-5.106,36.000,-5.106,-1.450,0.124,0.484,-0.827,2.002,9.412,2.172
a,135242,0.000,-5.503,36.000,-5.503,-1.626,-0.059,-0.020,0.242,2.178,9.521,2.078
a,135246,0.000,-5.888,36.000,-5.888,-1.802,-0.288,-0.417,-0.384,2.097,9.548,2.094
a,135250,0.000,-6.260,36.000,-6.260,-2.285,0.063,0.561,0.395,1.957,9.397,2.161
a,135254,0.000,-6.619,36.000,-6.619,-2.856,-0.120,-0.035,0.044,2.194,9.437,2.046
a,135258,0.000,-6.964,36.000,-6.964,-2.988,-0.181,-0.249,0.547,2.083,9.408,2.107
a,135262,0.000,-7.293,36.000,-7.293,-3.604,0.063,0.500,0.685,1.970,9.428,2.170
a,135266,0.000,-7.607,36.000,-7.607,-3.867,-0.135,-0.020,-0.903,2.155,9.522,2.076
a,135270,0.000,-7.904,36.000,-7.904,-4.438,-0.349,-0.523,-0.933,2.169,9.426,2.059
a,135274,0.000,-8.183,36.000,-8.183,-4.614,0.094,0.286,-0.094,1.942,9.471,2.168
a,135278,0.000,-8.445,36.000,-8.445,-4.307,-0.196,0.179,-0.781,2.120,9.457,2.148
a,135283,0.000,-8.688,36.000,-8.688,-5.229,-0.105,-0.386,1.357,2.175,9.487,2.043
a,135286,0.000,-8.912,36.000,-8.912,-5.713,0.048,-0.188,0.242,2.030,9.505,2.173
a,135290,0.000,-9.116,36.000,-9.116,-5.010,-0.089,0.667,1.128,2.047,9.421,2.127
a,135294,0.000,-9.300,36.000,-9.300,-5.933,-0.013,-0.172,0.853,2.139,9.432,2.082
a,135298,0.000,-9.463,36.000,-9.463,-6.724,0.063,-0.493,-0.063,2.082,9.461,2.132
a,135302,0.000,-9.606,36.000,-9.606,-5.845,-0.013,0.133,-0.140,1.974,9.420,2.156
a,135307,0.000,-9.726,36.000,-9.726,-7.163,-0.059,0.026,-0.033,2.170,9.444,2.078
a,135311,0.000,-9.825,36.000,-9.825,-5.933,-0.379,-0.462,0.715,2.178,9.424,2.105
a,135314,0.000,-9.903,36.000,-9.903,-6.636,-0.135,0.087,-0.246,1.927,9.505,2.142
a,135318,0.000,-9.957,36.000,-9.957,-7.295,-0.028,0.255,-0.521,2.130,9.470,2.107
a,135322,0.000,-9.990,36.000,-9.990,-7.383,-0.028,-0.126,-0.246,2.095,9.491,2.097
a,135326,0.000,-10.000,36.000,-10.000,-7.866,0.048,0.011,-0.460,2.002,9.467,2.119
a,135331,0.000,-9.987,36.000,-9.987,-7.866,-0.013,0.271,0.639,2.055,9.415,2.152
a,135335,0.000,-9.952,36.000,-9.952,-7.998,-0.059,-0.020,0.028,2.128,9.487,2.017
a,135339,0.000,-9.895,36.000,-9.895,-7.998,0.018,-0.264,-1.559,2.118,9.418,2.182
a,135342,0.000,-9.815,36.000,-9.815,-7.998,-0.227,0.133,0.349,2.011,9.471,2.103
a,135346,0.000,-9.712,36.000,-9.712,-7.998,0.094,0.087,-0.048,2.108,9.444,2.127
a,135351,0.000,-9.588,36.000,-9.588,-7.998,0.048,-0.126,0.242,2.099,9.491,2.103
a,135355,0.000,-9.441,36.000,-9.441,-8.042,0.155,0.087,0.380,2.014,9.436,2.119
a,135358,0.000,-9.273,36.000,-9.273,-7.998,0.201,0.179,-0.033,2.073,9.457,2.127
a,135363,0.000,-9.084,36.000,-9.084,-7.998,-0.074,-0.126,-0.475,2.116,9.450,2.118
a,135366,0.000,-8.874,36.000,-8.874,-8.086,-0.074,-0.203,-0.231,2.073,9.454,2.091
a,135370,0.000,-8.643,36.000,-8.643,-8.042,-0.013,0.271,1.021,2.058,9.436,2.137
a,135374,0.000,-8.392,36.000,-8.392,-8.042,-0.013,-0.020,0.547,2.132,9.470,2.103
a,135378,0.000,-8.123,36.000,-8.123,-8.042,-0.013,-0.096,0.257,2.066,9.430,2.110
a,135382,0.000,-7.834,36.000,-7.834,-7.998,0.094,0.133,0.380,2.036,9.461,2.121
a,135386,0.000,-7.527,36.000,-7.527,-8.130,0.185,0.072,-0.308,2.091,9.461,2.127
a,135390,0.000,-7.202,36.000,-7.202,-8.086,0.033,-0.020,-0.582,2.060,9.505,2.136
a,135394,0.000,-6.861,36.000,-6.861,-8.042,0.247,0.255,-0.918,2.042,9.390,2.125
a,135398,0.000,-6.504,36.000,-6.504,-7.998,0.094,0.194,0.334,2.093,9.516,2.152
a,135402,0.000,-6.131,36.000,-6.131,-7.998,-0.013,-0.020,0.181,2.148,9.493,2.101
a,135406,0.000,-5.744,36.000,-5.744,-6.548,0.338,0.118,0.746,2.035,9.475,2.173
a,135410,0.000,-5.344,36.000,-5.344,-7.119,0.201,0.133,0.059,2.095,9.516,2.114
a,135415,0.000,-4.930,36.000,-4.930,-7.383,-0.196,-0.126,-0.353,2.155,9.535,2.136
a,135418,0.000,-4.505,36.000,-4.505,-7.251,0.155,-0.142,-0.201,2.035,9.392,2.101
a,135422,0.000,-4.070,36.000,-4.070,-7.207,0.140,0.515,-0.766,1.993,9.426,2.143
a,135426,0.000,-3.624,36.000,-3.624,-6.548,0.216,-0.050,0.288,2.184,9.407,2.110
a,135430,0.000,-3.170,36.000,-3.170,-5.977,-0.227,-0.417,-0.323,2.077,9.559,2.138
a,135434,0.000,-2.708,36.000,-2.708,-5.757,0.155,0.271,0.456,1.996,9.465,2.155
a,135438,0.000,-2.240,36.000,-2.240,-5.229,-0.059,0.072,-0.017,2.198,9.565,2.116
a,135442,0.000,-1.766,36.000,-1.766,-5.010,0.048,-0.355,0.776,2.193,9.462,2.075
a,135446,0.000,-1.287,36.000,-1.287,-4.438,0.048,0.469,0.120,1.884,9.321,2.184
a,135451,0.000,-0.805,36.000,-0.805,-2.461,0.262,0.332,-1.453,2.097,9.489,2.113
a,135455,0.000,-0.321,36.000,-0.321,-3.164,-0.395,-0.615,0.150,2.338,9.535,2.107
a,135458,0.000,0.164,36.000,0.164,-2.505,-0.303,-0.035,-1.208,1.881,9.479,2.155
a,135463,0.000,0.649,36.000,0.649,-2.285,0.598,0.851,1.494,1.931,9.475,2.170
a,135466,0.000,1.133,36.000,1.133,-1.714,-0.181,-0.249,0.395,2.349,9.489,2.029
a,135470,0.000,1.614,36.000,1.614,-1.670,-0.013,-0.569,-0.017,2.004,9.398,2.142
a,135474,0.000,2.092,36.000,2.092,-1.450,0.582,0.958,0.150,1.775,9.346,2.230
a,135478,0.000,2.566,36.000,2.566,0.703,-0.059,-0.310,0.059,2.364,9.583,2.028
a,135483,0.000,3.033,36.000,3.033,0.352,-0.334,-1.149,0.944,2.231,9.591,2.078
a,135487,0.000,3.494,36.000,3.494,0.703,0.384,0.729,0.899,1.757,9.512,2.228
a,135490,0.000,3.947,36.000,3.947,1.802,0.521,0.729,-1.407,2.210,9.544,2.096
a,135494,0.000,4.390,36.000,4.390,1.890,-0.517,-1.271,1.983,2.411,9.517,2.047
a,135498,0.000,4.824,36.000,4.824,2.065,0.079,-0.355,-0.414,1.835,9.374,2.206
a,135502,0.000,5.246,36.000,5.246,2.681,0.430,0.851,-0.170,2.061,9.431,2.144
a,135506,0.000,5.656,36.000,5.656,3.296,-0.013,0.087,0.654,2.358,9.516,2.078
a,135511,0.000,6.052,36.000,6.052,3.472,-0.288,-0.875,0.929,2.036,9.530,2.133
a,135515,0.000,6.435,36.000,6.435,4.746,0.537,0.790,0.044,1.858,9.470,2.217
a,135518,0.000,6.802,36.000,6.802,6.064,-0.135,0.118,-0.292,2.224,9.585,2.037
a,135523,0.000,7.153,36.000,7.153,5.229,0.048,-0.737,-0.185,2.204,9.442,2.142
a,135527,0.000,7.487,36.000,7.487,5.537,-0.070,0.481,-0.924,1.900,9.409,2.139
a,135530,0.000,7.803,36.000,7.803,5.977,0.266,0.634,-0.130,2.107,9.480,2.114
a,135534,0.000,8.101,36.000,8.101,6.064,-0.222,-0.465,0.099,2.241,9.507,2.085
a,135538,0.000,8.379,36.000,8.379,6.152,0.098,-0.191,0.129,1.988,9.412,2.158
a,135542,0.000,8.638,36.000,8.638,6.240,0.266,0.267,-0.054,2.039,9.476,2.103
a,135546,0.000,8.875,36.000,8.875,6.680,0.037,-0.114,-0.695,2.241,9.525,2.090
a,135550,0.000,9.091,36.000,9.091,6.768,0.053,-0.053,0.679,2.023,9.477,2.133
a,135554,0.000,9.285,36.000,9.285,6.812,0.312,0.374,-0.268,1.944,9.347,2.137
a,135558,0.000,9.457,36.000,9.457,7.383,0.327,0.267,0.374,2.118,9.436,2.076
a,135562,0.000,9.606,36.000,9.606,7.515,-0.176,-0.572,-0.008,2.178,9.428,2.122
a,135566,0.000,9.731,36.000,9.731,7.646,0.053,0.466,0.343,1.984,9.425,2.114
a,135570,0.000,9.833,36.000,9.833,7.559,0.221,0.191,-0.146,2.045,9.414,2.133
a,135574,0.000,9.911,36.000,9.911,7.690,-0.008,-0.068,-0.039,2.170,9.471,2.096
a,135578,0.000,9.965,36.000,9.965,8.042,-0.008,-0.145,-0.955,2.023,9.400,2.151
a,135583,0.000,9.994,36.000,9.994,8.306,0.007,0.130,0.404,2.076,9.476,2.125
a,135586,0.000,9.999,36.000,9.999,8.306,-0.085,-0.267,-1.703,2.161,9.505,2.119
a,135590,0.000,9.979,36.000,9.979,8.701,-0.176,-0.160,0.526,2.055,9.511,2.132
a,135594,0.000,9.935,36.000,9.935,8.745,0.190,0.099,1.167,2.046,9.409,2.148
a,135598,0.000,9.866,36.000,9.866,8.833,0.159,0.023,-0.909,2.091,9.483,2.059
a,135602,0.000,9.773,36.000,9.773,8.789,-0.131,-0.175,-1.230,2.116,9.410,2.119
a,135606,0.000,9.655,36.000,9.655,8.745,0.068,0.084,0.083,2.027,9.419,2.109
a,135611,0.000,9.514,36.000,9.514,8.789,0.053,0.252,-0.466,2.071,9.458,2.096
a,135614,0.000,9.349,36.000,9.349,8.789,0.114,-0.175,1.228,2.091,9.464,2.122
a,135618,0.000,9.161,36.000,9.161,8.789,-0.070,-0.252,-0.573,2.070,9.464,2.113
a,135622,0.000,8.950,36.000,8.950,8.833,-0.054,0.176,-0.405,2.066,9.467,2.114
a,135626,0.000,8.716,36.000,8.716,8.833,0.114,0.130,0.572,2.101,9.455,2.099
a,135630,0.000,8.461,36.000,8.461,8.789,-0.237,-0.068,-0.481,2.079,9.458,2.110
a,135635,0.000,8.184,36.000,8.184,8.789,0.205,0.328,0.618,2.060,9.422,2.116
a,135639,0.000,7.887,36.000,7.887,8.789,-0.008,-0.068,0.343,2.102,9.468,2.130
a,135642,0.000,7.570,36.000,7.570,8.833,0.159,-0.206,-0.634,2.072,9.481,2.122
a,135647,0.000,7.234,36.000,7.234,12.261,0.159,0.130,0.343,2.051,9.448,2.142
a,135651,0.000,6.879,36.000,6.879,8.877,0.312,0.206,-0.375,2.055,9.419,2.142
a,135654,0.000,6.507,36.000,6.507,9.097,-0.176,-0.297,-0.985,2.133,9.422,2.072
a,135659,0.000,6.118,36.000,6.118,8.789,0.098,-0.389,-0.039,2.030,9.412,2.136
a,135662,0.000,5.714,36.000,5.714,8.833,0.053,0.390,1.061,2.070,9.487,2.099
a,135666,0.000,5.295,36.000,5.295,8.789,-0.161,-0.206,-0.191,2.150,9.450,2.114
a,135670,0.000,4.863,36.000,4.863,9.492,-0.299,-0.175,-0.741,2.082,9.511,2.109
a,135674,0.000,4.418,36.000,4.418,8.086,0.053,0.206,0.389,2.023,9.406,2.164
a,135678,0.000,3.961,36.000,3.961,7.690,-0.024,0.313,-0.420,2.130,9.493,2.075
a,135682,0.000,3.494,36.000,3.494,7.383,-0.115,-0.786,-0.939,2.139,9.426,2.110
a,135686,0.000,3.018,36.000,3.018,6.812,-0.329,0.130,0.297,1.952,9.470,2.127
a,135690,0.000,2.534,36.000,2.534,6.328,0.373,0.527,0.038,2.024,9.464,2.133
a,135694,0.000,2.043,36.000,2.043,6.240,-0.176,-0.053,0.740,2.231,9.473,2.035
a,135698,0.000,1.547,36.000,1.547,6.021,-0.421,-0.740,0.099,2.087,9.498,2.130
a,135702,0.000,1.046,36.000,1.046,4.790,0.083,0.802,-0.833,1.952,9.367,2.139
a,135706,0.000,0.543,36.000,0.543,4.131,-0.329,-0.068,0.022,2.278,9.637,2.037
a,135710,0.000,0.037,36.000,0.037,3.867,-0.329,-0.603,0.145,2.151,9.541,2.149
a,135715,0.000,-0.468,36.000,-0.468,3.340,0.098,0.405,0.282,1.865,9.386,2.103
a,135718,0.000,-0.973,36.000,-0.973,3.120,-0.070,0.206,-1.077,2.233,9.528,2.108
a,135722,0.000,-1.476,36.000,-1.476,2.681,-0.436,-0.771,-0.023,2.248,9.558,2.065
a,135726,0.000,-1.975,36.000,-1.975,2.461,-0.222,-0.221,0.526,1.890,9.400,2.174
a,135730,0.000,-2.470,36.000,-2.470,1.846,0.266,0.771,-0.329,2.054,9.489,2.143
a,135734,0.000,-2.958,36.000,-2.958,0.703,-0.558,-0.572,-0.390,2.349,9.476,2.046
a,135738,0.000,-3.439,36.000,-3.439,0.352,0.022,-0.404,-1.764,1.992,9.439,2.155
a,135742,0.000,-3.912,36.000,-3.912,-0.220,0.266,0.649,1.030,1.895,9.324,2.188
a,135746,0.000,-4.374,36.000,-4.374,-0.791,0.007,-0.114,1.351,2.302,9.556,2.033
a,135751,0.000,-4.826,36.000,-4.826,-1.099,-0.207,-0.496,1.580,2.089,9.419,2.063
a,135755,0.000,-5.266,36.000,-5.266,-1.582,-0.024,0.145,-0.695,1.858,9.407,2.176
a,135758,0.000,-5.692,36.000,-5.692,-1.714,0.343,1.000,-0.054,2.145,9.451,2.170
a,135762,0.000,-6.103,36.000,-6.103,-2.241,-0.283,-0.618,0.160,2.224,9.462,2.018
a,135766,0.000,-6.499,36.000,-6.499,-2.505,-0.283,-0.099,0.465,1.960,9.370,2.146
a,135770,0.000,-6.879,36.000,-6.879,-3.076,0.083,0.481,-0.512,1.992,9.487,2.126
a,135774,0.000,-7.240,36.000,-7.240,-2.461,-0.131,-0.236,-0.741,2.227,9.412,2.084
a,135778,0.000,-7.583,36.000,-7.583,-3.867,-0.054,-0.160,0.908,2.039,9.444,2.105
a,135783,0.000,-7.907,36.000,-7.907,-4.438,0.007,0.038,0.541,2.061,9.401,2.110
a,135787,0.000,-8.210,36.000,-8.210,-5.010,-0.008,-0.068,0.175,2.097,9.444,2.109
a,135790,0.000,-8.491,36.000,-8.491,-5.186,-0.543,-0.389,0.038,2.101,9.546,2.105
a,135794,0.000,-8.751,36.000,-8.751,-5.713,-0.222,0.099,0.129,2.093,9.343,2.108
a,135798,0.000,-8.987,36.000,-8.987,-5.713,-0.192,0.130,-0.298,2.067,9.471,2.110
a,135802,0.000,-9.200,36.000,-9.200,-4.570,-0.008,-0.099,0.572,2.079,9.475,2.151
a,135806,0.000,-9.389,36.000,-9.389,-6.064,0.007,0.313,0.648,2.029,9.503,2.142
a,135811,0.000,-9.554,36.000,-9.554,-6.548,-0.192,0.038,-0.741,2.097,9.470,2.084
a,135815,0.000,-9.693,36.000,-9.693,-7.207,0.007,-0.282,1.259,2.097,9.433,2.120
a,135818,0.000,-9.807,36.000,-9.807,-7.295,-0.314,0.145,0.587,2.093,9.477,2.091
a,135823,0.000,-9.894,36.000,-9.894,-7.339,0.144,-0.114,-0.604,2.064,9.409,2.142
a,135827,0.000,-9.956,36.000,-9.956,-7.339,-0.329,0.054,0.740,2.116,9.450,2.120
a,135830,0.000,-9.991,36.000,-9.991,-7.734,-0.237,0.099,-0.970,2.064,9.485,2.116
a,135834,0.000,-10.000,36.000,-10.000,-7.910,0.266,0.267,0.221,2.014,9.462,2.120
a,135838,0.000,-9.982,36.000,-9.982,-8.042,-0.008,-0.175,0.175,2.149,9.434,2.099
a,135842,0.000,-9.937,36.000,-9.937,-8.086,-0.070,-0.007,-0.634,2.079,9.430,2.101
a,135846,0.000,-9.866,36.000,-9.866,-8.086,0.159,0.191,-0.207,2.039,9.464,2.094
a,135850,0.000,-9.768,36.000,-9.768,-8.086,-0.115,-0.068,0.022,2.130,9.470,2.107
a,135854,0.000,-9.644,36.000,-9.644,-8.042,-0.054,-0.099,0.465,2.066,9.454,2.105
a,135858,0.000,-9.494,36.000,-9.494,-8.086,-0.008,0.038,-0.039,2.017,9.436,2.136
a,135862,0.000,-9.319,36.000,-9.319,-8.042,-0.192,0.099,-0.420,2.110,9.501,2.133
a,135866,0.000,-9.118,36.000,-9.118,-8.130,-0.115,-0.313,-0.710,2.120,9.420,2.105
a,135870,0.000,-8.893,36.000,-8.893,-8.086,-0.115,-0.007,-0.207,2.033,9.462,2.143
a,135874,0.000,-8.644,36.000,-8.644,-8.086,0.343,0.099,1.061,2.076,9.456,2.126
a,135878,0.000,-8.371,36.000,-8.371,-8.130,0.053,-0.160,0.679,2.077,9.422,2.107
a,135883,0.000,-8.075,36.000,-8.075,-8.042,-0.115,-0.007,-0.100,2.058,9.425,2.158
a,135886,0.000,-7.758,36.000,-7.758,-8.086,-0.115,-0.007,0.343,2.055,9.463,2.115
a,135890,0.000,-7.419,36.000,-7.419,-8.086,-0.039,-0.099,1.167,2.124,9.432,2.121
a,135894,0.000,-7.059,36.000,-7.059,-8.086,0.312,0.038,-1.031,2.066,9.470,2.099
a,135898,0.000,-6.681,36.000,-6.681,-7.427,0.190,0.145,-0.436,2.060,9.463,2.162
a,135902,0.000,-6.284,36.000,-6.284,-8.042,0.205,0.069,-0.527,2.091,9.377,2.133
a,135907,0.000,-5.869,36.000,-5.869,-7.207,0.144,0.038,-0.756,2.093,9.522,2.138
a,135910,0.000,-5.439,36.000,-5.439,-8.042,0.251,-0.084,-0.741,2.073,9.473,2.136
a,135914,0.000,-4.993,36.000,-4.993,-7.910,0.083,0.130,-0.588,2.066,9.516,2.105
a,135918,0.000,-4.533,36.000,-4.533,-7.427,0.114,-0.099,0.282,2.132,9.463,2.125
a,135922,0.000,-4.061,36.000,-4.061,-7.251,0.205,-0.053,0.511,2.071,9.422,2.101
a,135926,0.000,-3.577,36.000,-3.577,-7.163,0.587,0.481,-0.237,1.990,9.427,2.162
a,135931,0.000,-3.083,36.000,-3.083,-4.263,-0.237,0.023,-0.787,2.240,9.562,2.076
a,135935,0.000,-2.580,36.000,-2.580,-5.933,-0.405,-0.878,-0.680,2.164,9.492,2.124
a,135938,0.000,-2.070,36.000,-2.070,-5.669,0.297,1.275,1.030,1.845,9.538,2.162
a,135942,0.000,-1.553,36.000,-1.553,-5.054,0.266,0.130,-1.397,2.173,9.511,2.051
a,135946,0.000,-1.032,36.000,-1.032,-4.438,-0.512,-0.511,1.534,2.172,9.613,2.149
a,135950,0.000,-0.508,36.000,-0.508,-3.823,0.434,0.344,-0.420,1.848,9.352,2.164
a,135954,0.000,0.018,36.000,0.018,-3.164,0.159,0.130,-0.313,2.225,9.481,2.116
a,135958,0.000,0.544,36.000,0.544,-2.944,-0.115,-0.481,0.648,2.191,9.465,2.075
a,135963,0.000,1.069,36.000,1.069,-2.241,-0.024,0.206,-0.588,1.912,9.488,2.191
a,135967,0.000,1.591,36.000,1.591,-1.670,-0.115,-0.068,0.236,2.217,9.579,2.139
a,135970,0.000,2.109,36.000,2.109,-1.626,-0.070,-0.572,-0.283,2.210,9.550,2.072
a,135975,0.000,2.622,36.000,2.622,-0.923,0.251,0.054,-0.161,1.897,9.433,2.164
a,135979,0.000,3.128,36.000,3.128,0.483,0.679,0.634,-0.344,2.077,9.386,2.113
a,135982,0.000,3.625,36.000,3.625,1.758,-0.008,-0.755,0.480,2.248,9.494,2.024
a,135986,0.000,4.113,36.000,4.113,0.703,0.282,0.161,2.083,1.964,9.521,2.218
a,135990,0.000,4.589,36.000,4.589,1.802,0.679,0.695,-0.878,2.015,9.540,2.099
a,135994,0.000,5.053,36.000,5.053,4.614,-0.222,-0.496,0.358,2.334,9.571,2.085
a,135998,0.000,5.503,36.000,5.503,2.593,-0.024,-0.297,-0.665,1.931,9.428,2.164
a,136002,0.000,5.938,36.000,5.938,3.208,0.648,0.863,-0.069,1.895,9.354,2.193
a,136006,0.000,6.356,36.000,6.356,3.340,-0.039,-0.236,1.137,2.351,9.554,2.049
a,136010,0.000,6.757,36.000,6.757,3.911,-0.405,-0.878,-0.680,2.113,9.505,2.095
a,136014,0.000,7.139,36.000,7.139,4.570,0.434,0.848,-0.710,1.893,9.373,2.251
a,136018,0.000,7.501,36.000,7.501,5.229,0.312,0.298,-0.970,2.273,9.556,2.037
a,136022,0.000,7.842,36.000,7.842,5.493,-0.665,-1.275,-0.542,2.278,9.568,2.049
a,136026,0.000,8.161,36.000,8.161,5.977,0.266,0.252,-0.741,1.802,9.352,2.161
a,136031,0.000,8.457,36.000,8.457,6.108,0.465,0.802,-1.107,2.054,9.420,2.101
a,136034,0.000,8.729,36.000,8.729,6.152,-0.329,-0.725,0.083,2.367,9.533,2.085
a,136038,0.000,8.977,36.000,8.977,6.240,-0.192,0.099,-0.420,1.895,9.471,2.155
a,136042,0.000,9.199,36.000,9.199,9.668,0.526,1.016,-0.665,1.957,9.426,2.176
a,136046,0.000,9.395,36.000,9.395,6.768,-0.222,-0.282,-0.084,2.304,9.467,2.035
a,136050,0.000,9.565,36.000,9.565,6.812,-0.329,-0.465,0.206,2.033,9.465,2.130
a,136055,0.000,9.707,36.000,9.707,7.515,0.312,0.573,-0.268,1.976,9.439,2.176
a,136059,0.000,9.822,36.000,9.822,7.690,0.159,0.267,0.160,2.231,9.546,2.018
a,136063,0.000,9.908,36.000,9.908,10.898,-0.329,-0.389,0.251,2.133,9.456,2.097
a,136066,0.000,9.966,36.000,9.966,8.306,0.159,0.298,0.068,1.915,9.448,2.151
a,136070,0.000,9.996,36.000,9.996,8.438,0.205,0.084,-0.039,2.126,9.428,2.133
a,136074,0.000,9.997,36.000,9.997,8.833,-0.299,-0.236,-0.634,2.194,9.467,2.072
a,136078,0.000,9.969,36.000,9.969,8.877,-0.161,-0.068,1.412,1.968,9.428,2.155
a,136083,0.000,9.912,36.000,9.912,8.921,0.327,0.283,-0.527,2.041,9.439,2.148
a,136087,0.000,9.827,36.000,9.827,8.877,-0.237,-0.175,-1.016,2.182,9.473,2.078
a,136090,0.000,9.713,36.000,9.713,8.789,-0.039,-0.130,0.404,2.067,9.440,2.155
a,136094,0.000,9.571,36.000,9.571,8.877,0.144,0.588,-0.772,1.984,9.459,2.127
a,136098,0.000,9.401,36.000,9.401,8.833,-0.161,0.130,0.083,2.191,9.495,2.081
a,136102,0.000,9.204,36.000,9.204,8.833,-0.131,-0.007,-0.252,2.116,9.454,2.120
a,136106,0.000,8.979,36.000,8.979,8.789,-0.039,0.206,0.694,1.988,9.437,2.114
a,136111,0.000,8.729,36.000,8.729,8.921,-0.054,0.161,0.908,2.128,9.462,2.105
a,136115,0.000,8.453,36.000,8.453,8.833,-0.314,-0.236,0.969,2.151,9.465,2.091
a,136118,0.000,8.152,36.000,8.152,8.877,-0.192,0.038,-0.252,2.023,9.425,2.143
a,136123,0.000,7.827,36.000,7.827,8.877,0.266,0.267,0.267,2.095,9.454,2.110
a,136127,0.000,7.479,36.000,7.479,8.877,-0.054,0.008,1.061,2.148,9.476,2.091
a,136130,0.000,7.109,36.000,7.109,8.877,-0.146,0.008,-0.634,2.048,9.457,2.142
a,136134,0.000,6.718,36.000,6.718,9.756,-0.008,0.206,0.282,2.035,9.477,2.144
a,136138,0.000,6.307,36.000,6.307,8.921,-0.329,-0.053,0.954,2.118,9.464,2.120
a,136142,0.000,5.876,36.000,5.876,8.877,0.098,0.099,-0.222,2.052,9.455,2.126
a,136146,0.000,5.429,36.000,5.429,8.745,0.098,0.267,0.267,2.029,9.421,2.088
a,136150,0.000,4.965,36.000,4.965,8.833,-0.008,-0.084,-0.573,2.139,9.473,2.103
a,136154,0.000,4.486,36.000,4.486,8.306,-0.329,-0.053,0.908,2.082,9.485,2.096
a,136159,0.000,3.994,36.000,3.994,8.130,0.068,0.252,0.358,1.988,9.380,2.170
a,136162,0.000,3.489,36.000,3.489,7.646,0.098,-0.007,-0.222,2.142,9.445,2.073
a,136166,0.000,2.974,36.000,2.974,7.339,-0.329,-0.618,0.160,2.229,9.547,2.105
a,136170,0.000,2.449,36.000,2.449,6.724,-0.329,0.267,-0.100,1.952,9.479,2.151
a,136174,0.000,1.917,36.000,1.917,6.240,0.327,0.283,0.511,2.082,9.488,2.107
a,136178,0.000,1.379,36.000,1.379,6.108,-0.375,-0.557,0.603,2.278,9.462,2.011
a,136183,0.000,0.836,36.000,0.836,5.361,-0.237,-0.282,-0.344,1.964,9.487,2.167
a,136186,0.000,0.291,36.000,0.291,4.570,0.419,1.000,-0.329,1.962,9.440,2.126
a,136190,0.000,-0.256,36.000,-0.256,3.911,-0.390,-0.725,0.083,2.350,9.456,2.041
a,136194,0.000,-0.802,36.000,-0.802,3.340,-0.436,-0.267,0.541,2.009,9.462,2.145
a,136198,0.000,-1.346,36.000,-1.346,3.164,0.541,0.893,-0.161,1.890,9.374,2.082
a,136203,0.000,-1.887,36.000,-1.887,2.461,-0.283,-0.236,0.175,2.364,9.479,2.065
a,136206,0.000,-2.422,36.000,-2.422,1.978,-0.436,-0.389,0.145,2.040,9.518,2.085
a,136210,0.000,-2.950,36.000,-2.950,1.187,0.175,0.954,-1.978,1.896,9.386,2.120
a,136215,0.000,-3.470,36.000,-3.470,2.549,-0.268,0.115,1.610,2.320,9.609,2.054
a,136218,0.000,-3.979,36.000,-3.979,-0.132,-0.589,-0.389,2.175,2.101,9.340,2.130
a,136222,0.000,-4.477,36.000,-4.477,-0.352,0.419,0.787,-1.092,1.812,9.364,2.158
a,136227,0.000,-4.962,36.000,-4.962,-0.967,0.083,0.099,-1.520,2.309,9.459,2.073
a,136231,0.000,-5.432,36.000,-5.432,-1.714,-0.543,-0.969,0.694,2.241,9.543,2.057
a,136235,0.000,-5.886,36.000,-5.886,-1.714,-0.008,0.283,1.015,1.817,9.402,2.222
a,136238,0.000,-6.322,36.000,-6.322,-2.153,0.404,0.741,-2.130,2.048,9.497,2.107
a,136242,0.000,-6.740,36.000,-6.740,-2.417,-0.573,-1.030,-0.939,2.346,9.546,2.063
a,136246,0.000,-7.137,36.000,-7.137,-2.988,-0.329,-0.160,0.786,1.951,9.412,2.142
a,136250,0.000,-7.512,36.000,-7.512,-3.516,0.205,0.771,0.755,1.906,9.319,2.139
a,136254,0.000,-7.865,36.000,-7.865,-3.867,0.098,0.267,0.679,2.273,9.464,1.998
a,136259,0.000,-8.195,36.000,-8.195,-4.526,-0.436,-0.603,0.709,2.087,9.428,2.053
a,136263,0.000,-8.499,36.000,-8.499,-5.010,-0.008,0.542,0.450,1.850,9.371,2.173
a,136266,0.000,-8.777,36.000,-8.777,-5.229,0.144,0.298,-1.352,2.154,9.485,2.070
a,136271,0.000,-9.029,36.000,-9.029,-5.669,-0.421,-0.450,0.557,2.240,9.434,2.069
a,136275,0.000,-9.254,36.000,-9.254,-5.845,-0.024,0.191,-0.466,1.895,9.419,2.142
a,136278,0.000,-9.449,36.000,-9.449,-5.977,0.251,0.313,-0.268,2.035,9.361,2.114
a,136282,0.000,-9.616,36.000,-9.616,-6.548,-0.207,-0.343,0.938,2.222,9.471,2.055
a,136286,0.000,-9.754,36.000,-9.754,-6.680,-0.054,-0.297,0.160,2.015,9.487,2.125
a,136290,0.000,-9.861,36.000,-9.861,-7.207,0.312,0.374,-0.375,2.066,9.414,2.180
a,136294,0.000,-9.938,36.000,-9.938,-7.251,0.175,-0.236,0.847,2.130,9.465,2.088
a,136298,0.000,-9.985,36.000,-9.985,-7.383,-0.161,-0.297,0.419,2.133,9.422,2.099
a,136302,0.000,-10.000,36.000,-10.000,-7.383,0.159,0.283,-0.359,2.010,9.428,2.126
a,136306,0.000,-9.984,36.000,-9.984,-7.427,-0.253,0.084,1.076,2.125,9.469,2.066
a,136310,0.000,-9.938,36.000,-9.938,-7.822,-0.115,-0.221,0.465,2.110,9.422,2.149
a,136315,0.000,-9.860,36.000,-9.860,-7.822,0.144,0.038,-0.542,2.023,9.419,2.097
a,136318,0.000,-9.752,36.000,-9.752,-7.866,0.053,0.084,0.038,2.076,9.454,2.103
a,136322,0.000,-9.613,36.000,-9.613,-7.866,-0.008,-0.068,0.923,2.126,9.428,2.120
a,136326,0.000,-9.444,36.000,-9.444,-7.866,0.037,0.038,-0.802,2.061,9.454,2.093
a,136330,0.000,-9.246,36.000,-9.246,-7.866,0.098,0.390,-0.481,2.063,9.452,2.133
a,136334,0.000,-9.018,36.000,-9.018,-7.910,-0.176,-0.130,0.083,2.102,9.451,2.088
a,136338,0.000,-8.762,36.000,-8.762,-7.910,-0.237,0.023,1.061,2.107,9.474,2.102
a,136342,0.000,-8.478,36.000,-8.478,-7.866,-0.008,-0.007,0.389,2.060,9.465,2.109
a,136346,0.000,-8.167,36.000,-8.167,-7.866,0.053,-0.007,0.175,2.095,9.479,2.101
a,136351,0.000,-7.831,36.000,-7.831,-7.910,0.068,-0.130,0.404,2.099,9.452,2.119
a,136355,0.000,-7.470,36.000,-7.470,-7.866,-0.085,0.115,-0.634,2.064,9.471,2.102
a,136358,0.000,-7.084,36.000,-7.084,-7.822,0.159,-0.023,-0.588,2.108,9.430,2.120
a,136363,0.000,-6.677,36.000,-6.677,-7.866,-0.024,-0.297,-0.772,2.091,9.525,2.101
a,136366,0.000,-6.247,36.000,-6.247,-7.778,0.144,0.038,-0.268,2.061,9.425,2.143
a,136370,0.000,-5.798,36.000,-5.798,-7.866,-0.054,0.054,0.679,2.097,9.543,2.114
a,136375,0.000,-5.330,36.000,-5.330,-7.822,0.205,0.099,0.465,2.067,9.462,2.138
a,136379,0.000,-4.845,36.000,-4.845,-7.822,0.175,0.191,0.343,2.120,9.459,2.114
a,136383,0.000,-4.344,36.000,-4.344,-7.251,0.083,-0.282,-0.909,2.132,9.500,2.096
a,136386,0.000,-3.829,36.000,-3.829,-7.251,0.098,-0.099,0.725,2.099,9.506,2.143
a,136390,0.000,-3.301,36.000,-3.301,-6.636,0.465,0.313,-0.329,2.009,9.364,2.126
a,136394,0.000,-2.763,36.000,-2.763,-5.142,0.053,-0.191,0.145,2.157,9.471,2.040
a,136398,0.000,-2.215,36.000,-2.215,-5.933,-0.161,-0.191,-0.023,2.136,9.404,2.155
a,136402,0.000,-1.660,36.000,-1.660,-5.317,0.205,0.573,0.053,1.946,9.461,2.149
a,136407,0.000,-1.099,36.000,-1.099,-5.010,0.114,0.038,0.572,2.242,9.530,2.063
a,136411,0.000,-0.534,36.000,-0.534,-4.307,-0.222,-0.542,0.755,2.102,9.444,2.130
a,136414,0.000,0.032,36.000,0.032,-3.604,0.450,0.298,-1.581,1.882,9.410,2.166
a,136419,0.000,0.599,36.000,0.599,-1.758,-0.161,-0.175,1.793,2.284,9.577,2.130
a,136422,0.000,1.165,36.000,1.165,-2.329,0.373,-0.297,0.145,2.014,9.412,2.130
a,136426,0.000,1.727,36.000,1.727,-1.758,0.114,0.573,0.114,1.931,9.394,2.084
a,136430,0.000,2.284,36.000,2.284,-1.538,0.007,0.206,1.244,2.182,9.354,2.167
a,136434,0.000,2.834,36.000,2.834,2.681,-0.176,-0.007,1.030,2.058,9.537,2.059
a,136438,0.000,3.375,36.000,3.375,-0.132,0.343,0.374,1.167,2.124,9.410,2.148
a,136442,0.000,3.905,36.000,3.905,0.571,-0.268,-0.191,0.251,2.082,9.448,2.116
a,136446,0.000,4.424,36.000,4.424,1.846,0.114,-0.130,0.236,2.097,9.487,2.097
a,136450,0.000,4.928,36.000,4.928,1.978,-0.222,-0.236,0.129,2.164,9.446,2.090
a,136454,0.000,5.416,36.000,5.416,2.065,0.175,-0.389,1.244,1.957,9.433,2.139
a,136458,0.000,5.887,36.000,5.887,3.164,0.190,0.481,-0.512,2.017,9.420,2.150
a,136462,0.000,6.339,36.000,6.339,3.296,-0.100,-0.114,0.969,2.217,9.548,2.059
a,136467,0.000,6.771,36.000,6.771,3.867,-0.008,-0.084,-1.275,2.064,9.452,2.133
a,136470,0.000,7.181,36.000,7.181,4.043,0.541,0.481,0.450,1.937,9.342,2.184
a,136474,0.000,7.567,36.000,7.567,4.614,0.282,-0.130,0.175,2.151,9.515,2.090
a,136478,0.000,7.929,36.000,7.929,5.317,-0.176,-0.465,-0.222,2.180,9.437,2.109
a,136482,0.000,8.265,36.000,8.265,5.493,0.053,0.008,0.572,2.014,9.437,2.130
a,136486,0.000,8.575,36.000,8.575,5.977,0.205,0.603,0.603,2.040,9.510,2.096
a,136490,0.000,8.856,36.000,8.856,6.152,0.068,-0.084,-1.901,2.179,9.510,2.142
a,136494,0.000,9.108,36.000,9.108,6.196,-0.131,-0.175,-0.909,2.046,9.474,2.102
a,136498,0.000,9.330,36.000,9.330,6.328,0.282,0.741,-0.054,1.978,9.395,2.132
a,136503,0.000,9.521,36.000,9.521,6.680,0.053,-0.099,-0.466,2.143,9.489,2.101
a,136506,0.000,9.682,36.000,9.682,6.899,-0.024,-0.557,-0.298,2.164,9.467,2.110
a,136510,0.000,9.810,36.000,9.810,8.921,-0.222,-0.068,0.755,1.980,9.446,2.116
a,136514,0.000,9.905,36.000,9.905,8.042,0.083,0.481,-0.344,2.066,9.572,2.168
a,136518,0.000,9.968,36.000,9.968,8.218,-0.008,-0.404,-0.176,2.210,9.499,2.101
a,136522,0.000,9.997,36.000,9.997,8.394,-0.237,-0.282,-1.275,2.023,9.456,2.130
a,136527,0.000,9.994,36.000,9.994,8.833,0.083,0.481,1.274,1.984,9.402,2.138
a,136531,0.000,9.957,36.000,9.957,8.789,0.175,-0.389,0.969,2.194,9.491,2.122
a,136535,0.000,9.886,36.000,9.886,8.877,-0.008,-0.389,0.404,2.095,9.440,2.095
a,136538,0.000,9.783,36.000,9.783,8.877,0.098,0.328,0.664,1.999,9.415,2.143
a,136542,0.000,9.646,36.000,9.646,8.877,0.037,0.145,-0.848,2.116,9.455,2.099
a,136546,0.000,9.478,36.000,9.478,8.833,0.098,-0.267,-1.077,2.156,9.421,2.119
a,136550,0.000,9.277,36.000,9.277,8.877,-0.054,0.038,-0.100,2.015,9.444,2.130
a,136554,0.000,9.045,36.000,9.045,8.877,0.083,0.481,-0.344,2.102,9.461,2.138
a,136559,0.000,8.782,36.000,8.782,8.877,-0.131,-0.068,-1.016,2.163,9.482,2.097
a,136562,0.000,8.490,36.000,8.490,8.921,0.037,0.038,-0.527,2.015,9.440,2.133
a,136567,0.000,8.168,36.000,8.168,8.921,0.434,0.267,0.007,2.036,9.452,2.137
a,136571,0.000,7.819,36.000,7.819,8.877,-0.008,-0.343,-0.191,2.148,9.459,2.096
a,136574,0.000,7.443,36.000,7.443,8.921,-0.176,-0.007,-0.039,2.076,9.458,2.119
a,136578,0.000,7.042,36.000,7.042,8.877,-0.207,0.099,1.290,2.035,9.418,2.127
a,136582,0.000,6.616,36.000,6.616,8.833,0.144,0.038,-0.924,2.116,9.491,2.096
a,136586,0.000,6.168,36.000,6.168,8.833,-0.024,-0.191,-0.405,2.095,9.464,2.109
a,136590,0.000,5.698,36.000,5.698,8.877,-0.054,0.099,0.923,2.021,9.456,2.173
a,136594,0.000,5.209,36.000,5.209,10.239,-0.024,0.084,-0.787,2.105,9.408,2.081
a,136598,0.000,4.702,36.000,4.702,8.833,0.037,-0.191,-0.573,2.169,9.507,2.122
a,136602,0.000,4.178,36.000,4.178,8.394,0.053,0.145,-0.039,2.066,9.503,2.089
a,136606,0.000,3.639,36.000,3.639,8.086,-0.131,-0.252,-0.680,2.108,9.426,2.110
a,136610,0.000,3.088,36.000,3.088,7.646,-0.100,0.390,0.038,2.109,9.475,2.125
a,136615,0.000,2.526,36.000,2.526,7.295,-0.405,-0.618,-0.817,2.113,9.486,2.063
a,136618,0.000,1.955,36.000,1.955,6.680,-0.268,0.008,1.228,2.029,9.408,2.131
a,136622,0.000,1.376,36.000,1.376,6.284,0.358,0.405,-0.481,2.017,9.475,2.082
a,136626,0.000,0.793,36.000,0.793,6.196,-0.497,-0.359,0.267,2.242,9.552,2.041
a,136630,0.000,0.206,36.000,0.206,5.273,-0.100,0.084,-0.130,2.033,9.487,2.149
a,136634,0.000,-0.381,36.000,-0.381,4.746,0.205,0.603,-0.375,2.042,9.348,2.167
a,136638,0.000,-0.968,36.000,-0.968,3.867,-0.176,-0.267,-0.405,2.224,9.493,2.034
a,136642,0.000,-1.552,36.000,-1.552,3.208,-0.039,-0.007,1.076,2.045,9.440,2.203
a,136646,0.000,-2.131,36.000,-2.131,2.812,0.205,0.038,-0.161,2.079,9.412,2.085
a,136651,0.000,-2.702,36.000,-2.702,2.417,0.190,-0.236,-0.863,2.204,9.416,2.076
a,136655,0.000,-3.265,36.000,-3.265,1.890,0.053,-0.007,0.343,1.973,9.410,2.126
a,136658,0.000,-3.817,36.000,-3.817,0.659,-0.024,0.313,-0.741,2.066,9.458,2.182
a,136662,0.000,-4.356,36.000,-4.356,0.000,-0.222,-0.191,-0.573,2.247,9.422,2.051
a,136666,0.000,-4.880,36.000,-4.880,-0.220,-0.161,-0.160,1.442,1.976,9.388,2.181
a,136671,0.000,-5.387,36.000,-5.387,-0.791,0.037,0.512,-0.695,2.020,9.559,2.097
a,136675,0.000,-5.876,36.000,-5.876,-1.494,-0.222,-0.328,0.694,2.227,9.483,2.102
a,136679,0.000,-6.344,36.000,-6.344,-1.714,-0.176,-0.267,0.541,2.008,9.450,2.136
a,136683,0.000,-6.791,36.000,-6.791,-2.153,0.221,0.909,0.511,1.973,9.334,2.149
a,136686,0.000,-7.214,36.000,-7.214,-3.076,-0.192,-0.145,-1.871,2.266,9.572,2.047
a,136690,0.000,-7.611,36.000,-7.611,-3.164,-0.650,-1.244,1.961,2.182,9.546,2.131
a,136694,0.000,-7.983,36.000,-7.983,-3.691,0.037,0.573,-0.802,1.838,9.505,2.186
a,136698,0.000,-8.326,36.000,-8.326,-4.395,0.205,0.313,0.267,2.231,9.515,2.057
a,136702,0.000,-8.640,36.000,-8.640,-4.966,-0.604,-0.969,0.862,2.315,9.497,2.091
a,136706,0.000,-8.924,36.000,-8.924,-5.186,-0.176,0.374,0.175,1.779,9.401,2.138
a,136711,0.000,-9.177,36.000,-9.177,-5.273,0.190,0.527,-0.833,2.186,9.341,2.093
a,136715,0.000,-9.397,36.000,-9.397,-5.845,-0.314,-0.664,0.496,2.276,9.449,2.024
a,136718,0.000,-9.584,36.000,-9.584,-6.021,-0.283,-0.252,0.190,1.897,9.340,2.136
a,136722,0.000,-9.737,36.000,-9.737,-6.636,0.327,0.970,-0.008,1.944,9.436,2.120
a,136727,0.000,-9.856,36.000,-9.856,-6.724,-0.100,-0.191,0.038,2.304,9.424,2.040
a,136730,0.000,-9.939,36.000,-9.939,-5.669,-0.421,-0.572,0.160,2.070,9.467,2.114
a,136734,0.000,-9.987,36.000,-9.987,-7.207,0.175,0.038,0.465,1.905,9.476,2.212
a,136738,0.000,-10.000,36.000,-10.000,-7.295,-0.039,0.206,0.694,2.157,9.525,2.051
a,136742,0.000,-9.976,36.000,-9.976,-5.933,-0.360,-0.511,1.152,2.234,9.536,2.090
a,136746,0.000,-9.917,36.000,-9.917,-7.383,0.266,0.206,-0.054,1.840,9.425,2.230
a,136750,0.000,-9.823,36.000,-9.823,-7.119,0.205,0.328,0.618,2.070,9.421,2.051
a,136754,0.000,-9.693,36.000,-9.693,-7.822,-0.192,-0.343,-0.573,2.247,9.426,2.079
a,136758,0.000,-9.528,36.000,-9.528,-7.866,-0.115,0.023,-0.191,1.920,9.440,2.097
a,136762,0.000,-9.328,36.000,-9.328,-7.954,0.358,0.481,-0.451,2.054,9.401,2.170
a,136766,0.000,-9.095,36.000,-9.095,-7.910,-0.131,-0.236,-1.077,2.198,9.519,2.024
a,136770,0.000,-8.829,36.000,-8.829,-7.954,0.053,-0.465,-0.558,2.087,9.444,2.151
a,136774,0.000,-8.531,36.000,-8.531,-7.910,0.083,0.420,1.076,1.957,9.434,2.154
a,136778,0.000,-8.202,36.000,-8.202,-7.910,0.053,0.054,0.526,2.193,9.464,2.085
a,136783,0.000,-7.843,36.000,-7.843,-7.866,-0.176,-0.359,-0.222,2.085,9.474,2.105
a,136786,0.000,-7.455,36.000,-7.455,-7.866,0.327,0.054,0.770,1.974,9.415,2.152
a,136790,0.000,-7.040,36.000,-7.040,-7.954,0.083,0.023,-0.527,2.122,9.473,2.097
a,136794,0.000,-6.599,36.000,-6.599,-7.954,0.205,-0.374,0.526,2.155,9.422,2.109
a,136798,0.000,-6.133,36.000,-6.133,-7.954,0.373,0.115,0.664,1.996,9.546,2.142
a,136802,0.000,-5.645,36.000,-5.645,-7.910,0.266,0.374,0.221,2.055,9.384,2.137
a,136807,0.000,-5.136,36.000,-5.136,-7.954,0.327,-0.359,-0.955,2.138,9.525,2.139
a,136811,0.000,-4.608,36.000,-4.608,-7.778,0.266,0.115,0.618,2.058,9.448,2.094
a,136814,0.000,-4.063,36.000,-4.063,-7.339,0.434,0.298,0.129,2.101,9.436,2.085
a,136818,0.000,-3.502,36.000,-3.502,-7.163,0.144,0.145,-0.649,2.070,9.458,2.125
a,136822,0.000,-2.928,36.000,-2.928,-6.416,0.251,0.420,-0.924,2.107,9.468,2.158
a,136826,0.000,-2.343,36.000,-2.343,-5.933,-0.192,-0.511,-0.939,2.175,9.579,2.082
a,136830,0.000,-1.750,36.000,-1.750,-3.647,-0.008,0.222,0.847,2.005,9.395,2.160
a,136835,0.000,-1.149,36.000,-1.149,-5.273,0.205,0.008,0.618,2.101,9.500,2.136
a,136839,0.000,-0.543,36.000,-0.543,-3.823,-0.008,-0.572,-0.329,2.247,9.517,2.101
a,136842,0.000,0.064,36.000,0.064,-3.911,-0.115,0.038,0.129,1.984,9.446,2.213
a,136846,0.000,0.672,36.000,0.672,-3.164,0.480,0.435,0.618,1.976,9.489,2.101
a,136850,0.000,1.278,36.000,1.278,-2.944,-0.268,-0.343,1.473,2.266,9.573,2.170
a,136854,0.000,1.880,36.000,1.880,-2.285,0.144,0.359,-0.359,1.921,9.437,2.132
a,136858,0.000,2.475,36.000,2.475,-1.626,-0.054,0.115,0.633,2.113,9.461,2.122
a,136863,0.000,3.061,36.000,3.061,-0.835,-0.131,-0.404,-0.558,2.155,9.443,2.113
a,136866,0.000,3.636,36.000,3.636,1.230,0.190,0.023,-1.230,1.960,9.421,2.142
a,136871,0.000,4.198,36.000,4.198,-0.088,0.205,-0.023,-0.481,2.213,9.440,2.122
a,136875,0.000,4.744,36.000,4.744,0.615,-0.054,-0.404,0.160,2.079,9.425,2.078
a,136878,0.000,5.273,36.000,5.273,1.714,0.221,0.527,0.511,1.974,9.412,2.167
a,136882,0.000,5.783,36.000,5.783,1.978,-0.070,-0.023,-1.001,2.191,9.482,2.059
a,136886,0.000,6.272,36.000,6.272,3.208,-0.008,-0.114,0.343,2.105,9.427,2.105
a,136890,0.000,6.737,36.000,6.737,2.725,0.327,0.527,0.557,1.921,9.394,2.155
a,136894,0.000,7.177,36.000,7.177,3.296,0.282,0.191,0.129,2.188,9.397,2.034
a,136898,0.000,7.591,36.000,7.591,3.955,-0.115,-0.114,0.282,2.128,9.554,2.133
a,136902,0.000,7.976,36.000,7.976,4.570,0.327,0.481,0.893,1.884,9.454,2.199
a,136906,0.000,8.331,36.000,8.331,5.273,0.327,0.313,0.740,2.154,9.485,2.076
a,136910,0.000,8.655,36.000,8.655,5.493,-0.283,-0.725,0.984,2.198,9.475,2.097
a,136914,0.000,8.947,36.000,8.947,6.064,0.083,0.206,-0.268,1.927,9.392,2.167
a,136918,0.000,9.205,36.000,9.205,6.196,-0.024,0.313,-0.909,2.151,9.471,2.115
a,136922,0.000,9.428,36.000,9.428,6.680,0.037,-0.130,-1.062,2.175,9.540,2.126
a,136926,0.000,9.615,36.000,9.615,6.724,-0.054,-0.007,0.282,2.046,9.438,2.118
a,136930,0.000,9.766,36.000,9.766,6.768,0.282,0.191,0.068,2.052,9.395,2.127
a,136935,0.000,9.880,36.000,9.880,8.262,0.114,0.084,0.282,2.076,9.476,2.066
a,136938,0.000,9.957,36.000,9.957,7.646,0.098,0.008,0.832,2.085,9.352,2.173
a,136942,0.000,9.995,36.000,9.995,8.042,0.144,0.099,-0.817,2.077,9.476,2.075
a,136946,0.000,9.995,36.000,9.995,8.174,0.053,0.130,-0.894,2.064,9.458,2.143
a,136950,0.000,9.957,36.000,9.957,8.306,0.312,-0.023,-1.291,2.089,9.421,2.114
a,136954,0.000,9.881,36.000,9.881,8.394,-0.131,-0.175,-0.634,2.116,9.401,2.101
a,136958,0.000,9.767,36.000,9.767,8.833,-0.008,-0.007,0.129,2.027,9.480,2.105
a,136963,0.000,9.615,36.000,9.615,8.877,0.053,0.023,-0.084,2.118,9.454,2.139
a,136967,0.000,9.426,36.000,9.426,8.877,-0.176,-0.053,0.465,2.095,9.458,2.101
a,136970,0.000,9.201,36.000,9.201,8.877,0.022,0.099,1.519,2.058,9.452,2.105
a,136975,0.000,8.940,36.000,8.940,8.789,0.037,0.206,-0.634,2.073,9.437,2.122
a,136978,0.000,8.644,36.000,8.644,8.877,-0.039,0.054,1.122,2.120,9.451,2.107
a,136982,0.000,8.315,36.000,8.315,8.877,-0.039,-0.191,-1.672,2.055,9.473,2.094
a,136986,0.000,7.953,36.000,7.953,8.877,0.159,0.115,0.999,2.060,9.432,2.132
a,136991,0.000,7.560,36.000,7.560,8.877,-0.008,-0.068,-0.207,2.107,9.458,2.101
a,136995,0.000,7.138,36.000,7.138,8.877,0.098,0.084,0.068,2.071,9.432,2.110
a,136999,0.000,6.688,36.000,6.688,8.877,-0.008,0.206,0.022,2.077,9.431,2.118
a,137003,0.000,6.211,36.000,6.211,8.921,-0.024,0.038,-1.016,2.089,9.454,2.085
a,137006,0.000,5.709,36.000,5.709,9.756,0.221,-0.023,0.908,2.088,9.492,2.132
a,137010,0.000,5.186,36.000,5.186,8.877,-0.237,0.130,-0.405,2.095,9.432,2.096
a,137014,0.000,4.641,36.000,4.641,8.833,-0.100,0.008,1.396,2.107,9.498,2.142
a,137018,0.000,4.078,36.000,4.078,9.756,0.083,-0.145,0.465,2.122,9.547,2.087
a,137022,0.000,3.499,36.000,3.499,8.218,-0.176,0.313,-0.207,2.105,9.515,2.110
a,137026,0.000,2.905,36.000,2.905,7.603,-0.222,-0.160,0.954,2.076,9.552,2.142
a,137030,0.000,2.300,36.000,2.300,9.009,0.068,-0.023,0.694,2.146,9.463,2.090
a,137034,0.000,1.685,36.000,1.685,6.855,-0.436,-0.496,-0.023,2.120,9.473,2.099
a,137038,0.000,1.064,36.000,1.064,8.086,-0.207,0.466,-0.100,1.949,9.459,2.122
a,137042,0.000,0.437,36.000,0.437,8.042,0.053,0.298,-0.298,2.161,9.347,2.120
a,137047,0.000,-0.191,36.000,-0.191,5.977,-0.497,-0.847,-0.558,2.191,9.488,2.076
a,137050,0.000,-0.819,36.000,-0.819,4.658,0.175,0.359,0.572,1.885,9.431,2.206
a,137055,0.000,-1.445,36.000,-1.445,3.867,0.068,-0.221,1.396,2.163,9.465,2.030
a,137058,0.000,-2.065,36.000,-2.065,4.087,-0.237,-0.099,0.282,2.145,9.313,2.160
a,137062,0.000,-2.677,36.000,-2.677,2.681,-0.039,0.634,0.526,1.952,9.419,2.097
a,137066,0.000,-3.279,36.000,-3.279,2.417,-0.024,-0.236,-0.741,2.182,9.513,2.081
a,137071,0.000,-3.868,36.000,-3.868,0.703,0.037,-0.007,-0.313,2.054,9.378,2.107
a,137075,0.000,-4.442,36.000,-4.442,0.571,-0.222,0.038,0.343,2.071,9.473,2.066
a,137079,0.000,-4.999,36.000,-4.999,-0.220,-0.039,0.038,1.458,2.089,9.410,2.155
a,137082,0.000,-5.536,36.000,-5.536,-0.747,-0.054,0.191,0.083,1.970,9.343,2.085
a,137086,0.000,-6.052,36.000,-6.052,-1.538,-0.237,0.099,-0.802,2.170,9.507,2.072
a,137090,0.000,-6.544,36.000,-6.544,-2.109,-0.176,0.222,0.572,2.011,9.434,2.142
a,137094,0.000,-7.009,36.000,-7.009,-2.461,0.205,0.512,-0.817,1.933,9.327,2.075
a,137098,0.000,-7.447,36.000,-7.447,-3.032,-0.008,-0.084,-0.573,2.263,9.422,2.072
a,137103,0.000,-7.855,36.000,-7.855,-3.516,-0.329,-0.282,0.496,2.002,9.448,2.081
a,137106,0.000,-8.232,36.000,-8.232,-4.263,0.159,0.893,-0.604,1.951,9.443,2.149
a,137111,0.000,-8.576,36.000,-8.576,-4.438,-0.176,-0.236,0.022,2.284,9.449,2.012
a,137115,0.000,-8.885,36.000,-8.885,-5.098,-0.115,-0.404,0.206,2.045,9.396,2.114
a,137118,0.000,-9.159,36.000,-9.159,-5.229,0.159,0.619,-0.222,1.900,9.421,2.170
a,137122,0.000,-9.396,36.000,-9.396,-5.801,-0.039,-0.359,0.267,2.210,9.486,2.088
a,137126,0.000,-9.594,36.000,-9.594,-5.889,-0.451,-1.061,-0.375,2.193,9.450,2.065
a,137130,0.000,-9.755,36.000,-9.755,-6.372,0.144,0.191,-1.077,1.858,9.371,2.161
a,137134,0.000,-9.875,36.000,-9.875,-6.680,0.098,0.802,0.145,2.077,9.443,2.107
a,137138,0.000,-9.955,36.000,-9.955,-4.351,-0.344,-0.389,-0.512,2.279,9.528,2.051
a,137142,0.000,-9.995,36.000,-9.995,-7.295,0.083,-0.236,-0.436,1.939,9.464,2.160
a,137146,0.000,-9.994,36.000,-9.994,-7.427,0.358,0.634,-0.558,1.978,9.420,2.146
a,137150,0.000,-9.953,36.000,-9.953,-7.383,-0.222,0.038,-0.207,2.248,9.522,2.053
a,137154,0.000,-9.870,36.000,-9.870,-7.427,-0.299,-0.282,-0.298,2.085,9.455,2.144
a,137158,0.000,-9.747,36.000,-9.747,-7.822,0.266,0.496,0.877,1.915,9.404,2.145
a,137162,0.000,-9.584,36.000,-9.584,-7.866,-0.039,-0.007,2.114,2.201,9.462,2.103
a,137167,0.000,-9.382,36.000,-9.382,-7.822,-0.237,-0.572,-0.710,2.149,9.497,2.063
a,137170,0.000,-9.141,36.000,-9.141,-7.910,-0.176,0.145,0.236,1.955,9.416,2.170
a,137174,0.000,-8.862,36.000,-8.862,-7.822,0.083,0.313,-0.756,2.102,9.465,2.114
a,137178,0.000,-8.546,36.000,-8.546,-7.866,-0.176,-0.481,0.755,2.219,9.513,2.090
a,137182,0.000,-8.195,36.000,-8.195,-7.866,-0.039,0.237,0.297,1.963,9.428,2.154
a,137186,0.000,-7.810,36.000,-7.810,-7.910,0.175,0.420,0.847,2.027,9.433,2.127
a,137190,0.000,-7.392,36.000,-7.392,-7.822,0.159,-0.282,-1.733,2.219,9.493,2.096
a,137194,0.000,-6.943,36.000,-6.943,-7.866,-0.039,-0.084,-1.718,2.048,9.476,2.126
a,137199,0.000,-6.465,36.000,-6.465,-6.680,0.205,0.176,-0.970,2.014,9.481,2.151
a,137203,0.000,-5.960,36.000,-5.960,-7.822,0.159,0.023,-0.313,2.173,9.477,2.091
a,137206,0.000,-5.430,36.000,-5.430,-6.504,0.129,-0.236,1.122,2.082,9.419,2.101
a,137210,0.000,-4.877,36.000,-4.877,-8.042,0.159,0.099,0.160,2.039,9.494,2.143
a,137214,0.000,-4.303,36.000,-4.303,-6.724,0.205,0.481,0.618,2.130,9.485,2.119
a,137218,0.000,-3.711,36.000,-3.711,-7.339,-0.024,-0.389,-0.298,2.193,9.504,2.078
a,137222,0.000,-3.103,36.000,-3.103,-6.372,0.327,-0.053,0.618,1.988,9.403,2.197
a,137226,0.000,-2.482,36.000,-2.482,-6.768,0.266,0.695,-0.176,1.990,9.396,2.122
a,137231,0.000,-1.849,36.000,-1.849,-5.757,0.037,-0.389,-0.512,2.257,9.492,2.130
a,137235,0.000,-1.209,36.000,-1.209,-5.713,-0.192,-0.175,-0.481,1.980,9.388,2.150
a,137238,0.000,-0.563,36.000,-0.563,-5.186,0.434,0.313,0.160,1.937,9.369,2.143
a,137242,0.000,0.086,36.000,0.086,-4.526,-0.436,-0.374,0.755,2.362,9.577,2.072
a,137246,0.000,0.735,36.000,0.735,-3.735,-0.008,0.099,-0.039,1.929,9.473,2.185
a,137250,0.000,1.381,36.000,1.381,-3.076,0.251,0.328,-0.222,2.024,9.505,2.060
a,137254,0.000,2.021,36.000,2.021,-2.373,0.266,-0.130,-0.100,2.217,9.410,2.212
a,137259,0.000,2.654,36.000,2.654,-1.758,-0.070,-0.557,-1.275,1.998,9.522,1.999
a,137263,0.000,3.276,36.000,3.276,-0.308,0.037,0.237,0.679,2.126,9.428,2.241
a,137266,0.000,3.884,36.000,3.884,-0.132,0.541,0.374,0.465,1.984,9.422,2.043
a,137271,0.000,4.476,36.000,4.476,-0.308,-0.176,-0.099,0.847,2.258,9.444,2.091
a,137274,0.000,5.050,36.000,5.050,0.571,-0.192,0.130,-1.107,2.030,9.462,2.157
a,137278,0.000,5.602,36.000,5.602,1.802,0.526,0.267,-1.199,1.964,9.396,2.120
a,137282,0.000,6.131,36.000,6.131,2.373,-0.222,-0.099,0.740,2.312,9.542,2.115
a,137286,0.000,6.634,36.000,6.634,2.593,-0.161,-0.374,1.183,1.984,9.448,2.162
a,137290,0.000,7.109,36.000,7.109,3.164,0.312,0.680,-0.268,1.858,9.374,2.138
a,137294,0.000,7.554,36.000,7.554,3.428,-0.115,-0.145,-0.619,2.308,9.535,2.072
a,137298,0.000,7.966,36.000,7.966,3.999,-0.451,-0.832,-0.405,2.126,9.501,2.059
a,137302,0.000,8.345,36.000,8.345,4.746,0.098,0.802,0.618,1.830,9.462,2.246
a,137306,0.000,8.688,36.000,8.688,5.493,0.159,0.099,0.053,2.233,9.538,2.031
a,137310,0.000,8.994,36.000,8.994,6.812,-0.390,-0.679,0.206,2.233,9.456,2.127
a,137315,0.000,9.262,36.000,9.262,8.350,0.159,0.527,0.145,1.818,9.418,2.145
a,137318,0.000,9.489,36.000,9.489,6.284,0.434,0.634,0.312,2.105,9.437,2.142
a,137322,0.000,9.676,36.000,9.676,7.383,-0.176,-0.588,0.541,2.304,9.481,2.051
a,137326,0.000,9.821,36.000,9.821,6.899,-0.039,-0.252,0.404,1.958,9.428,2.145
a,137330,0.000,9.924,36.000,9.924,8.042,0.312,0.695,-0.878,1.929,9.402,2.162
a,137334,0.000,9.983,36.000,9.983,8.350,0.068,-0.404,-0.115,2.257,9.560,2.059
a,137338,0.000,10.000,36.000,10.000,8.174,-0.344,-0.664,-0.237,2.133,9.512,2.085
a,137342,0.000,9.972,36.000,9.972,8.262,0.327,0.206,-0.054,1.921,9.358,2.212
a,137346,0.000,9.902,36.000,9.902,8.789,-0.054,0.252,0.083,2.195,9.470,2.081
a,137351,0.000,9.788,36.000,9.788,8.789,-0.192,-0.450,-0.466,2.175,9.488,2.087
a,137354,0.000,9.631,36.000,9.631,8.789,-0.008,0.099,-0.100,1.921,9.386,2.151
a,137358,0.000,9.432,36.000,9.432,8.789,0.205,0.573,-0.222,2.087,9.454,2.136
a,137362,0.000,9.192,36.000,9.192,8.789,-0.054,-0.282,-0.084,2.206,9.482,2.070
a,137366,0.000,8.911,36.000,8.911,8.789,-0.115,-0.114,0.022,2.004,9.465,2.122
a,137371,0.000,8.591,36.000,8.591,8.877,0.327,0.588,0.312,2.058,9.458,2.151
a,137375,0.000,8.233,36.000,8.233,8.877,-0.131,-0.068,-0.359,2.195,9.516,2.059
a,137379,0.000,7.839,36.000,7.839,8.877,-0.436,-0.343,0.358,2.087,9.424,2.155
a,137382,0.000,7.409,36.000,7.409,8.833,0.098,0.283,-0.588,1.960,9.410,2.120
a,137386,0.000,6.947,36.000,6.947,8.877,0.159,-0.099,-0.634,2.184,9.469,2.105
a,137390,0.000,6.454,36.000,6.454,9.712,-0.070,-0.603,-0.619,2.145,9.513,2.099
a,137394,0.000,5.932,36.000,5.932,8.833,-0.024,-0.114,-0.252,1.998,9.444,2.121
a,137399,0.000,5.383,36.000,5.383,8.789,-0.176,0.099,-0.207,2.114,9.500,2.121
a,137403,0.000,4.810,36.000,4.810,9.756,-0.192,-0.023,-0.573,2.154,9.407,2.091
a,137406,0.000,4.215,36.000,4.215,8.789,-0.222,-0.099,1.015,2.054,9.431,2.137
a,137411,0.000,3.602,36.000,3.602,8.877,-0.008,0.161,0.786,2.087,9.392,2.072
a,137415,0.000,2.971,36.000,2.971,7.515,-0.161,0.008,1.778,2.097,9.463,2.133
a,137418,0.000,2.327,36.000,2.327,9.009,-0.436,-0.084,-0.237,2.085,9.443,2.110
a,137422,0.000,1.673,36.000,1.673,6.987,-0.192,-0.297,-0.451,2.139,9.571,2.101
a,137426,0.000,1.010,36.000,1.010,6.680,-0.115,0.115,1.061,2.040,9.500,2.130
a,137430,0.000,0.342,36.000,0.342,8.130,-0.192,0.481,-0.863,2.051,9.471,2.127
a,137434,0.000,-0.327,36.000,-0.327,6.021,-0.390,-0.771,-0.084,2.206,9.421,2.043
a,137438,0.000,-0.996,36.000,-0.996,5.186,-0.008,0.283,1.015,1.964,9.412,2.203
a,137442,0.000,-1.660,36.000,-1.660,4.131,0.358,0.252,-0.802,2.030,9.500,2.122
a,137446,0.000,-2.318,36.000,-2.318,3.472,-0.543,-0.267,1.030,2.216,9.464,2.059
a,137450,0.000,-2.965,36.000,-2.965,3.911,0.159,0.206,0.526,2.008,9.401,2.182
a,137454,0.000,-3.600,36.000,-3.600,2.549,-0.008,0.222,0.465,2.076,9.561,2.105
a,137458,0.000,-4.218,36.000,-4.218,1.934,-0.436,0.054,0.572,2.148,9.527,2.102
a,137462,0.000,-4.818,36.000,-4.818,0.659,0.251,0.145,-0.756,1.968,9.367,2.099
a,137467,0.000,-5.397,36.000,-5.397,-0.132,-0.283,-0.175,0.236,2.179,9.374,2.075
a,137470,0.000,-5.951,36.000,-5.951,-0.308,0.053,0.267,0.282,2.004,9.395,2.137
a,137474,0.000,-6.479,36.000,-6.479,-0.088,0.159,0.130,-0.527,1.996,9.444,2.059
a,137478,0.000,-6.978,36.000,-6.978,-1.670,-0.115,-0.175,0.282,2.269,9.313,2.119
a,137482,0.000,-7.445,36.000,-7.445,-1.758,-0.299,0.176,0.725,1.927,9.402,2.089
a,137486,0.000,-7.879,36.000,-7.879,-2.461,0.434,0.588,0.251,2.024,9.418,2.164
a,137490,0.000,-8.276,36.000,-8.276,-3.120,-0.512,-0.954,-1.092,2.313,9.489,2.075
a,137494,0.000,-8.637,36.000,-8.637,-3.647,-0.589,0.222,1.228,1.921,9.397,2.120
a,137499,0.000,-8.958,36.000,-8.958,-4.307,0.098,0.588,-0.069,2.017,9.456,2.116
a,137503,0.000,-9.238,36.000,-9.238,-5.142,-0.451,-0.664,-0.833,2.346,9.396,2.085
a,137506,0.000,-9.476,36.000,-9.476,-5.186,-0.054,-0.236,0.129,1.896,9.343,2.133
a,137510,0.000,-9.671,36.000,-9.671,-5.669,0.434,0.741,-0.375,1.960,9.434,2.119
a,137514,0.000,-9.821,36.000,-9.821,-5.845,-0.222,-0.618,0.099,2.359,9.511,2.066
a,137518,0.000,-9.926,36.000,-9.926,-5.889,-0.940,-0.984,-1.382,2.114,9.444,2.055
a,137522,0.000,-9.986,36.000,-9.986,-6.416,0.373,1.000,0.160,1.812,9.529,2.199
a,137527,0.000,-9.999,36.000,-9.999,-6.504,0.129,0.191,-1.581,2.253,9.491,2.070
a,137531,0.000,-9.966,36.000,-9.966,-7.075,-0.283,-0.878,-0.084,2.164,9.439,2.122
a,137535,0.000,-9.887,36.000,-9.887,-7.163,0.251,0.298,-0.313,1.859,9.400,2.122
a,137538,0.000,-9.762,36.000,-9.762,-5.098,0.266,0.787,0.328,2.091,9.430,2.143
a,137542,0.000,-9.592,36.000,-9.592,-7.295,-0.176,-0.450,0.557,2.263,9.432,2.078
a,137546,0.000,-9.377,36.000,-9.377,-7.339,-0.131,-0.175,-0.848,2.024,9.415,2.152
a,137551,0.000,-9.118,36.000,-9.118,-7.339,0.480,0.588,0.312,2.011,9.495,2.158
a,137554,0.000,-8.816,36.000,-8.816,-7.383,-0.054,-0.374,0.587,2.271,9.493,2.069
a,137559,0.000,-8.474,36.000,-8.474,-7.383,-0.070,-0.557,-0.680,2.085,9.440,2.112
a,137563,0.000,-8.091,36.000,-8.091,-7.295,0.358,0.390,-1.611,1.900,9.354,2.116
a,137566,0.000,-7.670,36.000,-7.670,-7.383,0.053,0.206,0.969,2.200,9.475,2.090
a,137570,0.000,-7.213,36.000,-7.213,-7.339,-0.131,-0.664,-0.405,2.163,9.477,2.087
a,137574,0.000,-6.722,36.000,-6.722,-7.339,-0.192,0.008,0.129,1.942,9.433,2.136
a,137578,0.000,-6.199,36.000,-6.199,-7.383,0.037,0.145,-0.252,2.101,9.528,2.127
a,137582,0.000,-5.647,36.000,-5.647,-6.460,-0.192,-0.236,-0.420,2.188,9.485,2.075
a,137586,0.000,-5.067,36.000,-5.067,-7.339,0.175,0.130,0.343,2.023,9.459,2.157
a,137590,0.000,-4.464,36.000,-4.464,-7.339,0.083,0.481,-0.283,2.058,9.465,2.096
a,137594,0.000,-3.839,36.000,-3.839,-6.636,-0.008,-0.267,0.587,2.201,9.530,2.115
a,137598,0.000,-3.195,36.000,-3.195,-7.119,-0.008,0.145,0.389,2.054,9.486,2.124
a,137602,0.000,-2.536,36.000,-2.536,-6.636,0.327,0.619,0.160,1.931,9.329,2.132
a,137606,0.000,-1.864,36.000,-1.864,-4.482,0.159,0.344,1.534,2.169,9.349,2.063
a,137610,0.000,-1.183,36.000,-1.183,-5.933,-0.207,-0.160,1.228,2.138,9.482,2.116
a,137615,0.000,-0.496,36.000,-0.496,-5.273,0.205,0.374,0.053,1.881,9.525,2.225
a,137618,0.000,0.194,36.000,0.194,-4.966,0.037,-0.068,-0.909,2.273,9.546,2.073
a,137622,0.000,0.884,36.000,0.884,-3.911,-0.268,-0.710,1.564,2.164,9.549,2.120
a,137626,0.000,1.569,36.000,1.569,-3.164,0.190,0.481,-0.619,1.882,9.454,2.174
a,137630,0.000,2.248,36.000,2.248,-2.461,-0.176,0.099,0.236,2.193,9.585,2.133
a,137634,0.000,2.916,36.000,2.916,-1.450,0.175,-0.267,0.068,2.116,9.392,2.145
a,137638,0.000,3.571,36.000,3.571,-1.582,-0.222,-0.328,0.648,2.045,9.511,2.130
a,137642,0.000,4.209,36.000,4.209,-0.923,0.434,1.031,0.755,1.993,9.321,2.276
a,137646,0.000,4.827,36.000,4.827,-0.220,0.053,0.023,-0.894,2.101,9.451,1.925
a,137651,0.000,5.422,36.000,5.422,0.703,-0.115,-0.160,0.633,2.188,9.432,2.218
a,137654,0.000,5.992,36.000,5.992,1.890,0.358,0.527,-0.344,1.911,9.493,2.059
a,137658,0.000,6.533,36.000,6.533,2.461,-0.070,-0.236,-0.970,2.294,9.615,2.130
a,137662,0.000,7.043,36.000,7.043,3.164,-0.039,-0.404,0.053,2.142,9.457,2.173
a,137666,0.000,7.520,36.000,7.520,4.219,-0.070,0.313,-0.359,1.900,9.471,2.055
a,137670,0.000,7.960,36.000,7.960,3.428,0.266,0.099,-0.115,2.282,9.407,2.216
a,137674,0.000,8.362,36.000,8.362,4.614,-0.070,-0.389,-0.344,2.067,9.468,1.988
a,137679,0.000,8.723,36.000,8.723,8.350,0.266,0.542,0.541,2.036,9.455,2.206
a,137683,0.000,9.043,36.000,9.043,6.021,0.205,0.313,0.221,2.097,9.500,2.116
a,137686,0.000,9.319,36.000,9.319,6.152,-0.268,-0.862,0.419,2.152,9.524,2.084
a,137690,0.000,9.549,36.000,9.549,6.240,-0.070,0.145,-0.481,1.951,9.485,2.191
a,137694,0.000,9.733,36.000,9.733,6.680,0.053,0.481,0.114,2.051,9.427,2.060
a,137698,0.000,9.870,36.000,9.870,6.812,0.083,-0.175,-0.268,2.224,9.491,2.127
a,137702,0.000,9.958,36.000,9.958,7.383,0.159,-0.114,0.160,1.993,9.458,2.102
a,137707,0.000,9.998,36.000,9.998,7.646,0.083,0.695,-0.726,2.093,9.562,2.158
a,137711,0.000,9.988,36.000,9.988,8.086,0.053,-0.130,0.251,2.185,9.572,2.085
a,137715,0.000,9.930,36.000,9.930,8.350,-0.070,-0.282,-0.833,2.064,9.449,2.150
a,137718,0.000,9.823,36.000,9.823,8.789,-0.039,0.115,1.228,2.029,9.413,2.155
a,137723,0.000,9.667,36.000,9.667,8.789,-0.024,0.206,-0.252,2.095,9.491,2.070
a,137726,0.000,9.464,36.000,9.464,8.789,-0.207,-0.145,-1.596,2.167,9.487,2.125
a,137730,0.000,9.213,36.000,9.213,8.921,-0.024,-0.023,-1.107,2.009,9.437,2.125
a,137734,0.000,8.918,36.000,8.918,8.877,0.053,0.374,0.343,2.064,9.459,2.087
a,137738,0.000,8.577,36.000,8.577,8.877,-0.070,-0.282,-1.275,2.142,9.458,2.120
a,137742,0.000,8.194,36.000,8.194,8.833,0.068,0.008,1.717,2.046,9.457,2.110
a,137746,0.000,7.770,36.000,7.770,8.789,0.251,0.191,-0.848,2.051,9.454,2.149
a,137750,0.000,7.308,36.000,7.308,8.877,0.190,-0.252,-0.527,2.136,9.471,2.103
a,137754,0.000,6.808,36.000,6.808,9.712,-0.054,-0.236,0.129,2.077,9.486,2.101
a,137758,0.000,6.275,36.000,6.275,8.877,0.175,0.267,0.526,2.054,9.419,2.138
a,137762,0.000,5.709,36.000,5.709,8.877,-0.192,0.206,-0.909,2.095,9.458,2.091
a,137767,0.000,5.115,36.000,5.115,10.195,-0.192,-0.099,0.236,2.113,9.397,2.124
a,137770,0.000,4.495,36.000,4.495,8.877,0.037,0.527,-0.604,2.011,9.524,2.142
a,137774,0.000,3.852,36.000,3.852,8.789,0.083,-0.236,-0.817,2.209,9.482,2.138
a,137778,0.000,3.189,36.000,3.189,8.086,0.083,-0.649,0.358,2.110,9.537,2.112
a,137782,0.000,2.510,36.000,2.510,8.394,-0.024,0.588,-0.604,1.960,9.495,2.188
a,137786,0.000,1.818,36.000,1.818,7.646,-0.176,-0.175,-0.100,2.216,9.582,2.093
a,137790,0.000,1.116,36.000,1.116,7.515,-0.497,-0.572,-0.222,2.083,9.440,2.105
a,137794,0.000,0.408,36.000,0.408,8.086,0.465,0.374,-0.268,1.913,9.495,2.168
a,137799,0.000,-0.303,36.000,-0.303,6.240,-0.390,-0.404,-1.153,2.235,9.511,1.999
a,137803,0.000,-1.012,36.000,-1.012,6.943,-0.161,-0.267,2.053,2.105,9.459,2.172
a,137806,0.000,-1.717,36.000,-1.717,4.087,0.358,-0.023,-0.588,1.946,9.525,2.113
a,137810,0.000,-2.413,36.000,-2.413,3.384,-0.161,0.252,0.923,2.175,9.463,2.109
a,137814,0.000,-3.098,36.000,-3.098,4.087,-0.283,-0.099,0.465,2.095,9.416,2.130
a,137818,0.000,-3.768,36.000,-3.768,2.461,-0.405,-0.068,-0.588,2.105,9.419,2.119
a,137822,0.000,-4.418,36.000,-4.418,2.637,0.266,0.252,-0.527,2.023,9.459,2.127
a,137827,0.000,-5.047,36.000,-5.047,3.296,0.190,-0.130,-0.909,2.054,9.430,2.090
a,137831,0.000,-5.650,36.000,-5.650,-0.220,-0.436,-0.603,0.145,2.195,9.538,2.060
a,137834,0.000,-6.225,36.000,-6.225,-0.396,0.053,0.634,0.221,1.943,9.340,2.219
a,137838,0.000,-6.769,36.000,-6.769,-1.494,0.190,0.099,-1.367,2.097,9.591,2.020
a,137842,0.000,-7.278,36.000,-7.278,-0.352,-0.329,-0.557,0.038,2.260,9.426,2.162
a,137846,0.000,-7.750,36.000,-7.750,-2.329,-0.054,0.283,0.908,1.890,9.507,2.105
a,137850,0.000,-8.182,36.000,-8.182,-1.670,-0.008,0.145,-0.100,2.180,9.415,2.126
a,137855,0.000,-8.573,36.000,-8.573,-3.164,-0.436,-0.389,0.877,2.201,9.378,2.030
a,137859,0.000,-8.920,36.000,-8.920,-3.867,0.098,0.420,0.954,1.902,9.257,2.136
a,137862,0.000,-9.222,36.000,-9.222,-4.482,-0.115,0.206,0.175,2.182,9.477,2.078
a,137866,0.000,-9.476,36.000,-9.476,-5.054,-0.268,-0.572,0.053,2.185,9.544,2.120
a,137871,0.000,-9.681,36.000,-9.681,-5.273,-0.008,0.374,-0.146,1.958,9.437,2.110
a,137874,0.000,-9.836,36.000,-9.836,-5.713,-0.024,-0.084,-0.237,2.108,9.419,2.178
a,137878,0.000,-9.940,36.000,-9.940,-5.977,-0.451,-0.450,-0.833,2.206,9.549,2.029
a,137882,0.000,-9.993,36.000,-9.993,-6.504,0.098,-0.175,0.633,2.011,9.367,2.178
a,137886,0.000,-9.994,36.000,-9.994,-6.768,0.327,0.374,0.847,1.996,9.518,2.105
a,137890,0.000,-9.943,36.000,-9.943,-7.251,0.159,-0.282,0.068,2.242,9.500,2.122
a,137894,0.000,-9.840,36.000,-9.840,-7.251,-0.085,-0.435,-0.894,2.046,9.403,2.115
a,137898,0.000,-9.686,36.000,-9.686,-7.339,0.083,0.420,-0.924,2.023,9.451,2.139
a,137902,0.000,-9.481,36.000,-9.481,-7.383,-0.161,0.328,1.167,2.182,9.503,2.087
a,137906,0.000,-9.227,36.000,-9.227,-7.383,0.053,-0.389,0.190,2.087,9.459,2.096
a,137910,0.000,-8.924,36.000,-8.924,-7.383,0.159,0.054,0.664,2.021,9.422,2.160
a,137915,0.000,-8.574,36.000,-8.574,-7.383,-0.024,0.481,-1.031,2.107,9.467,2.096
a,137918,0.000,-8.179,36.000,-8.179,-7.383,-0.176,-0.343,0.145,2.154,9.491,2.107
a,137922,0.000,-7.740,36.000,-7.740,-7.339,0.373,-0.007,0.267,2.033,9.410,2.138
a,137926,0.000,-7.261,36.000,-7.261,-7.383,0.205,0.161,0.557,2.066,9.395,2.102
a,137930,0.000,-6.743,36.000,-6.743,-7.295,-0.070,-0.068,-0.359,2.154,9.509,2.114
a,137934,0.000,-6.189,36.000,-6.189,-7.339,-0.024,-0.068,-0.909,2.029,9.509,2.139
a,137938,0.000,-5.602,36.000,-5.602,-7.383,0.327,0.619,-0.649,2.027,9.391,2.103
a,137942,0.000,-4.985,36.000,-4.985,-7.383,0.434,0.206,0.786,2.145,9.489,2.127
a,137946,0.000,-4.341,36.000,-4.341,-7.383,0.190,-0.191,-0.802,2.079,9.456,2.094
a,137951,0.000,-3.674,36.000,-3.674,-7.339,-0.008,0.115,0.740,2.101,9.451,2.155
a,137954,0.000,-2.987,36.000,-2.987,-7.207,-0.054,0.130,-0.619,2.102,9.488,2.120
a,137958,0.000,-2.283,36.000,-2.283,-5.625,0.053,0.145,0.923,2.051,9.475,2.170
a,137963,0.000,-1.567,36.000,-1.567,-6.372,0.159,0.206,0.160,2.107,9.500,2.090
a,137966,0.000,-0.842,36.000,-0.842,-6.064,-0.115,-0.328,0.541,2.133,9.427,2.146
a,137970,0.000,-0.113,36.000,-0.113,-4.263,0.526,0.313,-0.542,1.936,9.454,2.184
a,137975,0.000,0.618,36.000,0.618,-4.614,0.373,-0.221,0.664,2.160,9.530,2.089
a,137979,0.000,1.347,36.000,1.347,-3.120,-0.604,-0.236,0.129,2.101,9.491,2.173
a,137983,0.000,2.068,36.000,2.068,-3.604,0.205,0.374,0.526,1.982,9.500,2.139
a,137986,0.000,2.779,36.000,2.779,-2.856,-0.329,-0.343,0.145,2.193,9.584,2.114
a,137990,0.000,3.475,36.000,3.475,-1.714,0.373,0.206,0.374,2.011,9.379,2.189
a,137994,0.000,4.153,36.000,4.153,-1.450,-0.344,-0.175,-0.802,2.132,9.689,2.063
a,137998,0.000,4.809,36.000,4.809,-0.703,0.480,0.328,0.725,2.070,9.412,2.270
a,138003,0.000,5.440,36.000,5.440,0.439,-0.299,-0.236,-0.802,2.079,9.668,1.952
a,138007,0.000,6.041,36.000,6.041,1.758,0.144,0.374,-0.649,2.095,9.297,2.373
a,138010,0.000,6.611,36.000,6.611,1.978,-0.085,0.252,-1.672,1.967,9.627,1.907
a,138015,0.000,7.145,36.000,7.145,2.549,0.144,-0.236,-0.756,2.284,9.438,2.279
a,138019,0.000,7.640,36.000,7.640,3.208,0.083,0.099,-0.756,1.949,9.519,2.049
a,138022,0.000,8.095,36.000,8.095,3.867,0.190,-0.084,-0.634,2.167,9.500,2.119
a,138026,0.000,8.505,36.000,8.505,4.614,-0.008,0.038,0.282,2.142,9.524,2.127
a,138030,0.000,8.870,36.000,8.870,5.273,0.312,-0.252,-0.313,1.974,9.439,2.070
a,138034,0.000,9.186,36.000,9.186,5.581,0.205,0.008,0.725,2.173,9.448,2.155
a,138038,0.000,9.453,36.000,9.453,6.064,-0.070,-0.068,-0.359,2.089,9.391,2.067
a,138042,0.000,9.668,36.000,9.668,6.240,0.358,0.023,-1.123,2.033,9.412,2.195
a,138046,0.000,9.831,36.000,9.831,6.680,-0.024,-0.114,1.183,2.163,9.455,2.119
a,138050,0.000,9.939,36.000,9.939,6.855,-0.024,-0.450,-0.344,2.118,9.533,2.105
a,138054,0.000,9.993,36.000,9.993,7.603,-0.176,0.008,0.465,2.027,9.501,2.175
a,138058,0.000,9.993,36.000,9.993,8.042,0.327,0.267,-0.054,2.048,9.479,2.133
a,138063,0.000,9.937,36.000,9.937,8.218,-0.207,-0.191,-1.565,2.160,9.422,2.094
a,138066,0.000,9.827,36.000,9.827,8.306,0.053,0.206,0.862,2.045,9.400,2.148
a,138070,0.000,9.662,36.000,9.662,8.745,0.037,0.099,-0.588,2.011,9.458,2.085
a,138074,0.000,9.444,36.000,9.444,8.833,-0.070,0.374,-0.313,2.170,9.497,2.162
a,138078,0.000,9.174,36.000,9.174,8.877,-0.100,-0.084,0.404,2.061,9.491,2.075
a,138082,0.000,8.852,36.000,8.852,8.921,-0.070,0.099,-0.359,2.064,9.467,2.178
a,138086,0.000,8.481,36.000,8.481,8.965,0.098,0.328,0.999,2.097,9.410,2.061
a,138090,0.000,8.063,36.000,8.063,8.877,0.053,-0.084,-0.894,2.122,9.457,2.116
a,138094,0.000,7.600,36.000,7.600,8.877,0.159,-0.007,0.847,2.066,9.480,2.143
a,138099,0.000,7.095,36.000,7.095,8.921,-0.115,0.374,-0.100,2.061,9.443,2.099
a,138103,0.000,6.549,36.000,6.549,8.921,-0.070,-0.007,-0.252,2.139,9.414,2.114
a,138106,0.000,5.967,36.000,5.967,8.877,-0.008,0.099,0.175,2.093,9.457,2.109
a,138110,0.000,5.350,36.000,5.350,8.921,0.098,0.191,-0.313,2.070,9.483,2.139
a,138114,0.000,4.704,36.000,4.704,10.239,-0.176,0.145,0.389,2.154,9.430,2.084
a,138118,0.000,4.031,36.000,4.031,10.371,-0.176,-0.084,-1.214,2.089,9.471,2.103
a,138122,0.000,3.334,36.000,3.334,8.394,-0.115,0.390,0.954,2.027,9.383,2.097
a,138127,0.000,2.619,36.000,2.619,8.130,0.358,0.206,-1.092,2.048,9.361,2.102
a,138131,0.000,1.888,36.000,1.888,7.603,0.312,0.145,-0.436,2.073,9.404,2.115
a,138134,0.000,1.146,36.000,1.146,6.943,-0.115,-0.465,-0.604,2.133,9.501,2.065
a,138138,0.000,0.397,36.000,0.397,6.636,0.007,0.390,2.206,1.988,9.468,2.180
a,138142,0.000,-0.354,36.000,-0.354,6.196,0.144,0.374,-0.375,2.085,9.372,2.116
a,138146,0.000,-1.104,36.000,-1.104,5.405,-0.863,-0.481,1.183,2.193,9.573,2.034
a,138150,0.000,-1.848,36.000,-1.848,4.482,0.098,0.145,0.160,2.036,9.437,2.247
a,138155,0.000,-2.582,36.000,-2.582,3.823,-0.283,-0.114,0.389,2.052,9.446,1.984
a,138158,0.000,-3.302,36.000,-3.302,3.208,-0.207,0.115,-0.817,2.185,9.383,2.260
a,138162,0.000,-4.004,36.000,-4.004,2.593,-0.222,-0.084,-0.405,2.048,9.448,1.948
a,138167,0.000,-4.684,36.000,-4.684,2.549,-0.222,-0.114,0.022,2.128,9.407,2.175
a,138170,0.000,-5.337,36.000,-5.337,0.703,0.190,0.557,0.648,1.980,9.533,2.137
a,138174,0.000,-5.960,36.000,-5.960,-0.308,-0.467,-0.328,-1.275,2.257,9.475,1.999
a,138178,0.000,-6.549,36.000,-6.549,-0.352,-0.161,0.328,1.122,2.009,9.323,2.206
a,138182,0.000,-7.102,36.000,-7.102,-1.406,0.175,0.557,0.160,1.954,9.452,1.974
a,138186,0.000,-7.614,36.000,-7.614,-0.967,-0.451,-0.771,-0.466,2.385,9.422,2.152
a,138190,0.000,-8.083,36.000,-8.083,-2.197,0.159,0.054,0.557,1.896,9.459,2.136
a,138194,0.000,-8.506,36.000,-8.506,-3.076,-0.054,0.206,-0.146,2.132,9.412,2.121
a,138198,0.000,-8.880,36.000,-8.880,-3.516,-0.222,-0.267,0.801,2.222,9.541,2.054
a,138202,0.000,-9.203,36.000,-9.203,-4.263,-0.008,-0.007,0.480,1.951,9.437,2.186
a,138206,0.000,-9.473,36.000,-9.473,-4.570,-0.390,0.252,0.083,2.148,9.515,2.069
a,138210,0.000,-9.689,36.000,-9.689,-5.273,-0.039,-0.221,1.228,2.179,9.456,2.145
a,138215,0.000,-9.849,36.000,-9.849,-5.757,-0.176,0.206,0.175,1.952,9.450,2.085
a,138218,0.000,-9.952,36.000,-9.952,-5.845,-0.115,0.313,0.343,2.167,9.422,2.168
a,138222,0.000,-9.998,36.000,-9.998,-6.372,-0.405,-0.984,-0.619,2.169,9.600,2.041
a,138226,0.000,-9.985,36.000,-9.985,-5.010,-0.207,0.390,-0.420,2.009,9.403,2.206
a,138230,0.000,-9.915,36.000,-9.915,-6.724,0.388,0.267,1.167,2.046,9.576,2.103
a,138234,0.000,-9.786,36.000,-9.786,-7.207,0.007,-0.359,0.419,2.144,9.527,2.154
a,138238,0.000,-9.601,36.000,-9.601,-7.295,-0.237,0.038,-0.634,1.988,9.489,2.139
a,138242,0.000,-9.360,36.000,-9.360,-7.383,0.098,0.420,0.267,2.058,9.420,2.115
a,138246,0.000,-9.064,36.000,-9.064,-7.383,0.221,-0.068,0.954,2.163,9.440,2.105
a,138250,0.000,-8.714,36.000,-8.714,-7.383,-0.176,-0.099,0.908,2.077,9.456,2.122
a,138255,0.000,-8.313,36.000,-8.313,-7.339,0.175,0.435,1.213,2.015,9.470,2.151
a,138259,0.000,-7.864,36.000,-7.864,-7.339,0.098,0.023,-0.359,2.144,9.465,2.096
a,138262,0.000,-7.368,36.000,-7.368,-7.427,-0.070,-0.282,-0.726,2.139,9.477,2.079
a,138266,0.000,-6.828,36.000,-6.828,-7.383,0.068,0.084,-0.084,2.005,9.404,2.133
a,138270,0.000,-6.248,36.000,-6.248,-7.339,0.083,0.267,-0.817,2.083,9.459,2.099
a,138274,0.000,-5.630,36.000,-5.630,-7.427,-0.222,-0.496,-0.084,2.130,9.590,2.149
a,138278,0.000,-4.979,36.000,-4.979,-7.383,0.037,0.145,-0.634,2.052,9.486,2.157
a,138283,0.000,-4.298,36.000,-4.298,-7.383,0.266,0.206,0.053,2.093,9.475,2.095
a,138287,0.000,-3.591,36.000,-3.591,-7.910,0.251,-0.114,-0.329,2.138,9.471,2.101
a,138290,0.000,-2.862,36.000,-2.862,-5.098,0.037,-0.206,0.465,2.067,9.488,2.107
a,138294,0.000,-2.116,36.000,-2.116,-7.207,0.159,-0.175,0.053,2.085,9.420,2.115
a,138298,0.000,-1.357,36.000,-1.357,-6.460,-0.008,0.390,0.847,2.061,9.482,2.130
a,138302,0.000,-0.590,36.000,-0.590,-6.328,-0.070,-0.404,-1.199,2.210,9.625,2.076
a,138306,0.000,0.182,36.000,0.182,-3.779,-0.115,-0.053,0.465,2.002,9.489,2.187
a,138311,0.000,0.953,36.000,0.953,-4.966,0.633,0.038,-1.245,2.033,9.424,2.102
a,138315,0.000,1.719,36.000,1.719,-4.307,0.144,-0.068,-0.649,2.211,9.544,2.154
a,138318,0.000,2.475,36.000,2.475,-3.164,0.327,-0.007,-0.115,1.992,9.432,2.142
a,138323,0.000,3.217,36.000,3.217,-2.549,0.190,-0.007,-1.245,2.076,9.473,2.149
a,138326,0.000,3.940,36.000,3.940,-2.153,0.587,0.603,0.984,2.042,9.354,2.162
a,138330,0.000,4.640,36.000,4.640,-0.264,-0.115,-0.603,-0.130,2.114,9.430,1.966
a,138334,0.000,5.312,36.000,5.312,-0.879,0.312,-0.023,-0.588,2.052,9.281,2.288
a,138338,0.000,5.953,36.000,5.953,-0.220,0.037,0.252,-1.168,2.017,9.554,1.964
a,138342,0.000,6.558,36.000,6.558,0.659,-0.054,-0.450,0.145,2.247,9.503,2.188
a,138346,0.000,7.125,36.000,7.125,1.934,0.037,0.267,-1.016,1.976,9.487,2.027
a,138350,0.000,7.648,36.000,7.648,2.593,-0.283,0.115,0.526,2.110,9.574,2.091
a,138354,0.000,8.126,36.000,8.126,3.252,0.434,0.115,0.832,2.128,9.418,2.257
a,138358,0.000,8.555,36.000,8.555,3.911,-0.558,-0.389,-0.619,2.101,9.585,1.988
a,138362,0.000,8.932,36.000,8.932,4.614,0.007,-0.053,1.656,2.091,9.276,2.302
a,138366,0.000,9.255,36.000,9.255,5.361,0.190,0.191,-0.970,2.004,9.499,1.962
a,138370,0.000,9.522,36.000,9.522,6.021,-0.176,-0.496,-0.191,2.288,9.438,2.200
a,138374,0.000,9.731,36.000,9.731,6.196,-0.115,-0.175,0.022,1.952,9.433,2.078
a,138378,0.000,9.881,36.000,9.881,6.680,0.251,0.481,-0.878,2.020,9.465,2.164
a,138382,0.000,9.971,36.000,9.971,6.855,-0.008,0.054,0.847,2.257,9.525,2.157
a,138386,0.000,10.000,36.000,10.000,7.603,-0.222,-0.618,-0.283,2.054,9.494,2.109
a,138390,0.000,9.968,36.000,9.968,7.646,0.098,0.634,0.312,1.962,9.462,2.236
a,138394,0.000,9.874,36.000,9.874,8.174,0.266,0.206,0.465,2.148,9.522,2.040
a,138398,0.000,9.720,36.000,9.720,8.218,-0.054,-0.588,0.801,2.191,9.470,2.143
a,138402,0.000,9.506,36.000,9.506,8.350,0.083,0.420,-0.497,1.927,9.424,2.144
a,138406,0.000,9.234,36.000,9.234,8.394,0.205,0.206,0.007,2.083,9.444,2.082
a,138410,0.000,8.904,36.000,8.904,8.438,-0.176,-0.343,0.404,2.198,9.464,2.099
a,138415,0.000,8.520,36.000,8.520,8.394,-0.070,0.038,-0.313,1.970,9.475,2.101
a,138418,0.000,8.082,36.000,8.082,8.350,0.175,0.512,0.725,2.051,9.421,2.149
a,138422,0.000,7.594,36.000,7.594,8.394,0.114,-0.252,0.022,2.136,9.480,2.066
a,138426,0.000,7.059,36.000,7.059,8.394,-0.161,-0.511,-0.115,2.085,9.474,2.103
a,138430,0.000,6.480,36.000,6.480,8.394,0.236,0.115,-1.611,2.002,9.414,2.103
a,138434,0.000,5.860,36.000,5.860,9.536,-0.100,0.145,0.801,2.138,9.463,2.090
a,138438,0.000,5.203,36.000,5.203,8.745,-0.283,-0.007,0.022,2.108,9.528,2.138
a,138442,0.000,4.514,36.000,4.514,8.350,-0.070,-0.343,-0.237,2.060,9.494,2.101
a,138446,0.000,3.795,36.000,3.795,10.195,0.175,0.222,2.022,2.122,9.588,2.136
a,138450,0.000,3.053,36.000,3.053,8.174,-0.314,-0.542,1.671,2.144,9.499,2.101
a,138455,0.000,2.291,36.000,2.291,7.646,0.098,0.481,0.557,1.958,9.422,2.154
a,138459,0.000,1.515,36.000,1.515,7.383,-0.054,0.038,0.648,2.175,9.515,2.109
a,138463,0.000,0.728,36.000,0.728,6.680,-0.405,-0.557,-0.619,2.163,9.548,2.065
a,138466,0.000,-0.064,36.000,-0.064,7.690,0.190,0.909,-0.939,1.927,9.397,2.189
a,138470,0.000,-0.856,36.000,-0.856,6.064,-0.405,-0.465,-0.985,2.191,9.530,2.027
a,138474,0.000,-1.643,36.000,-1.643,4.790,-0.329,-0.542,0.755,2.142,9.475,2.188
a,138478,0.000,-2.420,36.000,-2.420,3.999,0.037,0.267,-0.741,1.936,9.454,2.060
a,138482,0.000,-3.183,36.000,-3.183,3.384,-0.390,-0.007,0.175,2.160,9.519,2.127
a,138486,0.000,-3.925,36.000,-3.925,2.725,-0.070,-0.114,-0.313,2.054,9.365,2.085
a,138490,0.000,-4.644,36.000,-4.644,2.065,-0.451,-0.465,-1.367,2.089,9.493,2.047
a,138494,0.000,-5.334,36.000,-5.334,1.362,-0.100,0.512,0.236,2.051,9.443,2.235
a,138499,0.000,-5.990,36.000,-5.990,-0.264,-0.070,-0.389,-0.680,2.145,9.431,1.973
a,138503,0.000,-6.608,36.000,-6.608,0.352,-0.680,-0.374,0.251,2.114,9.513,2.164
a,138507,0.000,-7.185,36.000,-7.185,-0.967,0.312,0.588,-0.451,1.933,9.310,2.116
a,138510,0.000,-7.717,36.000,-7.717,-1.714,-0.253,-0.374,-1.336,2.201,9.494,1.972
a,138514,0.000,-8.200,36.000,-8.200,-2.241,-0.100,0.283,1.396,2.097,9.403,2.246
a,138518,0.000,-8.631,36.000,-8.631,-2.988,-0.329,0.283,-0.405,2.004,9.464,1.967
a,138522,0.000,-9.007,36.000,-9.007,-2.461,-0.207,-0.435,1.137,2.273,9.443,2.162
a,138526,0.000,-9.325,36.000,-9.325,-3.604,0.053,0.390,0.679,1.952,9.565,2.150
a,138530,0.000,-9.584,36.000,-9.584,-4.438,-0.329,-0.007,-0.207,2.144,9.527,2.057
a,138534,0.000,-9.782,36.000,-9.782,-5.054,-0.176,-0.282,0.190,2.204,9.465,2.188
a,138538,0.000,-9.917,36.000,-9.917,-5.273,0.007,0.435,1.228,1.913,9.385,2.030
a,138542,0.000,-9.988,36.000,-9.988,-6.460,0.205,0.099,-0.115,2.185,9.390,2.211
a,138547,0.000,-9.995,36.000,-9.995,-5.889,-0.283,-0.481,0.587,2.113,9.487,1.993
a,138550,0.000,-9.938,36.000,-9.938,-6.416,-0.024,-0.175,-0.420,2.014,9.352,2.191
a,138554,0.000,-9.816,36.000,-9.816,-6.548,0.379,0.880,0.097,2.024,9.392,2.155
a,138558,0.000,-9.631,36.000,-9.631,-6.460,-0.171,-0.249,-0.223,2.209,9.444,2.024
a,138562,0.000,-9.383,36.000,-9.383,-7.251,0.012,-0.020,1.059,2.089,9.428,2.155
a,138566,0.000,-9.075,36.000,-9.075,-7.251,0.363,0.926,0.525,1.859,9.328,2.121
a,138570,0.000,-8.707,36.000,-8.707,-7.295,0.333,-0.020,-0.132,2.217,9.493,2.137
a,138574,0.000,-8.282,36.000,-8.282,-7.339,-0.171,-0.372,1.334,2.139,9.443,2.085
a,138578,0.000,-7.804,36.000,-7.804,-7.295,0.058,0.025,0.677,1.951,9.407,2.139
a,138582,0.000,-7.274,36.000,-7.274,-7.339,0.104,0.193,0.662,2.151,9.465,2.133
a,138586,0.000,-6.696,36.000,-6.696,-7.339,-0.186,-0.616,-0.742,2.178,9.479,2.049
a,138590,0.000,-6.074,36.000,-6.074,-7.383,-0.049,-0.112,1.044,1.974,9.544,2.179
a,138594,0.000,-5.412,36.000,-5.412,-7.383,0.653,0.514,-0.147,2.040,9.486,2.149
a,138599,0.000,-4.714,36.000,-4.714,-5.713,-0.095,-0.387,2.097,2.178,9.552,2.142
a,138603,0.000,-3.985,36.000,-3.985,-7.778,0.257,0.071,-1.246,2.035,9.386,2.158
a,138606,0.000,-3.229,36.000,-3.229,-7.339,0.241,0.422,-0.361,2.015,9.361,2.126
a,138610,0.000,-2.452,36.000,-2.452,-6.548,-0.171,-0.188,0.006,2.188,9.512,2.114
a,138615,0.000,-1.658,36.000,-1.658,-5.713,0.043,-0.127,-0.987,2.052,9.449,2.136
a,138618,0.000,-0.852,36.000,-0.852,-5.801,0.470,0.407,-0.284,2.085,9.433,2.078
a,138622,0.000,-0.040,36.000,-0.040,-5.757,-0.217,-0.570,0.586,2.219,9.516,2.110
a,138626,0.000,0.773,36.000,0.773,-3.911,0.394,0.239,0.219,1.973,9.443,2.195
a,138631,0.000,1.581,36.000,1.581,-4.395,-0.308,-0.448,-1.414,2.116,9.647,2.089
a,138635,0.000,2.379,36.000,2.379,-3.560,0.440,0.331,1.578,2.099,9.386,2.258
a,138639,0.000,3.162,36.000,3.162,-2.593,-0.537,-0.494,0.677,2.061,9.645,1.958
a,138642,0.000,3.924,36.000,3.924,-1.802,0.486,0.575,-0.147,2.054,9.244,2.358
a,138646,0.000,4.661,36.000,4.661,-1.670,0.043,-0.081,-0.330,2.042,9.498,1.826
a,138650,0.000,5.367,36.000,5.367,-0.879,0.211,0.209,0.494,2.170,9.347,2.346
a,138654,0.000,6.038,36.000,6.038,-0.176,0.012,-0.265,0.128,1.936,9.492,1.949
a,138659,0.000,6.668,36.000,6.668,0.703,0.012,-0.204,0.174,2.241,9.469,2.259
a,138663,0.000,7.255,36.000,7.255,2.021,0.150,0.025,-0.391,2.045,9.488,2.047
a,138666,0.000,7.794,36.000,7.794,2.681,-0.278,-0.356,-0.040,2.076,9.543,2.124
a,138670,0.000,8.280,36.000,8.280,3.384,0.379,0.239,0.006,2.073,9.433,2.203
a,138675,0.000,8.712,36.000,8.712,4.087,0.089,-0.463,-1.368,2.122,9.606,2.009
a,138678,0.000,9.085,36.000,9.085,4.746,0.272,0.590,0.632,2.058,9.363,2.350
a,138682,0.000,9.397,36.000,9.397,5.537,-0.125,0.178,-0.804,2.023,9.511,1.974
a,138686,0.000,9.646,36.000,9.646,6.284,0.073,0.041,1.380,2.240,9.376,2.228
a,138690,0.000,9.830,36.000,9.830,6.284,0.211,-0.066,1.029,1.908,9.458,2.089
a,138694,0.000,9.947,36.000,9.947,6.680,0.150,-0.097,-0.926,2.145,9.415,2.154
a,138698,0.000,9.998,36.000,9.998,7.383,-0.171,-0.005,0.937,2.200,9.516,2.108
a,138702,0.000,9.981,36.000,9.981,7.646,-0.385,-0.020,0.006,1.939,9.547,2.116
a,138706,0.000,9.896,36.000,9.896,7.690,0.089,0.361,-0.452,2.066,9.431,2.175
a,138710,0.000,9.744,36.000,9.744,8.174,-0.217,-0.173,0.555,2.161,9.497,2.005
a,138714,0.000,9.525,36.000,9.525,8.218,-0.125,-0.341,0.174,2.095,9.428,2.156
a,138718,0.000,9.241,36.000,9.241,8.306,0.104,0.514,-0.147,2.008,9.404,2.113
a,138722,0.000,8.894,36.000,8.894,8.306,-0.217,0.086,-0.055,2.160,9.492,2.101
a,138726,0.000,8.487,36.000,8.487,8.262,0.043,-0.463,-1.017,2.124,9.495,2.115
a,138731,0.000,8.020,36.000,8.020,8.350,0.287,0.010,-0.162,1.988,9.431,2.127
a,138734,0.000,7.499,36.000,7.499,8.306,-0.064,0.254,-1.414,2.118,9.431,2.124
a,138738,0.000,6.926,36.000,6.926,8.306,-0.278,-0.249,0.784,2.142,9.465,2.105
a,138742,0.000,6.305,36.000,6.305,8.350,0.180,0.117,0.219,1.980,9.325,2.155
a,138746,0.000,5.640,36.000,5.640,9.756,0.272,0.132,-0.132,2.113,9.416,2.110
a,138750,0.000,4.936,36.000,4.936,9.448,-0.018,-0.509,-0.422,2.157,9.438,2.107
a,138755,0.000,4.198,36.000,4.198,8.306,-0.125,-0.188,-0.544,2.033,9.494,2.137
a,138759,0.000,3.430,36.000,3.430,8.262,-0.385,0.377,0.723,2.095,9.388,2.078
a,138762,0.000,2.638,36.000,2.638,7.690,-0.217,0.300,0.219,2.083,9.499,2.095
a,138766,0.000,1.827,36.000,1.827,7.646,-0.385,-0.249,0.006,2.138,9.531,2.115
a,138770,0.000,1.003,36.000,1.003,6.855,0.089,-0.249,-0.773,2.073,9.364,2.131
a,138774,0.000,0.171,36.000,0.171,6.636,0.058,0.483,0.647,2.024,9.329,2.079
a,138778,0.000,-0.662,36.000,-0.662,7.646,0.043,0.178,-0.422,2.108,9.396,2.148
a,138783,0.000,-1.492,36.000,-1.492,6.240,-0.324,-0.570,-0.208,2.161,9.513,2.059
a,138787,0.000,-2.311,36.000,-2.311,4.526,0.226,-0.066,1.578,2.009,9.313,2.212
a,138791,0.000,-3.115,36.000,-3.115,3.867,-0.232,0.086,-0.865,2.126,9.492,1.970
a,138794,0.000,-3.897,36.000,-3.897,3.208,-0.125,0.575,-0.666,2.102,9.465,2.280
a,138799,0.000,-4.653,36.000,-4.653,2.461,-0.278,-0.265,-0.422,2.087,9.491,1.980
a,138803,0.000,-5.377,36.000,-5.377,1.758,-0.064,0.086,-0.269,2.045,9.354,2.174
a,138807,0.000,-6.064,36.000,-6.064,3.296,0.165,0.575,0.296,2.033,9.434,2.127
a,138810,0.000,-6.708,36.000,-6.708,-0.352,-0.766,-0.509,0.387,2.101,9.415,2.034
a,138814,0.000,-7.306,36.000,-7.306,-1.450,0.104,0.193,0.509,2.046,9.261,2.254
a,138818,0.000,-7.852,36.000,-7.852,-1.758,-0.446,-0.463,-0.254,2.061,9.634,1.927
a,138822,0.000,-8.344,36.000,-8.344,-2.329,0.272,0.300,0.250,2.133,9.291,2.295
a,138826,0.000,-8.777,36.000,-8.777,-3.120,-0.614,-0.341,-0.147,2.033,9.531,1.907
a,138830,0.000,-9.149,36.000,-9.149,-3.120,0.165,0.041,0.494,2.139,9.501,2.278
a,138834,0.000,-9.456,36.000,-9.456,-4.395,0.073,0.316,1.105,2.093,9.468,2.084
a,138838,0.000,-9.696,36.000,-9.696,-5.054,-0.492,-1.318,0.586,2.240,9.543,2.047
a,138842,0.000,-9.867,36.000,-9.867,-2.505,-0.095,0.529,2.174,1.924,9.309,2.197
a,138846,0.000,-9.969,36.000,-9.969,-5.757,-0.018,0.361,-0.865,2.040,9.527,2.012
a,138850,0.000,-10.000,36.000,-10.000,-5.933,-0.110,-0.601,-1.384,2.265,9.457,2.133
a,138854,0.000,-9.959,36.000,-9.959,-6.460,-0.018,-0.188,-0.498,1.943,9.458,2.043
a,138858,0.000,-9.848,36.000,-9.848,-5.010,0.165,0.468,0.296,2.027,9.413,2.191
a,138863,0.000,-9.666,36.000,-9.666,-7.207,-0.110,-0.188,0.051,2.200,9.533,2.023
a,138866,0.000,-9.415,36.000,-9.415,-7.339,-0.049,-0.509,-0.040,2.060,9.408,2.149
a,138870,0.000,-9.097,36.000,-9.097,-7.339,0.272,0.514,-0.086,1.986,9.412,2.176
a,138874,0.000,-8.713,36.000,-8.713,-7.339,0.104,-0.036,-0.223,2.148,9.433,2.076
a,138878,0.000,-8.266,36.000,-8.266,-7.383,0.058,-0.127,0.326,2.160,9.473,2.132
a,138882,0.000,-7.759,36.000,-7.759,-7.383,0.440,0.086,0.204,2.005,9.428,2.125
a,138886,0.000,-7.197,36.000,-7.197,-7.339,0.058,0.193,0.051,2.093,9.457,2.091
a,138890,0.000,-6.582,36.000,-6.582,-7.339,-0.049,-0.204,0.067,2.193,9.465,2.154
a,138894,0.000,-5.919,36.000,-5.919,-7.295,0.104,-0.066,0.433,2.029,9.444,2.076
a,138899,0.000,-5.213,36.000,-5.213,-7.339,-0.049,0.316,0.616,2.083,9.527,2.150
a,138903,0.000,-4.469,36.000,-4.469,-7.295,0.104,-0.249,-0.178,2.097,9.572,2.073
a,138906,0.000,-3.693,36.000,-3.693,-7.383,0.165,-0.081,0.311,2.101,9.378,2.133
a,138910,0.000,-2.888,36.000,-2.888,-5.845,0.272,0.254,0.311,2.020,9.348,2.124
a,138914,0.000,-2.063,36.000,-2.063,-7.251,0.073,-0.020,1.059,2.161,9.519,2.127
a,138918,0.000,-1.222,36.000,-1.222,-6.548,0.165,-0.020,0.311,2.107,9.458,2.139
a,138923,0.000,-0.371,36.000,-0.371,-5.229,0.424,-0.020,-0.773,2.076,9.448,2.058
a,138926,0.000,0.483,36.000,0.483,-5.273,-0.476,-0.234,2.189,2.164,9.591,2.103
a,138931,0.000,1.334,36.000,1.334,-5.229,0.440,0.483,0.738,2.014,9.365,2.107
a,138935,0.000,2.176,36.000,2.176,-4.966,-0.507,-0.127,-1.033,2.122,9.590,2.028
a,138938,0.000,3.002,36.000,3.002,-3.560,0.486,0.316,0.540,2.091,9.319,2.260
a,138942,0.000,3.807,36.000,3.807,-2.944,-0.553,-0.127,-0.819,2.023,9.577,1.932
a,138946,0.000,4.584,36.000,4.584,-2.109,0.806,0.193,-0.727,2.091,9.295,2.391
a,138950,0.000,5.329,36.000,5.329,-1.538,-0.385,-0.295,0.067,2.064,9.596,1.866
a,138954,0.000,6.034,36.000,6.034,-0.308,0.486,0.193,-0.132,2.087,9.357,2.374
a,138959,0.000,6.696,36.000,6.696,1.230,-0.385,-0.204,0.021,2.054,9.651,1.913
a,138963,0.000,7.309,36.000,7.309,1.846,0.134,0.468,1.242,2.079,9.437,2.294
a,138966,0.000,7.868,36.000,7.868,2.461,-0.217,-0.509,-0.208,2.099,9.615,1.967
a,138971,0.000,8.369,36.000,8.369,3.252,0.058,-0.188,0.006,2.071,9.343,2.276
a,138975,0.000,8.809,36.000,8.809,4.043,-0.400,0.025,-1.094,2.108,9.653,1.944
a,138978,0.000,9.183,36.000,9.183,4.746,0.150,0.025,-0.941,2.114,9.389,2.285
a,138982,0.000,9.490,36.000,9.490,5.581,-0.125,0.438,0.647,1.952,9.454,2.022
a,138986,0.000,9.726,36.000,9.726,6.196,0.195,-0.463,-0.269,2.193,9.337,2.258
a,138990,0.000,9.890,36.000,9.890,6.987,0.043,0.041,0.219,1.996,9.471,2.041
a,138994,0.000,9.981,36.000,9.981,6.680,0.379,0.254,0.357,2.116,9.364,2.184
a,138998,0.000,9.997,36.000,9.997,7.515,-0.324,-0.494,0.784,2.201,9.578,2.067
a,139002,0.000,9.938,36.000,9.938,7.646,-0.110,-0.249,0.006,2.027,9.477,2.178
a,139006,0.000,9.805,36.000,9.805,8.086,0.134,0.102,-0.345,2.021,9.498,2.121
a,139010,0.000,9.599,36.000,9.599,8.789,0.073,-0.066,1.426,2.216,9.458,2.144
a,139015,0.000,9.320,36.000,9.320,8.394,-0.171,-0.127,0.265,2.021,9.482,2.101
a,139018,0.000,8.971,36.000,8.971,8.394,0.089,0.285,-0.376,2.021,9.397,2.201
a,139022,0.000,8.555,36.000,8.555,8.394,0.226,0.148,1.364,2.151,9.480,2.081
a,139026,0.000,8.073,36.000,8.073,8.745,-0.110,-0.295,0.540,2.093,9.425,2.084
a,139030,0.000,7.531,36.000,7.531,8.394,-0.125,0.025,-0.437,1.993,9.415,2.116
a,139034,0.000,6.931,36.000,6.931,8.789,-0.003,0.117,-0.804,2.102,9.477,2.091
a,139038,0.000,6.279,36.000,6.279,8.745,0.089,-0.356,-0.376,2.173,9.473,2.114
a,139042,0.000,5.578,36.000,5.578,8.701,-0.034,-0.097,0.387,2.027,9.469,2.113
a,139046,0.000,4.835,36.000,4.835,8.745,0.058,0.132,0.006,2.099,9.471,2.142
a,139051,0.000,4.055,36.000,4.055,8.745,-0.171,0.071,-0.101,2.163,9.475,2.107
a,139055,0.000,3.243,36.000,3.243,9.624,-0.186,-0.188,-1.414,2.070,9.445,2.131
a,139059,0.000,2.406,36.000,2.406,8.086,0.104,0.132,0.311,2.008,9.459,2.124
a,139062,0.000,1.550,36.000,1.550,9.097,-0.018,0.086,-0.605,2.114,9.522,2.120
a,139066,0.000,0.682,36.000,0.682,6.943,-0.018,-0.784,-1.078,2.200,9.377,2.087
a,139070,0.000,-0.192,36.000,-0.192,7.690,-0.125,-0.188,-1.307,1.976,9.457,2.136
a,139074,0.000,-1.065,36.000,-1.065,7.690,0.318,1.003,-0.468,1.993,9.392,2.150
a,139079,0.000,-1.930,36.000,-1.930,5.977,-0.125,-0.616,-0.315,2.304,9.503,2.004
a,139083,0.000,-2.781,36.000,-2.781,4.834,-0.125,0.331,0.937,1.974,9.297,2.223
a,139087,0.000,-3.612,36.000,-3.612,3.516,-0.232,-0.127,-1.200,2.014,9.404,2.055
a,139090,0.000,-4.415,36.000,-4.415,3.164,-0.095,0.804,1.471,2.132,9.480,2.203
a,139094,0.000,-5.185,36.000,-5.185,2.593,0.104,-0.509,-0.116,2.224,9.471,2.070
a,139098,0.000,-5.915,36.000,-5.915,1.362,-0.369,0.483,1.471,1.967,9.473,2.211
a,139102,0.000,-6.600,36.000,-6.600,-0.088,0.348,-0.097,-1.979,2.138,9.461,2.150
a,139107,0.000,-7.234,36.000,-7.234,-0.439,-0.721,-0.463,-1.017,2.185,9.401,2.078
a,139111,0.000,-7.813,36.000,-7.813,-1.538,0.379,-0.081,0.097,2.061,9.446,2.188
a,139114,0.000,-8.332,36.000,-8.332,-1.802,-0.598,0.193,0.158,2.014,9.389,2.039
a,139119,0.000,-8.786,36.000,-8.786,-2.461,0.272,0.377,0.754,2.149,9.373,2.179
a,139123,0.000,-9.173,36.000,-9.173,-3.164,-0.186,-0.631,-0.788,2.130,9.410,2.004
a,139126,0.000,-9.488,36.000,-9.488,-3.823,0.058,0.804,0.433,1.933,9.268,2.219
a,139130,0.000,-9.730,36.000,-9.730,-4.438,0.211,0.361,0.311,2.118,9.367,2.066
a,139134,0.000,-9.896,36.000,-9.896,-5.186,-0.492,-0.723,0.525,2.209,9.521,2.047
a,139138,0.000,-9.984,36.000,-9.984,-5.713,0.272,0.422,0.983,1.920,9.315,2.225
a,139142,0.000,-9.995,36.000,-9.995,-5.977,0.089,0.254,-1.262,2.095,9.523,2.006
a,139146,0.000,-9.927,36.000,-9.927,-6.548,-0.064,-0.402,-0.804,2.278,9.401,2.195
a,139150,0.000,-9.782,36.000,-9.782,-7.075,-0.018,0.468,-1.048,1.844,9.445,2.034
a,139154,0.000,-9.559,36.000,-9.559,-7.207,0.363,0.621,-0.407,2.083,9.410,2.188
a,139158,0.000,-9.261,36.000,-9.261,-7.295,-0.125,-0.402,-0.422,2.170,9.421,2.051
a,139162,0.000,-8.891,36.000,-8.891,-7.251,0.058,-0.005,0.509,2.009,9.336,2.138
a,139167,0.000,-8.450,36.000,-8.450,-7.295,0.211,0.758,0.418,2.066,9.425,2.160
a,139170,0.000,-7.941,36.000,-7.941,-7.251,0.089,-0.295,-1.033,2.144,9.457,2.055
a,139174,0.000,-7.370,36.000,-7.370,-7.339,-0.034,-0.310,0.143,2.120,9.455,2.143
a,139178,0.000,-6.740,36.000,-6.740,-7.339,0.272,0.300,-0.010,1.978,9.427,2.108
a,139182,0.000,-6.057,36.000,-6.057,-7.339,0.257,-0.249,-1.109,2.155,9.479,2.112
a,139186,0.000,-5.324,36.000,-5.324,-6.372,0.058,-0.234,0.555,2.154,9.464,2.126
a,139190,0.000,-4.549,36.000,-4.549,-6.592,0.043,-0.081,-0.376,1.964,9.404,2.133
a,139194,0.000,-3.738,36.000,-3.738,-7.339,0.486,0.270,0.540,2.089,9.353,2.143
a,139199,0.000,-2.896,36.000,-2.896,-5.889,-0.125,-0.326,0.677,2.191,9.474,2.079
a,139203,0.000,-2.030,36.000,-2.030,-7.207,-0.064,-0.249,-0.605,2.064,9.443,2.138
a,139206,0.000,-1.148,36.000,-1.148,-5.273,0.058,0.285,-0.254,1.982,9.412,2.155
a,139210,0.000,-0.255,36.000,-0.255,-5.977,-0.018,-0.295,-0.849,2.257,9.570,2.025
a,139215,0.000,0.639,36.000,0.639,-5.713,-0.186,-0.448,0.067,2.071,9.386,2.188
a,139218,0.000,1.530,36.000,1.530,-5.010,0.195,0.575,-0.681,1.873,9.347,2.116
a,139222,0.000,2.408,36.000,2.408,-4.526,-0.003,0.041,0.448,2.303,9.422,2.043
a,139227,0.000,3.268,36.000,3.268,-2.988,0.165,0.025,-0.071,1.999,9.367,2.124
a,139231,0.000,4.102,36.000,4.102,-2.988,0.043,0.102,0.158,2.009,9.489,2.070
a,139234,0.000,4.903,36.000,4.903,-2.109,0.653,0.575,0.296,2.124,9.260,2.260
a,139238,0.000,5.666,36.000,5.666,-1.582,-0.217,-0.845,0.280,2.178,9.589,1.901
a,139242,0.000,6.383,36.000,6.383,1.143,0.348,0.422,1.303,2.058,9.433,2.342
a,139246,0.000,7.049,36.000,7.049,0.352,0.424,0.361,-1.491,1.988,9.341,1.981
a,139250,0.000,7.658,36.000,7.658,1.802,0.012,-0.173,1.258,2.178,9.448,2.283
a,139255,0.000,8.206,36.000,8.206,2.417,-0.064,-0.249,-1.139,1.992,9.531,1.944
a,139258,0.000,8.687,36.000,8.687,3.340,-0.003,0.132,-0.116,2.089,9.322,2.228
a,139263,0.000,9.098,36.000,9.098,3.384,0.165,0.377,0.433,2.064,9.408,2.053
a,139267,0.000,9.435,36.000,9.435,4.043,0.150,-0.570,-0.819,2.193,9.385,2.204
a,139270,0.000,9.696,36.000,9.696,4.702,0.089,0.346,-0.712,1.939,9.444,2.157
a,139274,0.000,9.877,36.000,9.877,6.768,0.363,0.086,-1.048,2.120,9.396,2.093
a,139278,0.000,9.978,36.000,9.978,6.240,-0.385,-0.509,0.342,2.231,9.527,2.101
a,139282,0.000,9.997,36.000,9.997,6.636,0.501,0.483,1.074,1.882,9.345,2.185
a,139286,0.000,9.934,36.000,9.934,8.394,0.180,0.071,-1.811,2.093,9.464,2.051
a,139290,0.000,9.790,36.000,9.790,7.646,-0.049,-0.387,1.059,2.219,9.452,2.160
a,139294,0.000,9.565,36.000,9.565,7.690,-0.140,-0.066,-0.865,1.881,9.451,2.121
a,139298,0.000,9.261,36.000,9.261,8.130,0.211,0.407,0.509,2.167,9.426,2.186
a,139302,0.000,8.881,36.000,8.881,8.130,-0.385,-0.845,0.387,2.194,9.509,2.017
a,139306,0.000,8.427,36.000,8.427,8.218,-0.171,-0.112,0.662,2.024,9.442,2.146
a,139310,0.000,7.904,36.000,7.904,8.174,0.211,0.407,0.036,1.988,9.437,2.162
a,139315,0.000,7.314,36.000,7.314,8.306,-0.049,-0.372,0.250,2.213,9.454,2.066
a,139318,0.000,6.664,36.000,6.664,8.218,-0.018,-0.341,0.235,2.102,9.436,2.191
a,139322,0.000,5.958,36.000,5.958,8.218,0.165,0.132,-0.010,1.976,9.419,2.096
a,139326,0.000,5.202,36.000,5.202,8.174,0.104,0.102,0.601,2.164,9.450,2.136
a,139330,0.000,4.402,36.000,4.402,9.580,-0.324,-0.585,-0.193,2.136,9.385,2.070
a,139334,0.000,3.565,36.000,3.565,8.218,-0.217,-0.249,0.113,2.014,9.458,2.139
a,139338,0.000,2.698,36.000,2.698,9.009,0.272,0.010,0.158,2.107,9.392,2.099
a,139342,0.000,1.807,36.000,1.807,7.603,-0.232,-0.249,-0.376,2.093,9.465,2.095
a,139346,0.000,0.902,36.000,0.902,6.987,0.211,-0.295,-0.055,2.089,9.416,2.150
a,139351,0.000,-0.013,36.000,-0.013,6.812,0.028,0.071,-1.689,2.093,9.432,2.047
a,139354,0.000,-0.927,36.000,-0.927,6.152,-0.217,0.086,0.372,2.014,9.477,2.216
a,139358,0.000,-1.835,36.000,-1.835,8.306,0.089,-0.249,-0.880,2.151,9.430,2.103
a,139362,0.000,-2.727,36.000,-2.727,5.273,-0.553,-0.738,-0.483,2.110,9.549,2.064
a,139366,0.000,-3.597,36.000,-3.597,4.087,0.440,0.407,0.250,2.036,9.269,2.239
a,139370,0.000,-4.438,36.000,-4.438,3.428,-0.629,-0.265,-1.582,2.071,9.493,1.949
a,139374,0.000,-5.241,36.000,-5.241,3.296,0.348,0.254,1.868,2.178,9.339,2.266
a,139379,0.000,-6.001,36.000,-6.001,1.846,-0.385,-0.463,0.235,2.004,9.538,1.914
a,139383,0.000,-6.711,36.000,-6.711,3.252,0.272,0.804,0.418,2.070,9.309,2.308
a,139386,0.000,-7.364,36.000,-7.364,-0.264,-0.400,-0.402,-0.910,2.151,9.573,1.883
a,139390,0.000,-7.955,36.000,-7.955,-0.791,0.165,-0.081,0.448,2.079,9.227,2.364
a,139394,0.000,-8.479,36.000,-8.479,-1.670,-0.415,-0.066,-0.758,2.046,9.618,1.902
a,139398,0.000,-8.932,36.000,-8.932,-2.241,-0.217,-0.356,0.342,2.195,9.468,2.243
a,139402,0.000,-9.308,36.000,-9.308,-2.944,-0.049,-0.020,-0.055,2.048,9.467,1.972
a,139407,0.000,-9.606,36.000,-9.606,-2.900,0.150,-0.188,-0.773,2.091,9.237,2.179
a,139411,0.000,-9.821,36.000,-9.821,-4.307,0.333,0.483,0.525,2.005,9.360,2.087
a,139414,0.000,-9.953,36.000,-9.953,-4.658,-0.293,-0.402,-0.697,2.164,9.451,2.035
a,139419,0.000,-10.000,36.000,-10.000,-5.229,0.058,0.193,0.372,2.066,9.390,2.225
a,139423,0.000,-9.961,36.000,-9.961,-5.713,0.486,0.422,0.433,1.980,9.425,2.091
a,139426,0.000,-9.837,36.000,-9.837,-5.933,-0.064,-0.616,-1.124,2.258,9.451,2.091
a,139430,0.000,-9.628,36.000,-9.628,-6.680,-0.156,-0.112,1.258,2.030,9.446,2.161
a,139434,0.000,-9.336,36.000,-9.336,-6.680,0.424,0.407,-0.284,1.902,9.404,2.142
a,139438,0.000,-8.963,36.000,-8.963,-7.251,-0.125,0.392,-0.910,2.201,9.471,2.149
a,139442,0.000,-8.513,36.000,-8.513,-7.295,-0.064,-0.570,-1.292,2.089,9.459,2.051
a,139446,0.000,-7.989,36.000,-7.989,-7.339,0.058,0.132,0.006,1.918,9.382,2.175
a,139450,0.000,-7.396,36.000,-7.396,-7.734,0.165,0.285,-0.162,2.154,9.461,2.076
a,139454,0.000,-6.738,36.000,-6.738,-7.383,0.089,-0.463,-0.605,2.185,9.462,2.081
a,139458,0.000,-6.022,36.000,-6.022,-7.295,0.073,0.132,1.502,1.986,9.414,2.164
a,139463,0.000,-5.253,36.000,-5.253,-4.351,0.379,0.102,0.708,2.040,9.518,2.093
a,139467,0.000,-4.437,36.000,-4.437,-7.383,-0.110,-0.234,0.891,2.200,9.538,2.121
a,139470,0.000,-3.582,36.000,-3.582,-7.339,-0.049,-0.280,0.738,2.011,9.427,2.146
a,139474,0.000,-2.696,36.000,-2.696,-5.845,0.379,0.407,-0.239,2.030,9.427,2.144
a,139478,0.000,-1.786,36.000,-1.786,-7.251,-0.217,-0.188,0.265,2.235,9.501,2.122
a,139482,0.000,-0.859,36.000,-0.859,-6.680,-0.171,-0.295,-0.147,2.052,9.486,2.099
a,139486,0.000,0.076,36.000,0.076,-5.977,0.424,0.575,-0.849,2.033,9.419,2.168
a,139490,0.000,1.011,36.000,1.011,-5.713,-0.644,-0.677,0.693,2.213,9.580,2.072
a,139494,0.000,1.937,36.000,1.937,-3.735,0.058,-0.127,-2.071,2.040,9.359,2.229
a,139499,0.000,2.847,36.000,2.847,-3.120,-0.186,-0.020,-1.475,2.040,9.524,2.054
a,139503,0.000,3.733,36.000,3.733,-3.208,0.653,0.575,0.342,2.113,9.330,2.251
a,139506,0.000,4.586,36.000,4.586,-1.538,-0.492,-0.677,0.128,2.110,9.534,1.930
a,139510,0.000,5.400,36.000,5.400,-1.758,0.684,0.468,-1.277,1.976,9.288,2.373
a,139514,0.000,6.166,36.000,6.166,-0.044,-0.201,-0.280,-0.605,2.102,9.552,1.920
a,139518,0.000,6.878,36.000,6.878,-0.264,0.150,-0.081,-0.391,2.163,9.343,2.290
a,139523,0.000,7.530,36.000,7.530,0.703,-0.232,-0.127,-0.544,1.952,9.634,1.894
a,139527,0.000,8.116,36.000,8.116,1.934,0.684,0.407,-0.452,2.195,9.172,2.339
a,139531,0.000,8.629,36.000,8.629,2.549,-0.843,-0.402,1.074,2.099,9.688,1.894
a,139534,0.000,9.067,36.000,9.067,3.164,0.470,0.453,-0.345,2.040,9.207,2.326
a,139538,0.000,9.424,36.000,9.424,3.911,-0.217,0.468,0.357,1.970,9.492,1.896
a,139542,0.000,9.698,36.000,9.698,4.658,-0.049,-0.356,0.067,2.253,9.181,2.283
a,139547,0.000,9.885,36.000,9.885,5.977,-0.003,0.529,0.647,1.933,9.390,1.966
a,139551,0.000,9.983,36.000,9.983,6.152,0.058,0.148,0.509,2.164,9.392,2.203
a,139554,0.000,9.993,36.000,9.993,6.108,-0.003,0.086,-0.055,2.089,9.519,2.061
a,139559,0.000,9.913,36.000,9.913,6.812,0.104,0.086,-0.010,2.102,9.419,2.132
a,139563,0.000,9.744,36.000,9.744,7.559,-0.293,-0.005,0.265,2.132,9.522,2.131
a,139566,0.000,9.488,36.000,9.488,7.515,0.089,0.117,-0.376,2.048,9.487,2.105
a,139570,0.000,9.146,36.000,9.146,8.086,-0.171,0.086,-0.116,2.124,9.489,2.097
a,139574,0.000,8.722,36.000,8.722,8.130,-0.186,0.209,0.219,2.149,9.440,2.144
a,139578,0.000,8.218,36.000,8.218,8.262,-0.217,-0.249,-0.223,2.017,9.469,2.072
a,139582,0.000,7.640,36.000,7.640,8.218,0.165,0.377,0.754,2.095,9.404,2.154
a,139586,0.000,6.993,36.000,6.993,8.306,-0.186,-0.097,-0.361,2.107,9.461,2.085
a,139590,0.000,6.282,36.000,6.282,8.306,-0.201,-0.005,-0.437,2.101,9.522,2.172
a,139595,0.000,5.513,36.000,5.513,8.350,-0.293,0.163,0.723,2.051,9.448,2.099
a,139599,0.000,4.694,36.000,4.694,8.262,0.195,-0.020,-0.284,2.040,9.436,2.133
a,139602,0.000,3.832,36.000,3.832,8.218,-0.324,-0.188,-0.055,2.145,9.413,2.087
a,139606,0.000,2.935,36.000,2.935,8.174,-0.018,0.086,-0.437,2.070,9.480,2.120
a,139610,0.000,2.010,36.000,2.010,7.646,0.333,0.514,-0.193,2.002,9.473,2.152
a,139615,0.000,1.066,36.000,1.066,7.427,0.195,0.178,-0.498,2.148,9.297,2.110
a,139618,0.000,0.112,36.000,0.112,6.987,-0.430,-0.738,-0.040,2.210,9.386,2.051
a,139622,0.000,-0.844,36.000,-0.844,8.350,0.653,0.926,2.326,1.856,9.325,2.191
a,139626,0.000,-1.793,36.000,-1.793,6.108,0.195,-0.020,-0.620,2.182,9.358,2.069
a,139630,0.000,-2.726,36.000,-2.726,6.152,-0.736,-0.830,-1.292,2.128,9.536,2.087
a,139634,0.000,-3.634,36.000,-3.634,3.955,0.195,-0.295,-0.987,1.968,9.280,2.149
a,139638,0.000,-4.510,36.000,-4.510,3.208,-0.049,0.682,0.250,1.929,9.534,2.054
a,139642,0.000,-5.345,36.000,-5.345,2.461,-0.018,-0.570,-0.742,2.351,9.438,2.121
a,139647,0.000,-6.131,36.000,-6.131,1.802,-0.705,-0.616,0.021,1.921,9.542,1.979
a,139651,0.000,-6.861,36.000,-6.861,0.396,0.883,0.667,-0.132,2.036,9.249,2.257
a,139655,0.000,-7.528,36.000,-7.528,-0.352,-0.858,-0.738,0.540,2.179,9.564,1.853
a,139658,0.000,-8.125,36.000,-8.125,-1.099,0.119,0.178,0.113,2.133,9.424,2.326
a,139662,0.000,-8.648,36.000,-8.648,-1.670,-0.385,0.041,0.662,2.002,9.455,1.960
a,139666,0.000,-9.091,36.000,-9.091,-2.329,0.089,0.361,-1.109,2.139,9.254,2.260
a,139670,0.000,-9.450,36.000,-9.450,-2.988,-0.492,-0.402,0.067,2.179,9.527,1.972
a,139674,0.000,-9.721,36.000,-9.721,-3.560,0.104,-0.265,-0.116,2.004,9.418,2.167
a,139679,0.000,-9.902,36.000,-9.902,-4.482,0.470,0.789,-1.445,2.021,9.397,2.137
a,139683,0.000,-9.991,36.000,-9.991,-5.098,-0.492,-0.723,0.677,2.235,9.552,1.958
a,139686,0.000,-9.986,36.000,-9.986,-5.713,0.165,0.041,0.876,2.015,9.318,2.286
a,139691,0.000,-9.888,36.000,-9.888,-5.713,-0.110,0.132,-0.223,1.967,9.499,1.905
a,139694,0.000,-9.697,36.000,-9.697,-6.416,-0.217,-0.097,0.021,2.319,9.376,2.278
a,139699,0.000,-9.415,36.000,-9.415,-6.724,-0.125,0.132,-0.269,1.882,9.463,2.009
a,139703,0.000,-9.045,36.000,-9.045,-7.163,0.379,0.407,0.204,2.054,9.371,2.174
a,139707,0.000,-8.589,36.000,-8.589,-7.251,0.363,0.163,0.525,2.107,9.486,2.121
a,139710,0.000,-8.053,36.000,-8.053,-7.251,0.165,-0.341,0.830,2.054,9.572,2.110
a,139715,0.000,-7.440,36.000,-7.440,-7.339,0.119,0.377,1.578,2.027,9.448,2.170
a,139719,0.000,-6.756,36.000,-6.756,-7.383,0.043,-0.112,0.372,2.113,9.439,2.058
a,139722,0.000,-6.008,36.000,-6.008,-7.383,0.058,-0.097,0.174,2.116,9.457,2.109
a,139726,0.000,-5.203,36.000,-5.203,-7.251,-0.003,0.270,0.555,2.029,9.528,2.155
a,139730,0.000,-4.348,36.000,-4.348,-7.339,0.104,0.193,0.036,2.071,9.442,2.114
a,139734,0.000,-3.452,36.000,-3.452,-7.822,0.089,-0.295,-0.605,2.139,9.448,2.162
a,139738,0.000,-2.521,36.000,-2.521,-7.339,0.104,-0.081,-0.071,2.011,9.384,2.105
a,139742,0.000,-1.567,36.000,-1.567,-7.383,0.180,-0.280,-0.941,2.144,9.432,2.160
a,139746,0.000,-0.596,36.000,-0.596,-4.395,-0.003,0.697,0.647,2.046,9.516,2.118
a,139750,0.000,0.380,36.000,0.380,-5.933,0.150,-0.402,-1.307,2.120,9.523,2.063
a,139754,0.000,1.354,36.000,1.354,-4.438,-0.385,-0.020,0.158,2.045,9.492,2.199
a,139758,0.000,2.315,36.000,2.315,-5.098,0.043,0.514,-0.666,1.929,9.292,2.149
a,139762,0.000,3.255,36.000,3.255,-4.395,-0.171,-0.020,0.113,2.227,9.468,2.052
a,139767,0.000,4.164,36.000,4.164,-0.703,0.547,0.453,0.357,1.993,9.268,2.173
a,139770,0.000,5.034,36.000,5.034,-2.812,-0.324,-0.112,1.044,2.008,9.438,1.997
a,139774,0.000,5.856,36.000,5.856,-1.758,0.455,0.148,2.113,2.122,9.345,2.308
a,139778,0.000,6.622,36.000,6.622,-1.494,-0.721,-0.616,-0.483,2.149,9.634,1.901
a,139782,0.000,7.325,36.000,7.325,-0.220,0.363,0.514,-0.681,2.051,9.282,2.406
a,139786,0.000,7.957,36.000,7.957,0.615,-0.415,-0.143,-1.796,1.970,9.724,1.852
a,139790,0.000,8.514,36.000,8.514,1.978,0.653,0.117,0.265,2.296,9.160,2.322
a,139795,0.000,8.988,36.000,8.988,2.725,-0.598,-0.234,0.662,1.929,9.614,1.923
a,139798,0.000,9.375,36.000,9.375,3.384,0.715,0.758,1.456,2.033,9.171,2.377
a,139803,0.000,9.672,36.000,9.672,5.581,-0.812,-0.463,0.586,2.132,9.640,1.909
a,139806,0.000,9.875,36.000,9.875,5.273,0.424,0.193,-0.284,2.070,9.304,2.373
a,139810,0.000,9.982,36.000,9.982,7.339,-0.339,0.132,-0.819,1.946,9.583,1.911
a,139814,0.000,9.992,36.000,9.992,6.196,0.089,-0.204,-0.376,2.278,9.400,2.188
a,139818,0.000,9.905,36.000,9.905,6.768,-0.324,-0.005,0.616,1.958,9.554,2.009
a,139822,0.000,9.721,36.000,9.721,7.471,0.211,-0.295,-0.162,2.144,9.436,2.230
a,139827,0.000,9.442,36.000,9.442,7.690,-0.110,0.086,0.632,2.116,9.436,2.096
a,139831,0.000,9.070,36.000,9.070,7.734,0.104,-0.143,-0.162,1.999,9.448,2.069
a,139835,0.000,8.609,36.000,8.609,8.086,0.150,0.254,-0.834,2.099,9.379,2.184
a,139838,0.000,8.063,36.000,8.063,8.174,-0.110,-0.295,0.342,2.120,9.547,2.006
a,139842,0.000,7.438,36.000,7.438,8.174,0.150,-0.127,-0.559,2.113,9.306,2.212
a,139846,0.000,6.739,36.000,6.739,8.921,-0.003,0.148,0.998,2.011,9.470,2.054
a,139850,0.000,5.973,36.000,5.973,8.218,-0.049,-0.249,0.006,2.157,9.497,2.152
a,139855,0.000,5.148,36.000,5.148,8.218,-0.171,-0.127,0.372,2.066,9.446,2.070
a,139859,0.000,4.271,36.000,4.271,8.921,0.150,0.300,-1.048,2.021,9.404,2.142
a,139862,0.000,3.352,36.000,3.352,8.218,-0.278,-0.020,0.051,2.175,9.475,2.041
a,139867,0.000,2.399,36.000,2.399,8.086,-0.217,-0.234,0.616,2.101,9.424,2.102
a,139871,0.000,1.421,36.000,1.421,7.603,0.257,0.407,-1.002,1.946,9.452,2.105
a,139874,0.000,0.429,36.000,0.429,7.339,0.195,0.209,-0.254,2.185,9.452,2.138
a,139878,0.000,-0.568,36.000,-0.568,8.262,-0.232,-0.677,-0.422,2.128,9.516,2.053
a,139882,0.000,-1.560,36.000,-1.560,8.130,0.043,0.514,-0.559,1.911,9.421,2.219
a,139886,0.000,-2.538,36.000,-2.538,8.350,-0.415,-0.112,-1.368,2.258,9.528,2.051
a,139890,0.000,-3.490,36.000,-3.490,4.746,-0.659,-0.555,0.525,2.120,9.479,2.130
a,139894,0.000,-4.408,36.000,-4.408,3.428,0.257,-0.127,-1.429,1.992,9.443,2.186
a,139898,0.000,-5.283,36.000,-5.283,3.164,-0.217,0.407,0.326,2.027,9.492,2.105
a,139902,0.000,-6.106,36.000,-6.106,2.461,0.195,-0.356,-0.330,2.313,9.389,2.158
a,139906,0.000,-6.867,36.000,-6.867,1.714,-0.492,-0.005,0.769,1.877,9.489,2.069
a,139910,0.000,-7.561,36.000,-7.561,-0.088,0.470,0.361,-1.216,2.193,9.349,2.276
a,139915,0.000,-8.178,36.000,-8.178,-0.747,-0.721,0.254,-1.094,2.180,9.427,1.968
a,139918,0.000,-8.714,36.000,-8.714,-1.582,0.211,-0.081,0.097,2.160,9.214,2.241
a,139922,0.000,-9.162,36.000,-9.162,-2.153,-0.721,0.270,-0.178,1.884,9.540,1.981
a,139926,0.000,-9.518,36.000,-9.518,-2.988,0.195,0.499,0.800,2.210,9.318,2.168
a,139930,0.000,-9.778,36.000,-9.778,-3.560,-0.827,-0.616,-0.254,2.105,9.516,1.952
a,139934,0.000,-9.939,36.000,-9.939,-4.351,0.577,0.254,-0.620,1.958,9.312,2.276
a,139938,0.000,-10.000,36.000,-10.000,-5.010,-0.125,-0.020,-1.139,2.102,9.486,2.000
a,139942,0.000,-9.958,36.000,-9.958,-5.669,-0.049,-0.616,0.128,2.178,9.391,2.206
a,139946,0.000,-9.816,36.000,-9.816,-5.933,0.211,0.086,0.250,2.002,9.389,2.118
a,139951,0.000,-9.574,36.000,-9.574,-6.416,0.257,-0.020,-1.002,2.130,9.456,2.119
a,139954,0.000,-9.234,36.000,-9.234,-6.680,0.104,-0.036,0.265,2.064,9.470,2.188
a,139958,0.000,-8.799,36.000,-8.799,-7.207,0.211,-0.036,0.219,2.024,9.522,2.059
a,139963,0.000,-8.275,36.000,-8.275,-7.295,0.089,0.193,-0.559,2.107,9.397,2.194
a,139966,0.000,-7.665,36.000,-7.665,-7.339,-0.003,0.102,0.937,2.029,9.422,2.054
a,139970,0.000,-6.977,36.000,-6.977,-7.383,0.058,-0.127,0.784,2.167,9.404,2.133
a,139974,0.000,-6.216,36.000,-6.216,-7.251,0.165,-0.234,1.029,2.058,9.438,2.095
a,139979,0.000,-5.391,36.000,-5.391,-7.295,-0.003,-0.051,-0.483,2.069,9.477,2.119
a,139983,0.000,-4.510,36.000,-4.510,-7.251,0.257,-0.097,-1.200,2.124,9.408,2.154
a,139986,0.000,-3.582,36.000,-3.582,-7.339,-0.003,-0.005,0.509,2.073,9.383,2.079
a,139990,0.000,-2.617,36.000,-2.617,-5.757,0.089,-0.020,-0.773,2.079,9.462,2.162
a,139994,0.000,-1.624,36.000,-1.624,-7.295,0.058,-0.112,0.723,2.136,9.422,2.142
a,139998,0.000,-0.613,36.000,-0.613,-6.680,0.272,0.575,-0.193,2.027,9.438,2.144
a,140002,0.000,0.404,36.000,0.404,-4.438,0.424,0.361,-1.216,2.093,9.306,2.110
a,140007,0.000,1.418,36.000,1.418,-4.395,-0.400,-0.616,-0.742,2.193,9.546,2.093
a,140010,0.000,2.418,36.000,2.418,-5.098,0.165,0.102,0.876,1.990,9.450,2.210
a,140014,0.000,3.394,36.000,3.394,-4.438,-0.721,-0.509,-0.361,2.273,9.518,2.010
a,140019,0.000,4.334,36.000,4.334,-3.252,-0.018,0.529,0.021,2.046,9.428,2.292
a,140022,0.000,5.231,36.000,5.231,-1.714,-0.263,-0.265,0.235,2.082,9.673,2.006
a,140026,0.000,6.073,36.000,6.073,-1.758,0.333,0.468,0.235,2.079,9.331,2.330
a,140030,0.000,6.852,36.000,6.852,0.571,-0.705,-0.127,-0.223,1.943,9.645,1.889
a,140034,0.000,7.560,36.000,7.560,2.417,0.547,0.071,-0.926,2.198,9.153,2.351
a,140038,0.000,8.190,36.000,8.190,0.703,-0.721,0.316,-0.223,1.893,9.640,1.867
a,140042,0.000,8.734,36.000,8.734,2.593,0.653,0.361,0.998,2.224,9.157,2.380
a,140046,0.000,9.187,36.000,9.187,2.681,-0.766,-0.112,0.555,2.015,9.661,1.915
a,140050,0.000,9.543,36.000,9.543,3.428,1.096,0.514,-0.254,2.035,9.157,2.387
a,140054,0.000,9.799,36.000,9.799,4.131,-0.308,-0.341,-0.910,2.083,9.600,1.864
a,140058,0.000,9.952,36.000,9.952,5.449,0.379,0.132,0.204,2.108,9.285,2.272
a,140063,0.000,10.000,36.000,10.000,8.789,-0.232,0.132,-1.094,2.005,9.529,1.923
a,140066,0.000,9.942,36.000,9.942,6.899,0.486,0.102,0.922,2.160,9.206,2.304
a,140070,0.000,9.779,36.000,9.779,6.724,-0.369,-0.173,2.128,2.011,9.464,1.991
a,140074,0.000,9.513,36.000,9.513,7.427,0.119,-0.188,-1.597,2.193,9.425,2.193
a,140078,0.000,9.145,36.000,9.145,8.086,0.195,-0.188,-1.429,2.036,9.486,2.079
a,140082,0.000,8.680,36.000,8.680,7.646,-0.110,-0.295,0.280,2.132,9.559,2.089
a,140086,0.000,8.122,36.000,8.122,7.646,-0.217,0.209,0.830,2.148,9.582,2.195
a,140090,0.000,7.477,36.000,7.477,8.042,-0.064,-0.249,-0.819,1.976,9.489,2.020
a,140094,0.000,6.752,36.000,6.752,8.042,-0.003,0.102,0.509,2.157,9.392,2.225
a,140098,0.000,5.955,36.000,5.955,8.086,0.058,-0.188,-0.223,2.083,9.487,1.999
a,140102,0.000,5.093,36.000,5.093,7.734,-0.049,-0.356,0.342,2.077,9.426,2.178
a,140107,0.000,4.176,36.000,4.176,8.965,0.058,0.377,0.998,1.990,9.506,2.089
a,140111,0.000,3.214,36.000,3.214,8.921,0.058,-0.509,-0.101,2.198,9.465,2.085
a,140115,0.000,2.217,36.000,2.217,8.086,0.058,0.041,0.998,1.992,9.440,2.164
a,140119,0.000,1.195,36.000,1.195,9.580,0.150,0.789,-0.529,1.973,9.413,2.115
a,140122,0.000,0.160,36.000,0.160,6.943,-0.507,-0.478,-0.300,2.307,9.461,2.125
a,140126,0.000,-0.878,36.000,-0.878,8.174,-0.049,-0.402,0.235,2.035,9.401,2.057
a,140130,0.000,-1.907,36.000,-1.907,8.306,0.150,0.621,-0.681,1.897,9.421,2.185
a,140135,0.000,-2.915,36.000,-2.915,6.021,-0.171,-0.417,-0.086,2.286,9.523,2.009
a,140139,0.000,-3.894,36.000,-3.894,4.219,-0.278,-0.356,0.342,2.085,9.380,2.155
a,140142,0.000,-4.830,36.000,-4.830,3.428,-0.171,-0.066,0.448,1.955,9.407,2.143
a,140146,0.000,-5.715,36.000,-5.715,4.614,0.089,0.743,-0.300,2.045,9.401,2.126
a,140151,0.000,-6.538,36.000,-6.538,1.934,-0.415,-1.013,0.158,2.286,9.477,1.999
a,140155,0.000,-7.291,36.000,-7.291,3.823,0.104,0.636,0.632,1.889,9.232,2.362
a,140159,0.000,-7.964,36.000,-7.964,-0.220,0.119,0.071,0.006,2.014,9.506,1.961
a,140162,0.000,-8.552,36.000,-8.552,-0.264,-0.308,-0.173,-0.269,2.231,9.357,2.225
a,140166,0.000,-9.046,36.000,-9.046,-1.670,-0.293,-0.570,-1.231,2.139,9.564,1.949
a,140170,0.000,-9.442,36.000,-9.442,-2.197,0.348,0.835,-2.040,1.986,9.218,2.342
a,140174,0.000,-9.734,36.000,-9.734,-3.076,-0.110,-0.463,-0.101,2.213,9.590,1.919
a,140178,0.000,-9.920,36.000,-9.920,-3.779,-0.385,-0.662,0.677,2.139,9.489,2.188
a,140182,0.000,-9.998,36.000,-9.998,-4.570,-0.232,0.300,-0.758,1.913,9.541,1.999
a,140186,0.000,-9.965,36.000,-9.965,-5.186,0.104,0.132,0.143,2.145,9.418,2.130
a,140190,0.000,-9.823,36.000,-9.823,-5.801,-0.095,-0.280,1.273,2.073,9.497,2.033
a,140194,0.000,-9.572,36.000,-9.572,-5.977,-0.018,-0.310,-0.239,2.046,9.444,2.164
a,140199,0.000,-9.216,36.000,-9.216,-6.592,-0.003,-0.005,0.662,2.030,9.485,2.131
a,140203,0.000,-8.758,36.000,-8.758,-6.680,0.272,-0.188,0.204,2.120,9.465,2.131
a,140206,0.000,-8.202,36.000,-8.202,-4.526,-0.110,-0.066,0.616,2.124,9.438,2.091
a,140210,0.000,-7.555,36.000,-7.555,-7.119,0.226,-0.051,0.219,2.018,9.434,2.188
a,140215,0.000,-6.824,36.000,-6.824,-7.207,0.089,-0.249,-1.155,2.077,9.439,2.069
a,140219,0.000,-6.017,36.000,-6.017,-7.207,0.104,-0.509,-0.162,2.209,9.450,2.130
a,140223,0.000,-5.142,36.000,-5.142,-5.933,-0.049,-0.081,-0.055,1.992,9.505,2.078
a,140226,0.000,-4.210,36.000,-4.210,-7.207,0.318,0.254,-0.391,2.097,9.461,2.210
a,140230,0.000,-3.230,36.000,-3.230,-7.163,-0.263,-0.249,-1.857,2.126,9.471,2.054
a,140234,0.000,-2.213,36.000,-2.213,-5.273,-0.156,-0.173,1.761,2.083,9.402,2.139
a,140238,0.000,-1.171,36.000,-1.171,-7.119,0.257,0.086,-0.345,2.076,9.434,2.156
a,140242,0.000,-0.115,36.000,-0.115,-6.416,-0.232,0.499,0.540,2.113,9.443,2.110
a,140246,0.000,0.943,36.000,0.943,-4.526,0.043,-0.570,-1.017,2.198,9.467,2.105
a,140250,0.000,1.991,36.000,1.991,-5.625,-0.278,0.025,0.051,1.962,9.437,2.187
a,140254,0.000,3.018,36.000,3.018,-4.570,0.424,0.407,-0.391,2.085,9.471,2.109
a,140258,0.000,4.011,36.000,4.011,-3.867,-0.263,-0.112,1.258,2.145,9.461,2.114
a,140262,0.000,4.959,36.000,4.959,-2.900,0.547,0.270,0.494,2.039,9.333,2.127
a,140266,0.000,5.852,36.000,5.852,-2.373,-0.278,0.025,-0.116,2.009,9.438,2.079
a,140270,0.000,6.680,36.000,6.680,-1.670,0.638,-0.188,-1.323,2.193,9.388,2.093
a,140274,0.000,7.433,36.000,7.433,-0.835,-0.721,-0.265,0.754,1.968,9.594,2.064
a,140279,0.000,8.102,36.000,8.102,0.527,0.577,-0.081,-0.834,2.108,9.390,2.155
a,140282,0.000,8.679,36.000,8.679,1.846,-0.522,0.865,1.135,2.009,9.677,2.087
a,140286,0.000,9.158,36.000,9.158,2.637,0.241,-0.387,-0.605,2.217,9.433,2.178
a,140290,0.000,9.534,36.000,9.534,3.428,-0.171,0.636,0.647,1.943,9.384,2.130
a,140294,0.000,9.801,36.000,9.801,4.570,-0.278,-0.188,0.006,2.023,9.631,1.994
a,140298,0.000,9.957,36.000,9.957,9.053,0.211,0.132,-0.071,2.186,9.234,2.314
a,140303,0.000,9.999,36.000,9.999,6.196,-0.782,-0.249,-0.376,1.990,9.703,1.804
a,140307,0.000,9.927,36.000,9.927,7.559,0.592,0.254,0.250,2.145,9.225,2.474
a,140310,0.000,9.741,36.000,9.741,7.559,-0.324,0.102,0.937,1.960,9.626,1.835
a,140314,0.000,9.444,36.000,9.444,7.427,0.028,-0.280,-1.094,2.302,9.322,2.314
a,140318,0.000,9.037,36.000,9.037,7.646,-0.430,-0.066,0.937,1.926,9.618,1.972
a,140322,0.000,8.527,36.000,8.527,8.042,0.104,0.254,0.204,2.097,9.293,2.264
a,140326,0.000,7.919,36.000,7.919,8.086,-0.385,-0.081,0.326,2.188,9.562,2.022
a,140331,0.000,7.218,36.000,7.218,8.130,-0.049,-0.112,0.830,2.046,9.371,2.125
a,140335,0.000,6.434,36.000,6.434,8.130,0.486,0.636,0.800,1.962,9.369,2.203
a,140339,0.000,5.576,36.000,5.576,8.174,-0.049,-0.020,-0.055,2.193,9.394,2.023
a,140342,0.000,4.652,36.000,4.652,8.130,-0.186,-0.402,-0.849,2.108,9.426,2.115
a,140346,0.000,3.674,36.000,3.674,8.130,0.211,0.316,0.754,1.984,9.487,2.156
a,140350,0.000,2.652,36.000,2.652,8.130,-0.079,-0.005,-0.437,2.191,9.522,2.102
a,140355,0.000,1.599,36.000,1.599,9.756,-0.446,-0.417,-0.239,2.170,9.494,2.028
a,140359,0.000,0.527,36.000,0.527,8.042,-0.186,0.575,-0.727,1.676,9.146,2.136
a,140363,0.000,-0.552,36.000,-0.552,10.195,0.562,0.896,2.372,2.251,9.339,1.724
a,140366,0.000,-1.625,36.000,-1.625,6.768,-0.614,-1.272,-0.727,2.142,9.519,2.231
a,140370,0.000,-2.680,36.000,-2.680,9.141,0.287,0.697,1.838,1.988,9.309,2.555
a,140375,0.000,-3.705,36.000,-3.705,9.536,0.257,0.361,-0.452,2.015,9.445,1.864
a,140378,0.000,-4.687,36.000,-4.687,4.526,-0.430,-0.188,-0.116,2.231,9.479,2.012
a,140382,0.000,-5.614,36.000,-5.614,4.790,0.043,-0.570,-0.849,1.905,9.391,2.150
a,140386,0.000,-6.476,36.000,-6.476,2.681,0.058,1.125,0.097,1.931,9.468,2.027
a,140390,0.000,-7.263,36.000,-7.263,1.890,0.272,-0.112,0.494,2.374,9.440,2.191
a,140394,0.000,-7.965,36.000,-7.965,0.439,-0.064,-0.097,1.044,2.039,9.322,2.235
a,140398,0.000,-8.573,36.000,-8.573,-0.396,-0.034,0.422,-0.391,1.881,9.580,1.991
a,140402,0.000,-9.081,36.000,-9.081,-1.494,0.577,0.651,0.632,2.325,9.225,2.343
a,140406,0.000,-9.482,36.000,-9.482,-2.197,-1.041,-0.662,0.540,2.029,9.695,1.772
a,140410,0.000,-9.771,36.000,-9.771,-3.076,0.211,0.407,-0.239,2.107,9.170,2.520
a,140414,0.000,-9.944,36.000,-9.944,-3.560,-0.659,0.025,-0.116,1.882,9.755,1.686
a,140418,0.000,-10.000,36.000,-10.000,-4.438,0.699,-0.127,0.143,2.382,9.076,2.543
a,140422,0.000,-9.937,36.000,-9.937,-5.186,-1.117,-0.875,-0.407,1.866,9.720,1.714
a,140426,0.000,-9.756,36.000,-9.756,-5.713,1.142,0.697,0.021,2.089,9.167,2.544
a,140430,0.000,-9.459,36.000,-9.459,-5.845,-0.278,0.254,-0.116,2.058,9.683,1.757
a,140434,0.000,-9.048,36.000,-9.048,-5.977,0.150,-0.570,-1.368,2.247,9.351,2.319
a,140438,0.000,-8.530,36.000,-8.530,-6.372,-0.156,0.621,1.044,1.822,9.494,2.070
a,140442,0.000,-7.909,36.000,-7.909,-6.548,0.440,0.361,0.357,2.204,9.495,2.160
a,140446,0.000,-7.194,36.000,-7.194,-6.504,0.073,-0.341,-1.078,2.229,9.443,2.083
a,140450,0.000,-6.391,36.000,-6.391,-6.548,-0.064,-0.249,-0.498,1.952,9.353,2.121
a,140454,0.000,-5.512,36.000,-5.512,-6.636,0.165,0.346,-0.437,2.128,9.437,2.186
a,140458,0.000,-4.566,36.000,-4.566,-6.592,0.104,-0.448,0.662,2.209,9.479,2.060
a,140462,0.000,-3.564,36.000,-3.564,-6.548,-0.049,-0.310,0.250,2.029,9.465,2.215
a,140466,0.000,-2.518,36.000,-2.518,-5.142,0.424,0.575,-0.361,1.990,9.470,2.145
a,140470,0.000,-1.442,36.000,-1.442,-6.636,0.058,-0.188,0.265,2.180,9.420,2.083
a,140475,0.000,-0.348,36.000,-0.348,-6.548,-0.201,-0.387,-0.254,2.101,9.469,2.112
a,140478,0.000,0.752,36.000,0.752,-6.416,0.104,0.514,0.128,1.936,9.363,2.185
a,140482,0.000,1.843,36.000,1.843,-4.263,0.379,0.285,0.051,2.157,9.418,2.053
a,140486,0.000,2.912,36.000,2.912,-2.900,-0.400,-0.494,0.067,2.178,9.498,2.139
a,140490,0.000,3.947,36.000,3.947,-4.966,0.257,0.086,-1.155,1.882,9.342,2.173
a,140494,0.000,4.935,36.000,4.935,-3.823,-0.125,0.117,0.509,2.136,9.531,2.054
a,140498,0.000,5.863,36.000,5.863,-2.109,0.211,-0.677,-0.162,2.302,9.383,2.121
a,140502,0.000,6.720,36.000,6.720,-1.714,-0.537,-0.005,0.998,1.784,9.501,2.035
a,140506,0.000,7.496,36.000,7.496,-1.450,0.577,-0.081,-0.727,2.233,9.291,2.203
a,140510,0.000,8.180,36.000,8.180,0.439,-0.217,-0.081,-0.162,2.070,9.422,1.950
a,140515,0.000,8.766,36.000,8.766,1.714,-0.385,0.025,0.051,1.915,9.501,2.176
a,140518,0.000,9.244,36.000,9.244,3.208,0.791,0.148,-1.216,2.132,9.275,2.152
a,140522,0.000,9.609,36.000,9.609,3.252,-0.614,0.025,-0.605,2.064,9.655,1.912
a,140526,0.000,9.856,36.000,9.856,4.043,0.455,-0.417,-0.208,2.160,9.225,2.336
a,140530,0.000,9.983,36.000,9.983,4.834,-0.614,0.377,0.143,1.897,9.500,1.908
a,140534,0.000,9.986,36.000,9.986,6.064,0.760,-0.295,0.158,2.217,9.312,2.187
a,140538,0.000,9.867,36.000,9.867,6.284,-0.888,-0.784,-1.292,2.138,9.663,2.000
a,140542,0.000,9.625,36.000,9.625,6.812,0.363,0.682,-1.063,1.951,9.339,2.187
a,140546,0.000,9.265,36.000,9.265,7.559,-0.217,0.025,-0.223,2.130,9.528,1.996
a,140550,0.000,8.790,36.000,8.790,7.690,0.058,-0.448,0.845,2.198,9.414,2.189
a,140555,0.000,8.205,36.000,8.205,8.130,-0.049,-0.188,-0.223,1.970,9.469,2.089
a,140559,0.000,7.518,36.000,7.518,8.130,0.226,0.361,1.105,2.116,9.408,2.162
a,140563,0.000,6.737,36.000,6.737,8.262,-0.217,-0.219,1.151,2.126,9.433,2.067
a,140566,0.000,5.872,36.000,5.872,8.262,-0.308,-0.341,-0.529,2.097,9.437,2.110
a,140570,0.000,4.934,36.000,4.934,8.218,-0.003,0.636,1.029,2.046,9.473,2.164
a,140574,0.000,3.933,36.000,3.933,9.053,-0.232,0.025,-0.712,2.113,9.481,2.051
a,140578,0.000,2.882,36.000,2.882,8.262,-0.095,-0.066,1.593,2.175,9.385,2.191
a,140582,0.000,1.795,36.000,1.795,8.262,-0.186,0.209,-0.223,2.024,9.488,2.029
a,140586,0.000,0.685,36.000,0.685,9.536,-0.049,-0.310,-0.025,2.124,9.426,2.145
a,140590,0.000,-0.435,36.000,-0.435,9.492,-0.003,0.514,-0.132,2.017,9.407,2.113
a,140594,0.000,-1.550,36.000,-1.550,7.383,-0.263,-0.784,-2.544,2.229,9.468,2.085
a,140598,0.000,-2.647,36.000,-2.647,8.921,-0.003,0.529,0.708,1.988,9.401,2.162
a,140602,0.000,-3.710,36.000,-3.710,6.064,0.440,0.132,0.036,2.061,9.397,2.130
a,140607,0.000,-4.728,36.000,-4.728,4.131,-0.766,-0.234,0.769,2.225,9.505,2.120
a,140610,0.000,-5.687,36.000,-5.687,4.658,0.272,-0.845,0.113,2.073,9.427,2.133
a,140614,0.000,-6.574,36.000,-6.574,2.637,-0.064,0.896,-0.391,1.920,9.431,2.133
a,140618,0.000,-7.379,36.000,-7.379,2.593,-0.186,-0.402,-0.804,2.288,9.535,1.957
a,140622,0.000,-8.091,36.000,-8.091,0.483,-0.125,-0.265,-0.636,2.116,9.358,2.263
a,140626,0.000,-8.700,36.000,-8.700,-0.352,-0.598,0.407,0.571,1.771,9.547,1.847
a,140630,0.000,-9.200,36.000,-9.200,-1.626,0.623,-0.234,-0.513,2.380,9.218,2.383
a,140634,0.000,-9.583,36.000,-9.583,-2.197,-0.919,-0.784,0.754,1.999,9.823,1.738
a,140638,0.000,-9.844,36.000,-9.844,-3.032,0.486,0.468,0.128,2.118,9.112,2.527
a,140642,0.000,-9.980,36.000,-9.980,-3.604,-0.537,0.025,0.372,1.958,9.688,1.660
a,140646,0.000,-9.988,36.000,-9.988,-4.482,0.760,-0.173,0.647,2.382,9.104,2.483
a,140651,0.000,-9.869,36.000,-9.869,-5.186,-0.827,-0.295,-0.971,1.824,9.710,1.736
a,140655,0.000,-9.623,36.000,-9.623,-5.273,0.989,0.575,-0.086,2.144,9.207,2.460
a,140659,0.000,-9.254,36.000,-9.254,-5.933,-0.721,-0.127,-0.437,2.124,9.635,1.768
a,140663,0.000,-8.765,36.000,-8.765,-6.372,0.195,-0.723,-0.223,2.139,9.376,2.265
a,140666,0.000,-8.164,36.000,-8.164,-6.548,0.165,0.758,0.525,1.850,9.503,2.073
a,140670,0.000,-7.458,36.000,-7.458,-6.724,0.684,0.193,-0.620,2.154,9.272,2.139
a,140674,0.000,-6.654,36.000,-6.654,-7.031,-0.354,-0.723,-0.804,2.194,9.566,2.137
a,140678,0.000,-5.765,36.000,-5.765,-6.724,0.363,-0.020,-1.109,1.889,9.413,2.131
a,140682,0.000,-4.800,36.000,-4.800,-7.075,-0.018,0.086,-0.330,2.195,9.454,2.182
a,140687,0.000,-3.773,36.000,-3.773,-7.251,-0.446,-0.952,-0.849,2.211,9.553,2.023
a,140691,0.000,-2.696,36.000,-2.696,-6.724,0.272,0.025,0.250,1.970,9.431,2.213
a,140694,0.000,-1.583,36.000,-1.583,-7.075,0.592,0.407,0.097,2.021,9.442,2.121
a,140699,0.000,-0.450,36.000,-0.450,-4.614,0.150,-0.433,0.662,2.240,9.515,2.136
a,140702,0.000,0.691,36.000,0.691,-5.186,-0.064,-0.310,-0.681,2.005,9.430,2.151
a,140707,0.000,1.823,36.000,1.823,-6.021,0.150,0.193,-0.513,2.110,9.479,2.112
a,140710,0.000,2.932,36.000,2.932,-5.229,-0.217,-0.020,0.006,2.114,9.388,2.162
a,140714,0.000,4.004,36.000,4.004,-4.570,0.226,0.361,0.509,2.082,9.337,2.127
a,140718,0.000,5.024,36.000,5.024,-3.164,-0.324,0.102,0.998,1.999,9.528,2.167
a,140722,0.000,5.979,36.000,5.979,-2.109,0.760,0.071,-1.200,2.173,9.380,2.114
a,140726,0.000,6.856,36.000,6.856,-1.758,-0.049,0.209,0.830,2.020,9.530,2.173
a,140730,0.000,7.643,36.000,7.643,-0.132,0.257,-0.249,-0.345,2.142,9.412,2.121
a,140734,0.000,8.331,36.000,8.331,1.846,0.012,0.514,1.639,1.964,9.367,2.113
a,140738,0.000,8.910,36.000,8.910,2.681,-0.293,0.025,1.227,2.027,9.562,1.988
a,140742,0.000,9.372,36.000,9.372,2.593,0.211,-0.356,0.525,2.188,9.234,2.303
a,140746,0.000,9.710,36.000,9.710,2.725,-0.415,0.102,1.700,1.942,9.623,1.839
a,140750,0.000,9.920,36.000,9.920,3.472,0.806,0.132,-0.452,2.161,9.142,2.423
a,140754,0.000,9.999,36.000,9.999,4.482,-0.446,-0.402,-0.590,1.944,9.610,1.776
a,140758,0.000,9.946,36.000,9.946,5.493,0.974,0.468,-1.231,2.178,9.142,2.399
a,140763,0.000,9.761,36.000,9.761,6.196,-0.873,-0.570,-0.208,2.145,9.618,1.845
a,140766,0.000,9.446,36.000,9.446,6.724,0.257,-0.081,-0.513,2.066,9.348,2.407
a,140770,0.000,9.006,36.000,9.006,6.768,-0.492,0.361,0.219,1.970,9.633,1.876
a,140774,0.000,8.445,36.000,8.445,8.877,0.043,-0.249,-0.269,2.296,9.369,2.301
a,140778,0.000,7.771,36.000,7.771,7.515,-0.232,0.025,-0.544,1.986,9.475,2.009
a,140782,0.000,6.993,36.000,6.993,7.559,0.195,0.102,-0.254,2.091,9.437,2.193
a,140786,0.000,6.122,36.000,6.122,7.559,-0.003,0.041,0.448,2.161,9.519,2.095
a,140790,0.000,5.167,36.000,5.167,7.471,-0.186,-0.295,-0.849,2.017,9.459,2.070
a,140794,0.000,4.143,36.000,4.143,7.603,-0.140,0.193,1.227,2.099,9.433,2.203
a,140798,0.000,3.063,36.000,3.063,8.921,-0.217,-0.127,0.158,2.107,9.456,1.981
a,140803,0.000,1.941,36.000,1.941,7.559,0.043,0.041,0.158,2.114,9.336,2.207
a,140806,0.000,0.791,36.000,0.791,9.492,-0.079,0.316,-0.269,1.951,9.505,2.091
a,140810,0.000,-0.369,36.000,-0.369,6.987,-0.018,-0.020,-0.605,2.179,9.431,2.118
a,140814,0.000,-1.525,36.000,-1.525,6.284,0.104,-0.463,0.326,2.188,9.471,2.054
a,140818,0.000,-2.662,36.000,-2.662,6.812,0.424,0.590,-0.147,1.884,9.385,2.191
a,140822,0.000,-3.763,36.000,-3.763,5.493,-0.232,-0.417,-0.956,2.225,9.499,2.059
a,140826,0.000,-4.814,36.000,-4.814,5.977,-0.308,-0.341,1.395,2.163,9.407,2.158
a,140831,0.000,-5.800,36.000,-5.800,3.384,0.089,-0.020,-1.491,1.944,9.480,2.046
a,140835,0.000,-6.708,36.000,-6.708,2.725,0.379,1.186,0.464,2.128,9.311,2.316
a,140839,0.000,-7.526,36.000,-7.526,1.670,-0.324,-0.891,0.128,2.257,9.536,1.872
a,140842,0.000,-8.242,36.000,-8.242,0.483,-0.003,0.407,-0.116,1.946,9.372,2.289
a,140846,0.000,-8.846,36.000,-8.846,0.439,0.226,-0.112,0.006,2.049,9.604,2.037
a,140850,0.000,-9.329,36.000,-9.329,-1.538,0.211,0.132,0.204,2.338,9.212,2.339
a,140854,0.000,-9.686,36.000,-9.686,-2.197,-0.980,-0.494,0.784,1.946,9.717,1.804
a,140858,0.000,-9.910,36.000,-9.910,-3.032,0.883,0.483,0.525,2.139,9.013,2.555
a,140863,0.000,-9.999,36.000,-9.999,-3.779,-0.934,-0.173,0.158,1.970,9.737,1.651
a,140867,0.000,-9.950,36.000,-9.950,-3.647,0.653,-0.280,0.830,2.304,9.118,2.483
a,140870,0.000,-9.765,36.000,-9.765,-5.801,-0.675,0.132,-0.544,1.803,9.736,1.761
a,140875,0.000,-9.445,36.000,-9.445,-5.933,0.745,-0.081,-0.391,2.276,9.242,2.418
a,140878,0.000,-8.995,36.000,-8.995,-5.933,-0.721,-0.509,-0.590,2.064,9.760,1.778
a,140882,0.000,-8.421,36.000,-8.421,-6.416,0.745,-0.234,-0.010,2.138,9.172,2.407
a,140886,0.000,-7.730,36.000,-7.730,-6.504,-0.064,0.880,0.601,1.875,9.414,1.955
a,140890,0.000,-6.932,36.000,-6.932,-6.504,0.440,-0.204,-0.498,2.273,9.420,2.173
a,140894,0.000,-6.037,36.000,-6.037,-6.592,-0.308,-0.280,2.097,2.071,9.494,2.097
a,140898,0.000,-5.058,36.000,-5.058,-6.548,0.363,-0.081,-0.559,1.984,9.450,2.112
a,140902,0.000,-4.008,36.000,-4.008,-6.592,0.211,0.025,0.311,2.198,9.459,2.166
a,140906,0.000,-2.902,36.000,-2.902,-6.548,0.211,-0.356,0.113,2.099,9.414,2.082
a,140910,0.000,-1.755,36.000,-1.755,-7.207,0.333,0.300,0.143,2.030,9.371,2.231
a,140914,0.000,-0.582,36.000,-0.582,-6.548,0.211,0.316,0.876,2.039,9.409,2.054
a,140918,0.000,0.599,36.000,0.599,-4.658,-0.125,-0.295,-1.506,2.169,9.428,2.139
a,140922,0.000,1.773,36.000,1.773,-3.867,-0.018,0.193,-0.330,2.023,9.485,2.124
a,140926,0.000,2.922,36.000,2.922,-4.438,-0.186,-0.570,-0.529,2.170,9.494,2.133
a,140931,0.000,4.032,36.000,4.032,-3.867,0.089,0.407,-0.620,2.020,9.445,2.179
a,140934,0.000,5.086,36.000,5.086,-4.263,-0.324,-0.463,0.067,2.151,9.621,2.023
a,140938,0.000,6.069,36.000,6.069,-2.417,0.379,0.193,-0.010,2.116,9.333,2.252
a,140942,0.000,6.967,36.000,6.967,-2.197,-0.675,0.056,0.830,1.881,9.580,1.994
a,140946,0.000,7.768,36.000,7.768,-1.538,0.852,0.041,-0.834,2.294,9.306,2.234
a,140950,0.000,8.460,36.000,8.460,-0.264,-0.400,0.438,0.601,1.889,9.522,1.952
a,140955,0.000,9.032,36.000,9.032,0.659,-0.003,-0.463,-0.101,2.087,9.485,2.156
a,140959,0.000,9.478,36.000,9.478,2.637,0.073,0.529,-1.262,2.091,9.275,2.121
a,140962,0.000,9.790,36.000,9.790,3.164,0.073,-0.494,1.120,2.060,9.498,2.004
a,140966,0.000,9.963,36.000,9.963,3.428,0.195,0.407,-0.284,2.040,9.255,2.278
a,140971,0.000,9.995,36.000,9.995,4.570,-0.125,-0.066,0.326,1.992,9.580,1.826
a,140974,0.000,9.885,36.000,9.885,5.537,0.440,0.514,0.082,2.144,9.188,2.410
a,140978,0.000,9.634,36.000,9.634,7.603,-0.675,-0.295,-0.254,1.970,9.711,1.815
a,140983,0.000,9.246,36.000,9.246,6.680,0.592,0.483,0.800,2.148,9.292,2.422
a,140987,0.000,8.725,36.000,8.725,8.130,-0.217,0.789,-0.239,1.944,9.544,1.861
a,140990,0.000,8.080,36.000,8.080,8.394,0.272,-0.249,-0.132,2.312,9.218,2.332
a,140994,0.000,7.319,36.000,7.319,7.383,-0.553,0.041,0.006,1.897,9.618,1.946
a,140999,0.000,6.452,36.000,6.452,7.471,-0.034,0.102,-0.330,2.114,9.333,2.218
a,141003,0.000,5.492,36.000,5.492,7.515,-0.217,0.254,0.219,2.164,9.527,2.054
a,141006,0.000,4.453,36.000,4.453,8.218,0.257,-0.402,-0.865,2.030,9.395,2.136
a,141011,0.000,3.350,36.000,3.350,9.053,-0.171,0.361,0.051,2.071,9.355,2.193
a,141014,0.000,2.197,36.000,2.197,7.471,-0.018,-0.081,-0.330,2.148,9.535,2.052
a,141018,0.000,1.012,36.000,1.012,9.097,-0.263,-0.341,1.166,2.093,9.479,2.126
a,141022,0.000,-0.189,36.000,-0.189,7.515,0.272,0.422,0.876,1.988,9.418,2.125
a,141026,0.000,-1.387,36.000,-1.387,6.943,-0.293,-0.295,-0.422,2.204,9.475,2.057
a,141030,0.000,-2.567,36.000,-2.567,6.636,-0.507,-0.387,-0.162,2.060,9.464,2.076
a,141034,0.000,-3.710,36.000,-3.710,9.756,0.745,0.819,0.693,1.920,9.292,2.222
a,141038,0.000,-4.799,36.000,-4.799,7.690,0.333,-0.677,0.158,2.245,9.488,1.991
a,141042,0.000,-5.820,36.000,-5.820,4.131,-0.110,-0.020,-0.223,2.116,9.307,2.265
a,141046,0.000,-6.757,36.000,-6.757,4.790,-0.110,-0.402,0.067,1.970,9.585,1.933
a,141050,0.000,-7.596,36.000,-7.596,6.108,0.287,0.377,1.242,2.273,9.214,2.394
a,141054,0.000,-8.325,36.000,-8.325,4.087,-0.888,-0.677,-0.742,2.082,9.697,1.762
a,141058,0.000,-8.932,36.000,-8.932,-0.044,0.379,0.209,1.029,2.099,9.208,2.438
a,141063,0.000,-9.410,36.000,-9.410,-0.879,-0.751,0.209,1.761,1.794,9.537,1.743
a,141066,0.000,-9.750,36.000,-9.750,-1.626,0.470,-0.188,-0.834,2.458,9.193,2.447
a,141070,0.000,-9.947,36.000,-9.947,-2.373,-0.766,0.025,-0.162,1.793,9.687,1.826
a,141074,0.000,-9.998,36.000,-9.998,-3.164,0.699,-0.158,1.090,2.260,9.225,2.456
a,141078,0.000,-9.903,36.000,-9.903,-4.263,-0.675,-0.020,-0.819,1.974,9.717,1.792
a,141082,0.000,-9.662,36.000,-9.662,-4.966,0.745,-0.509,-1.475,2.164,9.295,2.225
a,141086,0.000,-9.278,36.000,-9.278,-4.570,-0.537,0.621,-0.010,1.944,9.531,2.020
a,141090,0.000,-8.757,36.000,-8.757,-5.010,1.096,0.361,-0.239,2.178,9.284,2.247
a,141094,0.000,-8.106,36.000,-8.106,-5.933,-0.675,-0.509,-0.742,2.163,9.467,2.095
a,141099,0.000,-7.335,36.000,-7.335,-5.977,-0.171,-0.295,0.021,1.905,9.658,2.142
a,141103,0.000,-6.455,36.000,-6.455,-6.460,0.165,0.102,0.647,2.105,9.498,2.191
a,141106,0.000,-5.478,36.000,-5.478,-6.416,-0.079,-0.310,-1.949,2.206,9.487,2.028
a,141110,0.000,-4.420,36.000,-4.420,-6.504,0.043,-0.555,-0.208,2.071,9.367,2.216
a,141114,0.000,-3.295,36.000,-3.295,-6.460,-0.003,-0.020,0.051,2.024,9.528,2.027
a,141118,0.000,-2.120,36.000,-2.120,-5.713,0.424,0.300,-0.345,2.200,9.418,2.189
a,141122,0.000,-0.913,36.000,-0.913,-6.504,-0.339,-0.341,-0.055,2.024,9.547,2.020
a,141127,0.000,0.309,36.000,0.309,-6.416,0.486,0.010,1.181,2.040,9.333,2.254
a,141131,0.000,1.526,36.000,1.526,-5.889,-0.217,0.025,0.006,2.105,9.554,2.046
a,141135,0.000,2.722,36.000,2.722,-5.010,0.257,-0.677,-0.376,2.260,9.437,2.173
a,141138,0.000,3.878,36.000,3.878,-3.252,-0.003,0.422,0.769,1.848,9.442,2.144
a,141142,0.000,4.976,36.000,4.976,-3.208,0.195,-0.127,-0.513,2.200,9.504,2.039
a,141146,0.000,6.000,36.000,6.000,-3.164,0.043,0.148,0.265,2.118,9.386,2.203
a,141150,0.000,6.934,36.000,6.934,-0.396,0.089,-0.784,-0.605,2.029,9.556,1.973
a,141155,0.000,7.765,36.000,7.765,-0.176,0.760,0.224,1.090,2.300,9.238,2.314
a,141159,0.000,8.479,36.000,8.479,-0.264,-1.026,0.209,1.502,1.896,9.675,1.866
a,141162,0.000,9.065,36.000,9.065,0.703,0.531,-0.402,-1.200,2.253,9.278,2.333
a,141167,0.000,9.515,36.000,9.515,3.164,0.318,0.575,-1.399,2.002,9.464,1.914
a,141171,0.000,9.821,36.000,9.821,3.911,-0.049,-0.509,-0.101,2.060,9.640,2.216
a,141174,0.000,9.978,36.000,9.978,4.043,0.195,-0.188,-1.216,2.242,9.430,2.145
a,141178,0.000,9.984,36.000,9.984,5.317,0.195,0.804,0.342,1.838,9.457,1.994
a,141182,0.000,9.838,36.000,9.838,6.196,0.165,0.041,0.601,2.210,9.388,2.279
a,141186,0.000,9.542,36.000,9.542,6.812,-0.171,-0.356,0.235,2.157,9.410,1.979
a,141190,0.000,9.100,36.000,9.100,6.724,0.470,0.453,-0.880,1.949,9.392,2.197
a,141194,0.000,8.519,36.000,8.519,6.855,-0.369,-0.234,1.258,2.201,9.503,2.162
a,141198,0.000,7.808,36.000,7.808,7.471,-0.400,-0.891,-0.590,2.237,9.601,2.072
a,141202,0.000,6.977,36.000,6.977,7.646,0.043,-0.020,-0.376,1.921,9.342,2.133
a,141206,0.000,6.038,36.000,6.038,7.646,0.043,0.377,0.372,2.128,9.534,2.110
a,141210,0.000,5.006,36.000,5.006,7.603,-0.064,-0.356,-0.422,2.185,9.444,2.058
a,141215,0.000,3.896,36.000,3.896,8.306,0.089,-0.020,-0.284,1.968,9.474,2.060
a,141218,0.000,2.726,36.000,2.726,7.690,0.195,0.254,-0.666,2.089,9.458,2.188
a,141222,0.000,1.513,36.000,1.513,7.690,-0.064,-0.127,-0.330,2.128,9.480,2.037
a,141226,0.000,0.276,36.000,0.276,9.448,0.104,-0.249,0.204,2.048,9.413,2.143
a,141230,0.000,-0.966,36.000,-0.966,8.130,-0.064,0.254,-0.437,1.992,9.505,2.127
a,141234,0.000,-2.195,36.000,-2.195,6.724,-0.079,-0.494,-1.017,2.210,9.476,2.079
a,141238,0.000,-3.389,36.000,-3.389,7.603,-0.186,-0.112,0.372,2.060,9.507,2.175
a,141242,0.000,-4.533,36.000,-4.533,7.339,-0.018,-0.402,-0.849,2.113,9.440,1.980
a,141246,0.000,-5.606,36.000,-5.606,3.296,-0.278,0.102,0.616,2.144,9.444,2.191
a,141251,0.000,-6.593,36.000,-6.593,5.229,-0.614,0.209,-0.116,1.978,9.488,1.839
a,141254,0.000,-7.478,36.000,-7.478,2.637,0.195,0.606,-0.452,2.076,9.200,2.386
a,141258,0.000,-8.247,36.000,-8.247,2.637,-0.430,-0.738,-0.208,2.151,9.664,1.834
a,141262,0.000,-8.888,36.000,-8.888,0.439,-0.064,0.132,-0.330,2.231,9.128,2.407
a,141266,0.000,-9.390,36.000,-9.390,-0.396,-0.553,-0.188,-0.330,1.817,9.645,1.788
a,141270,0.000,-9.746,36.000,-9.746,-1.626,0.455,0.453,-1.765,2.255,9.238,2.428
a,141275,0.000,-9.950,36.000,-9.950,-1.582,-1.056,-0.509,-0.513,1.902,9.685,1.712
a,141279,0.000,-9.997,36.000,-9.997,-2.988,0.653,-0.066,0.494,2.257,9.044,2.544
a,141283,0.000,-9.887,36.000,-9.887,-3.691,-0.705,0.514,0.204,1.833,9.646,1.766
a,141286,0.000,-9.622,36.000,-9.622,-4.526,0.974,0.086,-0.452,2.241,9.102,2.492
a,141290,0.000,-9.205,36.000,-9.205,-5.186,-0.873,-0.402,0.387,1.970,9.703,1.699
a,141294,0.000,-8.643,36.000,-8.643,-5.713,0.867,0.514,-0.849,2.087,9.227,2.435
a,141298,0.000,-7.944,36.000,-7.944,-5.889,-0.278,0.148,0.616,2.027,9.550,1.838
a,141303,0.000,-7.118,36.000,-7.118,-5.889,0.318,-0.845,-0.269,2.191,9.486,2.349
a,141307,0.000,-6.180,36.000,-6.180,-5.977,-0.156,0.209,1.151,1.920,9.589,2.022
a,141310,0.000,-5.143,36.000,-5.143,-5.977,0.165,0.102,0.601,2.155,9.470,2.143
a,141314,0.000,-4.024,36.000,-4.024,-2.944,-0.232,-0.570,-0.529,2.193,9.497,2.091
a,141319,0.000,-2.840,36.000,-2.840,-6.021,0.211,-0.341,0.448,1.999,9.419,2.118
a,141322,0.000,-1.610,36.000,-1.610,-5.977,0.165,0.300,0.357,2.105,9.446,2.229
a,141326,0.000,-0.353,36.000,-0.353,-5.977,0.104,-0.249,-0.071,2.139,9.588,2.023
a,141330,0.000,0.910,36.000,0.910,-5.010,-0.186,-0.005,0.372,2.051,9.403,2.197
a,141334,0.000,2.159,36.000,2.159,-5.801,-0.324,-0.295,-0.101,2.061,9.505,2.070
a,141338,0.000,3.374,36.000,3.374,-4.219,0.257,0.025,-0.345,2.085,9.473,2.160
a,141342,0.000,4.536,36.000,4.536,-3.076,0.165,0.621,-0.193,2.030,9.373,2.085
a,141346,0.000,5.627,36.000,5.627,-2.900,0.104,-0.570,-0.162,2.071,9.492,2.150
a,141350,0.000,6.627,36.000,6.627,-2.109,0.333,0.254,-1.597,2.101,9.304,2.137
a,141354,0.000,7.522,36.000,7.522,-2.241,-0.553,-0.188,-0.544,2.071,9.533,2.096
a,141358,0.000,8.296,36.000,8.296,-1.758,0.165,-0.280,0.555,2.173,9.383,2.200
a,141363,0.000,8.937,36.000,8.937,1.846,-0.492,-0.081,0.265,2.014,9.398,2.093
a,141367,0.000,9.434,36.000,9.434,1.846,-0.125,0.193,-0.865,1.964,9.560,2.200
a,141370,0.000,9.778,36.000,9.778,4.570,0.150,-0.509,-0.865,2.227,9.459,2.029
a,141374,0.000,9.965,36.000,9.965,3.516,-0.034,0.422,-0.513,1.951,9.543,2.025
a,141378,0.000,9.990,36.000,9.990,4.834,0.379,0.117,1.777,2.045,9.400,2.330
a,141382,0.000,9.854,36.000,9.854,6.064,0.363,-0.081,-0.620,2.169,9.366,1.927
a,141386,0.000,9.557,36.000,9.557,6.284,-0.507,-0.295,-0.422,2.133,9.489,2.073
a,141390,0.000,9.104,36.000,9.104,6.724,0.211,0.025,-0.132,2.005,9.342,2.296
a,141394,0.000,8.503,36.000,8.503,6.812,-0.415,0.010,-1.628,2.133,9.542,1.920
a,141399,0.000,7.763,36.000,7.763,7.427,-0.125,-0.478,0.662,2.179,9.455,2.212
a,141403,0.000,6.895,36.000,6.895,7.515,-0.125,-0.081,-0.437,1.982,9.305,2.118
a,141406,0.000,5.914,36.000,5.914,7.559,0.058,0.254,-0.162,2.118,9.395,2.081
a,141410,0.000,4.836,36.000,4.836,7.515,-0.171,-0.112,0.662,2.130,9.479,2.076
a,141414,0.000,3.677,36.000,3.677,7.515,0.043,-0.372,0.738,2.046,9.376,2.170
a,141418,0.000,2.458,36.000,2.458,7.559,-0.171,0.193,0.006,2.073,9.462,2.060
a,141422,0.000,1.197,36.000,1.197,7.515,0.165,-0.463,0.219,2.118,9.529,2.107
a,141427,0.000,-0.084,36.000,-0.084,7.427,-0.003,0.193,-0.055,2.079,9.329,2.149
a,141431,0.000,-1.365,36.000,-1.365,6.899,0.058,-0.020,0.051,2.142,9.434,2.060
a,141435,0.000,-2.624,36.000,-2.624,7.559,-0.324,-0.601,0.571,2.095,9.510,2.158
a,141438,0.000,-3.841,36.000,-3.841,6.196,0.379,0.911,0.525,1.967,9.415,2.112
a,141442,0.000,-4.994,36.000,-4.994,7.471,-0.293,-0.982,-0.055,2.185,9.493,2.012
a,141446,0.000,-6.066,36.000,-6.066,4.087,0.104,0.529,0.632,2.082,9.288,2.251
a,141450,0.000,-7.038,36.000,-7.038,4.746,-0.278,-0.143,0.128,2.004,9.561,1.923
a,141454,0.000,-7.893,36.000,-7.893,2.417,0.760,0.193,0.357,2.304,9.190,2.379
a,141459,0.000,-8.618,36.000,-8.618,3.208,-0.919,-0.188,0.006,1.900,9.691,1.816
a,141463,0.000,-9.200,36.000,-9.200,-0.176,0.531,-0.081,-0.452,2.288,9.129,2.454
a,141466,0.000,-9.628,36.000,-9.628,-0.835,-0.659,0.468,-0.010,1.881,9.676,1.816
a,141471,0.000,-9.896,36.000,-9.896,-1.758,0.577,-0.509,-0.651,2.365,9.262,2.375
a,141474,0.000,-9.999,36.000,-9.999,-2.505,-0.537,0.529,0.601,1.944,9.512,2.043
a,141478,0.000,-9.934,36.000,-9.934,-2.505,0.669,-0.310,-1.796,2.163,9.292,2.149
a,141482,0.000,-9.703,36.000,-9.703,-4.307,0.028,0.316,-0.651,2.113,9.345,2.254
a,141486,0.000,-9.309,36.000,-9.309,-5.010,0.287,-0.387,1.380,2.036,9.501,2.023
a,141490,0.000,-8.758,36.000,-8.758,-5.273,0.043,0.163,0.723,2.040,9.371,2.203
a,141494,0.000,-8.059,36.000,-8.059,-5.801,0.684,0.621,-0.300,2.020,9.303,2.085
a,141498,0.000,-7.224,36.000,-7.224,-6.460,0.379,-0.356,0.326,2.229,9.353,2.222
a,141502,0.000,-6.267,36.000,-6.267,-5.977,0.379,0.025,-0.239,2.017,9.464,2.094
a,141506,0.000,-5.203,36.000,-5.203,-5.977,0.363,0.361,-0.666,2.107,9.358,2.217
a,141510,0.000,-4.050,36.000,-4.050,-5.273,-0.217,-0.127,-0.162,2.157,9.559,2.025
a,141515,0.000,-2.828,36.000,-2.828,-5.054,0.058,-0.509,0.021,2.110,9.487,2.213
a,141518,0.000,-1.557,36.000,-1.557,-6.416,-0.186,0.590,-0.178,1.980,9.550,2.095
a,141522,0.000,-0.259,36.000,-0.259,-6.372,0.455,0.209,-0.513,2.193,9.336,2.236
a,141526,0.000,1.044,36.000,1.044,-5.977,0.043,-0.158,0.601,2.002,9.518,2.052
a,141530,0.000,2.330,36.000,2.330,-3.647,0.653,0.300,0.204,2.087,9.319,2.194
a,141534,0.000,3.578,36.000,3.578,-3.120,-0.125,0.056,0.662,2.097,9.404,2.016
a,141538,0.000,4.765,36.000,4.765,-5.098,0.333,0.086,-0.178,2.070,9.374,2.229
a,141542,0.000,5.872,36.000,5.872,-3.823,-0.430,-0.463,0.387,2.122,9.619,2.020
a,141546,0.000,6.878,36.000,6.878,-2.988,0.577,0.025,-0.559,2.151,9.300,2.249
a,141550,0.000,7.768,36.000,7.768,-0.879,-0.614,-0.341,0.128,1.877,9.629,2.072
a,141555,0.000,8.525,36.000,8.525,-0.879,0.363,-0.188,-1.002,2.198,9.378,2.168
a,141558,0.000,9.135,36.000,9.135,-0.044,-0.064,-0.112,0.097,2.113,9.479,1.962
a,141562,0.000,9.589,36.000,9.589,1.890,-0.400,0.209,-0.055,1.918,9.523,2.258
a,141566,0.000,9.878,36.000,9.878,3.252,0.226,-0.463,-1.628,2.273,9.322,2.166
a,141570,0.000,9.997,36.000,9.997,3.384,-0.201,0.377,1.380,1.955,9.421,1.937
a,141574,0.000,9.943,36.000,9.943,4.526,-0.171,0.086,0.326,2.101,9.465,2.288
a,141579,0.000,9.717,36.000,9.717,5.493,0.134,0.697,-0.300,2.014,9.390,2.083
a,141583,0.000,9.323,36.000,9.323,6.152,0.089,-0.372,0.632,2.167,9.455,2.003
a,141586,0.000,8.767,36.000,8.767,6.636,-0.064,-0.158,0.769,2.058,9.321,2.315
a,141590,0.000,8.058,36.000,8.058,6.680,-0.125,0.285,0.937,1.968,9.500,1.991
a,141594,0.000,7.208,36.000,7.208,6.812,-0.324,-0.188,-0.055,2.211,9.542,2.156
a,141598,0.000,6.233,36.000,6.233,6.768,-0.459,-0.435,-0.668,2.040,9.404,2.072
a,141602,0.000,5.148,36.000,5.148,6.899,0.151,0.115,0.171,2.061,9.436,2.170
a,141607,0.000,3.972,36.000,3.972,6.855,-0.322,0.496,0.782,2.071,9.495,2.016
a,141610,0.000,2.727,36.000,2.727,6.899,0.090,-0.450,-0.897,2.126,9.402,2.193
a,141614,0.000,1.433,36.000,1.433,6.812,-0.322,-0.053,0.583,2.027,9.517,2.023
a,141619,0.000,0.113,36.000,0.113,8.174,-0.001,0.313,0.187,2.082,9.372,2.139
a,141622,0.000,-1.210,36.000,-1.210,6.768,-0.169,0.038,0.034,2.102,9.482,2.060
a,141626,0.000,-2.513,36.000,-2.513,6.680,-0.292,-0.237,-1.065,2.145,9.397,2.127
a,141630,0.000,-3.772,36.000,-3.772,6.196,0.258,0.603,-0.226,1.964,9.403,2.160
a,141634,0.000,-4.965,36.000,-4.965,5.273,-0.078,-0.221,-0.959,2.211,9.439,2.066
a,141638,0.000,-6.072,36.000,-6.072,3.955,0.365,0.374,-0.317,2.046,9.282,2.184
a,141642,0.000,-7.072,36.000,-7.072,5.537,0.105,-0.099,0.522,1.962,9.500,1.936
a,141646,0.000,-7.948,36.000,-7.948,2.725,0.411,0.649,-0.378,2.163,9.292,2.333
a,141650,0.000,-8.683,36.000,-8.683,1.143,-0.811,-0.343,0.309,1.915,9.650,1.759
a,141654,0.000,-9.265,36.000,-9.265,-0.220,0.319,-0.664,-1.004,2.312,9.270,2.486
a,141658,0.000,-9.683,36.000,-9.683,-1.099,-0.490,0.924,0.950,1.835,9.651,1.840
a,141662,0.000,-9.929,36.000,-9.929,-1.626,0.289,-1.046,-1.691,2.393,9.178,2.326
a,141666,0.000,-9.999,36.000,-9.999,-2.944,-0.902,0.603,1.332,1.931,9.618,1.952
a,141670,0.000,-9.890,36.000,-9.890,-3.560,0.319,-0.176,-0.531,2.048,9.451,2.031
a,141674,0.000,-9.605,36.000,-9.605,-4.395,0.228,0.542,1.148,2.099,9.355,2.199
a,141678,0.000,-9.148,36.000,-9.148,-5.054,0.044,-0.771,-0.882,2.064,9.639,1.818
a,141683,0.000,-8.527,36.000,-8.527,-5.317,0.273,0.328,0.568,2.004,9.224,2.383
a,141686,0.000,-7.753,36.000,-7.753,-5.054,-0.017,-0.069,-0.409,2.021,9.758,1.823
a,141690,0.000,-6.839,36.000,-6.839,-5.977,0.060,-0.618,-0.317,2.346,9.394,2.358
a,141694,0.000,-5.801,36.000,-5.801,-5.977,-0.108,0.283,0.690,1.890,9.519,1.991
a,141699,0.000,-4.659,36.000,-4.659,-5.977,0.579,0.267,-0.485,2.160,9.336,2.351
a,141702,0.000,-3.432,36.000,-3.432,-5.977,-0.215,-0.252,1.454,2.195,9.589,1.952
a,141706,0.000,-2.142,36.000,-2.142,-5.054,-0.017,-0.450,-0.607,2.070,9.348,2.239
a,141710,0.000,-0.813,36.000,-0.813,-5.273,-0.200,0.328,-0.409,1.946,9.531,2.079
a,141714,0.000,0.532,36.000,0.532,-3.691,0.197,-0.053,0.171,2.237,9.316,2.158
a,141718,0.000,1.868,36.000,1.868,-5.977,-0.169,-0.084,1.545,2.040,9.445,1.993
a,141722,0.000,3.171,36.000,3.171,-5.845,0.548,-0.114,0.232,2.114,9.379,2.184
a,141726,0.000,4.417,36.000,4.417,-3.735,-0.383,0.099,0.354,2.004,9.555,2.070
a,141730,0.000,5.584,36.000,5.584,-2.461,0.258,-0.237,-0.638,2.225,9.467,2.076
a,141734,0.000,6.650,36.000,6.650,-2.241,-0.429,-0.069,0.141,1.958,9.458,2.142
a,141738,0.000,7.595,36.000,7.595,-1.626,0.533,-0.496,-0.470,2.136,9.258,2.133
a,141742,0.000,8.403,36.000,8.403,-0.088,0.304,0.283,-0.317,2.145,9.219,2.156
a,141747,0.000,9.057,36.000,9.057,-0.352,-0.597,-0.221,0.690,1.820,9.685,1.999
a,141751,0.000,9.546,36.000,9.546,0.659,0.365,-0.282,-1.447,2.263,9.236,2.314
a,141755,0.000,9.861,36.000,9.861,2.417,-0.108,0.527,0.232,1.884,9.652,1.914
a,141758,0.000,9.995,36.000,9.995,2.769,0.044,-0.282,-0.562,2.124,9.380,2.324
a,141762,0.000,9.946,36.000,9.946,3.823,0.060,0.435,0.751,2.054,9.396,2.020
a,141766,0.000,9.713,36.000,9.713,4.702,0.060,-0.191,-0.180,2.008,9.458,2.138
a,141770,0.000,9.302,36.000,9.302,6.064,0.090,0.099,-0.745,2.217,9.365,2.297
a,141774,0.000,8.719,36.000,8.719,6.284,-0.719,-0.878,-1.050,2.122,9.573,1.897
a,141778,0.000,7.974,36.000,7.974,7.383,0.319,0.756,-1.142,2.009,9.202,2.307
a,141782,0.000,7.082,36.000,7.082,6.987,-0.398,-0.023,-0.775,2.089,9.582,1.927
a,141786,0.000,6.058,36.000,6.058,7.471,-0.001,-0.481,0.812,2.242,9.378,2.249
a,141791,0.000,4.921,36.000,4.921,10.898,-0.200,0.115,-1.020,1.879,9.455,2.009
a,141795,0.000,3.692,36.000,3.692,8.306,0.334,0.267,-0.042,2.229,9.404,2.224
a,141799,0.000,2.393,36.000,2.393,7.559,-0.398,-0.481,0.309,2.148,9.504,1.968
a,141803,0.000,1.049,36.000,1.049,9.668,-0.001,-0.313,1.194,1.962,9.378,2.199
a,141806,0.000,-0.315,36.000,-0.315,7.515,-0.292,0.512,-0.959,2.040,9.540,2.103
a,141810,0.000,-1.674,36.000,-1.674,7.383,-0.124,-0.527,1.087,2.219,9.432,2.070
a,141814,0.000,-3.003,36.000,-3.003,8.394,-0.200,-0.466,-1.813,2.076,9.444,2.121
a,141818,0.000,-4.277,36.000,-4.277,6.240,0.273,0.283,0.568,1.918,9.355,2.156
a,141822,0.000,-5.471,36.000,-5.471,7.427,-0.444,-0.756,0.309,2.334,9.480,2.003
a,141826,0.000,-6.563,36.000,-6.563,3.999,-0.215,0.130,1.164,2.046,9.425,2.160
a,141830,0.000,-7.533,36.000,-7.533,4.175,-0.001,-0.114,-0.027,1.828,9.527,1.972
a,141834,0.000,-8.362,36.000,-8.362,1.978,0.258,0.267,-0.317,2.380,9.297,2.371
a,141838,0.000,-9.034,36.000,-9.034,5.229,-0.200,-0.099,1.729,1.926,9.652,1.784
a,141842,0.000,-9.537,36.000,-9.537,0.000,-0.063,-0.588,0.370,2.126,9.428,2.410
a,141846,0.000,-9.859,36.000,-9.859,-1.582,-0.017,0.634,-1.462,2.045,9.516,2.000
a,141850,0.000,-9.995,36.000,-9.995,-2.417,-0.337,-0.237,-0.470,2.046,9.530,1.884
a,141854,0.000,-9.943,36.000,-9.943,-3.120,-0.292,-0.496,-0.333,2.237,9.311,2.397
a,141858,0.000,-9.701,36.000,-9.701,-4.438,-0.063,0.283,-0.088,1.865,9.561,1.863
a,141862,0.000,-9.276,36.000,-9.276,-3.647,0.792,-0.542,-0.806,2.300,9.307,2.286
a,141866,0.000,-8.674,36.000,-8.674,-5.273,-0.536,-0.053,0.645,1.990,9.583,1.970
a,141871,0.000,-7.907,36.000,-7.907,-5.801,0.869,0.221,0.171,2.058,9.431,2.258
a,141874,0.000,-6.988,36.000,-6.988,-5.845,-0.047,-0.008,0.141,2.085,9.541,2.003
a,141878,0.000,-5.936,36.000,-5.936,-5.889,0.060,-0.435,0.660,2.079,9.504,2.228
a,141882,0.000,-4.770,36.000,-4.770,-5.977,-0.063,0.145,-0.897,1.984,9.451,2.073
a,141886,0.000,-3.511,36.000,-3.511,-5.933,0.197,0.069,0.675,2.138,9.402,2.144
a,141891,0.000,-2.185,36.000,-2.185,-5.977,-0.047,-0.435,0.767,2.120,9.548,2.157
a,141895,0.000,-0.816,36.000,-0.816,-5.977,0.044,-0.069,-0.470,1.990,9.511,2.097
a,141899,0.000,0.570,36.000,0.570,-5.845,0.166,0.389,0.782,2.110,9.444,2.164
a,141902,0.000,1.945,36.000,1.945,-4.438,0.029,-0.099,-0.577,2.130,9.459,2.079
a,141906,0.000,3.284,36.000,3.284,-5.713,-0.047,-0.389,0.095,2.114,9.383,2.160
a,141910,0.000,4.561,36.000,4.561,-3.208,0.197,0.542,0.202,1.871,9.448,2.102
a,141914,0.000,5.751,36.000,5.751,-2.988,-0.124,-0.450,-1.157,2.284,9.461,2.072
a,141918,0.000,6.830,36.000,6.830,-2.329,-0.337,0.405,0.782,2.054,9.446,2.175
a,141922,0.000,7.777,36.000,7.777,-2.461,0.044,-0.450,-1.478,2.039,9.543,2.022
a,141926,0.000,8.575,36.000,8.575,-0.396,0.502,0.603,1.484,2.169,9.248,2.216
a,141930,0.000,9.207,36.000,9.207,-1.802,-0.246,0.389,-0.302,1.859,9.640,1.988
a,141934,0.000,9.660,36.000,9.660,0.659,0.686,-0.389,-1.004,2.266,9.279,2.296
a,141938,0.000,9.926,36.000,9.926,2.637,0.060,0.527,-0.149,2.052,9.445,1.921
a,141942,0.000,9.998,36.000,9.998,3.867,-0.414,0.053,1.561,2.020,9.503,2.352
a,141947,0.000,9.876,36.000,9.876,4.702,0.273,-0.450,0.187,2.154,9.517,1.999
a,141950,0.000,9.561,36.000,9.561,6.021,0.472,0.389,-0.119,2.042,9.299,2.108
a,141954,0.000,9.059,36.000,9.059,6.284,-0.643,-0.374,2.339,2.114,9.622,2.162
a,141958,0.000,8.379,36.000,8.379,6.768,0.182,-0.053,-0.439,2.082,9.357,2.172
a,141962,0.000,7.534,36.000,7.534,6.987,-0.292,0.557,0.660,2.027,9.614,1.885
a,141967,0.000,6.541,36.000,6.541,7.427,0.258,-0.237,-0.913,2.216,9.412,2.400
a,141971,0.000,5.419,36.000,5.419,7.515,-0.414,-0.328,-0.607,1.999,9.474,2.000
a,141974,0.000,4.189,36.000,4.189,7.515,0.105,0.206,-0.042,2.076,9.355,2.150
a,141978,0.000,2.876,36.000,2.876,7.471,-0.063,0.038,-0.409,2.087,9.530,2.102
a,141982,0.000,1.505,36.000,1.505,8.833,-0.185,-0.008,-1.340,2.126,9.364,2.121
a,141986,0.000,0.104,36.000,0.104,7.515,-0.292,0.053,-0.149,2.021,9.439,2.057
a,141991,0.000,-1.300,36.000,-1.300,10.195,0.151,0.313,-0.363,2.040,9.359,2.150
a,141995,0.000,-2.679,36.000,-2.679,6.855,-0.215,-0.328,0.874,2.269,9.401,2.101
a,141999,0.000,-4.006,36.000,-4.006,6.592,-0.307,-0.221,1.179,1.967,9.410,2.022
a,142002,0.000,-5.255,36.000,-5.255,9.492,0.411,0.389,-1.081,2.035,9.339,2.251
a,142006,0.000,-6.400,36.000,-6.400,4.746,-0.353,-0.649,-0.500,2.195,9.651,1.920
a,142010,0.000,-7.418,36.000,-7.418,3.472,0.365,-0.343,-0.302,2.242,9.298,2.355
a,142014,0.000,-8.288,36.000,-8.288,5.273,-0.169,0.878,1.011,1.695,9.528,1.839
a,142018,0.000,-8.994,36.000,-8.994,1.934,0.457,-0.588,-1.233,2.409,9.214,2.400
a,142022,0.000,-9.521,36.000,-9.521,-0.044,-0.276,0.237,1.438,1.999,9.509,1.946
a,142026,0.000,-9.857,36.000,-9.857,-0.879,-0.230,-0.069,-0.409,1.877,9.309,2.200
a,142030,0.000,-9.996,36.000,-9.996,-1.670,0.090,0.634,-0.607,2.241,9.401,2.212
a,142034,0.000,-9.935,36.000,-9.935,-2.461,-0.643,-0.328,1.148,2.051,9.583,1.809
a,142038,0.000,-9.674,36.000,-9.674,-3.164,0.319,-0.252,0.736,2.128,9.275,2.438
a,142042,0.000,-9.218,36.000,-9.218,-4.395,-0.307,0.603,-1.096,1.895,9.583,1.912
a,142047,0.000,-8.576,36.000,-8.576,-5.010,0.350,-0.481,-0.516,2.313,9.365,2.188
a,142050,0.000,-7.760,36.000,-7.760,-5.229,-0.307,-0.099,1.347,1.939,9.519,2.081
a,142054,0.000,-6.788,36.000,-6.788,-5.713,0.991,0.634,0.003,2.005,9.516,2.184
a,142058,0.000,-5.677,36.000,-5.677,-5.757,-0.322,-0.557,-0.119,2.201,9.437,2.041
a,142062,0.000,-4.451,36.000,-4.451,-5.889,0.212,-0.237,0.125,2.091,9.279,2.189
a,142067,0.000,-3.134,36.000,-3.134,-5.889,0.319,0.053,0.003,1.992,9.443,2.139
a,142070,0.000,-1.752,36.000,-1.752,-5.889,0.060,-0.008,0.141,2.185,9.541,2.045
a,142074,0.000,-0.334,36.000,-0.334,-5.889,0.090,-0.466,-0.775,2.107,9.448,2.188
a,142078,0.000,1.092,36.000,1.092,-3.691,0.151,0.145,-0.745,1.951,9.430,2.095
a,142082,0.000,2.497,36.000,2.497,-6.504,-0.063,0.267,-0.516,2.151,9.409,2.160
a,142086,0.000,3.851,36.000,3.851,-6.460,-0.124,-0.557,-0.714,2.160,9.487,2.031
a,142091,0.000,5.128,36.000,5.128,-2.944,0.365,0.542,-0.134,1.877,9.376,2.254
a,142095,0.000,6.301,36.000,6.301,-2.461,0.060,-0.282,0.049,2.217,9.559,1.976
a,142098,0.000,7.345,36.000,7.345,-2.153,0.212,0.237,1.270,2.139,9.364,2.254
a,142102,0.000,8.239,36.000,8.239,-2.241,-0.124,-0.664,-0.714,1.912,9.577,2.003
a,142106,0.000,8.965,36.000,8.965,0.703,0.991,0.145,0.019,2.356,9.300,2.253
a,142110,0.000,9.507,36.000,9.507,-0.176,-0.215,0.221,0.645,1.942,9.634,1.930
a,142114,0.000,9.853,36.000,9.853,1.758,-0.017,0.145,-0.241,1.927,9.366,2.373
a,142118,0.000,9.996,36.000,9.996,4.614,0.350,0.191,-1.890,2.145,9.385,1.926
a,142122,0.000,9.933,36.000,9.933,3.428,-0.047,0.008,1.072,2.066,9.488,2.179
a,142126,0.000,9.664,36.000,9.664,4.570,-0.490,-0.328,0.874,2.009,9.438,2.239
a,142130,0.000,9.196,36.000,9.196,5.581,0.212,0.588,-0.226,2.046,9.330,2.063
a,142134,0.000,8.536,36.000,8.536,6.152,-0.398,-0.542,-0.012,2.188,9.595,1.968
a,142138,0.000,7.699,36.000,7.699,6.240,-0.337,-0.496,-0.500,2.124,9.404,2.359
a,142142,0.000,6.701,36.000,6.701,6.680,0.044,0.481,-0.592,1.958,9.646,1.899
a,142147,0.000,5.563,36.000,5.563,6.636,-0.139,0.053,-1.081,2.273,9.396,2.236
a,142151,0.000,4.308,36.000,4.308,6.724,-0.230,-0.282,-0.989,1.992,9.434,2.076
a,142155,0.000,2.963,36.000,2.963,6.724,0.258,0.405,0.461,2.008,9.340,2.124
a,142158,0.000,1.554,36.000,1.554,6.680,-0.185,-0.008,-0.348,2.148,9.480,2.057
a,142162,0.000,0.113,36.000,0.113,6.680,-0.063,-0.450,-1.096,2.126,9.380,2.112
a,142166,0.000,-1.332,36.000,-1.332,8.174,0.075,0.313,1.087,1.951,9.404,2.138
a,142170,0.000,-2.750,36.000,-2.750,6.328,0.060,-0.008,0.293,2.120,9.448,2.101
a,142175,0.000,-4.111,36.000,-4.111,6.196,-0.230,0.008,0.034,2.077,9.443,2.152
a,142179,0.000,-5.386,36.000,-5.386,7.383,0.136,-0.298,-1.707,2.157,9.408,2.070
a,142182,0.000,-6.549,36.000,-6.549,4.526,-0.612,-0.252,0.736,1.982,9.533,2.133
a,142186,0.000,-7.575,36.000,-7.575,4.746,0.197,-0.237,-1.401,2.160,9.369,2.160
a,142190,0.000,-8.441,36.000,-8.441,3.955,-0.597,0.038,-0.134,1.988,9.578,1.997
a,142194,0.000,-9.129,36.000,-9.129,3.208,0.334,-0.939,-0.027,2.194,9.358,2.228
a,142199,0.000,-9.625,36.000,-9.625,-0.220,0.090,0.008,0.187,2.211,9.285,2.235
a,142203,0.000,-9.917,36.000,-9.917,-1.494,-0.017,0.771,0.125,1.844,9.622,1.772
a,142206,0.000,-9.999,36.000,-9.999,-2.153,0.457,-0.328,-0.302,2.235,9.200,2.434
a,142210,0.000,-9.868,36.000,-9.868,-3.032,-0.536,0.649,0.568,2.002,9.538,1.873
a,142215,0.000,-9.527,36.000,-9.527,-3.647,0.472,-0.038,0.935,2.107,9.358,2.131
a,142218,0.000,-8.983,36.000,-8.983,-4.526,0.273,0.313,0.125,1.951,9.379,2.225
a,142222,0.000,-8.247,36.000,-8.247,-5.142,0.151,-0.389,-0.730,2.198,9.401,1.987
a,142226,0.000,-7.334,36.000,-7.334,-4.438,0.105,0.283,0.843,2.052,9.352,2.286
a,142230,0.000,-6.264,36.000,-6.264,-5.801,0.808,0.435,-0.012,1.960,9.428,2.034
a,142234,0.000,-5.059,36.000,-5.059,-5.845,-0.047,-0.542,0.767,2.240,9.323,2.162
a,142238,0.000,-3.745,36.000,-3.745,-5.845,-0.169,-0.176,-0.088,1.990,9.542,2.004
a,142242,0.000,-2.349,36.000,-2.349,-5.801,0.166,0.099,-0.104,2.107,9.329,2.241
a,142246,0.000,-0.902,36.000,-0.902,-4.395,-0.185,0.099,-0.348,2.042,9.555,1.993
a,142250,0.000,0.565,36.000,0.565,-1.582,0.212,-0.328,1.072,2.122,9.398,2.200
a,142254,0.000,2.021,36.000,2.021,-2.505,-0.047,0.267,0.187,1.990,9.499,2.063
a,142258,0.000,3.435,36.000,3.435,-3.604,0.060,-0.328,1.087,2.114,9.455,2.179
a,142263,0.000,4.775,36.000,4.775,-3.604,0.334,0.389,0.522,1.964,9.420,2.185
a,142266,0.000,6.012,36.000,6.012,-1.626,0.029,-0.649,-0.775,2.217,9.503,2.031
a,142270,0.000,7.120,36.000,7.120,-3.208,0.105,0.389,0.675,1.949,9.397,2.154
a,142274,0.000,8.075,36.000,8.075,-2.373,0.258,-0.237,-1.233,2.113,9.491,2.040
a,142278,0.000,8.854,36.000,8.854,-1.626,0.747,-0.114,-0.852,2.286,9.172,2.254
a,142282,0.000,9.442,36.000,9.442,-0.352,-0.276,0.099,0.187,1.806,9.633,1.960
a,142286,0.000,9.824,36.000,9.824,0.571,0.319,-0.069,-0.531,2.304,9.291,2.359
a,142290,0.000,9.992,36.000,9.992,2.549,-0.017,0.756,-0.256,1.996,9.495,1.866
a,142294,0.000,9.942,36.000,9.942,3.428,-0.169,-0.069,-0.088,2.076,9.463,2.397
a,142298,0.000,9.674,36.000,9.674,4.614,-0.230,-0.450,-0.287,2.182,9.481,2.034
a,142303,0.000,9.195,36.000,9.195,6.064,0.197,0.771,0.110,2.076,9.203,1.984
a,142306,0.000,8.514,36.000,8.514,6.855,-0.429,-0.084,1.347,2.120,9.454,2.188
a,142310,0.000,7.645,36.000,7.645,6.724,-0.185,-0.069,-0.684,2.154,9.352,2.083
a,142314,0.000,6.608,36.000,6.608,6.812,-0.566,-0.481,-0.821,2.002,9.515,2.114
a,142318,0.000,5.424,36.000,5.424,6.943,-0.276,-0.710,0.492,2.200,9.396,2.316
a,142322,0.000,4.120,36.000,4.120,7.383,-0.383,-0.252,1.286,2.009,9.548,1.942
a,142327,0.000,2.725,36.000,2.725,8.921,0.212,0.313,0.064,2.082,9.299,2.160
a,142331,0.000,1.268,36.000,1.268,7.383,-0.108,-0.114,0.248,2.114,9.483,2.081
a,142335,0.000,-0.218,36.000,-0.218,7.339,0.243,-0.374,-0.592,2.027,9.358,2.155
a,142338,0.000,-1.699,36.000,-1.699,9.624,-0.139,0.283,-1.172,2.030,9.396,2.083
a,142342,0.000,-3.144,36.000,-3.144,9.053,0.258,-0.267,-0.119,2.227,9.404,2.101
a,142346,0.000,-4.521,36.000,-4.521,6.284,0.060,0.435,1.026,1.973,9.471,2.105
a,142350,0.000,-5.797,36.000,-5.797,7.515,0.166,-0.176,-0.104,2.201,9.445,2.120
a,142354,0.000,-6.945,36.000,-6.945,4.043,-0.566,-0.435,-1.004,2.108,9.543,2.020
a,142359,0.000,-7.939,36.000,-7.939,3.120,0.044,-0.099,-0.027,1.920,9.504,2.066
a,142362,0.000,-8.757,36.000,-8.757,2.021,0.258,-0.114,-0.592,2.229,9.269,2.258
a,142367,0.000,-9.379,36.000,-9.379,2.725,-0.505,-0.160,0.354,1.964,9.620,1.771
a,142371,0.000,-9.792,36.000,-9.792,0.571,-0.215,-0.710,1.041,2.178,9.369,2.429
a,142374,0.000,-9.985,36.000,-9.985,-1.626,0.166,0.924,0.553,1.955,9.488,1.966
a,142378,0.000,-9.955,36.000,-9.955,-0.747,-0.490,-0.756,0.492,2.070,9.397,1.978
a,142382,0.000,-9.700,36.000,-9.700,-3.120,0.166,-0.496,0.187,2.194,9.353,2.326
a,142386,0.000,-9.227,36.000,-9.227,-3.911,0.273,0.695,-0.226,1.818,9.497,1.927
a,142390,0.000,-8.546,36.000,-8.546,-4.570,0.487,-0.053,0.843,2.273,9.319,2.301
a,142394,0.000,-7.672,36.000,-7.672,-5.229,-0.169,-0.389,0.202,2.021,9.516,1.912
a,142398,0.000,-6.624,36.000,-6.624,-5.273,0.808,0.145,-0.531,2.045,9.264,2.308
a,142402,0.000,-5.425,36.000,-5.425,-5.669,-0.185,0.420,-0.241,2.029,9.553,1.955
a,142406,0.000,-4.103,36.000,-4.103,-5.801,0.365,-0.557,-0.791,2.258,9.170,2.240
a,142410,0.000,-2.687,36.000,-2.687,-5.757,0.029,0.023,-1.600,1.908,9.445,2.093
a,142415,0.000,-1.208,36.000,-1.208,-3.735,0.197,0.283,0.385,2.120,9.504,2.095
a,142418,0.000,0.298,36.000,0.298,-5.713,-0.124,-0.389,-0.714,2.193,9.458,2.121
a,142422,0.000,1.799,36.000,1.799,-3.604,-0.017,-0.176,-0.516,1.939,9.359,2.102
a,142426,0.000,3.260,36.000,3.260,-5.757,0.044,0.267,-0.302,2.036,9.367,2.186
a,142430,0.000,4.647,36.000,4.647,-3.164,-0.429,-0.237,0.400,2.163,9.583,2.063
a,142434,0.000,5.929,36.000,5.929,-4.526,0.044,-0.237,-1.218,2.039,9.319,2.231
a,142438,0.000,7.076,36.000,7.076,-3.823,-0.292,0.267,-1.218,1.927,9.559,2.055
a,142442,0.000,8.062,36.000,8.062,-0.747,0.365,0.069,0.675,2.381,9.361,2.213
a,142446,0.000,8.863,36.000,8.863,-1.714,-0.658,-0.114,0.492,1.830,9.572,2.076
a,142451,0.000,9.461,36.000,9.461,-0.308,0.273,-0.176,0.385,1.960,9.523,2.338
a,142454,0.000,9.842,36.000,9.842,0.615,0.411,-0.221,-1.203,2.312,9.436,1.851
a,142458,0.000,9.997,36.000,9.997,2.417,-0.017,-0.160,-0.088,2.128,9.347,2.170
a,142463,0.000,9.921,36.000,9.921,3.252,-0.169,0.267,0.293,1.848,9.463,2.247
a,142466,0.000,9.615,36.000,9.615,4.043,0.533,0.267,-0.745,2.248,9.273,1.942
a,142470,0.000,9.087,36.000,9.087,6.196,-0.292,0.038,-0.302,2.023,9.549,2.162
a,142475,0.000,8.349,36.000,8.349,9.536,-0.108,-0.343,-0.180,2.046,9.422,2.178
a,142479,0.000,7.416,36.000,7.416,6.196,-0.185,0.145,-1.218,2.179,9.442,2.066
a,142483,0.000,6.310,36.000,6.310,6.284,-0.047,-0.374,1.087,2.040,9.458,2.144
a,142486,0.000,5.057,36.000,5.057,6.240,0.060,0.267,-0.134,2.138,9.500,2.185
a,142490,0.000,3.686,36.000,3.686,6.328,-0.292,-0.069,-1.493,2.058,9.471,1.943
a,142494,0.000,2.228,36.000,2.228,6.680,-0.017,-0.114,-0.684,2.020,9.434,2.184
a,142498,0.000,0.716,36.000,0.716,6.636,-0.398,-0.282,-0.226,2.076,9.471,2.096
a,142502,0.000,-0.812,36.000,-0.812,6.680,-0.215,-0.603,0.049,2.185,9.433,2.047
a,142507,0.000,-2.323,36.000,-2.323,9.624,-0.063,0.145,-0.684,2.008,9.391,2.083
a,142511,0.000,-3.781,36.000,-3.781,6.680,-0.047,0.115,0.751,2.035,9.412,2.181
a,142514,0.000,-5.151,36.000,-5.151,8.218,-0.398,-0.527,0.660,2.169,9.537,2.058
a,142518,0.000,-6.400,36.000,-6.400,5.229,-0.108,-0.282,1.057,2.107,9.374,2.049
a,142523,0.000,-7.500,36.000,-7.500,3.955,-0.001,0.817,0.629,1.905,9.385,2.242
a,142526,0.000,-8.424,36.000,-8.424,4.658,0.029,-0.588,-0.821,2.248,9.565,1.952
a,142530,0.000,-9.150,36.000,-9.150,2.461,0.441,-0.008,0.171,2.258,9.222,2.278
a,142534,0.000,-9.660,36.000,-9.660,2.549,-0.734,0.221,-0.592,1.799,9.632,1.902
a,142538,0.000,-9.942,36.000,-9.942,-0.176,0.273,-0.374,0.645,2.436,9.301,2.442
a,142542,0.000,-9.989,36.000,-9.989,-1.494,-0.826,0.053,0.293,1.869,9.661,1.797
a,142546,0.000,-9.799,36.000,-9.799,-2.109,0.090,-0.664,-0.791,2.229,9.325,2.400
a,142550,0.000,-9.377,36.000,-9.377,-3.032,-0.322,0.374,-0.088,2.015,9.528,2.158
a,142554,0.000,-8.731,36.000,-8.731,-3.604,0.136,-0.466,-1.554,2.113,9.507,1.976
a,142558,0.000,-7.877,36.000,-7.877,-4.438,0.044,0.130,0.477,1.999,9.246,2.301
a,142562,0.000,-6.835,36.000,-6.835,-4.658,-0.139,-0.481,-0.668,1.952,9.525,1.854
a,142566,0.000,-5.629,36.000,-5.629,-5.054,0.105,0.344,1.286,2.224,9.257,2.356
a,142570,0.000,-4.288,36.000,-4.288,-5.186,-0.108,-0.176,-0.088,1.936,9.717,1.923
a,142574,0.000,-2.843,36.000,-2.843,-5.713,0.457,-0.160,-1.462,2.229,9.318,2.318
a,142579,0.000,-1.329,36.000,-1.329,-5.273,-0.292,-0.069,-0.577,1.943,9.641,1.936
a,142582,0.000,0.217,36.000,0.217,-5.273,0.472,-0.099,0.125,2.116,9.324,2.279
a,142586,0.000,1.760,36.000,1.760,-3.560,-0.215,0.038,0.248,2.048,9.495,2.003
a,142590,0.000,3.261,36.000,3.261,-5.273,0.166,-0.069,-1.676,2.118,9.414,2.143
a,142594,0.000,4.684,36.000,4.684,-3.076,0.075,0.221,1.347,1.974,9.464,2.083
a,142598,0.000,5.996,36.000,5.996,-4.438,0.686,0.206,-0.974,2.116,9.315,2.144
a,142602,0.000,7.163,36.000,7.163,-3.560,-0.612,-0.114,-0.516,1.974,9.531,2.126
a,142607,0.000,8.159,36.000,8.159,-2.505,0.044,-0.771,-0.287,2.151,9.421,2.089
a,142610,0.000,8.957,36.000,8.957,-2.329,-0.368,0.283,2.217,2.021,9.507,2.139
a,142614,0.000,9.539,36.000,9.539,-0.352,0.029,-0.649,-0.394,2.089,9.589,2.204
a,142618,0.000,9.889,36.000,9.889,0.571,0.472,-0.557,-1.218,2.296,9.272,2.158
a,142622,0.000,10.000,36.000,10.000,2.373,-0.169,0.389,0.645,1.900,9.537,2.049
a,142626,0.000,9.867,36.000,9.867,3.208,-0.017,-0.206,0.461,2.188,9.382,2.273
a,142631,0.000,9.494,36.000,9.494,3.955,-0.001,-0.114,0.141,2.206,9.402,1.867
a,142635,0.000,8.889,36.000,8.889,4.878,-0.139,-0.160,-0.241,1.957,9.560,2.206
a,142639,0.000,8.066,36.000,8.066,6.812,0.136,-0.053,-1.203,2.107,9.433,2.219
a,142642,0.000,7.046,36.000,7.046,6.152,-0.826,-0.649,0.202,2.210,9.608,1.942
a,142646,0.000,5.852,36.000,5.852,8.130,-0.078,-0.328,-0.500,2.024,9.529,2.279
a,142650,0.000,4.514,36.000,4.514,6.328,0.258,0.420,-0.913,1.999,9.598,2.105
a,142654,0.000,3.065,36.000,3.065,6.636,-0.353,-0.511,-1.584,2.200,9.488,2.043
a,142658,0.000,1.539,36.000,1.539,6.328,-0.230,-0.282,-0.455,2.040,9.468,2.142
a,142663,0.000,-0.026,36.000,-0.026,9.053,-0.047,0.695,0.339,2.005,9.511,2.151
a,142667,0.000,-1.591,36.000,-1.591,9.009,-0.063,-0.221,-0.134,2.241,9.340,2.073
a,142670,0.000,-3.118,36.000,-3.118,9.448,-0.017,-0.389,-1.096,2.054,9.413,2.070
a,142674,0.000,-4.569,36.000,-4.569,5.493,-0.108,0.298,1.393,1.952,9.431,2.204
a,142679,0.000,-5.908,36.000,-5.908,8.130,0.090,-0.069,-0.256,2.273,9.449,2.058
a,142682,0.000,-7.101,36.000,-7.101,4.526,-0.597,-0.282,0.416,2.070,9.403,2.094
a,142686,0.000,-8.119,36.000,-8.119,2.769,0.228,-0.282,-1.890,2.030,9.361,2.252
a,142690,0.000,-8.935,36.000,-8.935,2.549,0.044,0.618,0.935,1.960,9.547,1.956
a,142694,0.000,-9.530,36.000,-9.530,1.802,-0.063,-0.985,-0.668,2.255,9.449,2.087
a,142698,0.000,-9.888,36.000,-9.888,-0.176,-0.383,-0.160,0.583,2.051,9.384,2.152
a,142702,0.000,-10.000,36.000,-10.000,-1.450,0.319,0.985,0.370,1.822,9.614,1.895
a,142706,0.000,-9.862,36.000,-9.862,-0.923,0.319,-0.588,0.080,2.393,9.181,2.318
a,142711,0.000,-9.477,36.000,-9.477,-2.944,-0.169,0.267,0.660,1.944,9.497,1.999
a,142714,0.000,-8.854,36.000,-8.854,-3.647,0.380,0.099,-0.210,1.986,9.424,2.152
a,142718,0.000,-8.010,36.000,-8.010,-4.438,0.090,0.267,-1.188,2.113,9.402,2.168
a,142722,0.000,-6.963,36.000,-6.963,-4.658,-0.108,-0.664,-0.012,2.128,9.566,1.902
a,142727,0.000,-5.741,36.000,-5.741,-5.142,0.533,0.206,-0.638,1.926,9.219,2.310
a,142731,0.000,-4.374,36.000,-4.374,-5.186,0.350,0.542,-0.714,2.052,9.692,2.010
a,142734,0.000,-2.895,36.000,-2.895,-5.186,0.182,-0.756,-1.294,2.319,9.428,2.166
a,142738,0.000,-1.343,36.000,-1.343,-5.186,0.166,0.008,1.057,1.920,9.454,2.105
a,142742,0.000,0.245,36.000,0.245,-2.988,0.411,0.389,-0.638,2.029,9.412,2.249
a,142746,0.000,1.827,36.000,1.827,-2.812,-0.368,0.115,2.003,2.213,9.512,1.994
a,142750,0.000,3.364,36.000,3.364,-2.900,-0.185,-0.450,-0.455,2.122,9.316,2.210
a,142755,0.000,4.817,36.000,4.817,-4.570,0.502,0.771,1.209,1.850,9.388,2.152
a,142758,0.000,6.148,36.000,6.148,-1.758,0.105,0.145,0.019,2.297,9.407,2.099
a,142762,0.000,7.324,36.000,7.324,-3.164,-0.383,0.099,-0.195,2.055,9.516,2.166
a,142766,0.000,8.314,36.000,8.314,-2.197,0.029,-0.099,-0.745,2.021,9.351,2.095
a,142770,0.000,9.093,36.000,9.093,0.352,-0.093,0.328,1.454,2.108,9.495,2.156
a,142775,0.000,9.640,36.000,9.640,-0.220,-0.704,-0.450,0.263,1.893,9.650,2.051
a,142779,0.000,9.940,36.000,9.940,1.318,0.594,-0.160,0.782,2.138,9.309,2.304
a,142783,0.000,9.987,36.000,9.987,2.461,-0.078,0.328,-0.684,2.193,9.600,1.822
a,142786,0.000,9.778,36.000,9.778,3.340,-0.322,-0.221,0.797,2.039,9.420,2.388
a,142790,0.000,9.317,36.000,9.317,4.570,0.334,-0.267,0.919,2.138,9.451,1.942
a,142794,0.000,8.617,36.000,8.617,8.921,0.319,0.832,0.767,2.132,9.250,2.083
a,142799,0.000,7.695,36.000,7.695,6.196,-0.704,-0.466,1.286,2.122,9.572,2.051
a,142803,0.000,6.573,36.000,6.573,6.680,0.044,0.023,0.965,2.095,9.290,2.295
a,142806,0.000,5.282,36.000,5.282,6.328,-0.185,0.420,-1.493,1.942,9.635,1.905
a,142811,0.000,3.853,36.000,3.853,6.943,-0.124,-0.176,-0.623,2.227,9.341,2.295
a,142815,0.000,2.323,36.000,2.323,6.768,-0.292,-0.252,0.583,2.002,9.443,1.975
a,142818,0.000,0.733,36.000,0.733,6.680,0.304,0.023,-1.844,2.073,9.366,2.172
a,142822,0.000,-0.878,36.000,-0.878,6.680,-0.185,0.053,0.125,2.082,9.538,2.124
a,142826,0.000,-2.467,36.000,-2.467,6.680,-0.230,-0.450,-0.882,2.175,9.454,2.072
a,142830,0.000,-3.993,36.000,-3.993,6.680,-0.169,0.069,1.133,2.009,9.431,2.083
a,142834,0.000,-5.416,36.000,-5.416,8.350,0.548,1.412,0.751,1.967,9.397,2.181
a,142838,0.000,-6.698,36.000,-6.698,4.790,-0.124,-1.046,-0.867,2.351,9.416,2.049
a,142842,0.000,-7.807,36.000,-7.807,4.614,-0.047,0.069,1.332,2.030,9.359,2.191
a,142846,0.000,-8.712,36.000,-8.712,3.120,-0.292,0.893,0.446,1.744,9.576,1.968
a,142850,0.000,-9.390,36.000,-9.390,3.164,0.334,-0.450,-0.088,2.552,9.379,2.418
a,142854,0.000,-9.822,36.000,-9.822,0.352,-0.795,-0.328,1.423,1.960,9.673,1.809
a,142858,0.000,-9.996,36.000,-9.996,-0.220,0.136,0.542,-0.714,1.842,9.408,2.349
a,142863,0.000,-9.909,36.000,-9.909,-1.714,-0.230,0.038,-1.004,2.334,9.394,2.234
a,142867,0.000,-9.560,36.000,-9.560,-2.856,-0.414,-0.221,-0.791,2.097,9.562,1.845
a,142870,0.000,-8.959,36.000,-8.959,-3.164,-0.063,-0.206,0.690,2.029,9.315,2.428
a,142874,0.000,-8.122,36.000,-8.122,-3.867,0.075,0.649,1.652,1.931,9.629,2.124
a,142878,0.000,-7.069,36.000,-7.069,-4.395,0.548,-0.328,0.583,2.328,9.345,2.060
a,142882,0.000,-5.829,36.000,-5.829,-5.054,-0.490,-0.176,-0.195,1.951,9.341,2.108
a,142886,0.000,-4.434,36.000,-4.434,-5.186,1.205,1.031,0.217,1.840,9.295,2.206
a,142890,0.000,-2.920,36.000,-2.920,-5.229,-0.185,-0.389,-1.050,2.362,9.339,2.031
a,142894,0.000,-1.328,36.000,-1.328,-5.273,-0.444,-1.107,-0.485,2.110,9.598,2.121
a,142898,0.000,0.301,36.000,0.301,-5.273,0.441,0.802,0.370,1.781,9.427,2.239
a,142903,0.000,1.922,36.000,1.922,-5.229,-0.383,-0.053,0.751,2.276,9.627,2.022
a,142907,0.000,3.494,36.000,3.494,-2.373,-0.276,-0.863,0.980,2.235,9.444,2.178
a,142910,0.000,4.973,36.000,4.973,-5.098,-0.001,0.313,0.141,1.778,9.379,2.152
a,142915,0.000,6.320,36.000,6.320,-3.867,0.258,-0.099,0.064,2.264,9.518,2.107
a,142918,0.000,7.499,36.000,7.499,-3.032,-0.047,-0.221,0.583,2.124,9.588,2.102
a,142922,0.000,8.478,36.000,8.478,-2.241,-0.185,-0.176,-0.348,2.005,9.546,2.112
a,142926,0.000,9.230,36.000,9.230,-1.582,0.686,1.244,-1.325,2.021,9.216,2.168
a,142930,0.000,9.735,36.000,9.735,3.252,-0.658,-0.542,0.553,2.067,9.659,1.966
a,142935,0.000,9.978,36.000,9.978,0.659,0.472,-0.588,0.187,2.309,9.250,2.315
a,142939,0.000,9.952,36.000,9.952,4.702,-0.383,1.076,-0.149,1.818,9.572,1.950
a,142942,0.000,9.658,36.000,9.658,3.252,0.090,-0.267,0.080,2.222,9.439,2.359
a,142946,0.000,9.103,36.000,9.103,6.987,-0.063,-0.771,-0.226,2.209,9.452,1.915
a,142950,0.000,8.302,36.000,8.302,5.537,-0.337,0.145,-0.684,1.869,9.650,2.218
a,142954,0.000,7.275,36.000,7.275,6.768,-0.276,0.008,0.858,2.222,9.473,2.213
a,142958,0.000,6.051,36.000,6.051,6.284,-0.215,-0.832,0.156,2.167,9.445,1.970
a,142963,0.000,4.661,36.000,4.661,6.724,0.182,0.283,1.225,1.895,9.391,2.073
a,142967,0.000,3.144,36.000,3.144,7.427,-0.353,0.221,-0.317,2.191,9.479,2.219
a,142970,0.000,1.540,36.000,1.540,6.768,0.060,-0.176,0.187,2.180,9.534,2.012
a,142975,0.000,-0.107,36.000,-0.107,8.745,-0.124,-0.069,-0.623,1.962,9.341,2.137
a,142979,0.000,-1.752,36.000,-1.752,6.812,0.258,0.710,-0.058,2.067,9.404,2.158
a,142982,0.000,-3.350,36.000,-3.350,6.680,-0.200,-0.588,-0.500,2.266,9.491,2.052
a,142986,0.000,-4.857,36.000,-4.857,9.536,-0.276,0.328,0.858,1.952,9.419,2.102
a,142990,0.000,-6.233,36.000,-6.233,8.130,0.365,-0.008,-0.256,2.149,9.363,2.225
a,142994,0.000,-7.438,36.000,-7.438,4.702,-0.811,-0.557,0.370,2.107,9.652,1.939
a,142998,0.000,-8.440,36.000,-8.440,3.384,0.258,-0.237,-0.424,2.188,9.266,2.318
a,143002,0.000,-9.210,36.000,-9.210,2.505,-0.215,0.817,0.461,1.804,9.580,1.964
a,143006,0.000,-9.728,36.000,-9.728,1.187,0.258,-0.496,-0.241,2.204,9.590,2.099
a,143010,0.000,-9.977,36.000,-9.977,-0.220,-0.658,-0.924,0.935,2.278,9.419,2.184
a,143014,0.000,-9.951,36.000,-9.951,-1.626,-0.230,0.817,-0.165,1.766,9.649,2.043
a,143018,0.000,-9.650,36.000,-9.650,-1.626,0.273,-0.099,0.522,2.151,9.468,2.249
a,143022,0.000,-9.082,36.000,-9.082,-3.076,0.044,-0.603,-0.882,2.255,9.424,2.120
a,143026,0.000,-8.262,36.000,-8.262,-3.867,0.075,0.053,-0.836,1.838,9.486,1.979
a,143031,0.000,-7.212,36.000,-7.212,-4.570,0.426,0.313,-0.974,2.167,9.366,2.318
a,143034,0.000,-5.960,36.000,-5.960,-5.054,-0.337,-0.481,-0.134,2.173,9.529,1.873
a,143038,0.000,-4.542,36.000,-4.542,-5.186,0.624,0.283,-0.317,1.957,9.315,2.170
a,143042,0.000,-2.997,36.000,-2.997,-5.273,0.182,0.283,-0.333,2.009,9.446,2.083
a,143046,0.000,-1.367,36.000,-1.367,-5.186,0.090,-0.282,-0.836,2.213,9.536,2.139
a,143050,0.000,0.302,36.000,0.302,-5.757,-0.063,-0.114,-0.409,1.949,9.452,2.057
a,143055,0.000,1.964,36.000,1.964,-3.076,0.380,0.374,-0.042,2.087,9.497,2.199
a,143059,0.000,3.572,36.000,3.572,-5.186,-0.063,-0.160,0.232,2.179,9.445,2.112
a,143062,0.000,5.081,36.000,5.081,-3.560,-0.185,0.145,-0.516,2.024,9.437,2.136
a,143066,0.000,6.448,36.000,6.448,-1.450,-0.307,0.221,-0.897,2.148,9.431,2.133
a,143070,0.000,7.634,36.000,7.634,-3.120,-0.292,0.038,-0.791,2.107,9.431,2.112
a,143074,0.000,8.607,36.000,8.607,-2.241,0.075,-0.542,-0.226,2.200,9.507,2.043
a,143079,0.000,9.338,36.000,9.338,0.659,0.823,0.542,0.446,2.070,9.194,2.162
a,143083,0.000,9.805,36.000,9.805,0.527,-0.719,-0.114,-0.348,1.844,9.676,2.057
a,143087,0.000,9.996,36.000,9.996,1.230,0.747,-0.343,-0.959,2.272,9.341,2.265
a,143090,0.000,9.904,36.000,9.904,2.109,-0.032,0.267,1.087,2.036,9.451,1.974
a,143094,0.000,9.531,36.000,9.531,3.208,-0.444,-0.099,0.141,1.984,9.402,2.352
a,143098,0.000,8.887,36.000,8.887,3.999,0.472,-0.496,-0.836,2.204,9.406,2.015
a,143102,0.000,7.991,36.000,7.991,4.790,-0.124,-0.008,-0.348,2.027,9.559,2.067
a,143106,0.000,6.867,36.000,6.867,5.933,-0.063,-0.374,0.202,2.138,9.505,2.257
a,143111,0.000,5.546,36.000,5.546,6.064,-0.444,-0.084,0.568,2.200,9.554,1.991
a,143115,0.000,4.067,36.000,4.067,6.152,0.060,-0.069,-0.027,1.964,9.312,2.003
a,143119,0.000,2.470,36.000,2.470,6.152,-0.276,0.588,0.171,2.014,9.409,2.216
a,143123,0.000,0.802,36.000,0.802,8.877,-0.063,0.130,0.919,2.210,9.436,2.035
a,143127,0.000,-0.891,36.000,-0.891,8.394,-0.200,-0.069,1.148,2.077,9.333,2.078
a,143131,0.000,-2.559,36.000,-2.559,6.152,-0.063,0.038,-0.470,1.992,9.477,2.213
a,143134,0.000,-4.154,36.000,-4.154,6.152,0.166,0.374,-1.676,2.107,9.431,2.085
a,143138,0.000,-5.631,36.000,-5.631,8.218,-0.063,-0.176,-0.409,2.255,9.397,2.029
a,143142,0.000,-6.947,36.000,-6.947,4.614,-0.398,-0.206,1.026,1.884,9.457,2.173
a,143146,0.000,-8.064,36.000,-8.064,4.702,0.411,0.221,-0.378,2.120,9.421,2.187
a,143150,0.000,-8.949,36.000,-8.949,2.637,-0.322,0.206,-0.195,2.102,9.418,1.986
a,143154,0.000,-9.575,36.000,-9.575,2.505,0.166,-0.481,0.538,2.182,9.248,2.257
a,143158,0.000,-9.926,36.000,-9.926,-0.176,-0.124,0.695,-0.806,2.008,9.416,2.166
a,143162,0.000,-9.988,36.000,-9.988,-1.406,-0.292,0.069,0.858,2.020,9.513,1.958
a,143166,0.000,-9.761,36.000,-9.761,-1.582,-0.292,-0.450,-0.668,2.320,9.388,2.295
a,143170,0.000,-9.251,36.000,-9.251,-2.988,0.044,0.771,0.125,1.851,9.505,1.891
a,143174,0.000,-8.471,36.000,-8.471,-3.032,0.319,-0.389,-0.684,2.235,9.480,2.191
a,143178,0.000,-7.444,36.000,-7.444,-3.999,0.060,0.527,0.278,2.042,9.436,2.239
a,143183,0.000,-6.199,36.000,-6.199,-4.482,0.426,0.145,-0.852,2.014,9.348,1.987
a,143186,0.000,-4.772,36.000,-4.772,-4.570,0.090,0.283,0.248,2.058,9.301,2.188
a,143190,0.000,-3.205,36.000,-3.205,-4.658,0.411,-0.099,-0.974,2.055,9.513,2.072
a,143194,0.000,-1.543,36.000,-1.543,-3.208,0.151,-0.114,-0.317,2.122,9.343,2.125
a,143199,0.000,0.165,36.000,0.165,-4.263,0.029,-0.053,-0.241,2.055,9.543,2.067
a,143203,0.000,1.870,36.000,1.870,-2.285,0.151,-0.267,0.171,2.099,9.359,2.203
a,143206,0.000,3.520,36.000,3.520,-2.241,-0.001,0.130,1.286,2.071,9.525,2.085
a,143210,0.000,5.068,36.000,5.068,-4.614,0.258,-0.160,-0.104,2.099,9.426,2.210
a,143214,0.000,6.468,36.000,6.468,-5.010,0.044,0.038,-0.470,2.102,9.440,2.041
a,143218,0.000,7.678,36.000,7.678,-3.560,-0.063,-0.267,0.064,2.066,9.469,2.126
a,143223,0.000,8.662,36.000,8.662,-2.461,0.258,-0.221,0.385,2.167,9.513,2.110
a,143227,0.000,9.390,36.000,9.390,-1.626,0.060,0.420,0.187,1.973,9.663,2.188
a,143231,0.000,9.841,36.000,9.841,-0.352,0.136,-0.863,-0.684,2.102,9.486,2.136
a,143234,0.000,10.000,36.000,10.000,1.318,0.060,0.115,0.477,2.253,9.337,2.066
a,143238,0.000,9.862,36.000,9.862,1.978,-0.551,0.527,-0.531,1.911,9.568,2.136
a,143242,0.000,9.431,36.000,9.431,2.769,-0.215,-0.664,0.263,2.194,9.463,2.156
a,143246,0.000,8.719,36.000,8.719,4.702,0.166,0.206,-0.210,2.091,9.416,1.981
a,143250,0.000,7.746,36.000,7.746,4.658,-0.337,-0.069,-0.241,1.958,9.503,2.139
a,143255,0.000,6.542,36.000,6.542,5.229,0.411,0.115,-0.531,2.138,9.233,2.242
a,143258,0.000,5.141,36.000,5.141,6.021,-0.612,-0.221,0.034,2.110,9.571,1.872
a,143262,0.000,3.586,36.000,3.586,6.064,0.060,-0.008,0.293,2.040,9.396,2.321
a,143267,0.000,1.922,36.000,1.922,8.086,-0.337,0.267,-0.409,2.023,9.437,2.112
a,143270,0.000,0.199,36.000,0.199,8.921,0.136,-0.221,-0.333,2.210,9.359,2.049
a,143274,0.000,-1.531,36.000,-1.531,8.130,-0.444,-0.252,-0.287,2.052,9.516,2.119
a,143278,0.000,-3.215,36.000,-3.215,8.921,0.105,0.099,0.019,2.014,9.391,2.162
a,143282,0.000,-4.805,36.000,-4.805,8.306,0.197,0.267,-0.424,2.136,9.424,2.072
a,143286,0.000,-6.250,36.000,-6.250,6.680,-0.215,-0.466,-0.485,2.191,9.455,2.081
a,143290,0.000,-7.507,36.000,-7.507,3.911,-0.124,0.771,0.278,1.884,9.359,2.241
a,143294,0.000,-8.538,36.000,-8.538,3.208,0.289,-0.725,-2.256,2.188,9.414,1.986
a,143298,0.000,-9.311,36.000,-9.311,2.109,-0.200,0.283,1.240,2.133,9.404,2.178
a,143302,0.000,-9.803,36.000,-9.803,0.615,-0.673,0.130,0.522,1.692,9.676,1.946
a,143306,0.000,-9.997,36.000,-9.997,0.703,0.533,-0.069,-0.699,2.411,9.236,2.423
a,143310,0.000,-9.887,36.000,-9.887,-1.626,-0.276,0.405,1.729,2.011,9.552,1.794
a,143315,0.000,-9.477,36.000,-9.477,-2.373,0.105,-0.237,-0.104,2.021,9.427,2.235
a,143318,0.000,-8.777,36.000,-8.777,-3.120,0.319,0.283,0.125,2.138,9.425,2.158
a,143322,0.000,-7.809,36.000,-7.809,-3.604,-0.230,-0.069,-0.577,2.015,9.601,1.852
a,143326,0.000,-6.602,36.000,-6.602,-3.823,0.365,-0.221,0.125,2.042,9.281,2.327
a,143330,0.000,-5.192,36.000,-5.192,-4.438,-0.215,-0.572,-0.165,1.990,9.626,2.035
a,143334,0.000,-3.622,36.000,-3.622,-4.526,0.212,-0.176,-0.210,2.194,9.353,2.211
a,143338,0.000,-1.939,36.000,-1.939,-4.482,0.334,0.221,0.461,1.926,9.369,2.060
a,143342,0.000,-0.197,36.000,-0.197,-4.482,0.487,-0.053,0.629,2.154,9.471,2.212
a,143346,0.000,1.553,36.000,1.553,-2.461,-0.017,-0.099,0.080,2.122,9.574,2.051
a,143351,0.000,3.257,36.000,3.257,-1.758,0.258,0.115,0.339,1.978,9.425,2.194
a,143354,0.000,4.861,36.000,4.861,-4.438,0.258,0.267,-1.081,2.060,9.461,2.158
a,143358,0.000,6.316,36.000,6.316,-1.494,-0.246,-0.588,-0.287,2.200,9.537,2.034
a,143362,0.000,7.576,36.000,7.576,-0.967,0.319,0.496,0.248,1.875,9.426,2.223
a,143366,0.000,8.603,36.000,8.603,-1.758,0.258,-0.343,-1.386,2.185,9.488,1.991
a,143370,0.000,9.364,36.000,9.364,-1.582,0.182,0.542,-0.439,2.169,9.286,2.181
a,143375,0.000,9.834,36.000,9.834,-0.308,-0.643,0.283,1.347,1.772,9.629,1.996
a,143379,0.000,10.000,36.000,10.000,1.099,0.487,-0.053,0.843,2.389,9.220,2.278
a,143382,0.000,9.854,36.000,9.854,2.461,-0.108,-0.069,0.034,2.097,9.495,1.828
a,143386,0.000,9.401,36.000,9.401,3.252,0.090,-0.237,-0.363,1.990,9.407,2.434
a,143390,0.000,8.655,36.000,8.655,4.570,-0.017,0.099,-0.241,2.161,9.419,1.960
a,143394,0.000,7.637,36.000,7.637,5.977,-0.124,0.344,0.645,2.138,9.418,2.179
a,143398,0.000,6.380,36.000,6.380,6.196,-0.429,-0.878,-0.180,2.128,9.631,2.162
a,143402,0.000,4.923,36.000,4.923,6.284,0.090,0.008,0.232,2.102,9.221,2.130
a,143407,0.000,3.310,36.000,3.310,6.064,0.166,0.481,0.263,1.988,9.470,1.921
a,143411,0.000,1.592,36.000,1.592,8.086,-0.078,-0.160,-0.836,2.242,9.361,2.283
a,143414,0.000,-0.177,36.000,-0.177,6.680,-0.368,-0.542,1.637,2.051,9.505,1.958
a,143419,0.000,-1.942,36.000,-1.942,8.921,0.182,0.328,-1.294,1.988,9.335,2.115
a,143423,0.000,-3.646,36.000,-3.646,6.328,-0.124,-0.084,0.919,2.170,9.500,2.146
a,143426,0.000,-5.237,36.000,-5.237,9.404,0.243,0.053,-0.317,2.046,9.392,2.095
a,143430,0.000,-6.663,36.000,-6.663,8.921,0.151,0.267,-0.485,2.122,9.333,2.043
a,143434,0.000,-7.879,36.000,-7.879,4.570,-0.627,0.328,-0.348,2.011,9.511,2.091
a,143438,0.000,-8.846,36.000,-8.846,5.493,0.090,-0.328,-0.073,2.271,9.339,2.242
a,143442,0.000,-9.533,36.000,-9.533,3.911,0.044,0.664,0.736,1.943,9.479,2.018
a,143446,0.000,-9.918,36.000,-9.918,2.637,0.090,-0.221,0.141,2.120,9.462,2.199
a,143450,0.000,-9.987,36.000,-9.987,-0.264,-0.139,-0.588,-0.394,2.257,9.394,2.152
a,143454,0.000,-9.738,36.000,-9.738,-1.538,-0.292,0.527,-0.485,1.864,9.631,1.918
a,143458,0.000,-9.179,36.000,-9.179,-0.747,0.151,-0.466,0.477,2.195,9.432,2.331
a,143462,0.000,-8.326,36.000,-8.326,-2.944,0.060,-0.237,0.080,2.170,9.476,2.131
a,143466,0.000,-7.206,36.000,-7.206,-3.516,0.029,-0.435,-0.455,2.024,9.437,1.942
a,143470,0.000,-5.854,36.000,-5.854,-3.252,0.319,0.817,-0.180,1.881,9.172,2.298
a,143474,0.000,-4.314,36.000,-4.314,-4.438,-0.139,-0.328,-1.203,2.155,9.475,1.918
a,143479,0.000,-2.635,36.000,-2.635,-4.526,0.029,-0.267,-0.424,2.099,9.436,2.278
a,143482,0.000,-0.870,36.000,-0.870,-3.032,0.365,0.221,0.064,1.900,9.517,2.091
a,143487,0.000,0.925,36.000,0.925,-4.526,0.151,-0.038,0.782,2.253,9.389,2.166
a,143490,0.000,2.691,36.000,2.691,-4.526,-0.108,-0.282,0.370,2.073,9.633,2.041
a,143494,0.000,4.371,36.000,4.371,-4.482,0.258,0.374,-0.806,1.937,9.335,2.249
a,143498,0.000,5.911,36.000,5.911,-0.747,0.166,0.435,0.736,2.120,9.410,2.110
a,143503,0.000,7.260,36.000,7.260,-2.373,-0.429,-0.832,-1.584,2.233,9.448,2.067
a,143507,0.000,8.376,36.000,8.376,-0.176,0.060,0.313,0.141,1.804,9.323,2.264
a,143510,0.000,9.220,36.000,9.220,1.274,-0.490,-0.343,0.309,2.110,9.689,2.039
a,143514,0.000,9.765,36.000,9.765,1.143,0.258,-0.771,-0.684,2.409,9.363,2.193
a,143518,0.000,9.993,36.000,9.993,1.934,-0.933,-0.084,0.736,1.707,9.576,2.081
a,143522,0.000,9.896,36.000,9.896,1.758,0.319,-0.359,0.950,2.154,9.414,2.331
a,143527,0.000,9.476,36.000,9.476,2.549,0.044,-0.557,-0.668,2.320,9.701,1.847
a,143531,0.000,8.746,36.000,8.746,3.384,-0.551,0.023,0.538,1.927,9.491,2.193
a,143535,0.000,7.730,36.000,7.730,4.570,-0.078,-0.160,-0.836,2.101,9.468,2.158
a,143538,0.000,6.460,36.000,6.460,5.493,-0.505,-0.267,0.354,2.128,9.647,2.004
a,143542,0.000,4.978,36.000,4.978,6.108,-0.688,-0.817,-0.577,2.204,9.436,2.096
a,143546,0.000,3.331,36.000,3.331,6.152,-0.398,-0.435,0.263,2.008,9.493,2.158
a,143550,0.000,1.573,36.000,1.573,6.680,0.136,0.496,-1.096,1.921,9.433,2.043
a,143554,0.000,-0.237,36.000,-0.237,6.240,-0.292,-0.649,-0.134,2.258,9.454,2.223
a,143559,0.000,-2.041,36.000,-2.041,9.536,-0.185,0.053,0.034,1.926,9.408,2.102
a,143563,0.000,-3.778,36.000,-3.778,6.592,0.350,0.283,-0.638,2.051,9.359,2.108
a,143566,0.000,-5.392,36.000,-5.392,6.108,0.090,0.405,0.477,2.114,9.455,2.133
a,143571,0.000,-6.829,36.000,-6.829,8.833,0.182,-0.588,1.240,2.138,9.397,2.120
a,143575,0.000,-8.040,36.000,-8.040,5.273,-0.826,-0.374,0.095,1.912,9.536,2.089
a,143578,0.000,-8.985,36.000,-8.985,3.164,0.319,-0.008,-1.020,2.224,9.439,2.336
a,143582,0.000,-9.633,36.000,-9.633,4.658,-0.688,-0.267,-0.531,2.017,9.640,1.939
a,143586,0.000,-9.960,36.000,-9.960,1.362,0.228,-0.725,-1.661,2.186,9.300,2.285
a,143590,0.000,-9.956,36.000,-9.956,-0.396,-0.017,0.267,-0.959,2.055,9.397,2.051
a,143594,0.000,-9.621,36.000,-9.621,-1.494,-0.032,0.160,-0.791,1.960,9.729,1.962
a,143598,0.000,-8.963,36.000,-8.963,-1.538,0.044,-0.969,-0.088,2.235,9.431,2.304
a,143602,0.000,-8.006,36.000,-8.006,-2.417,0.441,0.405,1.255,1.962,9.486,2.133
a,143606,0.000,-6.780,36.000,-6.780,-3.164,0.182,0.053,-0.500,2.101,9.414,2.034
a,143610,0.000,-5.326,36.000,-5.326,-4.438,0.105,0.786,1.316,1.974,9.329,2.231
a,143614,0.000,-3.693,36.000,-3.693,-4.351,0.075,-0.267,-0.531,2.085,9.590,2.035
a,143618,0.000,-1.934,36.000,-1.934,-3.779,0.121,0.115,1.118,2.073,9.390,2.160
a,143622,0.000,-0.109,36.000,-0.109,-2.988,0.365,0.420,-0.531,2.036,9.366,2.144
a,143626,0.000,1.720,36.000,1.720,-4.438,0.075,0.283,-0.424,2.182,9.448,2.133
a,143630,0.000,3.493,36.000,3.493,-4.526,0.090,0.130,0.690,2.051,9.554,2.099
a,143635,0.000,5.149,36.000,5.149,-1.670,0.304,0.115,-0.485,2.093,9.365,2.212
a,143638,0.000,6.632,36.000,6.632,-2.812,-0.276,0.115,0.965,2.128,9.431,2.009
a,143642,0.000,7.892,36.000,7.892,-1.538,0.197,0.695,-1.371,1.984,9.255,2.213
a,143646,0.000,8.884,36.000,8.884,-2.285,-0.383,-0.008,-0.088,2.132,9.559,2.023
a,143651,0.000,9.576,36.000,9.576,-0.088,0.747,-0.328,0.141,2.303,9.339,2.229
a,143654,0.000,9.942,36.000,9.942,-0.264,-1.147,-0.099,0.812,1.817,9.609,2.049
a,143658,0.000,9.970,36.000,9.970,1.143,0.426,0.115,0.156,2.333,9.281,2.314
a,143662,0.000,9.659,36.000,9.659,2.725,0.197,-0.343,-1.111,2.160,9.521,1.902
a,143666,0.000,9.017,36.000,9.017,3.208,-0.200,-0.099,1.179,1.955,9.448,2.346
a,143671,0.000,8.067,36.000,8.067,3.955,0.258,-0.069,-0.424,2.276,9.197,2.164
a,143675,0.000,6.840,36.000,6.840,4.746,-0.551,0.115,-0.104,1.998,9.507,1.908
a,143679,0.000,5.378,36.000,5.378,7.559,-0.169,-0.221,0.751,2.122,9.408,2.337
a,143682,0.000,3.731,36.000,3.731,6.108,-0.353,-0.267,-0.730,2.102,9.780,1.911
a,143686,0.000,1.954,36.000,1.954,6.152,0.090,0.023,0.477,2.083,9.418,2.173
a,143690,0.000,0.109,36.000,0.109,6.108,-0.337,-0.008,-0.791,1.974,9.635,2.076
a,143694,0.000,-1.741,36.000,-1.741,5.537,-0.032,0.053,-0.424,2.180,9.414,2.112
a,143699,0.000,-3.532,36.000,-3.532,8.877,-0.337,0.053,0.248,2.024,9.419,2.022
a,143703,0.000,-5.202,36.000,-5.202,6.284,0.014,0.710,1.393,2.035,9.309,2.162
a,143706,0.000,-6.694,36.000,-6.694,6.899,0.182,-0.160,-0.271,2.248,9.383,2.093
a,143710,0.000,-7.954,36.000,-7.954,6.680,-0.582,-0.496,-1.691,1.958,9.525,2.037
a,143715,0.000,-8.940,36.000,-8.940,3.296,0.350,-0.053,-1.249,2.124,9.258,2.267
a,143718,0.000,-9.616,36.000,-9.616,4.570,-0.505,0.267,-0.241,2.045,9.588,1.957
a,143722,0.000,-9.958,36.000,-9.958,1.187,-0.017,-0.588,-0.012,2.222,9.367,2.241
a,143726,0.000,-9.954,36.000,-9.954,-0.264,-0.017,-0.771,-0.821,2.245,9.321,2.271
a,143730,0.000,-9.603,36.000,-9.603,-1.494,-0.429,0.786,1.103,1.918,9.676,1.908
a,143734,0.000,-8.917,36.000,-8.917,-1.670,0.044,-0.664,-1.325,2.167,9.494,2.234
a,143738,0.000,-7.919,36.000,-7.919,-3.032,0.105,-0.359,0.049,2.138,9.376,2.138
a,143742,0.000,-6.643,36.000,-6.643,-3.691,0.197,0.115,-0.042,1.962,9.389,1.984
a,143746,0.000,-5.133,36.000,-5.133,-4.307,0.472,-0.267,0.278,2.180,9.328,2.399
a,143750,0.000,-3.442,36.000,-3.442,-3.604,-0.429,-0.237,0.248,2.102,9.486,1.962
a,143754,0.000,-1.630,36.000,-1.630,-4.570,0.350,-0.053,1.652,2.055,9.215,2.257
a,143758,0.000,0.241,36.000,0.241,-4.526,0.212,0.313,0.232,1.992,9.639,2.105
a,143763,0.000,2.105,36.000,2.105,-4.482,0.212,-0.496,0.187,2.233,9.432,2.181
a,143767,0.000,3.896,36.000,3.896,-1.670,-0.047,-0.160,0.583,2.011,9.485,2.043
a,143770,0.000,5.550,36.000,5.550,-1.055,0.350,0.252,-1.997,1.962,9.374,2.185
a,143774,0.000,7.009,36.000,7.009,-1.758,-0.322,-0.069,0.141,2.237,9.492,2.028
a,143778,0.000,8.221,36.000,8.221,-1.538,-0.124,0.008,-0.027,2.008,9.525,2.152
a,143782,0.000,9.143,36.000,9.143,-0.967,-0.078,-0.435,-0.455,2.085,9.439,2.121
a,143786,0.000,9.740,36.000,9.740,-1.538,0.258,0.695,-0.546,2.210,9.238,2.136
a,143790,0.000,9.992,36.000,9.992,-0.264,-0.169,0.115,0.858,1.787,9.524,2.022
a,143794,0.000,9.889,36.000,9.889,1.318,0.518,-0.053,-1.508,2.227,9.278,2.170
a,143799,0.000,9.433,36.000,9.433,2.637,-0.337,-0.267,0.034,2.279,9.776,1.835
a,143803,0.000,8.640,36.000,8.640,6.021,-0.383,0.283,0.690,2.017,9.401,2.312
a,143806,0.000,7.538,36.000,7.538,4.702,-0.414,-0.099,-1.218,2.011,9.556,2.006
a,143810,0.000,6.166,36.000,6.166,5.977,0.273,0.496,0.614,2.136,9.402,2.083
a,143814,0.000,4.572,36.000,4.572,6.152,-0.780,-0.160,0.034,2.126,9.476,2.058
a,143818,0.000,2.813,36.000,2.813,6.240,0.075,-0.221,-0.241,2.035,9.246,2.267
a,143822,0.000,0.952,36.000,0.952,6.240,-0.108,0.695,-0.149,1.957,9.578,1.911
a,143827,0.000,-0.944,36.000,-0.944,10.371,-0.169,-0.542,0.553,2.315,9.414,2.265
a,143831,0.000,-2.808,36.000,-2.808,6.240,-0.246,-0.053,-0.363,1.968,9.528,2.049
a,143835,0.000,-4.572,36.000,-4.572,9.492,0.136,0.008,-0.317,2.005,9.379,2.114
a,143838,0.000,-6.172,36.000,-6.172,8.965,-0.169,0.206,0.293,2.132,9.531,2.108
a,143842,0.000,-7.549,36.000,-7.549,5.273,-0.383,-0.939,0.049,2.229,9.534,2.112
a,143846,0.000,-8.655,36.000,-8.655,3.867,0.182,1.199,1.133,1.962,9.333,2.166
a,143850,0.000,-9.447,36.000,-9.447,5.449,-0.246,0.008,-1.340,1.982,9.606,1.972
a,143854,0.000,-9.898,36.000,-9.898,3.252,0.060,-0.252,1.133,2.421,9.330,2.285
a,143859,0.000,-9.989,36.000,-9.989,-0.088,-0.612,0.512,0.507,1.824,9.560,1.771
a,143863,0.000,-9.716,36.000,-9.716,-1.055,0.258,0.435,-0.058,1.924,9.286,2.270
a,143866,0.000,-9.090,36.000,-9.090,-0.967,-0.337,-0.176,-1.279,2.269,9.555,2.146
a,143871,0.000,-8.132,36.000,-8.132,-2.944,0.075,-0.099,1.286,2.051,9.483,1.943
a,143875,0.000,-6.876,36.000,-6.876,-3.164,0.212,-0.053,0.629,2.064,9.565,2.229
a,143878,0.000,-5.368,36.000,-5.368,-3.867,0.151,0.053,-0.149,2.029,9.403,2.162
a,143882,0.000,-3.662,36.000,-3.662,-3.691,-0.017,-0.557,-0.500,2.251,9.503,2.003
a,143886,0.000,-1.821,36.000,-1.821,-4.438,-0.185,-0.389,-0.226,2.029,9.521,2.307
a,143890,0.000,0.088,36.000,0.088,-4.526,0.472,0.374,-1.294,1.939,9.488,2.110
a,143894,0.000,1.995,36.000,1.995,-4.482,0.105,-0.176,-0.149,2.204,9.398,2.035
a,143898,0.000,3.830,36.000,3.830,-4.966,-0.444,-0.328,-0.088,2.015,9.483,2.112
a,143902,0.000,5.525,36.000,5.525,-1.494,0.487,0.313,-0.210,1.913,9.317,2.197
a,143906,0.000,7.017,36.000,7.017,-3.911,0.197,-0.008,-0.424,2.204,9.438,1.972
a,143910,0.000,8.251,36.000,8.251,-1.011,-0.169,0.298,1.240,2.073,9.404,2.228
a,143915,0.000,9.180,36.000,9.180,-2.241,-0.169,-0.008,0.141,2.099,9.588,2.023
a,143918,0.000,9.770,36.000,9.770,0.703,0.686,0.649,0.003,2.251,9.219,2.199
a,143922,0.000,9.998,36.000,9.998,-0.264,-0.169,-0.114,0.034,1.788,9.598,1.960
a,143926,0.000,9.854,36.000,9.854,1.318,0.304,-0.221,-0.638,2.273,9.227,2.210
a,143930,0.000,9.344,36.000,9.344,2.549,-0.139,-0.053,-0.623,2.195,9.758,1.832
a,143934,0.000,8.486,36.000,8.486,3.428,-0.108,0.053,0.797,2.061,9.543,2.419
a,143938,0.000,7.311,36.000,7.311,4.702,-0.704,-0.603,0.309,2.009,9.522,1.996
a,143942,0.000,5.862,36.000,5.862,8.877,0.151,0.588,-0.271,2.082,9.359,2.112
a,143946,0.000,4.193,36.000,4.193,6.108,-0.444,-0.252,0.629,2.155,9.632,2.162
a,143951,0.000,2.366,36.000,2.366,6.284,0.075,-0.267,-0.241,2.079,9.195,2.247
a,143955,0.000,0.449,36.000,0.449,6.284,0.029,0.710,-0.974,1.973,9.455,1.907
a,143958,0.000,-1.486,36.000,-1.486,8.262,0.105,-0.267,0.538,2.253,9.384,2.260
a,143963,0.000,-3.367,36.000,-3.367,6.284,-0.322,-0.710,0.874,2.089,9.519,2.006
a,143966,0.000,-5.121,36.000,-5.121,9.668,0.319,0.344,0.461,1.951,9.339,2.085
a,143970,0.000,-6.685,36.000,-6.685,6.064,0.075,0.389,-0.684,2.122,9.518,2.124
a,143974,0.000,-7.996,36.000,-7.996,4.834,-0.429,-1.214,0.171,2.289,9.480,2.076
a,143979,0.000,-9.007,36.000,-9.007,3.384,0.273,0.939,1.377,1.906,9.281,2.245
a,143983,0.000,-9.678,36.000,-9.678,5.405,0.060,0.527,0.278,1.937,9.571,1.993
a,143987,0.000,-9.982,36.000,-9.982,1.890,0.105,-0.710,0.965,2.549,9.349,2.425
a,143990,0.000,-9.908,36.000,-9.908,-0.044,-0.429,-0.114,-0.088,1.840,9.649,1.765
a,143994,0.000,-9.458,36.000,-9.458,-0.967,0.182,0.603,-0.439,1.879,9.324,2.410
a,143999,0.000,-8.648,36.000,-8.648,-1.758,-0.063,-0.160,0.187,2.313,9.497,2.150
a,144003,0.000,-7.508,36.000,-7.508,-2.461,-0.246,-0.267,-0.623,2.051,9.483,1.926
a,144006,0.000,-6.082,36.000,-6.082,-3.076,0.090,-0.008,-1.355,2.027,9.462,2.271
a,144011,0.000,-4.422,36.000,-4.422,-3.647,0.105,0.313,0.385,2.052,9.409,2.095
a,144014,0.000,-2.592,36.000,-2.592,-3.867,-0.063,-0.084,0.583,2.271,9.365,2.093
a,144018,0.000,-0.661,36.000,-0.661,-3.911,0.060,-0.252,1.133,2.004,9.568,2.197
a,144022,0.000,1.295,36.000,1.295,-1.802,0.304,0.283,-1.310,2.048,9.437,2.223
a,144026,0.000,3.204,36.000,3.204,-3.867,0.151,-0.008,-0.592,2.179,9.426,1.984
a,144030,0.000,4.990,36.000,4.990,-4.614,-0.169,0.176,1.164,2.054,9.400,2.195
a,144034,0.000,6.586,36.000,6.586,-0.923,0.212,0.542,0.507,2.015,9.359,2.131
a,144038,0.000,7.929,36.000,7.929,-3.604,-0.093,0.328,1.790,2.114,9.461,2.055
a,144042,0.000,8.967,36.000,8.967,-0.264,0.197,-0.069,-1.126,2.201,9.407,2.206
a,144046,0.000,9.660,36.000,9.660,-0.220,-0.261,0.328,2.049,1.815,9.509,2.004
a,144050,0.000,9.979,36.000,9.979,1.890,0.472,0.069,0.522,2.206,9.249,2.118
a,144055,0.000,9.912,36.000,9.912,0.659,0.273,0.038,0.232,2.344,9.318,1.978
a,144058,0.000,9.461,36.000,9.461,2.065,-0.353,0.603,-0.256,1.943,9.457,2.254
a,144062,0.000,8.642,36.000,8.642,3.208,-0.337,-0.343,-0.394,1.996,9.616,2.057
a,144066,0.000,7.487,36.000,7.487,4.087,0.334,-0.008,0.125,2.263,9.486,2.015
a,144070,0.000,6.040,36.000,6.040,5.361,-0.917,-0.099,1.072,1.955,9.555,2.212
a,144074,0.000,4.356,36.000,4.356,6.108,0.319,-0.282,-0.684,2.185,9.489,2.124
a,144078,0.000,2.501,36.000,2.501,6.196,-0.444,-0.145,0.858,2.161,9.556,2.028
a,144082,0.000,0.547,36.000,0.547,6.240,-0.139,0.221,-0.470,1.931,9.386,2.191
a,144086,0.000,-1.429,36.000,-1.429,7.603,-0.230,-0.099,0.339,2.148,9.436,2.143
a,144090,0.000,-3.351,36.000,-3.351,8.174,-0.292,-0.374,0.141,2.073,9.468,1.973
a,144094,0.000,-5.142,36.000,-5.142,9.536,0.166,-0.176,-0.149,1.968,9.412,2.234
a,144098,0.000,-6.733,36.000,-6.733,8.789,0.594,0.786,1.255,2.145,9.416,2.078
a,144103,0.000,-8.060,36.000,-8.060,5.317,-0.521,-0.160,1.240,1.992,9.497,2.004
a,144106,0.000,-9.070,36.000,-9.070,4.834,0.380,0.038,-0.104,2.142,9.380,2.310
a,144110,0.000,-9.723,36.000,-9.723,2.549,-0.337,0.603,0.125,1.993,9.529,2.006
a,144114,0.000,-9.993,36.000,-9.993,0.703,0.044,-0.924,-0.180,2.235,9.342,2.168
a,144118,0.000,-9.868,36.000,-9.868,-0.220,-0.063,-0.496,-0.287,2.188,9.251,2.330
a,144122,0.000,-9.352,36.000,-9.352,-1.450,0.044,0.542,0.171,1.830,9.625,1.899
a,144126,0.000,-8.466,36.000,-8.466,-2.153,0.182,-0.618,-1.661,2.302,9.442,2.295
a,144131,0.000,-7.242,36.000,-7.242,-2.900,-0.185,0.420,-0.302,1.933,9.483,2.110
a,144135,0.000,-5.730,36.000,-5.730,-3.164,0.411,-0.160,-0.699,2.139,9.342,2.131
a,144138,0.000,-3.989,36.000,-3.989,-3.647,-0.276,0.328,0.645,1.999,9.354,2.175
a,144142,0.000,-2.088,36.000,-2.088,-3.823,0.350,0.023,-1.722,2.071,9.409,2.039
a,144146,0.000,-0.103,36.000,-0.103,-3.911,-0.017,-0.176,-1.447,2.073,9.370,2.112
a,144151,0.000,1.888,36.000,1.888,-1.758,0.121,0.206,-1.676,1.999,9.489,2.143
a,144154,0.000,3.805,36.000,3.805,-1.494,-0.124,-0.481,0.309,2.182,9.445,2.101
a,144159,0.000,5.571,36.000,5.571,-1.670,0.075,0.053,-0.317,2.039,9.537,2.067
a,144162,0.000,7.114,36.000,7.114,-0.923,0.044,-0.267,-0.088,2.102,9.450,2.193
a,144166,0.000,8.373,36.000,8.373,-0.220,0.044,0.618,0.843,2.046,9.558,2.115
a,144170,0.000,9.295,36.000,9.295,-2.329,-0.200,-0.924,-1.050,2.302,9.469,2.010
a,144174,0.000,9.844,36.000,9.844,-1.538,-0.398,0.160,-0.134,1.988,9.432,2.278
a,144178,0.000,9.997,36.000,9.997,-0.352,-0.429,-0.847,1.347,2.005,9.663,2.112
a,144182,0.000,9.746,36.000,9.746,1.099,0.243,-0.267,-0.760,2.371,9.246,2.188
a,144186,0.000,9.101,36.000,9.101,1.978,-0.826,0.221,0.339,1.897,9.603,2.018
a,144190,0.000,8.088,36.000,8.088,2.769,0.044,-0.114,-0.516,2.029,9.351,2.331
a,144194,0.000,6.745,36.000,6.745,3.384,0.105,0.435,0.736,2.132,9.409,1.926
a,144198,0.000,5.129,36.000,5.129,4.131,-0.322,-0.496,-0.119,2.116,9.597,2.130
a,144202,0.000,3.303,36.000,3.303,4.570,-0.230,-0.542,0.248,2.020,9.307,2.364
a,144207,0.000,1.341,36.000,1.341,4.790,0.060,0.313,0.080,1.978,9.337,1.920
a,144210,0.000,-0.676,36.000,-0.676,4.878,0.060,-0.588,0.599,2.260,9.287,2.191
a,144214,0.000,-2.668,36.000,-2.668,6.680,-0.337,-0.343,-0.943,1.957,9.454,2.114
a,144218,0.000,-4.551,36.000,-4.551,7.690,0.441,0.450,1.148,2.066,9.382,2.150
a,144222,0.000,-6.250,36.000,-6.250,8.306,-0.230,-0.328,0.416,2.145,9.476,2.058
a,144226,0.000,-7.694,36.000,-7.694,5.933,-0.200,-0.481,-0.333,2.082,9.436,2.184
a,144230,0.000,-8.823,36.000,-8.823,5.273,0.243,0.496,-0.760,2.045,9.357,2.124
a,144234,0.000,-9.591,36.000,-9.591,5.581,-0.719,-0.771,-1.371,2.108,9.651,1.999
a,144238,0.000,-9.965,36.000,-9.965,4.570,0.289,-0.099,1.713,2.191,9.438,2.298
a,144242,0.000,-9.929,36.000,-9.929,0.527,-0.215,0.420,0.492,1.817,9.507,1.830
a,144246,0.000,-9.484,36.000,-9.484,-0.396,0.090,-0.496,-0.409,2.340,9.297,2.389
a,144251,0.000,-8.647,36.000,-8.647,0.352,-0.169,0.008,0.538,2.036,9.452,2.064
a,144255,0.000,-7.452,36.000,-7.452,-2.153,0.182,-0.160,-0.867,1.990,9.457,2.096
a,144258,0.000,-5.949,36.000,-5.949,-2.549,-0.093,0.985,1.118,2.099,9.291,2.310
a,144262,0.000,-4.198,36.000,-4.198,-2.900,-0.215,-0.450,-0.073,2.110,9.688,1.832
a,144266,0.000,-2.271,36.000,-2.271,-3.604,0.258,-0.145,0.568,2.077,9.207,2.377
a,144270,0.000,-0.249,36.000,-0.249,-3.647,-0.124,0.008,0.248,1.967,9.591,1.946
a,144274,0.000,1.784,36.000,1.784,-2.153,0.105,-0.557,-0.134,2.350,9.354,2.333
a,144279,0.000,3.745,36.000,3.745,-3.604,-0.337,-0.267,-0.195,1.865,9.565,1.930
a,144283,0.000,5.551,36.000,5.551,-0.703,0.136,-0.053,-0.760,2.101,9.394,2.258
a,144286,0.000,7.126,36.000,7.126,-0.791,-0.612,-0.328,0.187,2.185,9.661,2.057
a,144290,0.000,8.404,36.000,8.404,-3.076,0.258,-0.282,-0.791,2.015,9.438,2.191
a,144294,0.000,9.331,36.000,9.331,-2.197,-0.230,-0.008,-1.065,2.051,9.558,2.087
a,144299,0.000,9.868,36.000,9.868,1.362,0.808,-0.389,-1.447,2.264,9.363,2.130
a,144303,0.000,9.991,36.000,9.991,-0.220,-0.979,-0.420,1.454,1.921,9.548,2.095
a,144307,0.000,9.694,36.000,9.694,1.714,0.869,0.130,0.553,2.233,9.199,2.249
a,144311,0.000,8.989,36.000,8.989,2.461,-0.124,-0.069,-1.004,2.201,9.546,1.943
a,144314,0.000,7.905,36.000,7.905,3.164,-0.398,-0.160,0.278,2.061,9.571,2.296
a,144318,0.000,6.486,36.000,6.486,3.867,0.044,-0.664,-0.226,2.144,9.438,2.049
a,144322,0.000,4.793,36.000,4.793,4.570,-0.429,-0.114,0.141,2.027,9.592,1.942
a,144326,0.000,2.895,36.000,2.895,6.855,-0.124,0.160,0.034,2.107,9.421,2.346
a,144330,0.000,0.874,36.000,0.874,5.317,-0.398,-1.015,0.706,2.095,9.647,1.864
a,144334,0.000,-1.185,36.000,-1.185,5.317,0.090,-0.221,0.248,2.073,9.278,2.229
a,144338,0.000,-3.196,36.000,-3.196,7.427,-0.536,0.115,0.645,1.949,9.552,2.005
a,144342,0.000,-5.071,36.000,-5.071,8.174,0.044,-0.206,1.057,2.206,9.371,2.234
a,144346,0.000,-6.733,36.000,-6.733,8.921,-0.230,0.130,0.645,2.046,9.494,1.972
a,144350,0.000,-8.108,36.000,-8.108,6.812,0.441,0.847,0.339,1.915,9.275,2.222
a,144354,0.000,-9.138,36.000,-9.138,3.384,-0.169,0.145,0.080,2.240,9.395,2.066
a,144358,0.000,-9.778,36.000,-9.778,3.252,-0.292,-0.450,-0.333,1.990,9.476,1.966
a,144362,0.000,-10.000,36.000,-10.000,4.131,0.075,-0.435,-1.096,2.064,9.369,2.194
a,144366,0.000,-9.794,36.000,-9.794,0.703,-0.017,0.237,0.782,2.204,9.348,2.097
a,144371,0.000,-9.167,36.000,-9.167,-1.450,-0.322,-0.206,1.332,1.999,9.720,1.878
a,144374,0.000,-8.146,36.000,-8.146,-1.758,0.258,-0.649,0.293,2.148,9.357,2.343
a,144378,0.000,-6.774,36.000,-6.774,-2.505,0.487,0.756,-0.165,1.912,9.418,1.961
a,144382,0.000,-5.109,36.000,-5.109,-3.164,0.090,-0.817,-0.012,2.213,9.500,2.072
a,144386,0.000,-3.223,36.000,-3.223,-3.735,-0.185,-0.267,0.354,2.054,9.462,2.228
a,144390,0.000,-1.196,36.000,-1.196,-2.549,0.670,1.031,-0.928,1.988,9.354,2.039
a,144394,0.000,0.884,36.000,0.884,-3.867,-0.139,-0.053,-0.684,2.170,9.494,2.112
a,144399,0.000,2.926,36.000,2.926,-3.823,-0.108,-0.099,0.583,2.061,9.439,2.193
a,144403,0.000,4.843,36.000,4.843,-2.373,0.243,0.115,-1.249,1.980,9.383,2.072
a,144406,0.000,6.552,36.000,6.552,-3.911,-0.047,0.221,0.645,2.160,9.416,2.146
a,144410,0.000,7.976,36.000,7.976,-1.055,-0.490,-0.817,0.599,2.188,9.402,2.108
a,144414,0.000,9.054,36.000,9.054,-0.132,0.212,0.985,0.828,1.859,9.307,2.204
a,144418,0.000,9.738,36.000,9.738,-0.967,-0.292,-0.160,0.064,2.219,9.427,2.060
a,144422,0.000,9.998,36.000,9.998,0.615,0.594,-0.389,-0.027,2.391,9.421,2.137
a,144427,0.000,9.821,36.000,9.821,-0.044,0.258,0.786,0.721,1.731,9.457,2.089
a,144431,0.000,9.214,36.000,9.214,1.934,0.426,0.695,-0.989,1.897,9.367,2.228
a,144435,0.000,8.203,36.000,8.203,2.681,-0.215,-0.557,0.416,2.371,9.293,1.872
a,144438,0.000,6.832,36.000,6.832,3.208,-0.536,-0.176,0.354,1.952,9.440,2.257
a,144442,0.000,5.159,36.000,5.159,4.175,0.151,-0.069,-0.913,2.076,9.615,2.146
a,144446,0.000,3.259,36.000,3.259,4.834,-0.429,0.099,-0.134,2.169,9.499,1.996
a,144451,0.000,1.214,36.000,1.214,5.625,-0.185,-0.053,0.080,2.079,9.295,1.972
a,144455,0.000,-0.886,36.000,-0.886,7.427,0.060,-0.313,1.194,2.046,9.268,2.320
a,144459,0.000,-2.948,36.000,-2.948,5.625,-0.169,-0.282,0.095,2.051,9.487,1.936
a,144463,0.000,-4.882,36.000,-4.882,8.833,0.212,-0.343,0.293,2.093,9.363,2.239
a,144466,0.000,-6.600,36.000,-6.600,8.130,-0.185,-0.603,-0.500,2.118,9.516,2.049
a,144470,0.000,-8.027,36.000,-8.027,6.064,0.060,0.130,1.164,2.002,9.491,2.120
a,144474,0.000,-9.098,36.000,-9.098,4.922,0.090,0.130,0.477,2.164,9.397,2.184
a,144478,0.000,-9.766,36.000,-9.766,2.505,-0.292,0.298,0.858,1.993,9.436,1.993
a,144482,0.000,-10.000,36.000,-10.000,0.659,0.334,-0.496,-0.134,2.224,9.319,2.203
a,144486,0.000,-9.788,36.000,-9.788,-0.176,0.273,-0.176,0.385,2.170,9.345,2.178
a,144490,0.000,-9.140,36.000,-9.140,0.483,-0.063,0.725,0.782,1.951,9.497,1.957
a,144494,0.000,-8.082,36.000,-8.082,-0.308,0.624,-0.542,-1.279,2.235,9.282,2.370
a,144498,0.000,-6.663,36.000,-6.663,-2.373,0.090,0.924,0.217,1.912,9.504,1.952
a,144502,0.000,-4.944,36.000,-4.944,-2.988,0.869,0.221,-0.058,2.155,9.175,2.233
a,144506,0.000,-3.002,36.000,-3.002,-3.120,-0.108,0.053,1.026,2.055,9.552,2.155
a,144511,0.000,-0.924,36.000,-0.924,-3.208,0.350,0.283,-0.806,1.984,9.525,2.073
a,144514,0.000,1.196,36.000,1.196,-2.329,0.029,-0.649,-0.836,2.201,9.534,2.095
a,144518,0.000,3.264,36.000,3.264,-0.879,-0.124,-0.145,0.690,2.113,9.513,2.187
a,144522,0.000,5.187,36.000,5.187,-0.835,0.166,0.145,0.019,1.949,9.398,2.096
a,144526,0.000,6.876,36.000,6.876,-3.208,-0.078,0.160,-0.302,2.180,9.475,2.047
a,144530,0.000,8.256,36.000,8.256,-0.308,0.075,-0.267,-1.188,2.048,9.389,2.136
a,144534,0.000,9.263,36.000,9.263,0.659,0.533,0.420,-1.462,1.996,9.325,2.051
a,144538,0.000,9.851,36.000,9.851,0.439,-0.261,0.496,1.545,2.036,9.462,2.185
a,144542,0.000,9.992,36.000,9.992,1.230,0.350,-0.267,-1.126,2.269,9.446,2.028
a,144546,0.000,9.679,36.000,9.679,0.352,0.090,0.512,0.736,2.029,9.446,2.149
a,144550,0.000,8.926,36.000,8.926,1.934,0.258,0.481,-0.607,1.879,9.448,2.216
a,144555,0.000,7.766,36.000,7.766,3.164,-0.063,-0.588,0.095,2.356,9.389,2.037
a,144558,0.000,6.250,36.000,6.250,3.428,-0.521,-0.267,-0.577,2.070,9.461,2.085
a,144562,0.000,4.449,36.000,4.449,4.526,-0.307,-0.481,1.255,2.045,9.576,2.260
a,144566,0.000,2.442,36.000,2.442,5.317,-0.124,0.664,0.675,2.180,9.239,2.160
a,144570,0.000,0.323,36.000,0.323,5.405,-0.627,-0.863,-0.943,2.139,9.459,2.010
a,144574,0.000,-1.813,36.000,-1.813,8.130,-0.292,-0.282,-0.607,2.095,9.245,2.344
a,144578,0.000,-3.866,36.000,-3.866,8.262,-0.261,0.160,1.729,1.968,9.509,1.923
a,144583,0.000,-5.744,36.000,-5.744,8.789,0.151,0.008,0.278,2.194,9.390,2.179
a,144587,0.000,-7.358,36.000,-7.358,8.350,-0.215,-0.053,0.645,2.066,9.449,2.058
a,144591,0.000,-8.634,36.000,-8.634,4.526,0.426,0.267,-1.401,1.962,9.244,2.115
a,144594,0.000,-9.512,36.000,-9.512,5.361,0.533,0.237,0.736,2.169,9.330,2.203
a,144598,0.000,-9.952,36.000,-9.952,4.175,-0.047,0.206,0.187,1.970,9.573,1.950
a,144603,0.000,-9.931,36.000,-9.931,2.065,0.075,-0.221,-0.897,2.099,9.330,2.239
a,144607,0.000,-9.450,36.000,-9.450,-0.308,-0.185,-0.343,-0.287,2.253,9.361,2.130
a,144611,0.000,-8.531,36.000,-8.531,-1.494,0.044,0.316,-0.806,1.913,9.615,1.960
a,144615,0.000,-7.214,36.000,-7.214,-0.835,0.151,-0.615,-0.806,2.163,9.612,2.280
a,144618,0.000,-5.561,36.000,-5.561,-2.856,0.166,0.484,0.843,2.002,9.448,2.142
a,144622,0.000,-3.649,36.000,-3.649,-3.120,0.350,-0.142,-1.661,2.144,9.335,2.063
a,144626,0.000,-1.564,36.000,-1.564,-3.560,0.121,-0.142,0.263,2.051,9.422,2.381
a,144630,0.000,0.594,36.000,0.594,-1.055,0.426,0.194,-0.348,2.066,9.433,1.997
a,144634,0.000,2.726,36.000,2.726,-3.823,-0.200,-0.035,0.385,2.124,9.358,2.136
a,144638,0.000,4.732,36.000,4.732,-3.647,-0.215,0.163,0.721,1.943,9.542,2.152
a,144642,0.000,6.518,36.000,6.518,-0.879,0.273,0.484,0.858,2.114,9.379,2.085
a,144646,0.000,7.998,36.000,7.998,-0.220,-0.353,-0.401,1.606,2.160,9.524,2.102
a,144650,0.000,9.104,36.000,9.104,-3.120,0.060,0.744,0.202,1.895,9.408,2.249
a,144654,0.000,9.782,36.000,9.782,-2.241,0.365,-0.127,-0.241,2.241,9.558,2.003
a,144659,0.000,10.000,36.000,10.000,3.208,0.762,0.408,-0.821,2.198,9.118,2.170
a,144663,0.000,9.745,36.000,9.745,0.659,-1.253,0.194,0.080,1.742,9.600,2.089
a,144666,0.000,9.031,36.000,9.031,1.230,0.823,0.469,0.171,2.229,9.364,2.274
a,144670,0.000,7.888,36.000,7.888,2.065,-0.398,-0.401,-1.142,2.130,9.583,1.835
a,144674,0.000,6.372,36.000,6.372,3.164,-0.383,-0.447,0.293,2.060,9.537,2.393
a,144678,0.000,4.552,36.000,4.552,3.823,0.060,0.026,-1.188,2.073,9.419,2.063
a,144682,0.000,2.515,36.000,2.515,4.526,-0.490,-0.539,0.797,2.224,9.606,2.034
a,144686,0.000,0.357,36.000,0.357,4.790,-0.200,0.270,1.820,2.058,9.304,2.296
a,144690,0.000,-1.820,36.000,-1.820,7.471,-0.322,-0.417,-0.958,2.040,9.456,1.914
a,144694,0.000,-3.911,36.000,-3.911,7.471,0.121,0.163,1.438,2.164,9.330,2.260
a,144699,0.000,-5.817,36.000,-5.817,7.559,-0.398,-0.340,-0.363,1.980,9.469,2.058
a,144703,0.000,-7.446,36.000,-7.446,8.262,-0.200,-0.463,-0.088,2.194,9.422,2.193
a,144706,0.000,-8.719,36.000,-8.719,4.570,-0.582,-0.676,1.072,1.986,9.597,2.060
a,144710,0.000,-9.576,36.000,-9.576,4.790,0.441,-0.081,-1.096,2.209,9.330,2.242
a,144715,0.000,-9.974,36.000,-9.974,1.934,-0.322,0.484,1.072,1.936,9.529,2.009
a,144718,0.000,-9.892,36.000,-9.892,2.065,0.151,-0.340,-1.081,2.124,9.318,2.194
a,144722,0.000,-9.335,36.000,-9.335,-0.264,0.014,-0.142,0.385,2.219,9.371,2.099
a,144726,0.000,-8.328,36.000,-8.328,2.637,-0.292,0.194,1.652,1.939,9.598,1.936
a,144731,0.000,-6.918,36.000,-6.918,-1.011,-0.078,-0.310,-1.615,2.179,9.494,2.307
a,144735,0.000,-5.174,36.000,-5.174,-2.812,0.105,0.744,0.248,2.024,9.583,2.188
a,144738,0.000,-3.178,36.000,-3.178,-2.988,0.258,-0.508,-0.867,2.142,9.440,2.003
a,144742,0.000,-1.026,36.000,-1.026,-3.164,0.105,0.041,-0.104,2.073,9.386,2.320
a,144746,0.000,1.176,36.000,1.176,-3.516,0.487,0.683,0.034,1.964,9.281,2.070
a,144751,0.000,3.322,36.000,3.322,-3.560,-0.169,-0.111,0.812,2.225,9.498,2.149
a,144754,0.000,5.309,36.000,5.309,-0.396,-0.047,0.087,0.263,2.029,9.499,2.103
a,144759,0.000,7.038,36.000,7.038,-0.791,0.182,0.179,-0.180,2.029,9.346,2.131
a,144763,0.000,8.426,36.000,8.426,1.758,0.166,0.408,-0.226,2.175,9.349,2.076
a,144766,0.000,9.403,36.000,9.403,0.439,0.105,0.087,-0.012,1.968,9.300,2.156
a,144770,0.000,9.921,36.000,9.921,-2.197,0.182,-0.356,-0.165,2.200,9.437,2.051
a,144774,0.000,9.954,36.000,9.954,1.274,0.823,0.621,-0.791,2.180,9.129,2.212
a,144778,0.000,9.500,36.000,9.500,-0.132,-0.643,0.408,0.385,1.826,9.558,2.020
a,144782,0.000,8.579,36.000,8.579,1.670,0.105,-0.234,0.431,2.193,9.324,2.304
a,144786,0.000,7.236,36.000,7.236,2.461,-0.215,-0.081,-1.188,2.120,9.628,1.816
a,144790,0.000,5.537,36.000,5.537,3.208,-0.658,-0.249,-0.363,2.079,9.479,2.259
a,144794,0.000,3.563,36.000,3.563,5.273,-0.307,-0.630,-0.149,2.102,9.483,2.096
a,144798,0.000,1.413,36.000,1.413,4.570,-0.429,-0.004,0.553,2.170,9.461,1.926
a,144802,0.000,-0.808,36.000,-0.808,4.790,-0.200,0.072,0.324,2.070,9.473,2.245
a,144806,0.000,-2.991,36.000,-2.991,7.646,-0.398,-0.234,-0.775,2.101,9.580,1.993
a,144810,0.000,-5.027,36.000,-5.027,4.878,0.228,0.148,0.660,2.108,9.335,2.124
a,144814,0.000,-6.816,36.000,-6.816,4.790,0.060,0.270,0.553,1.896,9.450,2.109
a,144819,0.000,-8.267,36.000,-8.267,6.064,-0.124,-0.447,-1.020,2.237,9.396,2.139
a,144822,0.000,-9.308,36.000,-9.308,6.987,-0.460,-0.066,1.652,1.992,9.406,2.009
a,144826,0.000,-9.887,36.000,-9.887,4.614,0.029,-0.203,-2.027,2.097,9.428,2.144
a,144830,0.000,-9.973,36.000,-9.973,1.978,-0.017,0.469,-0.623,2.200,9.311,2.199
a,144834,0.000,-9.562,36.000,-9.562,0.571,-0.551,0.041,-0.607,1.853,9.637,1.872
a,144838,0.000,-8.673,36.000,-8.673,-0.396,0.197,-0.447,-0.317,2.241,9.400,2.533
a,144842,0.000,-7.350,36.000,-7.350,-1.582,0.090,-0.020,-0.974,2.039,9.595,1.918
a,144846,0.000,-5.657,36.000,-5.657,-2.241,-0.032,-0.432,1.393,2.133,9.410,2.170
a,144850,0.000,-3.680,36.000,-3.680,-2.461,0.029,0.194,1.209,2.058,9.304,2.342
a,144855,0.000,-1.517,36.000,-1.517,-2.944,0.060,-0.722,0.385,2.178,9.618,1.964
a,144858,0.000,0.724,36.000,0.724,-3.032,-0.292,-0.234,-0.500,2.130,9.483,2.312
a,144863,0.000,2.930,36.000,2.930,-1.011,-0.017,0.087,-0.714,1.936,9.558,2.064
a,144866,0.000,4.990,36.000,4.990,-0.176,-0.032,0.255,1.057,2.193,9.361,2.156
a,144870,0.000,6.799,36.000,6.799,-0.088,-0.047,-0.295,0.385,2.085,9.561,2.022
a,144874,0.000,8.265,36.000,8.265,-3.032,0.197,0.041,-0.882,1.976,9.357,2.254
a,144878,0.000,9.315,36.000,9.315,-0.308,0.044,0.316,-0.287,2.157,9.542,2.011
a,144883,0.000,9.892,36.000,9.892,0.000,-0.429,0.026,-0.485,1.978,9.487,2.115
a,144887,0.000,9.969,36.000,9.969,1.187,-0.230,-0.554,-0.485,2.138,9.378,2.110
a,144890,0.000,9.539,36.000,9.539,3.296,0.060,0.744,0.202,2.048,9.343,2.156
a,144894,0.000,8.623,36.000,8.623,1.890,-0.078,0.255,1.271,1.943,9.437,2.072
a,144898,0.000,7.268,36.000,7.268,2.637,0.319,-0.722,-0.546,2.264,9.238,2.083
a,144902,0.000,5.541,36.000,5.541,3.384,-0.658,0.087,0.171,1.998,9.509,2.012
a,144906,0.000,3.529,36.000,3.529,4.087,-0.185,-0.676,-0.791,2.225,9.594,2.326
a,144911,0.000,1.337,36.000,1.337,4.790,-0.276,0.209,0.812,1.993,9.354,2.012
a,144915,0.000,-0.926,36.000,-0.926,7.383,-0.032,-0.142,-2.119,2.079,9.560,2.078
a,144918,0.000,-3.143,36.000,-3.143,7.646,-0.108,-0.356,-1.126,2.222,9.349,2.289
a,144923,0.000,-5.200,36.000,-5.200,8.042,-0.047,0.331,0.812,1.875,9.450,1.950
a,144927,0.000,-6.990,36.000,-6.990,4.570,0.060,0.255,0.370,2.229,9.364,2.211
a,144930,0.000,-8.423,36.000,-8.423,6.284,-0.337,-0.890,-0.210,2.206,9.595,1.999
a,144934,0.000,-9.422,36.000,-9.422,3.867,0.166,0.316,-0.195,1.955,9.392,2.210
a,144938,0.000,-9.935,36.000,-9.935,5.581,-0.200,0.072,-0.104,2.046,9.627,2.020
a,144942,0.000,-9.935,36.000,-9.935,3.164,0.304,-0.554,1.209,2.381,9.333,2.419
a,144946,0.000,-9.422,36.000,-9.422,-0.132,-0.551,0.316,-0.775,1.858,9.723,1.765
a,144950,0.000,-8.420,36.000,-8.420,-0.879,-0.063,-0.234,-0.668,2.039,9.369,2.234
a,144954,0.000,-6.980,36.000,-6.980,-1.714,-0.215,0.163,0.980,2.070,9.510,2.152
a,144958,0.000,-5.177,36.000,-5.177,-1.494,0.090,0.041,1.316,2.083,9.416,1.970
a,144963,0.000,-3.104,36.000,-3.104,-2.900,0.502,0.270,1.179,2.014,9.454,2.354
a,144966,0.000,-0.867,36.000,-0.867,-1.758,-0.063,-0.340,-1.249,2.079,9.459,1.961
a,144970,0.000,1.416,36.000,1.416,-3.032,0.609,0.026,0.156,2.142,9.407,2.270
a,144974,0.000,3.626,36.000,3.626,-3.076,-0.047,-0.127,-0.180,1.946,9.618,1.975
a,144979,0.000,5.649,36.000,5.649,-1.055,0.548,0.057,0.645,2.206,9.400,2.304
a,144982,0.000,7.377,36.000,7.377,-2.329,-0.169,-0.035,-0.760,1.988,9.500,1.931
a,144986,0.000,8.719,36.000,8.719,-4.307,0.380,0.255,0.416,2.021,9.385,2.265
a,144990,0.000,9.605,36.000,9.605,-0.176,-0.261,-0.188,0.614,2.222,9.513,2.009
a,144994,0.000,9.986,36.000,9.986,0.571,-0.169,0.163,0.660,1.944,9.378,2.101
a,144998,0.000,9.843,36.000,9.843,1.230,0.426,-0.127,-1.386,2.122,9.312,2.109
a,145003,0.000,9.180,36.000,9.180,2.461,0.319,0.423,-1.218,2.139,9.354,2.076
a,145007,0.000,8.033,36.000,8.033,1.890,-0.307,0.209,1.927,1.924,9.498,2.156
a,145010,0.000,6.461,36.000,6.461,2.549,0.166,-0.569,-0.210,2.257,9.346,2.160
a,145014,0.000,4.546,36.000,4.546,3.296,-0.475,0.209,1.438,1.990,9.562,2.012
a,145018,0.000,2.389,36.000,2.389,3.911,0.151,-0.508,-1.157,2.217,9.494,2.285
a,145022,0.000,0.104,36.000,0.104,6.943,-0.215,0.041,0.416,2.077,9.475,2.020
a,145027,0.000,-2.188,36.000,-2.188,4.570,0.258,0.530,-0.409,2.017,9.416,1.943
a,145031,0.000,-4.366,36.000,-4.366,4.570,-0.414,-0.524,0.080,2.229,9.442,2.210
a,145035,0.000,-6.312,36.000,-6.312,6.812,0.060,-0.004,0.935,2.055,9.457,2.070
a,145038,0.000,-7.923,36.000,-7.923,7.515,0.044,0.194,-1.035,1.992,9.349,2.126
a,145042,0.000,-9.112,36.000,-9.112,7.339,0.212,0.744,0.339,1.999,9.410,2.161
a,145046,0.000,-9.814,36.000,-9.814,4.570,0.166,-0.554,0.309,2.237,9.349,2.042
a,145051,0.000,-9.992,36.000,-9.992,3.208,-0.246,0.530,1.301,2.008,9.483,2.131
a,145054,0.000,-9.635,36.000,-9.635,0.571,0.075,-0.020,0.721,1.929,9.510,2.194
a,145059,0.000,-8.761,36.000,-8.761,-0.396,-0.001,-0.783,0.125,2.365,9.457,2.356
a,145063,0.000,-7.415,36.000,-7.415,-1.626,0.365,0.041,1.301,1.992,9.506,1.966
a,145066,0.000,-5.669,36.000,-5.669,-2.241,-0.017,-0.234,-0.867,1.955,9.394,2.181
a,145070,0.000,-3.617,36.000,-3.617,-1.670,0.395,0.744,0.797,2.082,9.264,2.184
a,145074,0.000,-1.369,36.000,-1.369,-3.076,0.166,-0.325,0.553,2.061,9.547,1.889
a,145078,0.000,0.955,36.000,0.955,-3.164,0.350,0.133,0.263,2.024,9.274,2.352
a,145082,0.000,3.229,36.000,3.229,-3.560,0.334,-0.050,0.538,1.996,9.620,2.058
a,145086,0.000,5.329,36.000,5.329,-0.264,0.197,0.148,-0.684,2.206,9.369,2.101
a,145090,0.000,7.142,36.000,7.142,-0.308,-0.261,-0.249,0.187,2.058,9.422,2.095
a,145094,0.000,8.568,36.000,8.568,0.352,0.151,0.087,-0.897,2.048,9.412,2.173
a,145098,0.000,9.529,36.000,9.529,-0.791,0.121,0.438,1.316,2.055,9.491,2.105
a,145102,0.000,9.972,36.000,9.972,-1.055,-0.276,-0.936,0.171,2.266,9.509,2.066
a,145106,0.000,9.873,36.000,9.873,0.659,-0.032,0.377,1.912,1.902,9.494,2.222
a,145110,0.000,9.234,36.000,9.234,-0.308,0.105,-0.417,-0.760,2.002,9.592,2.130
a,145114,0.000,8.090,36.000,8.090,0.703,0.273,-0.508,0.095,2.442,9.246,2.132
a,145119,0.000,6.503,36.000,6.503,2.417,-0.001,0.530,0.248,2.076,9.459,1.926
a,145122,0.000,4.559,36.000,4.559,2.681,-0.612,-0.936,-0.317,2.087,9.465,2.286
a,145126,0.000,2.363,36.000,2.363,3.340,0.044,0.255,-0.607,2.079,9.519,2.028
a,145130,0.000,0.037,36.000,0.037,6.284,-0.368,-0.295,0.797,2.149,9.674,2.101
a,145134,0.000,-2.294,36.000,-2.294,4.043,0.014,0.194,0.568,2.048,9.358,2.330
a,145138,0.000,-4.499,36.000,-4.499,6.768,-0.124,-0.066,-0.668,2.070,9.547,1.921
a,145142,0.000,-6.458,36.000,-6.458,7.603,-0.078,-0.234,1.179,2.235,9.394,2.207
a,145146,0.000,-8.062,36.000,-8.062,4.087,-0.154,0.179,-0.058,1.946,9.475,2.105
a,145151,0.000,-9.220,36.000,-9.220,7.427,0.334,0.454,-0.394,2.107,9.365,2.181
a,145154,0.000,-9.870,36.000,-9.870,5.273,-0.658,-0.676,0.217,2.229,9.542,2.010
a,145158,0.000,-9.972,36.000,-9.972,1.934,0.212,0.072,-0.394,2.076,9.233,2.295
a,145162,0.000,-9.522,36.000,-9.522,0.659,-0.475,0.637,0.706,1.799,9.517,1.829
a,145167,0.000,-8.541,36.000,-8.541,0.703,-0.032,-0.798,-1.951,2.312,9.397,2.385
a,145170,0.000,-7.085,36.000,-7.085,-1.011,0.197,0.362,-0.729,2.170,9.536,2.120
a,145174,0.000,-5.233,36.000,-5.233,-2.241,0.044,-0.066,-1.035,1.984,9.509,2.022
a,145179,0.000,-3.089,36.000,-3.089,-2.856,0.548,0.133,-0.714,2.193,9.474,2.362
a,145183,0.000,-0.770,36.000,-0.770,-2.944,-0.093,-0.844,0.125,2.091,9.578,1.924
a,145187,0.000,1.594,36.000,1.594,-3.032,0.441,0.423,-0.134,2.039,9.329,2.318
a,145190,0.000,3.869,36.000,3.869,-3.076,-0.017,0.148,-0.455,1.999,9.523,1.955
a,145194,0.000,5.929,36.000,5.929,-3.076,0.258,-0.508,-0.760,2.286,9.374,2.280
a,145198,0.000,7.658,36.000,7.658,-0.132,-0.169,0.041,0.110,1.906,9.519,1.970
a,145202,0.000,8.957,36.000,8.957,-0.132,0.884,0.484,0.950,2.058,9.232,2.285
a,145207,0.000,9.752,36.000,9.752,-1.758,-0.536,-0.386,0.828,2.142,9.579,1.948
a,145211,0.000,9.999,36.000,9.999,1.143,0.457,-0.249,-2.562,2.179,9.328,2.179
a,145215,0.000,9.681,36.000,9.681,2.065,-0.582,0.270,1.652,1.906,9.562,2.131
a,145218,0.000,8.816,36.000,8.816,1.978,0.777,-0.401,0.614,2.350,9.279,2.191
a,145223,0.000,7.451,36.000,7.451,2.593,-0.108,-0.050,0.721,2.200,9.529,1.987
a,145227,0.000,5.663,36.000,5.663,3.164,-0.444,-0.234,-0.226,1.976,9.572,2.258
a,145230,0.000,3.553,36.000,3.553,3.823,0.151,0.148,-0.241,2.142,9.462,2.089
a,145234,0.000,1.240,36.000,1.240,4.043,-0.414,-0.066,0.889,2.099,9.603,1.881
a,145238,0.000,-1.146,36.000,-1.146,4.219,0.212,0.026,-0.882,2.061,9.276,2.370
a,145242,0.000,-3.467,36.000,-3.467,6.724,-0.093,0.087,0.889,2.014,9.573,1.873
a,145246,0.000,-5.593,36.000,-5.593,6.899,0.060,-0.172,0.675,2.276,9.359,2.203
a,145250,0.000,-7.400,36.000,-7.400,4.526,-0.475,-0.142,-0.058,1.964,9.580,2.047
a,145254,0.000,-8.786,36.000,-8.786,7.515,0.441,0.789,-0.348,2.014,9.300,2.188
a,145258,0.000,-9.669,36.000,-9.669,2.769,-0.307,-1.119,-1.646,2.304,9.468,1.999
a,145262,0.000,-9.998,36.000,-9.998,3.867,-0.215,0.438,0.767,1.921,9.450,2.093
a,145266,0.000,-9.754,36.000,-9.754,1.187,0.212,-0.142,-0.775,2.035,9.371,2.173
a,145270,0.000,-8.949,36.000,-8.949,0.571,-0.032,0.087,0.507,2.318,9.379,2.063
a,145274,0.000,-7.629,36.000,-7.629,-1.494,-0.154,-0.310,0.293,1.927,9.661,2.006
a,145279,0.000,-5.868,36.000,-5.868,-0.308,0.426,-0.188,-0.226,2.113,9.367,2.346
a,145282,0.000,-3.767,36.000,-3.767,-2.241,0.075,0.820,2.171,2.023,9.403,1.997
a,145286,0.000,-1.447,36.000,-1.447,-2.417,0.197,-0.188,-0.577,2.138,9.443,2.070
a,145290,0.000,0.958,36.000,0.958,-2.900,-0.078,-0.066,1.973,2.036,9.395,2.185
a,145294,0.000,3.309,36.000,3.309,-2.856,0.380,0.026,-0.333,2.023,9.523,2.076
a,145299,0.000,5.469,36.000,5.469,0.000,-0.261,0.072,-0.104,2.118,9.501,2.081
a,145303,0.000,7.314,36.000,7.314,-0.176,-0.276,-0.295,0.400,2.073,9.505,2.160
a,145306,0.000,8.734,36.000,8.734,0.571,0.441,0.255,0.293,1.951,9.379,2.121
a,145310,0.000,9.646,36.000,9.646,-2.329,0.151,-0.188,-0.455,2.194,9.454,2.070
a,145314,0.000,9.997,36.000,9.997,0.527,-0.215,0.102,0.492,2.052,9.315,2.245
a,145318,0.000,9.764,36.000,9.764,-0.264,-0.933,-0.676,-0.363,2.042,9.637,1.994
a,145323,0.000,8.960,36.000,8.960,0.659,0.869,-0.066,-0.348,2.367,9.137,2.264
a,145327,0.000,7.632,36.000,7.632,2.681,-0.780,-0.066,-0.500,1.865,9.658,1.943
a,145331,0.000,5.855,36.000,5.855,3.164,-0.169,0.347,-0.760,2.130,9.269,2.320
a,145334,0.000,3.733,36.000,3.733,3.340,-0.169,0.469,0.248,1.964,9.586,1.908
a,145338,0.000,1.391,36.000,1.391,3.911,-0.261,-0.692,0.187,2.154,9.543,2.150
a,145342,0.000,-1.035,36.000,-1.035,4.175,-0.215,-0.004,0.553,2.126,9.504,2.218
a,145346,0.000,-3.401,36.000,-3.401,6.812,-0.017,-0.401,-1.126,2.023,9.464,1.879
a,145351,0.000,-5.568,36.000,-5.568,4.526,0.212,-0.066,0.141,2.248,9.287,2.315
a,145354,0.000,-7.408,36.000,-7.408,7.690,-0.322,-0.050,0.767,1.967,9.480,1.964
a,145359,0.000,-8.810,36.000,-8.810,8.174,0.182,0.255,0.706,2.107,9.353,2.219
a,145363,0.000,-9.692,36.000,-9.692,3.428,0.273,0.728,-0.791,2.126,9.335,2.012
a,145366,0.000,-10.000,36.000,-10.000,3.164,-0.536,-0.295,-0.058,2.021,9.542,2.079
a,145370,0.000,-9.714,36.000,-9.714,3.208,0.319,-0.295,-1.035,2.240,9.345,2.327
a,145375,0.000,-8.850,36.000,-8.850,-0.176,0.044,-0.066,-1.035,2.116,9.489,1.931
a,145378,0.000,-7.459,36.000,-7.459,-1.011,-0.108,-0.218,1.057,2.052,9.426,2.213
a,145382,0.000,-5.623,36.000,-5.623,-1.758,0.105,0.469,-0.073,2.023,9.272,2.206
a,145386,0.000,-3.449,36.000,-3.449,-2.373,-0.063,0.148,-0.333,2.052,9.608,1.958
a,145390,0.000,-1.069,36.000,-1.069,-2.900,0.426,-0.127,-0.668,2.163,9.310,2.315
a,145394,0.000,1.378,36.000,1.378,-2.988,-0.276,-0.249,-0.256,1.951,9.477,1.939
a,145398,0.000,3.743,36.000,3.743,-3.076,0.747,0.362,-0.623,2.139,9.389,2.249
a,145402,0.000,5.885,36.000,5.885,-0.044,-0.154,0.133,0.385,2.045,9.500,1.986
a,145406,0.000,7.675,36.000,7.675,0.483,0.182,-0.127,1.042,2.175,9.401,2.242
a,145410,0.000,9.005,36.000,9.005,1.187,-0.032,0.469,0.507,1.897,9.410,1.994
a,145415,0.000,9.793,36.000,9.793,-1.406,0.334,-0.463,-1.081,2.209,9.458,2.067
a,145418,0.000,9.991,36.000,9.991,0.439,-0.383,-0.172,0.874,2.005,9.359,2.218
a,145422,0.000,9.586,36.000,9.586,-0.791,-0.230,-0.295,-0.271,2.114,9.365,1.970
a,145426,0.000,8.601,36.000,8.601,1.802,0.258,0.148,-1.172,2.358,9.236,2.225
a,145430,0.000,7.094,36.000,7.094,1.890,-0.795,-0.218,1.820,1.875,9.786,2.037
a,145434,0.000,5.157,36.000,5.157,2.549,0.212,-0.554,-0.104,2.377,9.489,2.234
a,145438,0.000,2.905,36.000,2.905,3.340,-0.673,0.576,-0.226,2.030,9.594,1.911
a,145442,0.000,0.475,36.000,0.475,3.823,-0.169,-0.508,0.293,2.161,9.577,2.304
a,145446,0.000,-1.985,36.000,-1.985,4.043,-0.353,0.362,1.484,2.120,9.312,2.112
a,145451,0.000,-4.326,36.000,-4.326,4.043,0.029,-0.417,-2.424,1.973,9.439,1.993
a,145454,0.000,-6.404,36.000,-6.404,4.087,-0.108,0.026,-0.760,2.155,9.300,2.263
a,145458,0.000,-8.092,36.000,-8.092,7.646,-0.108,-0.295,0.278,2.045,9.454,1.987
a,145463,0.000,-9.287,36.000,-9.287,7.603,0.457,0.637,1.072,2.040,9.341,2.162
a,145466,0.000,-9.913,36.000,-9.913,5.537,-0.124,-0.188,-0.653,2.138,9.515,2.114
a,145470,0.000,-9.932,36.000,-9.932,2.065,0.014,0.179,0.064,2.105,9.415,2.191
a,145475,0.000,-9.341,36.000,-9.341,4.614,-0.521,0.438,2.309,1.820,9.626,1.930
a,145478,0.000,-8.175,36.000,-8.175,-0.264,0.594,-0.310,-0.928,2.328,9.316,2.428
a,145483,0.000,-6.505,36.000,-6.505,-1.450,-0.307,-0.295,1.072,2.076,9.659,1.942
a,145487,0.000,-4.433,36.000,-4.433,-1.802,0.151,-0.753,-1.569,2.097,9.529,2.155
a,145491,0.000,-2.086,36.000,-2.086,-2.285,0.334,0.652,1.072,2.024,9.450,2.229
a,145494,0.000,0.392,36.000,0.392,-2.812,0.594,0.057,0.583,2.126,9.313,1.957
a,145499,0.000,2.847,36.000,2.847,-2.900,0.075,-0.050,1.820,2.099,9.414,2.249
a,145503,0.000,5.127,36.000,5.127,-0.352,0.441,0.301,-0.714,1.958,9.355,2.087
a,145507,0.000,7.090,36.000,7.090,-2.988,0.228,-0.249,-0.058,2.225,9.454,2.155
a,145510,0.000,8.614,36.000,8.614,0.571,-0.230,-0.234,-0.439,2.060,9.523,2.095
a,145514,0.000,9.603,36.000,9.603,-2.197,0.380,0.072,-0.882,2.097,9.376,2.156
a,145518,0.000,9.995,36.000,9.995,0.439,-0.001,1.354,1.011,1.920,9.550,2.144
a,145522,0.000,9.763,36.000,9.763,-0.791,0.258,-0.722,-0.485,2.245,9.428,2.043
a,145526,0.000,8.921,36.000,8.921,0.527,0.090,-0.554,-0.256,2.235,9.378,2.156
a,145530,0.000,7.521,36.000,7.521,4.790,-0.597,0.515,-0.226,1.799,9.616,2.079
a,145534,0.000,5.649,36.000,5.649,2.681,-0.368,-0.890,0.629,2.255,9.601,2.252
a,145538,0.000,3.422,36.000,3.422,3.911,-0.276,-0.279,0.583,2.224,9.432,1.891
a,145542,0.000,0.978,36.000,0.978,4.570,-0.872,0.087,0.064,1.982,9.612,2.166
a,145546,0.000,-1.529,36.000,-1.529,4.922,0.289,0.454,-0.073,2.160,9.455,2.242
a,145550,0.000,-3.941,36.000,-3.941,5.273,-0.444,-0.676,-0.546,2.188,9.511,1.864
a,145554,0.000,-6.106,36.000,-6.106,8.306,0.228,-0.004,1.744,2.009,9.371,2.359
a,145558,0.000,-7.887,36.000,-7.887,8.174,0.121,0.408,0.202,1.978,9.390,2.110
a,145562,0.000,-9.171,36.000,-9.171,6.812,-0.093,-0.417,0.187,2.312,9.325,2.057
a,145567,0.000,-9.876,36.000,-9.876,5.273,-0.108,0.560,-0.714,1.912,9.389,2.212
a,145570,0.000,-9.955,36.000,-9.955,5.186,0.121,-0.417,0.171,2.039,9.481,2.083
a,145574,0.000,-9.403,36.000,-9.403,3.472,0.334,-0.127,0.080,2.385,9.260,2.211
a,145578,0.000,-8.253,36.000,-8.253,-0.132,-0.001,0.163,0.706,1.858,9.712,1.784
a,145582,0.000,-6.578,36.000,-6.578,-0.879,0.380,0.240,-0.562,1.951,9.274,2.425
a,145586,0.000,-4.482,36.000,-4.482,-1.670,0.487,0.927,0.797,2.130,9.379,2.006
a,145590,0.000,-2.099,36.000,-2.099,-2.153,0.060,-0.600,0.675,2.128,9.560,2.049
a,145594,0.000,0.419,36.000,0.419,-2.461,0.502,0.454,0.416,1.984,9.272,2.315
a,145598,0.000,2.912,36.000,2.912,-2.812,-0.108,-0.066,0.003,2.124,9.518,2.076
a,145603,0.000,5.220,36.000,5.220,-0.132,0.075,-0.356,0.400,2.257,9.360,2.199
a,145607,0.000,7.195,36.000,7.195,1.099,-0.169,-0.020,0.217,1.944,9.475,2.110
a,145610,0.000,8.710,36.000,8.710,0.483,0.380,0.209,0.660,2.113,9.394,2.194
a,145614,0.000,9.665,36.000,9.665,1.230,-0.001,-0.417,-0.684,2.251,9.444,1.991
a,145618,0.000,10.000,36.000,10.000,1.143,0.105,0.438,0.980,1.833,9.400,2.206
a,145622,0.000,9.690,36.000,9.690,1.187,0.258,0.041,-0.684,2.175,9.285,2.131
a,145626,0.000,8.755,36.000,8.755,1.802,-0.368,0.484,1.729,2.128,9.437,2.101
a,145631,0.000,7.254,36.000,7.254,1.890,-0.597,0.041,0.431,1.779,9.493,2.164
a,145635,0.000,5.282,36.000,5.282,3.164,0.808,0.041,-1.432,2.328,9.264,2.229
a,145639,0.000,2.967,36.000,2.967,3.164,-0.795,-0.234,0.690,2.015,9.621,1.907
a,145642,0.000,0.459,36.000,0.459,3.340,-0.047,-0.554,0.080,2.138,9.407,2.336
a,145646,0.000,-2.082,36.000,-2.082,3.867,-0.230,0.469,-0.394,2.020,9.600,1.887
a,145650,0.000,-4.488,36.000,-4.488,6.152,-0.001,-0.172,0.889,2.114,9.357,2.131
a,145654,0.000,-6.604,36.000,-6.604,6.812,-0.704,-0.142,-1.188,2.105,9.521,2.096
a,145658,0.000,-8.290,36.000,-8.290,4.570,0.273,0.270,0.812,2.087,9.371,2.149
a,145663,0.000,-9.437,36.000,-9.437,6.768,0.060,0.148,0.278,2.030,9.454,2.067
a,145667,0.000,-9.967,36.000,-9.967,5.317,-0.215,-0.310,-0.531,2.185,9.476,2.083
a,145670,0.000,-9.846,36.000,-9.846,3.340,0.380,0.041,-0.073,2.138,9.264,2.194
a,145675,0.000,-9.079,36.000,-9.079,-0.264,-0.276,0.591,0.690,1.815,9.497,1.860
a,145679,0.000,-7.716,36.000,-7.716,-0.835,0.090,-0.936,-0.638,2.291,9.369,2.387
a,145682,0.000,-5.845,36.000,-5.845,-1.626,0.212,0.041,0.049,1.931,9.562,1.979
a,145686,0.000,-3.589,36.000,-3.589,-2.153,0.197,0.255,-0.516,2.113,9.318,2.164
a,145690,0.000,-1.094,36.000,-1.094,-0.879,-0.047,0.194,0.217,2.163,9.335,2.362
a,145694,0.000,1.474,36.000,1.474,-3.032,-0.017,-0.615,-0.317,2.027,9.414,1.937
a,145698,0.000,3.946,36.000,3.946,-0.835,0.166,0.423,0.354,2.110,9.236,2.289
a,145702,0.000,6.159,36.000,6.159,-0.308,0.090,0.041,1.377,1.970,9.570,2.004
a,145706,0.000,7.966,36.000,7.966,1.714,0.136,-0.249,-1.981,2.241,9.389,2.182
a,145710,0.000,9.246,36.000,9.246,0.659,0.151,-0.066,-0.943,1.942,9.421,1.997
a,145714,0.000,9.912,36.000,9.912,-0.835,-0.001,0.026,-0.974,2.173,9.418,2.175
a,145718,0.000,9.921,36.000,9.921,1.143,-0.322,0.530,-0.027,2.009,9.388,2.163
a,145722,0.000,9.268,36.000,9.268,-0.308,-0.230,0.148,-0.394,1.869,9.504,2.010
a,145727,0.000,7.998,36.000,7.998,1.099,0.655,0.530,0.354,2.206,9.325,2.216
a,145730,0.000,6.193,36.000,6.193,3.955,0.289,0.469,0.660,2.009,9.307,1.942
a,145734,0.000,3.974,36.000,3.974,2.681,-0.414,-1.180,-0.134,2.222,9.438,2.302
a,145738,0.000,1.487,36.000,1.487,3.252,0.029,0.255,1.438,2.052,9.449,2.035
a,145742,0.000,-1.102,36.000,-1.102,2.681,-0.276,-0.066,0.263,2.079,9.542,1.944
a,145746,0.000,-3.617,36.000,-3.617,3.955,-0.185,-0.066,-0.592,2.235,9.336,2.315
a,145750,0.000,-5.892,36.000,-5.892,3.955,-0.398,-0.188,-0.210,1.973,9.469,1.864
a,145755,0.000,-7.772,36.000,-7.772,7.515,0.105,0.591,0.492,2.148,9.372,2.279
a,145758,0.000,-9.130,36.000,-9.130,7.646,-0.307,0.163,1.209,2.002,9.505,1.975
a,145762,0.000,-9.872,36.000,-9.872,6.064,0.166,0.240,-0.821,2.213,9.301,2.213
a,145766,0.000,-9.949,36.000,-9.949,4.702,-0.322,0.209,0.553,1.838,9.566,2.006
a,145770,0.000,-9.354,36.000,-9.354,1.318,0.197,-0.447,-0.867,2.291,9.285,2.349
a,145774,0.000,-8.124,36.000,-8.124,-0.220,-0.429,-0.004,1.057,2.155,9.589,1.926
a,145779,0.000,-6.344,36.000,-6.344,-0.352,-0.047,0.148,-0.104,1.952,9.604,2.025
a,145783,0.000,-4.131,36.000,-4.131,-1.626,0.319,0.194,-0.516,2.161,9.443,2.363
a,145786,0.000,-1.637,36.000,-1.637,-1.758,-0.124,-0.401,-1.355,2.164,9.454,1.876
a,145790,0.000,0.971,36.000,0.971,-0.747,0.258,-0.188,-0.500,2.077,9.282,2.339
a,145794,0.000,3.514,36.000,3.514,-2.329,-0.047,0.576,0.416,1.936,9.448,2.023
a,145798,0.000,5.818,36.000,5.818,-3.032,-0.017,-0.020,-0.333,2.242,9.268,2.173
a,145802,0.000,7.727,36.000,7.727,1.187,-0.047,0.255,-0.180,1.974,9.457,1.987
a,145806,0.000,9.109,36.000,9.109,1.802,0.075,0.133,-2.027,2.108,9.389,2.205
a,145811,0.000,9.868,36.000,9.868,0.439,-0.658,-0.172,0.507,2.073,9.574,2.045
a,145814,0.000,9.950,36.000,9.950,1.187,0.258,-0.676,-0.989,2.211,9.431,2.236
a,145818,0.000,9.350,36.000,9.350,2.109,-0.597,0.041,0.324,1.875,9.566,2.102
a,145823,0.000,8.106,36.000,8.106,5.405,-0.322,-0.539,0.278,2.096,9.475,2.124
a,145826,0.000,6.303,36.000,6.303,2.461,0.151,-0.340,-1.081,2.253,9.625,2.018
a,145830,0.000,4.065,36.000,4.065,3.252,-0.169,0.087,0.431,1.976,9.663,2.260
a,145834,0.000,1.544,36.000,1.544,3.867,-0.139,-0.692,-2.210,2.300,9.358,2.229
a,145838,0.000,-1.084,36.000,-1.084,4.658,-0.414,0.331,1.851,2.058,9.603,1.926
a,145842,0.000,-3.639,36.000,-3.639,4.658,-0.001,-0.524,-0.852,2.082,9.267,2.228
a,145846,0.000,-5.944,36.000,-5.944,8.086,-0.398,-0.401,-0.302,2.136,9.543,1.984
a,145850,0.000,-7.838,36.000,-7.838,8.262,0.441,0.270,0.492,2.089,9.369,2.160
a,145854,0.000,-9.188,36.000,-9.188,8.174,-0.124,-0.188,-0.210,2.076,9.505,2.118
a,145858,0.000,-9.901,36.000,-9.901,6.855,-0.001,-0.004,0.492,2.082,9.396,2.133
a,145862,0.000,-9.924,36.000,-9.924,6.899,-0.322,-0.951,-1.020,2.108,9.546,1.962
a,145866,0.000,-9.255,36.000,-9.255,3.120,0.548,0.026,-0.775,2.195,9.203,2.339
a,145870,0.000,-7.939,36.000,-7.939,0.352,-0.154,0.728,0.049,1.822,9.530,1.809
a,145874,0.000,-6.067,36.000,-6.067,-0.791,0.197,0.011,-1.920,2.154,9.268,2.342
a,145879,0.000,-3.770,36.000,-3.770,-1.626,0.319,-0.218,-2.073,2.101,9.566,2.200
a,145882,0.000,-1.206,36.000,-1.206,-2.241,-0.093,-0.692,-0.149,2.085,9.601,1.895
a,145886,0.000,1.443,36.000,1.443,-2.329,0.243,0.362,1.744,2.085,9.243,2.419
a,145890,0.000,3.993,36.000,3.993,-2.329,0.319,0.194,-0.897,2.009,9.445,1.864
a,145894,0.000,6.264,36.000,6.264,-2.285,0.319,0.087,-0.226,2.224,9.336,2.278
a,145898,0.000,8.094,36.000,8.094,0.615,0.212,-0.004,0.553,1.967,9.525,2.000
a,145902,0.000,9.355,36.000,9.355,1.846,0.060,0.102,0.889,2.182,9.402,2.254
a,145907,0.000,9.955,36.000,9.955,-1.670,-0.307,0.301,0.110,2.160,9.572,1.970
a,145910,0.000,9.852,36.000,9.852,1.934,0.991,0.408,-0.562,2.133,9.124,2.241
a,145914,0.000,9.051,36.000,9.051,-0.088,-0.398,0.255,-0.821,1.820,9.547,2.000
a,145918,0.000,7.607,36.000,7.607,1.758,0.701,-0.554,0.171,2.365,9.258,2.136
a,145922,0.000,5.622,36.000,5.622,2.417,-0.307,-0.234,0.522,2.180,9.567,1.968
a,145926,0.000,3.236,36.000,3.236,3.252,-0.704,-0.615,-0.088,2.064,9.550,2.273
a,145931,0.000,0.618,36.000,0.618,3.911,0.365,0.316,-0.714,2.148,9.157,2.087
a,145935,0.000,-2.046,36.000,-2.046,3.823,-0.612,-0.340,-0.271,2.201,9.418,1.988
a,145939,0.000,-4.565,36.000,-4.565,4.570,-0.261,0.209,1.301,2.002,9.224,2.308
a,145942,0.000,-6.759,36.000,-6.759,6.855,-0.307,-0.234,0.797,2.045,9.391,1.975
a,145946,0.000,-8.472,36.000,-8.472,7.734,0.380,0.163,0.812,2.188,9.304,2.181
a,145950,0.000,-9.578,36.000,-9.578,8.306,-0.200,0.179,-1.523,1.931,9.439,2.063
a,145955,0.000,-9.997,36.000,-9.997,5.581,0.731,-0.310,-2.546,2.278,9.324,2.216
a,145958,0.000,-9.699,36.000,-9.699,2.505,-0.475,0.652,1.362,1.842,9.591,1.872
a,145963,0.000,-8.702,36.000,-8.702,2.065,0.640,-0.127,-0.455,2.105,9.311,2.321
a,145967,0.000,-7.078,36.000,-7.078,0.352,0.166,0.072,-0.455,2.247,9.339,2.011
a,145970,0.000,-4.943,36.000,-4.943,2.021,0.212,0.438,0.706,1.960,9.389,2.058
a,145974,0.000,-2.449,36.000,-2.449,-1.670,0.197,-0.340,-0.394,2.145,9.383,2.364
a,145978,0.000,0.224,36.000,0.224,-2.153,-0.001,0.270,0.812,2.002,9.483,1.950
a,145982,0.000,2.882,36.000,2.882,-2.329,0.441,0.163,0.583,2.110,9.273,2.223
a,145986,0.000,5.333,36.000,5.333,0.527,-0.383,-0.127,-0.104,2.082,9.509,2.108
a,145990,0.000,7.398,36.000,7.398,-2.329,0.273,0.041,-0.180,2.091,9.299,2.206
a,145994,0.000,8.927,36.000,8.927,0.615,-0.169,0.148,-0.012,2.054,9.482,2.029
a,145998,0.000,9.807,36.000,9.807,1.406,-0.017,0.041,-0.562,2.213,9.374,2.204
a,146002,0.000,9.973,36.000,9.973,1.978,-0.139,0.148,1.209,1.890,9.315,2.057
a,146006,0.000,9.411,36.000,9.411,-0.967,0.060,-0.432,0.690,2.247,9.445,2.081
a,146011,0.000,8.161,36.000,8.161,1.758,0.441,0.041,0.416,2.169,9.287,2.200
a,146015,0.000,6.313,36.000,6.313,1.890,-0.261,0.591,1.194,1.817,9.432,2.020
a,146018,0.000,4.001,36.000,4.001,2.021,0.212,-0.234,-0.088,2.312,8.988,2.210
a,146022,0.000,1.395,36.000,1.395,2.769,-0.704,-0.279,1.057,2.015,9.720,1.930
a,146026,0.000,-1.316,36.000,-1.316,3.252,0.350,-0.203,0.416,2.128,9.337,2.418
a,146030,0.000,-3.932,36.000,-3.932,6.196,-0.261,0.087,0.782,2.076,9.674,1.887
a,146034,0.000,-6.259,36.000,-6.259,6.021,0.105,0.041,0.110,2.139,9.300,2.168
a,146038,0.000,-8.127,36.000,-8.127,2.549,-0.185,-0.066,-1.249,1.960,9.483,2.051
a,146042,0.000,-9.396,36.000,-9.396,6.812,0.334,0.057,0.751,2.116,9.394,2.155
a,146046,0.000,-9.971,36.000,-9.971,5.933,-0.765,-0.692,-0.302,2.164,9.455,2.037
a,146051,0.000,-9.808,36.000,-9.808,2.593,0.579,0.194,-0.668,2.110,9.244,2.231
a,146055,0.000,-8.918,36.000,-8.918,0.483,-0.658,-0.066,0.217,1.957,9.558,1.939
a,146058,0.000,-7.366,36.000,-7.366,-0.352,0.869,-0.447,-0.317,2.273,9.330,2.403
a,146062,0.000,-5.265,36.000,-5.265,-1.011,0.166,0.316,0.049,1.960,9.565,2.054
a,146066,0.000,-2.771,36.000,-2.771,-1.758,0.319,0.041,-0.821,2.188,9.462,2.085
a,146070,0.000,-0.069,36.000,-0.069,-2.417,0.228,0.331,1.851,1.990,9.301,2.193
a,146075,0.000,2.640,36.000,2.640,-2.505,0.212,-0.417,-0.760,2.027,9.606,1.930
a,146079,0.000,5.153,36.000,5.153,-2.461,0.060,0.194,0.324,2.188,9.426,2.295
a,146083,0.000,7.282,36.000,7.282,0.615,0.044,0.148,-0.210,1.912,9.562,2.010
a,146086,0.000,8.868,36.000,8.868,0.483,0.212,0.163,0.599,2.164,9.358,2.231
a,146090,0.000,9.789,36.000,9.789,1.274,0.258,-0.234,-0.729,2.130,9.521,2.008
a,146094,0.000,9.976,36.000,9.976,0.571,0.014,0.148,0.721,1.908,9.258,2.239
a,146098,0.000,9.413,36.000,9.413,-1.494,0.166,0.301,-1.157,2.130,9.388,1.997
a,146102,0.000,8.141,36.000,8.141,1.846,-0.246,0.362,1.209,2.036,9.451,2.173
a,146107,0.000,6.254,36.000,6.254,1.978,-0.505,-0.401,-0.424,1.918,9.431,2.049
a,146110,0.000,3.894,36.000,3.894,2.065,0.502,0.102,1.408,2.149,9.398,2.156
a,146115,0.000,1.239,36.000,1.239,3.164,-1.024,-0.234,1.087,2.024,9.506,1.863
a,146119,0.000,-1.512,36.000,-1.512,5.317,-0.017,-0.020,-0.562,2.173,9.297,2.358
a,146123,0.000,-4.151,36.000,-4.151,5.537,-0.307,0.454,0.385,2.033,9.355,1.864
a,146126,0.000,-6.476,36.000,-6.476,3.428,0.121,-0.310,0.431,2.219,9.288,2.241
a,146130,0.000,-8.310,36.000,-8.310,3.384,-0.444,-0.295,-0.424,1.936,9.603,2.047
a,146134,0.000,-9.514,36.000,-9.514,7.515,0.457,0.087,0.767,2.093,9.291,2.222
a,146138,0.000,-9.993,36.000,-9.993,6.021,-0.230,-0.783,-0.470,2.133,9.547,2.004
a,146142,0.000,-9.711,36.000,-9.711,3.999,0.487,0.667,-0.836,1.949,9.327,2.249
a,146146,0.000,-8.687,36.000,-8.687,0.571,-0.597,0.347,-1.081,1.980,9.643,1.902
a,146150,0.000,-6.998,36.000,-6.998,-0.264,0.350,-0.218,1.423,2.294,9.301,2.435
a,146154,0.000,-4.772,36.000,-4.772,-1.011,-0.490,0.530,0.187,1.890,9.479,1.850
a,146158,0.000,-2.179,36.000,-2.179,-1.626,0.655,-0.234,-0.073,2.213,9.333,2.254
a,146163,0.000,0.583,36.000,0.583,-1.758,-0.261,-0.401,0.736,2.101,9.612,2.195
a,146166,0.000,3.302,36.000,3.302,-2.197,0.869,-0.066,-0.607,2.040,9.389,2.143
a,146170,0.000,5.768,36.000,5.768,-2.197,-0.108,0.255,0.278,2.102,9.494,2.118
a,146174,0.000,7.792,36.000,7.792,0.659,0.579,-0.188,1.805,2.132,9.380,2.162
a,146178,0.000,9.216,36.000,9.216,1.802,0.182,0.194,1.087,2.061,9.354,2.130
a,146182,0.000,9.928,36.000,9.928,-1.758,-0.108,0.087,0.416,2.082,9.628,2.127
a,146186,0.000,9.873,36.000,9.873,1.978,0.334,-0.249,-1.462,2.240,9.323,2.152
a,146190,0.000,9.053,36.000,9.053,1.230,-0.566,0.194,1.438,1.856,9.623,2.081
a,146194,0.000,7.531,36.000,7.531,0.703,0.640,0.041,-0.226,2.148,9.311,2.162
a,146198,0.000,5.422,36.000,5.422,1.978,-0.368,0.408,0.003,2.091,9.390,2.034
a,146203,0.000,2.891,36.000,2.891,2.725,-0.169,-0.692,-0.363,2.126,9.548,2.112
a,146207,0.000,0.132,36.000,0.132,3.164,-0.185,-0.020,-0.226,2.030,9.310,2.173
a,146210,0.000,-2.638,36.000,-2.638,7.471,-0.001,-0.127,0.217,2.077,9.536,2.025
a,146215,0.000,-5.204,36.000,-5.204,5.581,-0.108,-0.447,0.003,2.219,9.263,2.279
a,146218,0.000,-7.365,36.000,-7.365,6.812,-0.108,-0.127,0.202,1.955,9.536,1.938
a,146222,0.000,-8.951,36.000,-8.951,7.383,0.594,0.454,-1.264,2.087,9.401,2.286
a,146226,0.000,-9.836,36.000,-9.836,6.152,-0.490,-0.569,-1.172,2.211,9.622,1.964
a,146231,0.000,-9.950,36.000,-9.950,2.505,-0.276,-0.234,0.278,2.009,9.414,2.231
a,146235,0.000,-9.282,36.000,-9.282,1.318,0.197,-0.188,-0.562,2.027,9.392,2.035
a,146239,0.000,-7.884,36.000,-7.884,-0.088,-0.093,-0.279,1.164,2.325,9.372,2.101
a,146242,0.000,-5.864,36.000,-5.864,-1.450,-0.139,-0.447,1.286,1.942,9.497,2.047
a,146246,0.000,-3.379,36.000,-3.379,-1.670,0.426,-0.234,-1.279,2.128,9.325,2.413
a,146250,0.000,-0.627,36.000,-0.627,-2.153,-0.307,0.377,1.820,2.087,9.646,1.908
a,146255,0.000,2.178,36.000,2.178,-2.461,0.273,-0.554,-0.165,2.164,9.448,2.229
a,146259,0.000,4.811,36.000,4.811,-2.549,-0.643,-0.447,0.797,1.998,9.553,2.105
a,146262,0.000,7.065,36.000,7.065,-2.461,0.472,0.530,-0.302,2.064,9.252,2.249
a,146267,0.000,8.759,36.000,8.759,1.055,-0.047,-0.203,-1.249,2.110,9.505,2.025
a,146270,0.000,9.758,36.000,9.758,0.571,0.166,0.270,0.751,2.073,9.311,2.257
a,146274,0.000,9.980,36.000,9.980,1.274,-0.017,-0.234,-0.378,2.023,9.461,2.003
a,146278,0.000,9.408,36.000,9.408,-1.626,0.060,0.820,0.583,2.083,9.315,2.216
a,146282,0.000,8.084,36.000,8.084,-0.352,-0.887,-0.340,-0.638,2.036,9.614,2.010
a,146286,0.000,6.114,36.000,6.114,0.615,0.655,-0.295,-0.012,2.302,9.285,2.184
a,146290,0.000,3.653,36.000,3.653,1.978,-0.658,0.270,0.950,1.980,9.446,2.096
a,146294,0.000,0.898,36.000,0.898,2.593,-0.429,-0.936,0.187,2.120,9.328,2.184
a,146298,0.000,-1.931,36.000,-1.931,3.164,-0.383,-0.554,0.278,2.085,9.319,2.103
a,146302,0.000,-4.607,36.000,-4.607,3.252,-0.185,0.087,-0.333,1.968,9.562,2.051
a,146306,0.000,-6.914,36.000,-6.914,3.208,-0.215,-0.050,0.614,2.286,9.448,2.251
a,146310,0.000,-8.665,36.000,-8.665,3.252,-0.047,0.209,0.828,1.951,9.504,1.915
a,146315,0.000,-9.719,36.000,-9.719,9.492,0.289,0.331,1.240,2.198,9.274,2.261
a,146318,0.000,-9.989,36.000,-9.989,6.284,-0.521,-0.692,-0.042,2.145,9.622,1.980
a,146322,0.000,-9.451,36.000,-9.451,4.219,-0.383,-0.783,0.125,2.209,9.324,2.235
a,146326,0.000,-8.148,36.000,-8.148,0.571,-0.429,0.255,0.416,1.859,9.823,1.979
a,146330,0.000,-6.183,36.000,-6.183,1.143,0.319,-1.104,-1.126,2.320,9.316,2.452
a,146334,0.000,-3.716,36.000,-3.716,-0.835,-0.398,0.041,1.591,1.982,9.710,1.786
a,146338,0.000,-0.945,36.000,-0.945,-3.076,0.991,-0.234,-0.027,2.136,9.407,2.312
a,146342,0.000,1.905,36.000,1.905,-1.758,-0.215,0.041,0.171,2.039,9.576,1.964
a,146346,0.000,4.601,36.000,4.601,-1.626,0.823,-0.035,-0.775,2.160,9.208,2.279
a,146351,0.000,6.924,36.000,6.924,0.483,-0.108,0.240,-1.462,2.011,9.516,2.023
a,146355,0.000,8.682,36.000,8.682,1.978,0.273,0.026,-1.203,2.186,9.480,2.173
a,146358,0.000,9.732,36.000,9.732,-1.626,-0.261,0.041,0.507,2.030,9.481,2.073
a,146362,0.000,9.985,36.000,9.985,1.802,0.563,0.835,-0.088,1.897,9.477,2.197
a,146366,0.000,9.419,36.000,9.419,-0.352,-0.414,-0.432,1.316,2.289,9.550,2.142
a,146370,0.000,8.080,36.000,8.080,-0.088,0.121,-0.356,-0.058,2.193,9.333,2.058
a,146375,0.000,6.075,36.000,6.075,1.890,-0.530,1.026,0.929,1.861,9.444,2.168
a,146379,0.000,3.569,36.000,3.569,2.505,0.142,-0.226,-0.720,2.318,9.457,2.137
a,146383,0.000,0.767,36.000,0.767,3.164,-0.927,-0.974,0.578,2.061,9.637,2.021
a,146386,0.000,-2.100,36.000,-2.100,3.384,0.584,0.140,-1.147,2.009,9.489,2.333
a,146390,0.000,-4.795,36.000,-4.795,3.867,-0.378,-0.074,-0.155,2.216,9.442,2.076
a,146395,0.000,-7.095,36.000,-7.095,6.768,-0.011,-0.012,0.364,2.067,9.407,1.943
a,146399,0.000,-8.809,36.000,-8.809,3.516,0.096,0.278,0.624,2.023,9.299,2.225
a,146403,0.000,-9.793,36.000,-9.793,7.734,0.538,0.827,1.021,2.067,9.397,2.045
a,146407,0.000,-9.964,36.000,-9.964,3.296,0.508,-0.776,1.112,2.225,9.328,2.083
a,146410,0.000,-9.306,36.000,-9.306,3.999,-0.133,0.430,-0.445,1.809,9.439,2.090
a,146414,0.000,-7.872,36.000,-7.872,0.703,0.447,0.293,0.166,2.073,9.244,2.174
a,146418,0.000,-5.782,36.000,-5.782,0.352,-0.057,0.064,0.563,2.343,9.293,1.973
a,146422,0.000,-3.207,36.000,-3.207,-1.099,0.157,0.491,0.730,1.851,9.421,1.964
a,146426,0.000,-0.362,36.000,-0.362,-1.626,0.584,0.430,-0.231,2.005,9.121,2.258
a,146430,0.000,2.515,36.000,2.515,-1.758,-0.011,-0.211,0.608,2.198,9.595,2.025
a,146434,0.000,5.183,36.000,5.183,-1.714,0.355,-0.287,-1.361,2.070,9.349,2.150
a,146438,0.000,7.417,36.000,7.417,-1.758,-0.057,0.476,0.318,1.960,9.369,2.093
a,146442,0.000,9.030,36.000,9.030,1.230,0.157,-0.043,0.501,2.201,9.372,2.114
a,146446,0.000,9.883,36.000,9.883,2.593,-0.454,0.049,-0.812,2.030,9.548,2.045
a,146450,0.000,9.904,36.000,9.904,1.934,-0.057,0.323,0.257,1.996,9.413,2.242
a,146454,0.000,9.090,36.000,9.090,-0.352,-0.408,-0.287,-0.705,2.222,9.604,1.991
a,146458,0.000,7.507,36.000,7.507,0.527,0.355,-0.394,-1.147,2.242,9.287,2.172
a,146462,0.000,5.288,36.000,5.288,1.934,-1.004,0.201,-0.552,1.882,9.625,2.124
a,146466,0.000,2.619,36.000,2.619,2.593,0.325,-0.669,0.227,2.380,9.583,2.247
a,146470,0.000,-0.273,36.000,-0.273,3.472,-0.607,0.339,0.547,2.040,9.486,1.987
a,146474,0.000,-3.144,36.000,-3.144,3.516,-0.072,-0.547,-0.628,2.091,9.469,2.216
a,146478,0.000,-5.749,36.000,-5.749,3.867,0.264,0.018,-0.369,2.198,9.246,2.205
a,146482,0.000,-7.867,36.000,-7.867,6.899,-0.408,-0.440,-0.353,2.054,9.480,1.912
a,146486,0.000,-9.315,36.000,-9.315,7.603,-0.057,0.201,-0.002,2.042,9.357,2.302
a,146490,0.000,-9.969,36.000,-9.969,7.471,0.203,0.476,0.089,1.998,9.431,1.981
a,146494,0.000,-9.771,36.000,-9.771,5.361,0.248,-0.669,-0.918,2.269,9.392,2.070
a,146498,0.000,-8.737,36.000,-8.737,3.867,0.355,0.369,-0.674,2.055,9.313,2.187
a,146502,0.000,-6.953,36.000,-6.953,1.187,0.172,0.965,0.914,1.861,9.445,1.908
a,146506,0.000,-4.571,36.000,-4.571,-0.264,0.264,-0.867,0.517,2.286,9.246,2.368
a,146510,0.000,-1.796,36.000,-1.796,-1.099,0.157,-0.180,0.303,1.911,9.449,2.118
a,146514,0.000,1.136,36.000,1.136,-1.626,0.706,0.354,0.043,2.124,9.415,2.127
a,146518,0.000,3.972,36.000,3.972,-1.758,-0.164,-0.318,1.555,2.133,9.257,2.229
a,146522,0.000,6.468,36.000,6.468,1.230,0.203,0.140,-0.613,1.970,9.554,2.017
a,146526,0.000,8.406,36.000,8.406,1.758,0.157,-0.012,-0.002,2.139,9.354,2.249
a,146530,0.000,9.618,36.000,9.618,2.812,-0.225,-0.272,0.639,2.066,9.556,2.054
a,146534,0.000,9.998,36.000,9.998,2.461,0.004,0.140,-0.048,1.982,9.293,2.173
a,146538,0.000,9.512,36.000,9.512,1.318,0.813,0.965,-0.079,2.015,9.318,2.063
a,146542,0.000,8.199,36.000,8.199,-0.308,-0.316,-0.104,1.753,1.990,9.400,2.158
a,146546,0.000,6.173,36.000,6.173,0.615,-0.103,-0.532,1.509,2.229,9.426,2.073
a,146550,0.000,3.609,36.000,3.609,1.934,0.218,0.369,0.822,2.122,9.262,2.114
a,146554,0.000,0.728,36.000,0.728,4.175,-0.408,-0.547,-0.644,2.161,9.497,2.121
a,146558,0.000,-2.219,36.000,-2.219,2.769,-0.179,-0.119,0.166,2.095,9.483,2.146
a,146562,0.000,-4.973,36.000,-4.973,2.549,-0.026,0.262,-0.430,1.992,9.540,1.907
a,146566,0.000,-7.294,36.000,-7.294,6.108,-0.042,-0.028,-1.636,2.273,9.379,2.315
a,146570,0.000,-8.977,36.000,-8.977,8.130,-0.546,-0.226,-0.063,2.011,9.504,1.885
a,146574,0.000,-9.874,36.000,-9.874,7.427,0.569,0.446,-0.460,2.069,9.343,2.240
a,146578,0.000,-9.904,36.000,-9.904,4.614,-0.316,-0.028,0.379,2.145,9.558,2.022
a,146582,0.000,-9.063,36.000,-9.063,4.526,0.630,-0.058,-0.338,2.248,9.225,2.239
a,146586,0.000,-7.424,36.000,-7.424,0.483,-0.607,0.430,0.272,1.773,9.547,1.878
a,146590,0.000,-5.128,36.000,-5.128,-0.264,0.309,0.049,-0.445,2.160,9.161,2.435
a,146594,0.000,-2.379,36.000,-2.379,1.934,0.279,0.751,0.593,1.912,9.404,1.918
a,146598,0.000,0.583,36.000,0.583,-1.538,0.523,-0.547,-0.705,2.206,9.139,2.229
a,146602,0.000,3.494,36.000,3.494,-1.714,0.050,0.094,0.043,2.027,9.448,2.278
a,146606,0.000,6.098,36.000,6.098,0.615,0.416,-0.058,-0.995,2.073,9.340,2.072
a,146610,0.000,8.163,36.000,8.163,-1.758,-0.103,0.064,1.967,2.154,9.500,2.081
a,146614,0.000,9.503,36.000,9.503,2.065,-0.103,-0.211,1.204,1.978,9.471,2.127
a,146618,0.000,9.999,36.000,9.999,1.802,0.050,0.476,-0.124,2.021,9.459,2.216
a,146622,0.000,9.604,36.000,9.604,-1.450,-0.011,-0.226,0.379,2.210,9.576,1.939
a,146626,0.000,8.352,36.000,8.352,2.637,-0.500,0.171,0.776,2.033,9.390,2.346
a,146630,0.000,6.353,36.000,6.353,1.143,0.462,0.262,-0.552,2.027,9.529,1.979
a,146634,0.000,3.784,36.000,3.784,2.593,0.432,0.705,0.425,2.297,9.215,2.222
a,146638,0.000,0.876,36.000,0.876,2.549,-0.225,-0.440,-0.140,1.973,9.612,1.943
a,146642,0.000,-2.114,36.000,-2.114,3.164,0.218,-0.135,0.211,2.087,9.233,2.495
a,146646,0.000,-4.915,36.000,-4.915,5.361,-0.225,0.415,-1.025,2.020,9.767,1.737
a,146650,0.000,-7.276,36.000,-7.276,3.164,0.157,-0.776,0.105,2.365,9.360,2.375
a,146654,0.000,-8.984,36.000,-8.984,3.252,-0.316,0.079,0.166,1.788,9.538,1.936
a,146658,0.000,-9.883,36.000,-9.883,6.855,0.462,0.155,-0.628,2.178,9.299,2.218
a,146662,0.000,-9.890,36.000,-9.890,2.593,-0.698,-0.516,-0.094,1.996,9.640,2.012
a,146666,0.000,-9.004,36.000,-9.004,3.296,0.737,-0.226,-0.277,2.163,9.353,2.265
a,146670,0.000,-7.302,36.000,-7.302,0.352,-0.057,0.873,0.547,1.828,9.542,1.873
a,146674,0.000,-4.938,36.000,-4.938,-0.879,0.584,-0.669,-0.170,2.217,9.503,2.223
a,146678,0.000,-2.124,36.000,-2.124,-1.538,0.157,0.110,0.440,1.949,9.313,2.073
a,146682,0.000,0.885,36.000,0.885,-1.758,0.371,-0.287,0.272,2.029,9.488,1.921
a,146686,0.000,3.815,36.000,3.815,-2.153,0.111,0.323,0.608,2.066,9.274,2.339
a,146690,0.000,6.399,36.000,6.399,-1.758,0.432,0.369,-0.186,2.015,9.364,1.914
a,146694,0.000,8.402,36.000,8.402,1.802,0.157,0.278,0.715,2.128,9.340,2.257
a,146698,0.000,9.638,36.000,9.638,1.143,0.096,0.323,0.257,1.960,9.519,2.049
a,146702,0.000,9.994,36.000,9.994,1.187,-0.103,-0.180,0.776,2.175,9.495,2.291
a,146706,0.000,9.436,36.000,9.436,-0.923,-0.011,0.568,-0.338,2.009,9.477,1.987
a,146710,0.000,8.011,36.000,8.011,-0.088,-0.057,-0.119,0.105,2.067,9.491,2.219
a,146714,0.000,5.851,36.000,5.851,0.571,0.096,-0.455,-1.025,2.240,9.311,2.040
a,146718,0.000,3.152,36.000,3.152,1.934,-0.530,0.079,0.166,1.949,9.530,2.064
a,146722,0.000,0.160,36.000,0.160,1.978,-0.408,-0.180,-0.262,2.114,9.425,2.168
a,146726,0.000,-2.847,36.000,-2.847,6.636,-0.194,0.262,-0.537,2.061,9.475,2.076
a,146730,0.000,-5.595,36.000,-5.595,3.164,0.157,-0.012,-0.002,2.070,9.522,2.126
a,146734,0.000,-7.826,36.000,-7.826,3.208,-0.225,-0.180,-0.216,2.210,9.361,2.260
a,146738,0.000,-9.336,36.000,-9.336,6.899,0.065,0.140,-0.155,1.929,9.491,1.970
a,146742,0.000,-9.981,36.000,-9.981,6.768,0.065,0.186,0.059,2.231,9.361,2.216
a,146746,0.000,-9.702,36.000,-9.702,4.570,-0.332,-0.379,1.066,1.958,9.565,2.078
a,146750,0.000,-8.521,36.000,-8.521,4.614,0.309,-0.669,-0.323,2.255,9.390,2.279
a,146754,0.000,-6.547,36.000,-6.547,1.230,-0.316,0.110,1.097,2.048,9.635,1.942
a,146758,0.000,-3.962,36.000,-3.962,-0.352,0.371,-0.165,0.807,2.089,9.396,2.200
a,146762,0.000,-1.006,36.000,-1.006,-1.494,0.050,0.537,0.257,1.893,9.345,1.999
a,146766,0.000,2.045,36.000,2.045,-1.626,0.600,0.369,0.440,2.070,9.519,2.035
a,146770,0.000,4.908,36.000,4.908,0.703,-0.011,-0.394,0.059,2.067,9.238,2.252
a,146774,0.000,7.312,36.000,7.312,2.769,-0.118,-0.119,0.227,1.998,9.577,2.060
a,146778,0.000,9.034,36.000,9.034,2.461,0.416,0.049,-1.010,2.219,9.379,2.185
a,146782,0.000,9.908,36.000,9.908,-1.538,0.187,0.201,-0.353,2.048,9.454,2.073
a,146786,0.000,9.852,36.000,9.852,1.978,0.203,0.659,0.685,2.029,9.342,2.279
a,146790,0.000,8.870,36.000,8.870,1.758,0.035,0.155,-0.934,2.191,9.543,1.955
a,146794,0.000,7.051,36.000,7.051,2.109,-0.118,0.491,0.746,2.011,9.428,2.301
a,146798,0.000,4.566,36.000,4.566,1.143,-0.179,-0.303,-0.582,1.999,9.613,1.997
a,146802,0.000,1.648,36.000,1.648,1.978,0.096,0.552,0.593,2.219,9.419,2.200
a,146806,0.000,-1.427,36.000,-1.427,2.461,-0.698,-0.715,0.746,2.055,9.668,1.915
a,146810,0.000,-4.370,36.000,-4.370,2.637,-0.133,0.262,-0.384,2.124,9.299,2.394
a,146814,0.000,-6.899,36.000,-6.899,1.802,-0.194,0.323,-0.644,2.005,9.534,1.768
a,146818,0.000,-8.776,36.000,-8.776,6.021,-0.210,-0.547,0.792,2.327,9.379,2.304
a,146822,0.000,-9.819,36.000,-9.819,5.977,-0.286,-0.318,0.563,1.970,9.579,1.972
a,146826,0.000,-9.929,36.000,-9.929,4.570,0.569,1.026,-0.949,1.998,9.257,2.166
a,146830,0.000,-9.092,36.000,-9.092,1.802,-0.225,-0.715,-0.201,2.300,9.562,2.079
a,146834,0.000,-7.387,36.000,-7.387,-0.264,0.187,0.201,-0.277,2.033,9.349,2.162
a,146838,0.000,-4.976,36.000,-4.976,-0.791,0.142,0.537,-0.949,1.844,9.403,2.066
a,146842,0.000,-2.086,36.000,-2.086,-1.582,0.493,0.247,0.318,2.224,9.145,2.285
a,146846,0.000,1.005,36.000,1.005,-1.758,-0.332,-0.928,-0.216,2.085,9.729,1.820
a,146850,0.000,4.001,36.000,4.001,0.615,0.859,0.323,-0.445,1.976,9.224,2.458
a,146854,0.000,6.615,36.000,6.615,0.659,-0.347,0.094,-0.720,2.048,9.747,2.000
a,146858,0.000,8.595,36.000,8.595,1.362,0.203,-0.226,-0.124,2.282,9.336,2.245
a,146862,0.000,9.748,36.000,9.748,-2.153,-0.118,-0.180,0.257,1.875,9.475,2.051
a,146866,0.000,9.962,36.000,9.962,1.846,0.248,-0.058,-1.117,2.101,9.397,2.245
a,146870,0.000,9.215,36.000,9.215,-1.626,0.050,0.827,0.868,2.021,9.560,2.087
a,146874,0.000,7.576,36.000,7.576,0.615,-0.500,-0.761,0.898,2.138,9.640,2.091
a,146878,0.000,5.203,36.000,5.203,0.396,0.371,0.171,0.608,2.200,9.385,2.187
a,146882,0.000,2.324,36.000,2.324,5.405,-0.622,-0.119,-0.857,1.988,9.874,2.028
a,146886,0.000,-0.782,36.000,-0.782,1.934,0.080,-0.394,-0.918,2.327,9.190,2.355
a,146890,0.000,-3.815,36.000,-3.815,2.417,-0.775,-0.379,0.456,1.943,9.561,1.826
a,146894,0.000,-6.477,36.000,-6.477,5.229,0.187,-0.119,-0.934,2.079,9.153,2.333
a,146898,0.000,-8.511,36.000,-8.511,4.131,-0.439,-0.287,-0.140,2.130,9.550,1.927
a,146902,0.000,-9.716,36.000,-9.716,2.549,0.447,-0.303,0.166,2.157,9.366,2.222
a,146906,0.000,-9.972,36.000,-9.972,6.152,0.050,0.736,-0.552,1.931,9.529,2.137
a,146910,0.000,-9.253,36.000,-9.253,1.362,0.432,-0.440,0.272,2.315,9.324,2.166
a,146914,0.000,-7.628,36.000,-7.628,1.099,-0.271,0.155,0.944,1.936,9.442,1.972
a,146918,0.000,-5.254,36.000,-5.254,-0.879,0.264,0.537,-0.018,1.921,9.497,2.166
a,146922,0.000,-2.362,36.000,-2.362,-1.582,0.203,-0.180,-0.247,2.233,9.239,2.225
a,146926,0.000,0.763,36.000,0.763,-2.197,-0.301,-0.928,-1.239,2.060,9.704,1.786
a,146930,0.000,3.816,36.000,3.816,-2.329,0.080,0.049,-0.659,2.027,9.295,2.515
a,146934,0.000,6.494,36.000,6.494,0.396,0.279,0.323,0.440,2.011,9.503,1.887
a,146938,0.000,8.533,36.000,8.533,1.230,0.203,-0.333,0.364,2.276,9.322,2.302
a,146942,0.000,9.730,36.000,9.730,1.802,-0.408,0.094,-0.552,1.912,9.576,1.985
a,146946,0.000,9.965,36.000,9.965,1.846,-0.026,0.476,-1.392,2.241,9.287,2.267
a,146950,0.000,9.213,36.000,9.213,-1.670,-0.393,-0.180,0.150,1.921,9.469,2.073
a,146954,0.000,7.547,36.000,7.547,1.230,0.004,-0.440,0.853,2.185,9.536,2.139
a,146958,0.000,5.130,36.000,5.130,0.439,0.248,-0.180,-1.208,2.282,9.386,2.156
a,146962,0.000,2.201,36.000,2.201,1.802,-0.332,0.201,0.379,1.927,9.719,2.015
a,146966,0.000,-0.949,36.000,-0.949,2.065,0.142,-0.547,-1.041,2.294,9.408,2.292
a,146970,0.000,-4.006,36.000,-4.006,2.461,-0.546,0.049,0.318,2.009,9.609,1.872
a,146974,0.000,-6.666,36.000,-6.666,6.108,0.600,0.323,0.715,2.017,9.367,2.350
a,146978,0.000,-8.660,36.000,-8.660,2.549,-0.332,0.003,1.051,2.116,9.431,2.087
a,146982,0.000,-9.789,36.000,-9.789,6.021,0.035,-0.440,-1.453,2.167,9.386,2.101
a,146986,0.000,-9.937,36.000,-9.937,6.636,-0.057,0.812,-0.231,1.900,9.414,2.223
a,146990,0.000,-9.088,36.000,-9.088,1.890,0.340,0.522,0.303,2.231,9.276,2.099
a,146994,0.000,-7.326,36.000,-7.326,0.483,-0.988,-0.501,-0.140,2.066,9.649,2.031
a,146998,0.000,-4.825,36.000,-4.825,-0.264,0.187,0.049,-0.353,2.027,9.287,2.308
a,147002,0.000,-1.836,36.000,-1.836,-1.406,-0.026,1.026,-0.353,1.964,9.412,1.987
a,147006,0.000,1.340,36.000,1.340,-1.582,0.538,-0.547,-0.002,2.216,9.335,2.058
a,147010,0.000,4.382,36.000,4.382,1.406,-0.118,-0.226,0.150,1.986,9.286,2.150
a,147014,0.000,6.983,36.000,6.983,-1.714,0.477,1.194,0.059,1.924,9.278,2.149
a,147018,0.000,8.879,36.000,8.879,-1.714,-0.026,-0.058,-0.873,2.263,9.475,2.105
a,147022,0.000,9.875,36.000,9.875,1.318,-0.332,-0.806,1.066,2.151,9.523,2.118
a,147026,0.000,9.869,36.000,9.869,2.021,0.264,0.537,0.303,1.884,9.397,2.258
a,147030,0.000,8.860,36.000,8.860,-1.055,0.584,0.247,-1.315,2.209,9.505,1.988
a,147034,0.000,6.948,36.000,6.948,1.978,-0.484,-0.318,1.387,2.126,9.379,2.204
a,147038,0.000,4.327,36.000,4.327,0.703,0.248,0.094,-0.888,1.924,9.562,2.025
a,147042,0.000,1.262,36.000,1.262,1.978,0.325,0.659,0.700,2.185,9.385,2.231
a,147046,0.000,-1.933,36.000,-1.933,2.505,-0.942,-0.883,-0.430,2.138,9.689,1.884
a,147050,0.000,-4.933,36.000,-4.933,2.681,-0.179,-0.241,-0.903,2.076,9.230,2.387
a,147054,0.000,-7.429,36.000,-7.429,6.021,-0.042,0.797,-0.002,1.908,9.689,1.899
a,147058,0.000,-9.165,36.000,-9.165,5.449,-0.393,-0.455,-0.582,2.421,9.337,2.289
a,147062,0.000,-9.960,36.000,-9.960,2.637,-0.393,-0.425,0.730,1.982,9.579,1.973
a,147066,0.000,-9.731,36.000,-9.731,2.065,0.371,0.552,0.853,1.912,9.359,2.283
a,147070,0.000,-8.500,36.000,-8.500,1.099,-0.179,-0.043,0.624,2.279,9.543,2.020
a,147074,0.000,-6.391,36.000,-6.391,0.659,-0.225,-0.333,-0.048,2.082,9.434,2.132
a,147078,0.000,-3.621,36.000,-3.621,-0.791,0.691,0.659,0.593,1.755,9.474,2.039
a,147082,0.000,-0.475,36.000,-0.475,-1.538,0.325,-0.135,-0.277,2.258,9.139,2.346
a,147086,0.000,2.722,36.000,2.722,-1.670,-0.484,-0.409,0.181,2.128,9.488,1.784
a,147090,0.000,5.639,36.000,5.639,0.703,0.752,-0.165,0.914,2.008,9.263,2.435
a,147094,0.000,7.972,36.000,7.972,1.274,0.309,0.965,-1.453,1.906,9.533,1.944
a,147098,0.000,9.479,36.000,9.479,1.318,-0.072,-0.501,-0.735,2.381,9.383,2.184
a,147102,0.000,10.000,36.000,10.000,1.934,-0.668,-0.104,1.036,1.877,9.584,2.023
a,147106,0.000,9.479,36.000,9.479,2.021,0.462,0.446,-2.353,1.970,9.355,2.296
a,147110,0.000,7.969,36.000,7.969,-1.494,-0.683,-0.226,-0.659,2.169,9.612,1.984
a,147114,0.000,5.626,36.000,5.626,0.615,0.142,-0.822,-1.208,2.264,9.278,2.138
a,147118,0.000,2.692,36.000,2.692,1.846,-0.500,0.751,-0.140,1.812,9.665,2.100
a,147122,0.000,-0.525,36.000,-0.525,2.417,0.493,0.110,1.845,2.350,9.489,2.219
a,147126,0.000,-3.689,36.000,-3.689,2.549,-0.500,-0.562,-1.285,2.114,9.663,1.911
a,147130,0.000,-6.468,36.000,-6.468,2.725,0.309,0.476,-0.628,1.893,9.382,2.149
a,147134,0.000,-8.569,36.000,-8.569,6.152,-0.271,0.522,-0.063,2.139,9.541,2.164
a,147138,0.000,-9.768,36.000,-9.768,6.680,0.111,-0.379,1.998,2.178,9.523,1.973
a,147142,0.000,-9.939,36.000,-9.939,4.043,-0.194,0.262,-0.445,1.920,9.392,2.201
a,147146,0.000,-9.061,36.000,-9.061,5.273,0.600,0.980,1.448,2.089,9.295,2.102
a,147150,0.000,-7.224,36.000,-7.224,0.703,-0.057,0.171,0.624,2.105,9.433,1.970
a,147154,0.000,-4.622,36.000,-4.622,-0.352,0.096,-0.883,0.028,2.002,9.207,2.260
a,147158,0.000,-1.528,36.000,-1.528,-1.450,0.645,0.858,-0.155,1.936,9.364,2.245
a,147162,0.000,1.729,36.000,1.729,-0.308,-0.118,-0.669,-0.048,2.303,9.537,1.962
a,147166,0.000,4.805,36.000,4.805,-1.714,-0.194,-0.501,-0.247,2.051,9.329,2.265
a,147170,0.000,7.372,36.000,7.372,1.230,0.416,0.537,-0.415,1.856,9.560,2.031
a,147174,0.000,9.155,36.000,9.155,1.934,-0.011,0.201,0.379,2.320,9.382,2.193
a,147178,0.000,9.963,36.000,9.963,2.681,-0.759,-0.806,1.402,2.076,9.519,2.015
a,147182,0.000,9.708,36.000,9.708,2.065,0.676,1.133,-0.369,1.834,9.284,2.273
a,147186,0.000,8.414,36.000,8.414,-1.055,0.050,0.155,-0.002,2.233,9.590,1.964
a,147190,0.000,6.218,36.000,6.218,-0.132,-0.332,-0.104,0.608,2.133,9.378,2.315
a,147194,0.000,3.355,36.000,3.355,1.143,-0.668,-0.684,-0.735,1.851,9.664,2.004
a,147198,0.000,0.129,36.000,0.129,1.978,0.523,0.537,-0.842,2.216,9.205,2.271
a,147202,0.000,-3.112,36.000,-3.112,4.526,-1.263,-0.806,0.792,2.200,9.768,1.788
a,147206,0.000,-6.020,36.000,-6.020,2.505,0.218,0.033,-0.170,2.085,9.307,2.465
a,147210,0.000,-8.282,36.000,-8.282,6.064,-0.301,0.323,-0.598,1.926,9.609,1.794
a,147214,0.000,-9.651,36.000,-9.651,5.977,0.157,-0.058,-0.231,2.325,9.336,2.355
a,147218,0.000,-9.979,36.000,-9.979,6.284,-0.515,-0.440,-0.308,1.944,9.586,2.025
a,147222,0.000,-9.227,36.000,-9.227,3.955,1.088,1.041,0.914,1.958,9.351,2.252
a,147226,0.000,-7.475,36.000,-7.475,0.615,-0.225,-0.135,-1.193,2.237,9.522,1.944
a,147230,0.000,-4.911,36.000,-4.911,0.659,0.981,-0.287,0.120,2.227,9.410,2.346
a,147234,0.000,-1.813,36.000,-1.813,-0.879,0.050,0.323,-0.124,1.717,9.428,1.839
a,147238,0.000,1.485,36.000,1.485,-1.450,0.951,0.965,0.593,2.242,9.042,2.418
a,147242,0.000,4.623,36.000,4.623,1.187,-0.286,-0.379,0.624,2.124,9.657,1.895
a,147246,0.000,7.259,36.000,7.259,-1.670,0.752,0.094,-0.186,1.986,9.182,2.331
a,147250,0.000,9.104,36.000,9.104,2.021,-0.179,0.690,0.364,2.060,9.585,2.066
a,147254,0.000,9.956,36.000,9.956,1.846,0.203,-0.684,-1.361,2.297,9.392,2.144
a,147258,0.000,9.718,36.000,9.718,-1.758,-0.225,0.094,0.334,1.890,9.379,2.089
a,147262,0.000,8.415,36.000,8.415,1.187,0.203,0.308,-0.384,2.126,9.406,2.066
a,147266,0.000,6.188,36.000,6.188,-0.132,-0.103,0.598,1.570,2.142,9.503,2.154
a,147270,0.000,3.279,36.000,3.279,0.703,-0.561,-0.669,-0.491,1.973,9.612,1.966
a,147274,0.000,0.008,36.000,0.008,1.934,0.340,1.148,1.784,2.091,9.345,2.368
a,147278,0.000,-3.266,36.000,-3.266,1.802,-0.240,-0.119,-1.132,2.114,9.726,1.857
a,147282,0.000,-6.181,36.000,-6.181,4.614,0.187,-0.394,-0.720,2.188,9.269,2.440
a,147286,0.000,-8.416,36.000,-8.416,2.505,-0.057,0.690,0.318,1.793,9.640,1.835
a,147290,0.000,-9.722,36.000,-9.722,1.890,0.523,-0.180,-0.659,2.327,9.292,2.346
a,147294,0.000,-9.952,36.000,-9.952,6.021,-0.393,-0.012,-0.002,1.968,9.521,1.979
a,147298,0.000,-9.079,36.000,-9.079,5.229,0.630,0.049,-1.392,2.116,9.175,2.291
a,147302,0.000,-7.197,36.000,-7.197,0.483,-0.393,0.659,0.929,1.931,9.455,1.955
a,147306,0.000,-4.514,36.000,-4.514,-0.308,0.187,-0.806,-0.827,2.174,9.172,2.273
a,147310,0.000,-1.327,36.000,-1.327,-2.197,-0.179,0.262,0.227,1.926,9.474,2.142
a,147314,0.000,2.010,36.000,2.010,-1.626,0.813,0.155,-0.018,2.180,9.367,2.131
a,147318,0.000,5.125,36.000,5.125,0.703,-0.332,-0.776,0.135,2.169,9.585,2.304
a,147322,0.000,7.669,36.000,7.669,1.846,0.462,0.201,-0.384,1.944,9.483,2.083
a,147326,0.000,9.356,36.000,9.356,1.802,-0.133,0.262,-0.720,2.107,9.407,2.114
a,147330,0.000,9.997,36.000,9.997,2.681,-0.454,-0.501,-0.262,2.155,9.483,2.047
a,147334,0.000,9.517,36.000,9.517,2.549,0.035,0.583,-0.567,1.896,9.313,2.218
a,147338,0.000,7.967,36.000,7.967,1.143,0.386,0.094,0.440,2.157,9.558,2.018
a,147342,0.000,5.521,36.000,5.521,2.021,-0.164,0.171,1.967,2.122,9.457,2.278
a,147346,0.000,2.451,36.000,2.451,0.703,-0.408,-0.333,-0.812,1.970,9.646,1.972
a,147350,0.000,-0.897,36.000,-0.897,3.955,0.554,0.812,0.486,2.201,9.188,2.349
a,147354,0.000,-4.145,36.000,-4.145,2.417,-0.836,-0.501,-0.262,2.085,9.697,1.800
a,147358,0.000,-6.928,36.000,-6.928,2.505,0.279,0.171,1.311,2.216,9.273,2.416
a,147362,0.000,-8.928,36.000,-8.928,2.065,-0.179,0.369,-0.048,1.939,9.601,1.766
a,147366,0.000,-9.917,36.000,-9.917,6.152,0.157,-0.699,0.654,2.406,9.369,2.330
a,147370,0.000,-9.781,36.000,-9.781,5.977,-0.546,0.537,0.211,1.842,9.462,1.975
a,147374,0.000,-8.534,36.000,-8.534,5.273,0.248,-0.226,-0.949,2.204,9.299,2.187
a,147378,0.000,-6.316,36.000,-6.316,1.274,-0.637,0.354,2.563,2.005,9.603,2.010
a,147382,0.000,-3.376,36.000,-3.376,-0.220,0.218,-0.165,1.295,2.048,9.258,2.225
a,147386,0.000,-0.050,36.000,-0.050,-0.923,-0.072,0.919,-0.338,1.962,9.448,1.988
a,147390,0.000,3.285,36.000,3.285,0.615,0.386,-0.135,0.318,2.231,9.354,2.260
a,147394,0.000,6.246,36.000,6.246,-1.538,-0.439,-0.287,0.349,2.023,9.507,2.133
a,147398,0.000,8.493,36.000,8.493,2.021,0.538,0.476,0.013,1.970,9.335,2.206
a,147402,0.000,9.768,36.000,9.768,2.461,0.080,-0.119,-1.376,2.182,9.419,2.102
a,147406,0.000,9.922,36.000,9.922,-1.538,-0.011,-0.058,0.364,2.066,9.465,2.131
a,147410,0.000,8.936,36.000,8.936,1.890,0.248,-0.180,-0.659,2.048,9.324,2.095
a,147414,0.000,6.921,36.000,6.921,-0.088,0.157,0.858,0.303,1.890,9.525,2.105
a,147418,0.000,4.107,36.000,4.107,1.318,-0.240,-0.638,-1.560,2.296,9.606,2.087
a,147422,0.000,0.817,36.000,0.817,1.890,-0.011,0.247,-1.193,2.070,9.316,2.175
a,147426,0.000,-2.570,36.000,-2.570,2.417,-0.225,-0.074,-0.262,1.988,9.549,2.054
a,147430,0.000,-5.661,36.000,-5.661,2.637,0.172,0.094,0.547,2.206,9.462,2.178
a,147434,0.000,-8.098,36.000,-8.098,4.702,-0.301,-0.119,-0.277,2.040,9.568,1.899
a,147438,0.000,-9.598,36.000,-9.598,5.361,0.096,-0.165,0.501,2.169,9.419,2.302
a,147442,0.000,-9.983,36.000,-9.983,6.196,-0.118,0.094,0.379,2.060,9.455,1.968
a,147446,0.000,-9.208,36.000,-9.208,4.790,0.157,0.217,0.654,2.087,9.330,2.143
a,147450,0.000,-7.360,36.000,-7.360,3.164,-0.133,-0.119,-0.720,2.120,9.448,2.093
a,147454,0.000,-4.653,36.000,-4.653,-0.088,0.325,0.430,-0.140,2.064,9.353,2.259
a,147458,0.000,-1.400,36.000,-1.400,-0.747,0.065,-0.012,0.517,2.017,9.548,1.946
a,147462,0.000,2.018,36.000,2.018,-1.011,0.416,-0.501,-0.934,2.272,9.273,2.453
a,147466,0.000,5.202,36.000,5.202,-1.099,-0.011,0.094,0.379,2.008,9.604,1.881
a,147470,0.000,7.778,36.000,7.778,1.890,0.477,-0.104,0.746,2.102,9.231,2.325
a,147474,0.000,9.443,36.000,9.443,3.164,0.096,0.339,0.730,1.968,9.566,2.041
a,147478,0.000,10.000,36.000,10.000,2.505,0.080,-0.333,-1.086,2.201,9.349,2.200
a,147482,0.000,9.380,36.000,9.380,1.846,0.157,0.110,0.547,2.102,9.479,2.045
a,147486,0.000,7.655,36.000,7.655,-0.264,0.096,1.041,0.807,1.818,9.361,2.173
a,147490,0.000,5.026,36.000,5.026,0.659,0.676,0.262,-1.437,2.198,9.348,1.990
a,147494,0.000,1.801,36.000,1.801,1.846,-0.775,-0.119,0.043,2.042,9.456,2.097
a,147498,0.000,-1.638,36.000,-1.638,1.978,0.477,0.003,0.929,2.083,9.500,2.127
a,147502,0.000,-4.886,36.000,-4.886,4.658,-0.194,0.262,-1.193,2.139,9.396,2.168
a,147506,0.000,-7.556,36.000,-7.556,2.593,0.172,-0.272,1.158,2.055,9.445,2.028
a,147510,0.000,-9.331,36.000,-9.331,8.086,-0.042,0.033,0.166,2.114,9.420,2.146
a,147514,0.000,-9.998,36.000,-9.998,6.284,-0.286,-0.180,-0.002,2.048,9.406,2.023
a,147518,0.000,-9.475,36.000,-9.475,6.021,-0.011,0.201,0.334,2.036,9.385,2.184
a,147522,0.000,-7.822,36.000,-7.822,5.186,0.157,-1.051,-0.033,2.245,9.469,2.144
a,147526,0.000,-5.235,36.000,-5.235,2.725,0.096,0.705,0.914,1.897,9.436,2.072
a,147530,0.000,-2.020,36.000,-2.020,-0.220,0.279,-0.196,-0.231,2.071,9.179,2.273
a,147534,0.000,1.438,36.000,1.438,1.934,-0.011,0.384,0.730,2.066,9.383,2.096
a,147538,0.000,4.726,36.000,4.726,-0.396,0.371,-0.104,1.036,2.120,9.369,2.087
a,147542,0.000,7.449,36.000,7.449,-1.494,-0.347,-0.287,-0.491,2.020,9.379,2.114
a,147546,0.000,9.279,36.000,9.279,1.934,0.248,0.583,-0.949,2.011,9.454,2.110
a,147550,0.000,9.994,36.000,9.994,2.549,-0.011,0.155,0.120,2.161,9.407,2.049
a,147554,0.000,9.507,36.000,9.507,2.505,0.157,-0.547,0.105,2.120,9.519,2.112
a,147558,0.000,7.872,36.000,7.872,-0.308,-0.179,0.384,0.669,1.793,9.479,2.188
a,147562,0.000,5.286,36.000,5.286,0.571,0.584,0.675,-1.010,2.233,9.361,2.031
a,147566,0.000,2.059,36.000,2.059,1.846,-0.698,-0.104,1.540,2.169,9.489,2.213
a,147570,0.000,-1.419,36.000,-1.419,2.065,0.462,-0.119,-1.041,2.058,9.479,2.099
a,147574,0.000,-4.727,36.000,-4.727,5.449,-0.057,0.262,0.227,2.164,9.422,2.191
a,147578,0.000,-7.463,36.000,-7.463,2.637,-0.118,0.064,0.547,2.071,9.509,2.012
a,147582,0.000,-9.295,36.000,-9.295,5.933,-0.286,-0.058,-0.231,2.160,9.516,2.213
a,147586,0.000,-9.996,36.000,-9.996,6.196,-0.423,0.171,1.097,2.035,9.504,1.987
a,147590,0.000,-9.480,36.000,-9.480,2.065,-0.072,0.201,-0.720,2.030,9.386,2.188
a,147594,0.000,-7.808,36.000,-7.808,4.043,0.050,-0.501,-0.033,2.191,9.479,2.085
a,147598,0.000,-5.180,36.000,-5.180,-0.132,-0.118,-0.287,-0.216,1.998,9.483,2.085
a,147602,0.000,-1.917,36.000,-1.917,-0.747,0.096,-0.287,0.166,2.027,9.428,2.175
a,147606,0.000,1.582,36.000,1.582,-1.538,0.371,-0.043,0.914,2.253,9.161,2.315
a,147610,0.000,4.890,36.000,4.890,-1.714,-0.118,-0.287,0.028,2.030,9.471,1.857
a,147614,0.000,7.600,36.000,7.600,1.187,0.325,0.598,0.578,2.036,9.239,2.444
a,147618,0.000,9.376,36.000,9.376,1.846,-0.133,0.262,-0.934,1.974,9.528,1.896
a,147622,0.000,10.000,36.000,10.000,2.637,0.050,-0.699,0.792,2.273,9.325,2.254
a,147626,0.000,9.391,36.000,9.391,1.274,-0.087,0.323,1.158,1.775,9.471,2.052
a,147630,0.000,7.623,36.000,7.623,2.109,0.569,0.354,0.532,2.195,9.377,2.176
a,147634,0.000,4.912,36.000,4.912,1.406,-0.423,0.278,1.692,2.061,9.606,2.060
a,147638,0.000,1.592,36.000,1.592,0.615,0.187,-0.394,-1.468,2.089,9.620,2.136
a,147642,0.000,-1.928,36.000,-1.928,3.867,0.279,0.766,1.341,2.015,9.416,2.144
a,147646,0.000,-5.211,36.000,-5.211,2.021,-0.347,-0.226,-0.857,2.136,9.653,1.908
a,147650,0.000,-7.849,36.000,-7.849,2.021,-0.225,-0.318,0.730,2.169,9.414,2.315
a,147654,0.000,-9.512,36.000,-9.512,6.152,-0.011,0.446,0.608,1.882,9.546,1.871
a,147658,0.000,-9.992,36.000,-9.992,5.977,0.096,-0.211,0.440,2.245,9.318,2.314
a,147662,0.000,-9.225,36.000,-9.225,5.361,-0.103,-0.074,0.166,2.039,9.516,1.975
a,147666,0.000,-7.307,36.000,-7.307,3.164,0.035,-0.928,-0.964,2.209,9.316,2.194
a,147670,0.000,-4.473,36.000,-4.473,0.000,-0.118,1.255,0.486,1.893,9.653,2.064
a,147674,0.000,-1.078,36.000,-1.078,-0.176,0.691,-0.623,-0.430,2.260,9.250,2.166
a,147678,0.000,2.454,36.000,2.454,-1.450,0.447,0.171,1.952,2.029,9.316,2.169
a,147682,0.000,5.680,36.000,5.680,1.318,0.248,-0.012,-0.888,1.908,9.422,2.000
a,147686,0.000,8.195,36.000,8.195,1.714,-0.072,-0.058,-1.376,2.216,9.352,2.324
a,147690,0.000,9.680,36.000,9.680,2.417,-0.026,-0.012,-0.384,1.993,9.504,2.006
a,147694,0.000,9.947,36.000,9.947,2.549,0.218,0.339,1.082,2.058,9.351,2.156
a,147698,0.000,8.958,36.000,8.958,2.461,-0.103,-0.547,0.792,2.195,9.465,2.063
a,147702,0.000,6.838,36.000,6.838,-0.176,0.050,-0.180,0.105,1.978,9.436,2.259
a,147706,0.000,3.851,36.000,3.851,1.187,-0.820,-0.806,0.563,2.066,9.618,1.985
a,147710,0.000,0.375,36.000,0.375,2.021,0.080,-0.119,-0.338,2.273,9.432,2.242
a,147714,0.000,-3.151,36.000,-3.151,6.021,-0.454,-0.440,-0.521,1.929,9.770,1.901
a,147718,0.000,-6.279,36.000,-6.279,6.196,0.187,0.262,-0.888,2.087,9.170,2.453
a,147722,0.000,-8.611,36.000,-8.611,6.284,-0.500,-0.180,0.318,2.030,9.694,1.705
a,147726,0.000,-9.848,36.000,-9.848,2.461,0.050,-0.532,0.837,2.279,9.227,2.419
a,147730,0.000,-9.830,36.000,-9.830,6.768,-0.179,-0.058,0.105,1.853,9.513,1.929
a,147734,0.000,-8.558,36.000,-8.558,4.175,0.477,0.995,0.410,2.064,9.279,2.279
a,147738,0.000,-6.191,36.000,-6.191,1.274,-0.194,-0.928,-0.689,2.241,9.509,1.972
a,147742,0.000,-3.031,36.000,-3.031,-0.132,0.203,0.110,0.532,2.009,9.309,2.211
a,147746,0.000,0.520,36.000,0.520,-0.352,-0.057,0.323,-0.155,1.897,9.680,1.908
a,147750,0.000,4.006,36.000,4.006,-1.011,0.416,0.537,-0.644,2.173,9.330,2.301
a,147754,0.000,6.980,36.000,6.980,0.352,-0.484,-0.318,1.265,2.093,9.432,1.844
a,147758,0.000,9.058,36.000,9.058,2.065,0.432,0.446,0.440,1.982,9.227,2.324
a,147762,0.000,9.971,36.000,9.971,2.769,-0.057,0.369,-0.231,2.030,9.483,2.025
a,147766,0.000,9.598,36.000,9.598,2.461,0.264,-0.883,-0.155,2.294,9.328,2.178
a,147770,0.000,7.986,36.000,7.986,2.417,-0.607,-0.440,0.395,1.933,9.511,2.045
a,147774,0.000,5.340,36.000,5.340,-0.044,1.256,1.072,0.120,2.027,9.301,2.241
a,147778,0.000,2.002,36.000,2.002,1.274,-0.927,-0.669,0.166,2.255,9.639,1.962
a,147782,0.000,-1.599,36.000,-1.599,1.978,0.264,-0.318,0.654,2.082,9.343,2.296
a,147786,0.000,-4.994,36.000,-4.994,1.274,-0.515,0.537,-0.338,1.936,9.446,1.981
a,147790,0.000,-7.742,36.000,-7.742,5.273,0.218,0.110,1.188,2.251,9.329,2.265
a,147794,0.000,-9.484,36.000,-9.484,6.064,-0.836,-0.608,-0.262,2.066,9.572,1.911
a,147798,0.000,-9.992,36.000,-9.992,6.240,0.218,0.171,1.082,2.045,9.322,2.249
a,147802,0.000,-9.196,36.000,-9.196,6.108,-0.301,0.430,-0.384,1.978,9.465,2.049
a,147806,0.000,-7.199,36.000,-7.199,3.384,0.371,-0.715,0.059,2.340,9.419,2.143
a,147810,0.000,-4.259,36.000,-4.259,0.439,0.325,0.339,0.532,1.865,9.385,2.042
a,147814,0.000,-0.759,36.000,-0.759,-0.264,0.538,-0.074,-1.147,1.993,9.207,2.223
a,147818,0.000,2.842,36.000,2.842,3.428,0.004,0.094,0.776,2.206,9.445,2.219
a,147822,0.000,6.073,36.000,6.073,1.274,0.187,-0.119,-0.628,2.020,9.424,2.039
a,147826,0.000,8.507,36.000,8.507,-1.055,0.096,0.094,-0.002,2.151,9.378,2.364
a,147830,0.000,9.823,36.000,9.823,0.703,-0.011,0.171,0.211,2.048,9.530,2.045
a,147834,0.000,9.844,36.000,9.844,2.593,-0.179,0.049,-0.124,2.124,9.385,2.152
a,147838,0.000,8.567,36.000,8.567,-0.264,0.233,-0.226,1.769,2.091,9.376,2.081
a,147842,0.000,6.156,36.000,6.156,1.758,0.248,0.476,-0.582,1.944,9.378,2.221
a,147846,0.000,2.930,36.000,2.930,0.615,-0.011,-0.455,-0.415,2.291,9.591,2.023
a,147850,0.000,-0.687,36.000,-0.687,1.846,-0.240,-0.440,-0.323,2.132,9.316,2.260
a,147854,0.000,-4.215,36.000,-4.215,2.065,0.157,0.369,0.211,1.906,9.658,1.994
a,147858,0.000,-7.185,36.000,-7.185,2.549,-0.042,0.079,1.418,2.297,9.330,2.324
a,147862,0.000,-9.202,36.000,-9.202,6.021,-0.408,0.049,-0.338,2.036,9.620,1.872
a,147866,0.000,-9.994,36.000,-9.994,6.064,-0.118,0.064,0.547,2.148,9.298,2.319
a,147870,0.000,-9.454,36.000,-9.454,5.933,0.279,0.598,1.876,1.949,9.471,1.984
a,147874,0.000,-7.651,36.000,-7.651,3.867,0.309,-0.883,-1.529,2.279,9.422,2.168
a,147878,0.000,-4.824,36.000,-4.824,1.099,-0.011,0.766,0.654,1.931,9.601,2.152
a,147882,0.000,-1.349,36.000,-1.349,-0.308,0.676,-0.394,-1.254,2.099,9.359,2.132
a,147886,0.000,2.308,36.000,2.308,2.769,-0.393,0.659,0.914,2.076,9.374,2.124
a,147890,0.000,5.658,36.000,5.658,-1.538,0.264,-0.180,0.303,2.035,9.493,1.962
a,147894,0.000,8.250,36.000,8.250,1.670,-0.057,0.049,-0.170,2.048,9.343,2.231
a,147898,0.000,9.733,36.000,9.733,2.461,0.157,0.339,0.990,2.021,9.548,2.006
a,147902,0.000,9.906,36.000,9.906,2.505,-0.286,0.064,0.440,2.138,9.403,2.179
a,147906,0.000,8.742,36.000,8.742,1.670,-0.408,-0.012,-0.613,2.160,9.515,2.115
a,147910,0.000,6.397,36.000,6.397,1.758,-0.133,0.049,-0.857,1.913,9.275,2.225
a,147914,0.000,3.185,36.000,3.185,3.340,-0.194,-0.394,-0.521,2.276,9.507,1.991
a,147918,0.000,-0.460,36.000,-0.460,1.978,-0.179,0.003,0.883,2.264,9.225,2.187
a,147922,0.000,-4.045,36.000,-4.045,6.196,-0.668,-0.470,0.456,1.960,9.549,2.014
a,147926,0.000,-7.083,36.000,-7.083,6.108,0.096,0.476,-0.063,2.073,9.300,2.276
a,147930,0.000,-9.160,36.000,-9.160,6.196,-0.561,-0.440,-1.178,2.052,9.612,1.804
a,147934,0.000,-9.991,36.000,-9.991,7.339,0.111,-0.318,1.326,2.198,9.301,2.405
a,147938,0.000,-9.461,36.000,-9.461,6.240,-0.225,0.201,0.257,1.864,9.618,1.915
a,147942,0.000,-7.639,36.000,-7.639,1.230,-0.057,0.476,0.364,2.233,9.287,2.310
a,147946,0.000,-4.772,36.000,-4.772,1.187,-0.622,-0.928,-0.979,2.144,9.416,1.973
a,147950,0.000,-1.250,36.000,-1.250,-0.088,0.462,-0.119,-0.949,2.144,9.340,2.391
a,147954,0.000,2.445,36.000,2.445,-0.308,-0.347,0.201,-1.254,1.958,9.632,1.860
a,147958,0.000,5.807,36.000,5.807,-0.747,0.569,-0.333,-0.277,2.296,9.324,2.430
a,147962,0.000,8.374,36.000,8.374,2.637,-0.622,-0.333,-0.308,1.967,9.594,1.936
a,147966,0.000,9.790,36.000,9.790,2.812,0.752,0.369,-0.247,2.087,9.256,2.307
a,147970,0.000,9.859,36.000,9.859,-0.747,-0.240,0.094,-0.659,2.102,9.481,1.982
a,147974,0.000,8.568,36.000,8.568,2.593,-0.072,-0.776,-0.598,2.154,9.336,2.188
a,147978,0.000,6.094,36.000,6.094,2.725,-0.607,0.827,0.700,1.788,9.328,2.156
a,147982,0.000,2.775,36.000,2.775,0.703,-0.225,-0.165,0.456,2.291,9.589,2.063
a,147986,0.000,-0.930,36.000,-0.930,1.890,-0.103,-0.333,0.685,2.161,9.358,2.133
a,147990,0.000,-4.508,36.000,-4.508,2.021,-0.454,-0.333,-0.979,1.889,9.462,1.950
a,147994,0.000,-7.463,36.000,-7.463,6.196,-0.057,0.430,-0.063,2.224,9.365,2.302
a,147998,0.000,-9.383,36.000,-9.383,4.702,0.096,0.110,0.501,2.073,9.608,1.879
a,148002,0.000,-9.998,36.000,-9.998,7.690,0.279,0.003,1.311,2.116,9.263,2.310
a,148006,0.000,-9.220,36.000,-9.220,6.152,-0.164,1.041,1.479,1.911,9.503,2.012
a,148010,0.000,-7.156,36.000,-7.156,1.362,0.264,-0.806,0.624,2.340,9.397,2.200
a,148014,0.000,-4.090,36.000,-4.090,0.659,-0.393,0.323,0.105,1.974,9.479,2.046
a,148018,0.000,-0.451,36.000,-0.451,-0.220,0.920,0.583,-1.178,1.882,9.146,2.252
a,148022,0.000,3.254,36.000,3.254,-0.396,-0.057,0.262,0.364,2.148,9.464,2.118
a,148026,0.000,6.504,36.000,6.504,-0.879,0.477,-0.043,0.700,2.154,9.257,2.146
a,148030,0.000,8.844,36.000,8.844,2.593,-0.133,-0.058,-0.277,1.962,9.504,2.175
a,148034,0.000,9.941,36.000,9.941,-0.879,0.462,0.476,1.906,2.045,9.371,2.188
a,148038,0.000,9.640,36.000,9.640,3.208,0.050,-0.104,0.547,2.191,9.396,2.064
a,148042,0.000,7.980,36.000,7.980,3.076,-0.179,0.339,0.929,2.157,9.382,2.115
a,148046,0.000,5.192,36.000,5.192,1.099,0.096,0.644,0.043,1.851,9.261,2.249
a,148050,0.000,1.669,36.000,1.669,0.703,-0.607,-0.394,-0.201,2.195,9.585,1.927
a,148054,0.000,-2.093,36.000,-2.093,4.087,-0.011,-0.318,0.563,2.188,9.328,2.312
a,148058,0.000,-5.560,36.000,-5.560,5.405,-0.515,0.155,-0.430,1.890,9.657,1.873
a,148062,0.000,-8.241,36.000,-8.241,2.065,0.264,0.369,-0.063,2.255,9.158,2.373
a,148066,0.000,-9.752,36.000,-9.752,6.021,-0.561,-0.012,-0.613,1.982,9.614,1.811
a,148070,0.000,-9.878,36.000,-9.878,6.064,0.386,0.140,0.105,2.132,9.276,2.373
a,148074,0.000,-8.597,36.000,-8.597,4.175,-0.072,0.812,-0.552,1.905,9.493,1.979
a,148078,0.000,-6.089,36.000,-6.089,4.658,-0.057,-0.867,0.669,2.325,9.379,2.112
a,148082,0.000,-2.710,36.000,-2.710,-0.088,0.386,-0.104,1.585,2.107,9.306,2.247
a,148086,0.000,1.058,36.000,1.058,-0.747,-0.133,0.430,-0.552,1.913,9.517,1.931
a,148090,0.000,4.678,36.000,4.678,-1.099,0.538,0.278,0.700,2.359,9.388,2.421
a,148094,0.000,7.629,36.000,7.629,-1.099,-0.836,-0.883,-0.705,1.980,9.525,1.873
a,148098,0.000,9.487,36.000,9.487,1.846,0.523,0.537,-0.353,2.023,9.261,2.349
a,148102,0.000,9.982,36.000,9.982,2.549,-0.301,-0.119,-1.208,2.099,9.639,1.930
a,148106,0.000,9.042,36.000,9.042,2.065,-0.072,-0.440,-1.025,2.251,9.365,2.203
a,148110,0.000,6.798,36.000,6.798,0.352,-0.607,0.201,0.379,1.853,9.594,2.121
a,148114,0.000,3.572,36.000,3.572,0.352,0.355,-0.180,-1.270,2.264,9.459,2.218
a,148118,0.000,-0.172,36.000,-0.172,4.658,-0.775,-0.012,0.166,2.155,9.826,2.020
a,148122,0.000,-3.893,36.000,-3.893,1.934,0.050,-0.394,0.074,2.067,9.254,2.229
a,148126,0.000,-7.053,36.000,-7.053,5.977,-0.683,-0.119,-1.529,2.061,9.804,1.943
a,148130,0.000,-9.192,36.000,-9.192,6.724,0.203,0.308,-0.384,2.083,9.334,2.149
a,148134,0.000,-9.998,36.000,-9.998,6.284,-0.790,-0.669,-0.323,2.120,9.632,1.990
a,148138,0.000,-9.350,36.000,-9.350,6.152,0.203,0.384,0.929,2.030,9.321,2.115
a,148142,0.000,-7.342,36.000,-7.342,4.834,-0.225,-0.394,0.166,1.926,9.516,2.106
a,148146,0.000,-4.261,36.000,-4.261,1.274,0.203,-0.532,0.501,2.264,9.500,2.047
a,148150,0.000,-0.557,36.000,-0.557,-0.088,0.584,0.003,0.440,2.066,9.419,2.318
a,148154,0.000,3.231,36.000,3.231,-0.308,0.142,-0.287,-0.338,1.911,9.595,1.889
a,148158,0.000,6.548,36.000,6.548,2.593,0.645,0.659,0.471,2.240,9.152,2.418
a,148162,0.000,8.908,36.000,8.908,2.505,-0.194,-0.226,-0.705,1.929,9.669,1.793
a,148166,0.000,9.963,36.000,9.963,3.428,0.203,0.323,0.364,2.173,9.292,2.391
a,148170,0.000,9.555,36.000,9.555,3.164,-0.133,0.155,-0.934,2.020,9.550,1.972
a,148174,0.000,7.741,36.000,7.741,2.065,-0.408,-0.593,-0.750,2.239,9.516,2.279
a,148178,0.000,4.786,36.000,4.786,1.318,0.477,0.644,0.120,1.962,9.501,2.140
a,148182,0.000,1.124,36.000,1.124,1.802,-0.713,-0.532,0.730,2.136,9.632,2.121
a,148186,0.000,-2.707,36.000,-2.707,1.846,0.203,0.491,0.074,2.118,9.481,2.205
a,148190,0.000,-6.140,36.000,-6.140,4.614,-0.072,-0.119,-1.102,2.061,9.658,1.978
a,148194,0.000,-8.666,36.000,-8.666,4.878,0.096,-0.226,0.150,2.151,9.325,2.273
a,148198,0.000,-9.909,36.000,-9.909,6.064,-0.057,0.094,0.059,1.990,9.522,1.988
a,148202,0.000,-9.682,36.000,-9.682,5.537,0.309,0.201,-0.292,2.087,9.319,2.187
a,148206,0.000,-8.017,36.000,-8.017,1.890,-0.194,-0.012,-0.338,2.085,9.493,2.096
a,148210,0.000,-5.157,36.000,-5.157,0.659,-0.026,-0.776,-1.239,2.145,9.436,2.089
a,148214,0.000,-1.527,36.000,-1.527,-0.176,0.859,0.690,-0.857,2.144,9.443,2.278
a,148218,0.000,2.333,36.000,2.333,-0.703,-0.225,-0.486,0.837,2.009,9.463,1.890
a,148222,0.000,5.846,36.000,5.846,-1.055,0.538,-0.287,-0.155,2.245,9.372,2.429
a,148226,0.000,8.488,36.000,8.488,2.593,-0.332,-0.058,-0.063,1.920,9.662,1.931
a,148230,0.000,9.860,36.000,9.860,2.681,0.325,0.201,0.135,2.128,9.230,2.346
a,148234,0.000,9.754,36.000,9.754,2.637,-0.393,0.003,0.257,2.025,9.615,2.005
a,148238,0.000,8.184,36.000,8.184,1.802,0.538,-0.440,-0.002,2.178,9.407,2.170
a,148242,0.000,5.382,36.000,5.382,0.703,-0.225,0.552,0.746,1.889,9.359,2.127
a,148246,0.000,1.769,36.000,1.769,0.527,0.187,-0.287,-0.873,2.219,9.287,2.031
a,148250,0.000,-2.114,36.000,-2.114,1.758,-0.500,0.659,0.547,2.105,9.677,2.070
a,148254,0.000,-5.680,36.000,-5.680,5.493,-0.240,-0.333,-0.918,2.076,9.301,2.095
a,148258,0.000,-8.389,36.000,-8.389,1.978,-0.332,0.446,0.501,2.133,9.412,2.096
a,148262,0.000,-9.831,36.000,-9.831,1.934,-0.057,-0.211,0.456,2.017,9.479,1.972
a,148266,0.000,-9.785,36.000,-9.785,5.933,-0.072,0.094,-0.552,2.005,9.316,2.195
a,148270,0.000,-8.254,36.000,-8.254,1.890,0.218,0.522,0.303,2.070,9.391,2.063
a,148274,0.000,-5.468,36.000,-5.468,1.714,-0.240,-0.547,-0.735,2.148,9.437,2.095
a,148278,0.000,-1.849,36.000,-1.849,-0.176,0.340,0.064,1.127,2.002,9.258,2.240
a,148282,0.000,2.054,36.000,2.054,-0.396,0.203,0.003,0.700,1.980,9.548,1.984
a,148286,0.000,5.646,36.000,5.646,3.164,0.371,0.064,0.486,2.148,9.222,2.267
a,148290,0.000,8.378,36.000,8.378,-1.626,0.050,0.094,-0.231,1.970,9.379,1.986
a,148294,0.000,9.831,36.000,9.831,-2.197,0.371,0.369,-0.247,2.023,9.385,2.241
a,148298,0.000,9.780,36.000,9.780,3.208,0.371,0.262,0.105,2.116,9.468,2.073
a,148302,0.000,8.230,36.000,8.230,2.461,0.248,-0.669,-0.720,2.178,9.485,2.140
a,148306,0.000,5.416,36.000,5.416,-0.308,-0.179,0.766,0.929,1.773,9.571,2.136
a,148310,0.000,1.768,36.000,1.768,0.396,0.569,-0.012,-1.392,2.229,9.432,2.121
a,148314,0.000,-2.154,36.000,-2.154,1.187,-0.866,0.217,1.372,2.133,9.559,2.081
a,148318,0.000,-5.747,36.000,-5.747,1.934,0.264,-0.119,0.257,1.982,9.464,2.200
a,148322,0.000,-8.456,36.000,-8.456,1.934,-0.179,0.552,0.746,2.076,9.655,2.010
a,148326,0.000,-9.860,36.000,-9.860,5.581,-0.057,-0.425,0.563,2.169,9.450,2.069
a,148330,0.000,-9.740,36.000,-9.740,5.493,-0.133,-0.287,-1.193,1.990,9.467,2.081
a,148334,0.000,-8.112,36.000,-8.112,3.472,-0.194,-0.226,-0.369,2.142,9.465,2.083
a,148338,0.000,-5.225,36.000,-5.225,0.352,-0.057,0.201,0.227,2.051,9.480,2.096
a,148342,0.000,-1.525,36.000,-1.525,-0.923,-0.011,-0.180,-0.170,2.095,9.596,2.096
a,148346,0.000,2.415,36.000,2.415,-1.011,-0.011,0.751,0.089,2.015,9.312,2.230
a,148350,0.000,5.981,36.000,5.981,-1.450,0.065,-0.104,1.097,2.108,9.431,1.976
a,148354,0.000,8.617,36.000,8.617,2.505,-0.011,-0.043,1.036,2.144,9.360,2.325
a,148358,0.000,9.910,36.000,9.910,2.505,0.325,0.369,0.349,1.908,9.468,1.988
a,148362,0.000,9.655,36.000,9.655,3.252,0.187,0.049,-0.460,2.210,9.349,2.207
a,148366,0.000,7.889,36.000,7.889,2.505,-0.332,-0.516,-0.415,2.114,9.516,2.043
a,148370,0.000,4.887,36.000,4.887,-0.308,0.096,-0.104,0.837,1.970,9.471,2.178
a,148374,0.000,1.116,36.000,1.116,0.000,-0.057,-0.394,0.166,2.251,9.495,1.992
a,148378,0.000,-2.833,36.000,-2.833,3.340,-0.500,-0.287,-0.155,2.154,9.735,2.072
a,148382,0.000,-6.338,36.000,-6.338,6.021,-0.057,0.110,0.563,1.958,9.416,2.166
a,148386,0.000,-8.848,36.000,-8.848,5.449,-0.057,0.430,-0.170,2.076,9.477,2.039
a,148390,0.000,-9.964,36.000,-9.964,5.493,-0.118,-0.318,0.669,2.217,9.489,2.184
a,148394,0.000,-9.508,36.000,-9.508,0.615,0.035,0.094,-0.857,1.996,9.389,2.137
a,148398,0.000,-7.548,36.000,-7.548,4.131,0.371,0.049,-0.079,2.124,9.479,2.083
a,148402,0.000,-4.392,36.000,-4.392,0.527,-0.011,0.155,0.364,2.008,9.369,2.096
a,148406,0.000,-0.539,36.000,-0.539,-0.264,0.935,-0.119,0.043,1.998,9.385,2.131
a,148410,0.000,3.403,36.000,3.403,-0.879,0.096,0.522,-0.353,2.061,9.301,2.095
a,148414,0.000,6.806,36.000,6.806,1.890,0.279,-0.135,0.150,2.066,9.535,2.023
a,148418,0.000,9.129,36.000,9.129,2.681,-0.118,-0.180,0.166,2.105,9.432,2.191
a,148422,0.000,9.998,36.000,9.998,3.164,0.432,0.446,0.547,1.957,9.428,2.114
a,148426,0.000,9.274,36.000,9.274,2.505,0.050,0.430,0.105,2.076,9.446,2.131
a,148430,0.000,7.067,36.000,7.067,1.230,-0.347,-0.547,-0.262,2.213,9.471,2.110
a,148435,0.000,3.729,36.000,3.729,0.659,-0.286,0.186,-0.644,1.865,9.312,2.252
a,148439,0.000,-0.208,36.000,-0.208,0.703,-0.026,0.171,-0.552,2.149,9.760,1.985
a,148443,0.000,-4.114,36.000,-4.114,1.758,0.096,-0.440,0.181,2.237,9.233,2.273
a,148447,0.000,-7.362,36.000,-7.362,4.658,-0.194,0.201,-0.720,1.893,9.641,1.861
a,148450,0.000,-9.429,36.000,-9.429,5.537,0.203,0.094,-0.231,2.289,9.301,2.371
a,148454,0.000,-9.979,36.000,-9.979,5.977,-0.225,-0.165,0.654,1.955,9.574,1.889
a,148458,0.000,-8.922,36.000,-8.922,5.537,0.477,0.430,-0.186,2.133,9.309,2.331
a,148462,0.000,-6.424,36.000,-6.424,0.659,-0.500,-0.333,0.013,2.145,9.590,1.964
a,148466,0.000,-2.886,36.000,-2.886,-0.088,0.813,0.262,0.089,2.164,9.301,2.343
a,148470,0.000,1.120,36.000,1.120,-0.352,-0.179,-0.211,0.440,1.958,9.492,1.946
a,148474,0.000,4.948,36.000,4.948,3.296,0.645,0.110,0.868,2.107,9.426,2.358
a,148478,0.000,7.975,36.000,7.975,2.461,-0.286,-0.547,0.135,2.122,9.556,1.937
a,148482,0.000,9.709,36.000,9.709,-0.967,0.325,0.201,0.028,2.070,9.281,2.292
a,148486,0.000,9.865,36.000,9.865,3.428,0.111,0.552,1.127,1.992,9.568,1.981
a,148490,0.000,8.415,36.000,8.415,2.593,0.187,-0.440,-1.147,2.307,9.346,2.207
a,148494,0.000,5.592,36.000,5.592,-1.011,-0.652,0.491,1.082,1.871,9.437,2.101
a,148498,0.000,1.854,36.000,1.854,0.483,0.172,-0.074,-1.880,2.148,9.505,2.166
a,148502,0.000,-2.189,36.000,-2.189,1.274,-0.546,-0.211,0.990,2.245,9.843,2.000
a,148506,0.000,-5.876,36.000,-5.876,1.890,0.432,-0.180,-0.063,1.999,9.469,2.223
a,148510,0.000,-8.603,36.000,-8.603,1.934,-0.332,0.430,0.150,2.030,9.606,2.031
a,148514,0.000,-9.919,36.000,-9.919,5.933,-0.286,0.064,0.761,2.161,9.390,2.099
a,148518,0.000,-9.607,36.000,-9.607,6.021,-0.393,-0.119,0.043,2.040,9.503,2.085
a,148522,0.000,-7.714,36.000,-7.714,2.681,0.248,0.049,-0.521,2.188,9.486,2.194
a,148526,0.000,-4.549,36.000,-4.549,2.461,0.050,0.552,0.425,2.015,9.468,2.134
a,148530,0.000,-0.632,36.000,-0.632,-0.264,0.309,-0.333,-0.552,2.102,9.310,2.178
a,148534,0.000,3.392,36.000,3.392,-0.967,0.203,0.491,0.853,2.021,9.407,2.239
a,148538,0.000,6.858,36.000,6.858,-1.450,0.279,-0.074,0.257,2.055,9.501,1.991
a,148542,0.000,9.190,36.000,9.190,-1.055,-0.026,-0.333,-0.750,2.179,9.410,2.219
a,148547,0.000,10.000,36.000,10.000,2.065,0.309,0.155,-0.659,1.893,9.482,2.041
a,148550,0.000,9.150,36.000,9.150,2.065,0.142,0.049,-0.567,2.082,9.357,2.185
a,148554,0.000,6.779,36.000,6.779,-0.879,-0.790,-1.051,-1.453,2.216,9.543,2.047
a,148558,0.000,3.279,36.000,3.279,-0.176,-0.179,0.339,0.654,1.866,9.491,2.242
a,148562,0.000,-0.771,36.000,-0.771,0.483,-0.194,-0.119,-1.208,2.198,9.767,2.016
a,148566,0.000,-4.694,36.000,-4.694,1.714,-0.118,0.110,1.036,2.175,9.354,2.265
a,148570,0.000,-7.835,36.000,-7.835,1.846,-0.500,0.201,-0.124,1.877,9.586,1.931
a,148574,0.000,-9.668,36.000,-9.668,1.758,0.355,0.201,1.097,2.229,9.276,2.312
a,148578,0.000,-9.882,36.000,-9.882,5.537,0.004,-0.196,0.379,2.017,9.474,1.902
a,148582,0.000,-8.439,36.000,-8.439,4.658,0.111,-0.241,-0.048,2.155,9.373,2.289
a,148586,0.000,-5.578,36.000,-5.578,1.318,0.157,0.262,-0.002,1.968,9.488,1.973
a,148590,0.000,-1.777,36.000,-1.777,-0.308,0.248,-0.440,-0.613,2.224,9.313,2.217
a,148594,0.000,2.325,36.000,2.325,-1.099,-0.286,0.583,0.196,1.946,9.471,2.020
a,148598,0.000,6.038,36.000,6.038,-1.494,0.523,-0.119,-0.781,2.095,9.376,2.164
a,148602,0.000,8.734,36.000,8.734,-1.670,-0.332,-0.058,-0.124,2.116,9.482,2.085
a,148606,0.000,9.955,36.000,9.955,2.681,0.111,0.140,-0.124,1.951,9.492,2.107
a,148610,0.000,9.493,36.000,9.493,2.505,0.035,0.262,-0.445,2.066,9.452,2.160
a,148614,0.000,7.421,36.000,7.421,1.934,0.187,-0.180,-0.674,2.255,9.409,2.132
a,148618,0.000,4.089,36.000,4.089,-0.220,-0.332,0.430,-0.063,1.882,9.504,2.137
a,148622,0.000,0.060,36.000,0.060,0.439,0.294,-0.028,-1.880,2.142,9.503,2.102
a,148626,0.000,-3.981,36.000,-3.981,3.867,-0.775,-0.501,0.013,2.138,9.489,2.108
a,148630,0.000,-7.347,36.000,-7.347,5.449,-0.179,0.262,0.257,2.030,9.457,2.146
a,148634,0.000,-9.462,36.000,-9.462,1.934,-0.179,0.491,0.135,2.077,9.533,2.075
a,148638,0.000,-9.962,36.000,-9.962,5.537,-0.118,0.003,0.929,2.066,9.428,2.027
a,148642,0.000,-8.760,36.000,-8.760,4.834,-0.194,0.201,-0.812,2.039,9.361,2.181
a,148646,0.000,-6.056,36.000,-6.056,2.769,0.050,-0.699,0.639,2.144,9.432,1.994
a,148651,0.000,-2.313,36.000,-2.313,0.000,0.477,0.751,0.227,1.967,9.406,2.182
a,148654,0.000,1.829,36.000,1.829,-0.220,-0.668,-0.532,0.578,2.102,9.791,2.085
a,148659,0.000,5.660,36.000,5.660,-0.352,0.355,0.262,-0.873,2.151,9.488,2.310
a,148662,0.000,8.519,36.000,8.519,2.593,0.187,-0.776,-0.659,2.067,9.385,2.027
a,148666,0.000,9.912,36.000,9.912,3.252,0.157,-0.608,-0.063,2.178,9.463,2.309
a,148670,0.000,9.595,36.000,9.595,3.384,-0.332,0.094,0.105,2.023,9.503,2.016
a,148674,0.000,7.621,36.000,7.621,2.637,-0.026,-0.440,-1.514,2.133,9.390,2.172
a,148678,0.000,4.327,36.000,4.327,0.703,-0.225,0.888,0.593,1.966,9.440,2.103
a,148682,0.000,0.282,36.000,0.282,0.000,0.096,0.094,-0.048,2.200,9.471,2.085
a,148686,0.000,-3.815,36.000,-3.815,0.703,-1.049,0.171,0.624,2.042,9.522,2.078
a,148690,0.000,-7.251,36.000,-7.251,4.526,0.294,0.033,-1.712,2.009,9.400,2.216
a,148694,0.000,-9.429,36.000,-9.429,5.581,-0.546,0.094,-0.124,2.154,9.632,1.994
a,148698,0.000,-9.967,36.000,-9.967,5.581,0.035,-0.394,-0.689,2.122,9.378,2.143
a,148702,0.000,-8.768,36.000,-8.768,5.361,-0.042,0.323,0.517,1.896,9.395,2.107
a,148706,0.000,-6.038,36.000,-6.038,1.274,0.371,-0.043,0.990,2.201,9.371,2.045
a,148710,0.000,-2.250,36.000,-2.250,0.308,-0.057,0.064,0.654,2.046,9.353,2.168
a,148714,0.000,1.933,36.000,1.933,-0.264,-0.133,-0.226,-0.644,2.095,9.462,2.105
a,148718,0.000,5.780,36.000,5.780,-0.396,0.538,0.415,-0.827,2.108,9.334,2.296
a,148722,0.000,8.616,36.000,8.616,2.505,-0.042,-0.043,1.967,2.076,9.559,1.963
a,148726,0.000,9.939,36.000,9.939,2.109,0.004,-0.043,1.769,2.179,9.318,2.295
a,148730,0.000,9.516,36.000,9.516,2.593,0.187,0.369,-0.766,1.964,9.515,1.972
a,148734,0.000,7.416,36.000,7.416,1.714,0.416,0.262,-0.460,2.225,9.249,2.164
a,148738,0.000,4.007,36.000,4.007,0.615,0.050,0.323,0.257,1.986,9.365,2.064
a,148742,0.000,-0.112,36.000,-0.112,1.274,-0.820,-0.348,-1.010,2.142,9.543,2.099
a,148746,0.000,-4.213,36.000,-4.213,2.021,0.538,0.843,0.792,2.110,9.158,2.095
a,148751,0.000,-7.571,36.000,-7.571,4.219,-0.393,-0.180,0.257,2.066,9.511,1.950
a,148754,0.000,-9.589,36.000,-9.589,6.021,0.096,0.094,0.059,2.133,9.372,2.301
a,148758,0.000,-9.907,36.000,-9.907,6.196,-0.286,-0.012,0.211,1.960,9.516,1.906
a,148762,0.000,-8.464,36.000,-8.464,6.152,0.279,0.033,0.318,2.164,9.323,2.257
a,148766,0.000,-5.514,36.000,-5.514,3.428,-0.408,-0.012,-0.995,2.052,9.504,2.016
a,148770,0.000,-1.580,36.000,-1.580,0.659,-0.286,-0.333,0.059,1.993,9.448,2.066
a,148774,0.000,2.638,36.000,2.638,-0.132,0.737,0.430,-0.399,2.133,9.330,2.325
a,148778,0.000,6.388,36.000,6.388,-0.264,-0.057,-0.104,0.440,2.042,9.658,1.891
a,148782,0.000,8.997,36.000,8.997,-0.264,0.569,0.155,-1.102,2.151,9.254,2.370
a,148786,0.000,9.997,36.000,9.997,3.340,-0.194,0.094,-0.338,1.944,9.522,1.937
a,148790,0.000,9.205,36.000,9.205,3.823,0.157,0.155,-0.018,2.264,9.347,2.191
a,148794,0.000,6.759,36.000,6.759,2.505,-0.133,-0.608,-0.430,1.978,9.546,2.058
a,148798,0.000,3.097,36.000,3.097,1.274,-0.026,0.644,-0.292,1.957,9.234,2.252
a,148802,0.000,-1.125,36.000,-1.125,-0.176,-0.500,-0.394,0.227,2.294,9.511,1.962
a,148806,0.000,-5.146,36.000,-5.146,6.284,-0.332,-0.501,0.181,2.039,9.560,2.187
a,148810,0.000,-8.242,36.000,-8.242,5.273,-0.103,0.598,1.372,1.962,9.361,2.144
a,148814,0.000,-9.850,36.000,-9.850,5.581,-0.042,-0.165,-0.873,2.276,9.476,2.054
a,148818,0.000,-9.676,36.000,-9.676,5.493,-0.179,-0.180,0.043,1.992,9.404,2.114
a,148822,0.000,-7.750,36.000,-7.750,1.934,-0.240,0.049,-0.445,2.128,9.416,2.137
a,148826,0.000,-4.417,36.000,-4.417,1.099,-0.286,-0.211,0.608,2.118,9.661,2.079
a,148830,0.000,-0.279,36.000,-0.279,-0.044,-0.057,-0.226,0.120,2.144,9.365,2.204
a,148834,0.000,3.912,36.000,3.912,-0.220,0.142,0.094,-0.552,2.015,9.446,2.120
a,148838,0.000,7.393,36.000,7.393,2.065,0.462,0.201,-0.766,2.070,9.542,2.133
a,148842,0.000,9.528,36.000,9.528,2.549,0.096,-0.287,-0.048,2.138,9.439,2.052
a,148846,0.000,9.925,36.000,9.925,3.208,0.279,0.339,1.906,2.035,9.311,2.156
a,148850,0.000,8.508,36.000,8.508,3.252,0.050,0.003,0.547,2.046,9.404,2.105
a,148855,0.000,5.533,36.000,5.533,2.461,-0.393,-0.287,-0.109,2.155,9.639,2.134
a,148858,0.000,1.542,36.000,1.542,-0.132,-0.194,-0.058,-0.598,2.110,9.497,2.131
a,148862,0.000,-2.735,36.000,-2.735,0.659,-0.820,-0.333,0.059,2.173,9.692,2.081
a,148866,0.000,-6.512,36.000,-6.512,5.933,0.325,0.583,0.227,1.986,9.369,2.236
a,148870,0.000,-9.092,36.000,-9.092,1.714,-0.668,-0.287,0.334,2.039,9.501,1.994
a,148874,0.000,-10.000,36.000,-10.000,6.021,-0.026,-0.058,-1.147,2.282,9.384,2.236
a,148878,0.000,-9.063,36.000,-9.063,4.922,-0.454,-0.119,-1.193,1.905,9.385,2.058
a,148882,0.000,-6.452,36.000,-6.452,1.143,0.187,-0.012,-0.460,2.195,9.355,2.195
a,148886,0.000,-2.647,36.000,-2.647,1.802,0.096,0.171,0.547,2.101,9.536,2.025
a,148890,0.000,1.652,36.000,1.652,-0.264,0.035,0.094,-0.384,2.046,9.474,2.170
a,148894,0.000,5.646,36.000,5.646,-0.396,-0.118,0.369,-0.109,2.108,9.394,2.146
a,148898,0.000,8.595,36.000,8.595,3.120,0.432,-0.440,-0.216,2.055,9.416,2.047
a,148902,0.000,9.948,36.000,9.948,3.164,-0.118,0.446,0.517,2.058,9.386,2.143
a,148906,0.000,9.450,36.000,9.450,-0.791,0.432,0.247,-0.827,2.093,9.341,2.127
a,148910,0.000,7.191,36.000,7.191,3.164,0.080,0.155,-0.552,2.154,9.266,2.081
a,148914,0.000,3.589,36.000,3.589,-0.176,-0.011,0.262,-0.231,1.973,9.355,2.213
a,148918,0.000,-0.686,36.000,-0.686,0.659,-0.515,0.049,-0.720,2.114,9.340,2.037
a,148922,0.000,-4.836,36.000,-4.836,1.846,-0.179,-0.043,0.547,2.178,9.311,2.194
a,148926,0.000,-8.082,36.000,-8.082,4.526,-0.408,-0.226,-0.873,2.017,9.518,2.009
a,148930,0.000,-9.814,36.000,-9.814,5.581,-0.072,-0.440,-0.430,2.229,9.382,2.181
a,148934,0.000,-9.704,36.000,-9.704,6.152,-0.286,0.003,0.654,1.976,9.510,2.054
a,148938,0.000,-7.770,36.000,-7.770,1.890,0.203,0.262,0.089,2.085,9.434,2.230
a,148942,0.000,-4.371,36.000,-4.371,0.615,-0.194,-0.333,-1.132,2.120,9.574,2.000
a,148946,0.000,-0.146,36.000,-0.146,-0.132,0.554,-0.074,0.211,2.107,9.202,2.252
a,148950,0.000,4.109,36.000,4.109,-0.352,-0.194,-0.058,-1.147,1.970,9.614,2.000
a,148954,0.000,7.590,36.000,7.590,2.021,0.371,0.201,0.135,2.175,9.267,2.291
a,148959,0.000,9.637,36.000,9.637,2.681,-0.607,-0.394,0.334,2.046,9.608,2.009
a,148962,0.000,9.858,36.000,9.858,2.725,0.432,0.339,0.868,2.089,9.335,2.264
a,148966,0.000,8.210,36.000,8.210,-1.011,-0.133,0.049,-0.644,2.042,9.468,2.009
a,148970,0.000,5.000,36.000,5.000,-0.439,-0.301,-0.699,-0.430,2.205,9.530,2.195
a,148974,0.000,0.838,36.000,0.838,-0.352,0.142,0.690,-0.399,1.915,9.443,2.120
a,148978,0.000,-3.487,36.000,-3.487,0.615,-0.194,-0.226,-0.338,2.211,9.629,2.081
a,148982,0.000,-7.149,36.000,-7.149,0.659,-0.042,-0.104,1.097,2.186,9.244,2.223
a,148986,0.000,-9.448,36.000,-9.448,5.273,-0.087,0.461,-1.590,1.840,9.450,1.943
a,148990,0.000,-9.943,36.000,-9.943,5.625,-0.240,-0.058,-1.147,2.138,9.299,2.271
a,148994,0.000,-8.534,36.000,-8.534,5.493,-0.011,-0.394,0.166,1.980,9.404,1.952
a,148998,0.000,-5.488,36.000,-5.488,0.703,0.264,-0.119,-0.079,2.142,9.285,2.204
a,149002,0.000,-1.387,36.000,-1.387,0.396,0.050,-0.012,0.257,1.984,9.511,2.106
a,149006,0.000,2.983,36.000,2.983,-0.879,0.294,0.049,-1.758,2.112,9.481,2.140
a,149010,0.000,6.782,36.000,6.782,-0.352,0.264,0.003,0.700,2.154,9.579,2.245
a,149014,0.000,9.276,36.000,9.276,-0.923,0.309,-0.226,-0.567,2.040,9.537,2.058
a,149018,0.000,9.982,36.000,9.982,2.681,-0.118,-0.211,0.624,2.118,9.431,2.175
a,149022,0.000,8.760,36.000,8.760,3.428,-0.011,0.049,0.105,2.052,9.418,2.036
a,149026,0.000,5.843,36.000,5.843,1.890,-0.393,-0.012,-0.002,2.209,9.395,2.100
a,149030,0.000,1.793,36.000,1.793,-0.132,-0.240,0.476,-0.384,2.029,9.318,2.130
a,149034,0.000,-2.608,36.000,-2.608,0.483,-0.713,-0.318,0.517,2.204,9.646,2.018
a,149038,0.000,-6.505,36.000,-6.505,1.143,0.065,0.217,1.540,2.114,9.491,2.228
a,149042,0.000,-9.139,36.000,-9.139,4.834,0.203,0.155,0.135,1.936,9.506,2.000
a,149046,0.000,-9.996,36.000,-9.996,1.274,-0.164,-0.516,0.074,2.318,9.384,2.166
a,149050,0.000,-8.905,36.000,-8.905,4.790,-0.011,-0.379,0.456,1.951,9.416,2.108
a,149054,0.000,-6.076,36.000,-6.076,4.175,-0.103,-1.066,0.196,2.091,9.391,2.131
a,149059,0.000,-2.057,36.000,-2.057,0.439,-0.103,-0.043,1.097,2.105,9.548,2.142
a,149062,0.000,2.367,36.000,2.367,-0.176,-0.026,-0.928,-0.262,2.120,9.585,2.043
a,149066,0.000,6.330,36.000,6.330,1.055,0.218,0.217,1.082,2.093,9.404,2.260
a,149070,0.000,9.053,36.000,9.053,2.549,0.630,0.217,-1.056,1.915,9.336,2.065
a,149074,0.000,10.000,36.000,10.000,5.229,-0.286,-0.547,0.059,2.209,9.436,2.207
a,149078,0.000,8.980,36.000,8.980,3.428,0.172,0.446,1.097,2.042,9.404,2.126
a,149082,0.000,6.192,36.000,6.192,2.417,0.096,0.003,0.211,2.057,9.369,2.137
a,149086,0.000,2.181,36.000,2.181,-0.176,-0.179,0.339,0.761,2.157,9.372,2.210
a,149090,0.000,-2.264,36.000,-2.264,0.527,-0.775,-0.547,-0.216,2.113,9.343,1.997
a,149094,0.000,-6.263,36.000,-6.263,6.108,0.096,0.171,0.547,2.029,9.224,2.204
a,149098,0.000,-9.025,36.000,-9.025,1.758,-0.225,0.659,0.501,1.962,9.632,1.986
a,149102,0.000,-10.000,36.000,-10.000,5.537,-0.393,-0.593,0.837,2.264,9.337,2.160
a,149106,0.000,-8.991,36.000,-8.991,6.021,-0.042,0.003,1.524,1.869,9.414,2.067
a,149110,0.000,-6.195,36.000,-6.195,1.318,0.309,0.262,-1.499,2.066,9.367,2.138
a,149114,0.000,-2.164,36.000,-2.164,1.230,-0.164,0.491,1.234,2.107,9.439,2.109
a,149118,0.000,2.300,36.000,2.300,0.527,0.554,-0.684,-1.972,2.046,9.267,2.107
a,149122,0.000,6.308,36.000,6.308,-0.308,0.264,0.384,0.639,2.004,9.608,2.271
a,149126,0.000,9.058,36.000,9.058,-0.352,0.416,0.323,-0.735,2.079,9.369,2.087
a,149130,0.000,9.999,36.000,9.999,3.384,-0.561,-0.715,-1.514,2.163,9.433,2.126
a,149134,0.000,8.938,36.000,8.938,-0.352,0.248,0.262,-1.270,2.017,9.428,2.119
a,149138,0.000,6.084,36.000,6.084,3.911,-0.210,0.415,0.166,2.179,9.412,2.022
a,149142,0.000,2.007,36.000,2.007,0.483,-0.179,0.339,0.440,2.073,9.465,2.158
a,149146,0.000,-2.475,36.000,-2.475,0.527,-0.439,-0.425,-0.216,2.119,9.584,2.039
a,149150,0.000,-6.463,36.000,-6.463,1.670,0.416,0.476,-1.071,2.085,9.481,2.207
a,149154,0.000,-9.150,36.000,-9.150,4.658,-0.072,0.155,-1.361,2.085,9.548,1.993
a,149158,0.000,-9.993,36.000,-9.993,1.758,-0.194,-0.287,-0.842,2.193,9.462,2.179
a,149163,0.000,-8.817,36.000,-8.817,4.878,0.035,0.476,-1.376,1.951,9.345,2.076
a,149166,0.000,-5.856,36.000,-5.856,4.043,-0.286,-0.547,0.013,2.185,9.416,2.144
a,149170,0.000,-1.708,36.000,-1.708,0.483,-0.042,0.064,1.524,2.095,9.483,2.142
a,149174,0.000,2.790,36.000,2.790,-0.176,0.355,-0.394,-0.613,2.017,9.481,2.106
a,149178,0.000,6.723,36.000,6.723,2.461,-0.103,0.171,1.326,2.107,9.392,2.127
a,149182,0.000,9.292,36.000,9.292,3.296,0.248,0.094,-0.353,2.035,9.461,2.108
a,149186,0.000,9.971,36.000,9.971,3.428,-0.240,0.094,-0.277,2.083,9.414,2.118
a,149190,0.000,8.617,36.000,8.617,3.340,0.187,-0.180,-0.460,2.142,9.400,2.152
a,149194,0.000,5.503,36.000,5.503,4.043,-0.133,0.155,-0.277,1.943,9.477,2.095
a,149198,0.000,1.263,36.000,1.263,-0.088,-0.072,0.323,-0.277,2.157,9.536,2.166
a,149202,0.000,-3.239,36.000,-3.239,0.659,-0.500,-0.394,-0.094,2.182,9.353,2.015
a,149206,0.000,-7.079,36.000,-7.079,1.758,0.050,0.690,0.028,1.958,9.330,2.222
a,149210,0.000,-9.469,36.000,-9.469,4.790,-0.057,-0.058,-1.804,2.081,9.432,2.008
a,149214,0.000,-9.916,36.000,-9.916,5.493,-0.255,-0.898,-1.880,2.227,9.330,2.137
a,149218,0.000,-8.322,36.000,-8.322,5.361,-0.439,0.110,0.501,1.908,9.533,2.095
a,149222,0.000,-5.014,36.000,-5.014,1.230,0.355,-0.608,-0.918,2.253,9.534,2.089
a,149226,0.000,-0.670,36.000,-0.670,0.483,0.065,-0.104,1.097,2.071,9.566,2.133
a,149230,0.000,3.816,36.000,3.816,1.802,0.386,-0.303,0.013,2.027,9.437,2.121
a,149234,0.000,7.515,36.000,7.515,2.549,0.538,0.171,0.914,2.128,9.442,2.267
a,149238,0.000,9.660,36.000,9.660,3.164,0.275,0.089,-0.132,2.060,9.436,2.012
a,149242,0.000,9.805,36.000,9.805,3.384,-0.000,-0.613,-0.147,2.132,9.383,2.173
a,149246,0.000,7.914,36.000,7.914,2.505,0.214,-0.124,0.357,2.033,9.407,2.083
a,149250,0.000,4.377,36.000,4.377,2.725,0.321,-0.018,-0.285,1.974,9.299,2.133
a,149254,0.000,-0.072,36.000,-0.072,0.396,-0.107,-0.674,0.021,2.204,9.571,2.003
a,149258,0.000,-4.510,36.000,-4.510,1.099,-0.305,-0.048,1.319,2.113,9.576,2.124
a,149262,0.000,-8.009,36.000,-8.009,1.802,-0.122,0.257,-0.330,1.951,9.383,2.089
a,149266,0.000,-9.837,36.000,-9.837,1.758,-0.168,0.196,0.112,2.225,9.474,2.076
a,149270,0.000,-9.609,36.000,-9.609,1.802,-0.061,-0.552,-0.315,2.116,9.468,2.097
a,149274,0.000,-7.368,36.000,-7.368,5.317,0.321,0.425,-0.773,2.033,9.295,2.152
a,149278,0.000,-3.581,36.000,-3.581,1.099,0.198,-0.186,-0.452,2.151,9.424,2.016
a,149282,0.000,0.961,36.000,0.961,0.352,0.275,-0.002,0.769,1.976,9.282,2.136
a,149286,0.000,5.303,36.000,5.303,1.758,-0.275,-0.109,0.769,1.998,9.425,1.999
a,149290,0.000,8.531,36.000,8.531,-1.055,0.382,0.257,-0.071,2.126,9.270,2.282
a,149294,0.000,9.963,36.000,9.963,3.208,-0.092,-0.155,1.105,2.028,9.562,1.963
a,149298,0.000,9.294,36.000,9.294,2.681,0.107,-0.445,0.067,2.185,9.305,2.274
a,149302,0.000,6.660,36.000,6.660,3.164,-0.611,0.425,-1.246,2.052,9.424,1.998
a,149306,0.000,2.615,36.000,2.615,-0.132,0.366,0.532,-0.895,2.060,9.273,2.212
a,149310,0.000,-1.986,36.000,-1.986,0.483,-0.351,-0.903,-1.567,2.229,9.548,1.966
a,149314,0.000,-6.169,36.000,-6.169,1.143,0.168,0.196,-0.071,1.990,9.201,2.210
a,149318,0.000,-9.044,36.000,-9.044,5.273,-0.000,0.639,0.250,1.968,9.459,2.041
a,149322,0.000,-9.997,36.000,-9.997,1.362,-0.168,-0.613,-0.208,2.313,9.400,2.130
a,149326,0.000,-8.822,36.000,-8.822,5.186,-0.015,0.196,-0.330,1.926,9.300,2.079
a,149330,0.000,-5.765,36.000,-5.765,4.219,0.046,0.425,-0.437,2.017,9.348,2.140
a,149334,0.000,-1.475,36.000,-1.475,0.615,-0.183,0.150,-0.697,2.169,9.462,2.070
a,149338,0.000,3.132,36.000,3.132,-0.088,0.443,-0.231,-0.010,2.055,9.439,2.102
a,149342,0.000,7.072,36.000,7.072,2.549,-0.321,0.379,0.662,2.008,9.353,2.078
a,149346,0.000,9.499,36.000,9.499,3.296,0.382,-0.048,0.647,2.027,9.400,2.178
a,149350,0.000,9.888,36.000,9.888,3.867,-0.214,-0.002,0.448,2.139,9.480,2.028
a,149354,0.000,8.154,36.000,8.154,3.823,0.214,-0.323,-0.117,2.130,9.426,2.142
a,149358,0.000,4.664,36.000,4.664,-0.308,-0.321,0.089,0.326,2.058,9.457,2.063
a,149362,0.000,0.167,36.000,0.167,1.318,-0.229,0.089,-0.651,2.122,9.483,2.175
a,149367,0.000,-4.369,36.000,-4.369,0.439,-0.229,-0.430,-1.078,2.254,9.366,1.946
a,149370,0.000,-7.963,36.000,-7.963,3.340,-0.428,0.105,0.555,2.005,9.392,2.193
a,149374,0.000,-9.838,36.000,-9.838,4.702,0.259,0.639,-0.895,1.996,9.334,2.069
a,149378,0.000,-9.584,36.000,-9.584,4.570,-0.153,-0.155,1.212,2.266,9.473,2.061
a,149382,0.000,-7.252,36.000,-7.252,3.999,-0.290,-0.186,-0.376,2.046,9.443,2.134
a,149386,0.000,-3.344,36.000,-3.344,0.396,0.550,0.196,-0.178,1.939,9.471,2.130
a,149390,0.000,1.293,36.000,1.293,-0.044,0.336,0.364,-0.071,2.227,9.389,2.207
a,149394,0.000,5.652,36.000,5.652,-0.176,-0.489,-0.598,0.464,2.102,9.342,2.008
a,149398,0.000,8.781,36.000,8.781,-0.264,0.550,0.273,0.433,1.915,9.301,2.271
a,149402,0.000,9.996,36.000,9.996,-1.494,0.107,0.593,0.601,2.008,9.433,2.012
a,149406,0.000,9.028,36.000,9.028,3.472,-0.275,-0.781,-0.040,2.334,9.471,2.179
a,149410,0.000,6.085,36.000,6.085,-0.308,-0.504,-0.124,-0.758,1.861,9.562,2.057
a,149414,0.000,1.807,36.000,1.807,-0.132,0.275,0.822,0.189,1.948,9.518,2.229
a,149418,0.000,-2.870,36.000,-2.870,0.615,-1.038,-0.491,0.799,2.313,9.542,1.997
a,149422,0.000,-6.920,36.000,-6.920,1.802,-0.397,-1.163,-1.002,2.004,9.318,2.181
a,149426,0.000,-9.450,36.000,-9.450,5.581,-0.061,0.318,-0.330,2.020,9.255,2.065
a,149430,0.000,-9.901,36.000,-9.901,0.703,-0.214,-0.277,0.570,2.260,9.382,2.127
a,149434,0.000,-8.170,36.000,-8.170,5.361,-0.397,-0.506,-0.590,2.045,9.468,1.973
a,149438,0.000,-4.635,36.000,-4.635,3.428,0.641,0.318,-0.941,2.061,9.371,2.207
a,149442,0.000,-0.073,36.000,-0.073,0.439,-0.382,0.257,0.173,2.061,9.522,2.072
a,149446,0.000,4.508,36.000,4.508,-0.132,0.061,-0.384,0.464,2.170,9.422,2.127
a,149450,0.000,8.093,36.000,8.093,-0.308,0.198,-0.186,-0.452,1.986,9.361,2.131
a,149454,0.000,9.884,36.000,9.884,3.384,0.443,0.379,0.540,2.023,9.342,2.139
a,149458,0.000,9.481,36.000,9.481,3.340,-0.168,-0.292,-0.147,2.240,9.420,2.148
a,149462,0.000,6.969,36.000,6.969,3.208,0.229,-0.170,1.807,2.055,9.364,2.076
a,149466,0.000,2.903,36.000,2.903,1.846,0.336,0.654,0.525,1.964,9.396,2.224
a,149471,0.000,-1.813,36.000,-1.813,0.439,-0.214,-0.231,-0.101,2.245,9.579,2.058
a,149474,0.000,-6.126,36.000,-6.126,0.615,-0.428,-0.659,0.632,2.149,9.515,2.118
a,149478,0.000,-9.073,36.000,-9.073,4.702,0.275,0.654,0.861,1.833,9.392,2.149
a,149482,0.000,-9.990,36.000,-9.990,4.746,-0.061,0.303,0.555,2.229,9.433,2.075
a,149486,0.000,-8.669,36.000,-8.669,6.724,-0.260,-0.659,1.395,2.169,9.489,2.040
a,149490,0.000,-5.401,36.000,-5.401,3.296,-0.061,-0.445,-1.078,1.974,9.343,2.158
a,149494,0.000,-0.918,36.000,-0.918,0.439,0.473,1.066,-0.849,1.957,9.445,2.213
a,149498,0.000,3.775,36.000,3.775,-0.176,-0.321,-0.888,-0.040,2.320,9.656,2.067
a,149502,0.000,7.620,36.000,7.620,1.934,0.092,-0.124,-0.315,1.982,9.455,2.219
a,149506,0.000,9.748,36.000,9.748,2.549,0.763,0.639,-0.254,1.908,9.363,2.119
a,149510,0.000,9.676,36.000,9.676,3.120,-0.015,-0.231,-0.743,2.313,9.505,2.143
a,149514,0.000,7.416,36.000,7.416,3.296,-0.153,-0.292,0.799,2.107,9.486,2.114
a,149518,0.000,3.475,36.000,3.475,2.021,0.107,0.364,-0.147,1.881,9.494,2.185
a,149522,0.000,-1.257,36.000,-1.257,-0.176,0.565,0.593,1.181,2.193,9.432,2.102
a,149526,0.000,-5.706,36.000,-5.706,0.396,-0.489,-0.537,0.632,2.297,9.342,2.047
a,149530,0.000,-8.860,36.000,-8.860,0.527,-0.214,-0.338,0.067,1.784,9.347,2.252
a,149534,0.000,-10.000,36.000,-10.000,0.615,0.443,1.234,0.219,1.943,9.504,2.075
a,149538,0.000,-8.862,36.000,-8.862,3.999,-0.214,-0.491,1.013,2.354,9.379,2.114
a,149542,0.000,-5.700,36.000,-5.700,3.252,-0.275,-0.292,-0.147,1.964,9.392,2.085
a,149546,0.000,-1.235,36.000,-1.235,0.439,0.595,0.975,0.861,1.964,9.397,2.218
a,149550,0.000,3.516,36.000,3.516,-0.176,0.168,0.044,0.143,2.315,9.494,2.073
a,149554,0.000,7.464,36.000,7.464,-0.308,-0.290,-1.102,-0.346,2.124,9.420,2.055
a,149558,0.000,9.703,36.000,9.703,-0.264,0.427,0.746,-0.514,1.844,9.358,2.222
a,149562,0.000,9.714,36.000,9.714,3.867,0.336,0.746,0.311,2.186,9.537,2.057
a,149566,0.000,7.492,36.000,7.492,3.208,-0.443,-1.102,-0.575,2.309,9.454,2.121
a,149571,0.000,3.543,36.000,3.543,1.318,-0.046,0.639,-0.132,1.706,9.266,2.207
a,149574,0.000,-1.224,36.000,-1.224,0.571,0.198,0.639,-0.773,2.211,9.397,2.039
a,149578,0.000,-5.713,36.000,-5.713,1.274,0.061,-0.216,0.464,2.286,9.242,2.102
a,149582,0.000,-8.883,36.000,-8.883,5.273,-0.092,-0.002,1.486,1.842,9.335,2.047
a,149586,0.000,-10.000,36.000,-10.000,5.405,0.198,0.471,-1.002,2.107,9.390,2.191
a,149590,0.000,-8.800,36.000,-8.800,5.361,-0.290,-0.063,-1.307,2.136,9.572,1.979
a,149594,0.000,-5.557,36.000,-5.557,4.790,-0.061,-0.995,-0.452,2.151,9.433,2.187
a,149598,0.000,-1.022,36.000,-1.022,0.659,0.107,0.639,0.143,1.890,9.674,2.115
a,149602,0.000,3.754,36.000,3.754,1.890,0.580,0.196,-0.346,2.138,9.392,2.193
a,149606,0.000,7.658,36.000,7.658,2.637,-0.382,-0.430,0.845,2.180,9.474,1.999
a,149610,0.000,9.779,36.000,9.779,3.120,0.550,0.364,0.311,1.906,9.321,2.252
a,149614,0.000,9.618,36.000,9.618,3.340,-0.061,0.578,-1.033,2.066,9.479,2.009
a,149618,0.000,7.207,36.000,7.207,2.769,-0.153,-0.384,1.395,2.359,9.400,2.110
a,149622,0.000,3.109,36.000,3.109,-0.088,-0.305,0.486,1.578,1.787,9.431,2.099
a,149626,0.000,-1.721,36.000,-1.721,0.396,0.534,0.807,-0.895,2.120,9.513,2.131
a,149630,0.000,-6.150,36.000,-6.150,3.472,-0.672,-0.552,-1.216,2.263,9.542,2.083
a,149634,0.000,-9.136,36.000,-9.136,4.614,0.107,0.166,0.616,1.949,9.479,2.139
a,149638,0.000,-9.975,36.000,-9.975,5.229,0.183,0.593,1.364,2.173,9.357,2.121
a,149642,0.000,-8.463,36.000,-8.463,4.175,-0.428,-0.338,-0.147,2.149,9.535,2.029
a,149646,0.000,-4.954,36.000,-4.954,1.143,-0.015,-0.674,-0.422,2.045,9.439,2.201
a,149650,0.000,-0.273,36.000,-0.273,1.187,0.198,0.578,-0.407,1.924,9.523,2.131
a,149654,0.000,4.476,36.000,4.476,-0.044,0.198,0.196,-0.346,2.206,9.434,2.084
a,149658,0.000,8.167,36.000,8.167,-0.220,-0.428,-0.399,0.280,2.079,9.517,2.170
a,149662,0.000,9.924,36.000,9.924,3.867,0.443,0.471,0.082,1.927,9.389,2.204
a,149666,0.000,9.326,36.000,9.326,3.428,0.061,0.273,0.051,2.130,9.572,2.033
a,149670,0.000,6.511,36.000,6.511,-0.176,0.046,-0.323,-0.315,2.245,9.394,2.102
a,149675,0.000,2.144,36.000,2.144,2.021,0.046,0.044,-0.636,1.817,9.376,2.124
a,149678,0.000,-2.736,36.000,-2.736,0.615,0.092,0.440,-1.246,2.240,9.348,2.027
a,149682,0.000,-6.967,36.000,-6.967,1.362,-0.595,-0.613,0.173,2.222,9.358,2.054
a,149686,0.000,-9.535,36.000,-9.535,6.108,-0.046,0.364,0.372,1.920,9.463,2.081
a,149690,0.000,-9.824,36.000,-9.824,5.493,0.214,0.044,0.326,2.204,9.328,2.158
a,149694,0.000,-7.759,36.000,-7.759,5.229,-0.153,-0.002,1.212,2.054,9.428,2.003
a,149698,0.000,-3.832,36.000,-3.832,3.867,0.015,-0.231,0.586,2.082,9.434,2.150
a,149702,0.000,1.017,36.000,1.017,0.352,0.290,0.761,1.777,1.967,9.416,2.077
a,149706,0.000,5.625,36.000,5.625,-0.088,0.534,-0.124,-0.834,2.101,9.329,2.076
a,149710,0.000,8.881,36.000,8.881,3.164,-0.321,-0.170,0.830,2.107,9.494,2.110
a,149714,0.000,9.998,36.000,9.998,3.823,0.488,0.471,0.021,1.957,9.359,2.170
a,149718,0.000,8.702,36.000,8.702,3.911,0.275,0.273,0.616,2.097,9.439,2.067
a,149722,0.000,5.302,36.000,5.302,3.252,-0.366,-0.598,1.715,2.170,9.412,2.118
a,149726,0.000,0.617,36.000,0.617,-0.044,-0.000,0.547,0.311,1.944,9.401,2.132
a,149730,0.000,-4.221,36.000,-4.221,2.461,-0.657,0.257,-0.117,2.175,9.396,2.067
a,149734,0.000,-8.037,36.000,-8.037,1.230,-0.122,-0.124,-0.437,2.091,9.372,2.187
a,149738,0.000,-9.903,36.000,-9.903,1.274,-0.229,-0.292,-0.575,2.015,9.571,2.047
a,149742,0.000,-9.361,36.000,-9.361,1.187,-0.015,-0.124,-0.483,2.164,9.347,2.199
a,149746,0.000,-6.539,36.000,-6.539,4.834,-0.107,-0.231,0.265,2.033,9.459,2.020
a,149750,0.000,-2.120,36.000,-2.120,0.527,0.458,0.273,1.196,2.033,9.480,2.229
a,149754,0.000,2.819,36.000,2.819,0.703,0.382,0.196,0.357,2.122,9.464,2.083
a,149758,0.000,7.072,36.000,7.072,-0.264,-0.214,-0.552,0.067,2.091,9.455,2.067
a,149762,0.000,9.596,36.000,9.596,3.384,0.443,0.379,0.708,1.974,9.403,2.254
a,149766,0.000,9.769,36.000,9.769,3.867,-0.122,0.150,-0.987,2.066,9.482,1.991
a,149770,0.000,7.545,36.000,7.545,3.340,0.061,-0.292,0.173,2.247,9.439,2.179
a,149774,0.000,3.465,36.000,3.465,2.021,-0.657,-0.002,0.937,1.913,9.522,2.073
a,149779,0.000,-1.470,36.000,-1.470,1.143,0.061,0.822,0.708,2.017,9.331,2.224
a,149782,0.000,-6.046,36.000,-6.046,-0.044,-0.092,-0.140,0.280,2.269,9.544,1.987
a,149786,0.000,-9.133,36.000,-9.133,3.296,-0.443,-0.720,-1.124,2.132,9.515,2.175
a,149790,0.000,-9.966,36.000,-9.966,4.614,0.473,0.425,-1.521,1.895,9.268,2.143
a,149794,0.000,-8.335,36.000,-8.335,3.340,-0.168,-0.048,0.464,2.201,9.509,2.020
a,149798,0.000,-4.638,36.000,-4.638,0.396,-0.107,-0.613,0.341,2.182,9.457,2.149
a,149802,0.000,0.210,36.000,0.210,1.099,0.443,0.685,-0.254,1.850,9.522,2.140
a,149806,0.000,5.009,36.000,5.009,-0.176,0.427,-0.186,-0.376,2.142,9.408,2.108
a,149810,0.000,8.566,36.000,8.566,3.296,-0.275,-0.811,0.952,2.194,9.426,2.178
a,149814,0.000,9.993,36.000,9.993,-0.835,0.366,0.089,-0.773,1.908,9.452,2.142
a,149818,0.000,8.930,36.000,8.930,3.867,0.443,0.578,-0.254,2.107,9.364,2.156
a,149822,0.000,5.638,36.000,5.638,3.296,0.275,-0.231,0.143,2.255,9.394,2.028
a,149826,0.000,0.935,36.000,0.935,0.703,-0.000,0.318,0.372,1.905,9.339,2.204
a,149830,0.000,-4.004,36.000,-4.004,-0.088,-0.382,0.181,-0.315,2.164,9.409,2.009
a,149834,0.000,-7.944,36.000,-7.944,3.472,-0.168,-0.674,-0.208,2.233,9.358,2.155
a,149838,0.000,-9.893,36.000,-9.893,5.977,-0.061,0.761,-0.666,1.828,9.456,2.112
a,149842,0.000,-9.359,36.000,-9.359,4.614,-0.000,0.318,0.219,2.130,9.324,2.118
a,149846,0.000,-6.471,36.000,-6.471,3.955,-0.092,-0.369,1.166,2.198,9.426,2.087
a,149850,0.000,-1.952,36.000,-1.952,0.439,-0.107,-0.216,0.906,2.002,9.479,2.170
a,149854,0.000,3.062,36.000,3.062,-0.044,0.641,0.440,-0.559,2.017,9.498,2.161
a,149858,0.000,7.306,36.000,7.306,2.812,-0.107,-0.552,0.128,2.240,9.461,2.010
a,149862,0.000,9.705,36.000,9.705,2.769,0.168,-0.018,-0.239,2.011,9.396,2.277
a,149866,0.000,9.650,36.000,9.650,5.405,0.214,0.440,0.983,1.946,9.457,2.066
a,149870,0.000,7.150,36.000,7.150,3.164,-0.168,-0.506,0.173,2.356,9.454,2.166
a,149874,0.000,2.834,36.000,2.834,-0.220,-0.290,0.150,-1.139,1.944,9.546,2.146
a,149879,0.000,-2.205,36.000,-2.205,0.703,0.214,0.486,0.418,2.035,9.388,2.106
a,149882,0.000,-6.686,36.000,-6.686,0.571,-0.305,-0.277,1.227,2.257,9.421,2.052
a,149886,0.000,-9.466,36.000,-9.466,5.273,0.092,-0.018,-0.819,1.988,9.284,2.152
a,149890,0.000,-9.834,36.000,-9.834,1.055,-0.061,0.364,-0.651,2.029,9.432,2.064
a,149894,0.000,-7.691,36.000,-7.691,4.570,0.168,0.166,0.143,2.199,9.379,2.054
a,149898,0.000,-3.581,36.000,-3.581,3.384,-0.061,-0.613,-0.422,2.030,9.446,2.081
a,149902,0.000,1.449,36.000,1.449,0.483,0.168,0.257,0.311,1.996,9.553,2.240
a,149906,0.000,6.110,36.000,6.110,1.318,0.107,-0.292,0.143,2.164,9.450,2.058
a,149910,0.000,9.206,36.000,9.206,3.823,-0.168,-0.292,0.067,2.160,9.357,2.160
a,149914,0.000,9.938,36.000,9.938,-0.176,0.382,0.471,0.235,1.850,9.428,2.144
a,149918,0.000,8.113,36.000,8.113,3.296,-0.183,0.364,-0.376,2.213,9.461,2.046
a,149922,0.000,4.197,36.000,4.197,2.505,-0.107,0.257,0.051,2.055,9.342,2.124
a,149926,0.000,-0.804,36.000,-0.804,0.352,-0.183,0.364,-0.437,2.008,9.304,2.037
a,149930,0.000,-5.601,36.000,-5.601,0.659,0.550,0.975,0.861,2.163,9.312,2.156
a,149934,0.000,-8.951,36.000,-8.951,4.570,-0.046,0.013,0.448,2.067,9.346,2.005
a,149938,0.000,-9.986,36.000,-9.986,0.483,-0.199,-0.415,-0.025,2.124,9.370,2.093
a,149942,0.000,-8.432,36.000,-8.432,4.834,-0.000,0.211,0.937,1.993,9.359,2.093
a,149946,0.000,-4.688,36.000,-4.688,4.131,-0.107,-0.613,-0.040,2.122,9.436,2.114
a,149950,0.000,0.277,36.000,0.277,0.000,0.030,0.883,2.662,2.033,9.522,2.207
a,149954,0.000,5.173,36.000,5.173,-0.176,-0.214,-0.231,-0.117,2.105,9.567,2.060
a,149958,0.000,8.723,36.000,8.723,2.725,0.107,0.150,0.158,2.101,9.459,2.189
a,149962,0.000,10.000,36.000,10.000,3.384,0.092,0.196,-0.544,1.988,9.513,2.081
a,149966,0.000,8.664,36.000,8.664,4.131,-0.199,0.013,1.105,2.167,9.523,2.128
a,149970,0.000,5.061,36.000,5.061,3.340,0.198,0.318,-1.368,2.188,9.365,2.108
a,149974,0.000,0.130,36.000,0.130,-0.132,0.030,-0.033,-1.964,1.988,9.336,2.142
a,149978,0.000,-4.838,36.000,-4.838,-0.044,-0.122,-0.063,-1.017,2.237,9.522,2.081
a,149982,0.000,-8.538,36.000,-8.538,3.955,-0.443,-0.292,-0.788,2.060,9.394,2.131
a,149986,0.000,-9.996,36.000,-9.996,4.570,-0.122,0.196,-0.651,1.858,9.285,2.115
a,149990,0.000,-8.822,36.000,-8.822,0.615,0.015,0.700,1.471,2.235,9.420,2.108
a,149994,0.000,-5.323,36.000,-5.323,3.999,-0.397,-1.193,-0.407,2.146,9.538,2.016
a,149998,0.000,-0.416,36.000,-0.416,0.396,0.382,0.761,0.906,1.926,9.452,2.269
a,150002,0.000,4.604,36.000,4.604,0.352,0.412,0.059,-1.109,2.096,9.577,2.065
a,150006,0.000,8.408,36.000,8.408,-0.176,-0.092,-0.598,1.502,2.219,9.454,2.119
a,150010,0.000,9.987,36.000,9.987,3.428,0.366,-0.063,-1.155,1.936,9.258,2.194
a,150014,0.000,8.917,36.000,8.917,3.428,0.259,0.578,-1.338,2.045,9.455,2.101
a,150018,0.000,5.477,36.000,5.477,3.252,-0.321,-0.338,0.235,2.224,9.523,2.091
a,150022,0.000,0.579,36.000,0.579,-0.088,0.275,-0.002,0.815,2.005,9.511,2.107
a,150026,0.000,-4.477,36.000,-4.477,0.483,0.122,0.211,1.257,2.160,9.408,2.087
a,150030,0.000,-8.341,36.000,-8.341,0.703,-0.428,0.089,0.326,2.160,9.449,2.097
a,150034,0.000,-9.981,36.000,-9.981,4.614,-0.321,-0.216,0.723,2.033,9.334,2.017
a,150038,0.000,-8.953,36.000,-8.953,4.570,0.092,0.471,-0.880,2.124,9.397,2.206
a,150042,0.000,-5.528,36.000,-5.528,4.526,-0.214,0.089,0.112,2.079,9.467,2.042
a,150046,0.000,-0.620,36.000,-0.620,1.846,0.061,-0.124,0.051,2.046,9.588,2.204
a,150050,0.000,4.458,36.000,4.458,0.483,0.443,0.211,0.998,1.996,9.345,2.146
a,150054,0.000,8.341,36.000,8.341,2.593,-0.382,-1.056,0.403,2.224,9.576,2.126
a,150058,0.000,9.982,36.000,9.982,3.428,0.046,0.044,-0.605,2.073,9.431,2.206
a,150062,0.000,8.935,36.000,8.935,3.428,0.382,0.425,-0.239,1.920,9.394,2.091
a,150066,0.000,5.477,36.000,5.477,-0.791,0.183,0.166,1.517,2.180,9.461,2.172
a,150070,0.000,0.538,36.000,0.538,0.396,-0.290,-0.674,-0.956,2.167,9.513,2.043
a,150074,0.000,-4.550,36.000,-4.550,0.659,-0.336,-0.186,-0.269,2.033,9.361,2.126
a,150078,0.000,-8.409,36.000,-8.409,5.537,-0.046,0.150,0.006,2.045,9.328,2.175
a,150083,0.000,-9.990,36.000,-9.990,5.273,-0.229,-0.613,-0.743,2.224,9.385,2.047
a,150086,0.000,-8.860,36.000,-8.860,1.230,-0.229,-0.506,-0.788,2.097,9.462,2.124
a,150090,0.000,-5.321,36.000,-5.321,4.614,-0.107,-0.231,0.265,1.982,9.433,2.126
a,150094,0.000,-0.332,36.000,-0.332,1.890,0.229,0.547,1.120,2.024,9.504,2.168
a,150098,0.000,4.751,36.000,4.751,-0.044,0.092,-0.124,-0.437,2.167,9.410,2.115
a,150102,0.000,8.540,36.000,8.540,2.681,-0.214,-0.430,-0.147,2.034,9.348,2.115
a,150106,0.000,9.998,36.000,9.998,3.999,0.763,0.639,-0.025,1.967,9.354,2.162
a,150110,0.000,8.723,36.000,8.723,4.702,0.214,0.105,0.754,2.101,9.516,2.023
a,150114,0.000,5.057,36.000,5.057,3.867,0.092,0.105,0.051,2.096,9.316,2.185
a,150118,0.000,0.002,36.000,0.002,-0.044,-0.000,0.471,0.357,1.865,9.348,2.097
a,150122,0.000,-5.056,36.000,-5.056,0.439,-0.061,0.044,-0.605,2.264,9.461,2.060
a,150126,0.000,-8.727,36.000,-8.727,0.659,-0.122,-0.277,-0.254,2.126,9.294,2.112
a,150130,0.000,-9.998,36.000,-9.998,4.702,-0.061,0.196,-0.605,1.905,9.443,2.070
a,150134,0.000,-8.513,36.000,-8.513,3.955,0.275,0.166,0.311,2.224,9.415,2.140
a,150138,0.000,-4.678,36.000,-4.678,5.405,-0.061,-1.102,-1.384,2.124,9.517,2.017
a,150142,0.000,0.452,36.000,0.452,1.187,0.656,0.440,-0.239,1.915,9.329,2.233
a,150146,0.000,5.460,36.000,5.460,-0.044,0.366,0.532,-0.575,2.073,9.522,2.081
a,150150,0.000,8.958,36.000,8.958,3.516,-0.107,-0.216,-0.223,2.235,9.406,2.077
a,150154,0.000,9.974,36.000,9.974,3.867,0.244,0.440,-0.514,1.896,9.483,2.189
a,150158,0.000,8.219,36.000,8.219,3.384,0.366,0.578,-0.285,2.064,9.471,2.076
a,150162,0.000,4.178,36.000,4.178,3.208,-0.183,-0.186,-0.544,2.258,9.366,2.113
a,150166,0.000,-1.029,36.000,-1.029,3.164,-0.061,-0.124,-1.078,1.926,9.279,2.087
a,150170,0.000,-5.953,36.000,-5.953,0.571,-0.321,0.166,0.952,2.120,9.542,2.087
a,150174,0.000,-9.217,36.000,-9.217,4.878,0.321,-0.216,-0.346,2.155,9.243,2.090
a,150178,0.000,-9.907,36.000,-9.907,4.087,-0.275,-0.063,0.051,2.024,9.389,2.054
a,150183,0.000,-7.824,36.000,-7.824,6.021,-0.122,-0.063,-0.865,2.149,9.459,2.203
a,150186,0.000,-3.547,36.000,-3.547,3.384,-0.107,-0.552,-0.147,2.101,9.407,1.990
a,150190,0.000,1.727,36.000,1.727,0.439,0.321,0.532,-0.529,2.005,9.414,2.246
a,150194,0.000,6.519,36.000,6.519,-0.132,0.336,-0.048,0.922,2.082,9.290,2.016
a,150198,0.000,9.481,36.000,9.481,-0.176,0.366,-0.018,-0.666,2.116,9.334,2.205
a,150202,0.000,9.773,36.000,9.773,3.384,0.168,0.486,0.967,1.958,9.333,2.115
a,150206,0.000,7.309,36.000,7.309,-0.176,-0.015,0.089,-0.437,2.194,9.507,2.150
a,150210,0.000,2.780,36.000,2.780,-0.132,-0.031,-0.155,2.357,2.100,9.461,2.161
a,150214,0.000,-2.538,36.000,-2.538,0.352,0.198,0.150,-0.559,1.990,9.477,2.106
a,150218,0.000,-7.141,36.000,-7.141,0.703,-0.580,-0.048,1.105,2.242,9.476,2.085
a,150222,0.000,-9.722,36.000,-9.722,6.064,-0.015,-0.063,-0.269,2.023,9.363,2.146
a,150226,0.000,-9.545,36.000,-9.545,5.229,0.092,0.150,-1.094,2.118,9.443,2.043
a,150230,0.000,-6.655,36.000,-6.655,5.273,-0.000,-0.170,0.616,2.210,9.337,2.150
a,150234,0.000,-1.870,36.000,-1.870,0.659,-0.397,-0.292,-1.002,1.990,9.451,2.060
a,150238,0.000,3.451,36.000,3.451,0.396,0.656,0.853,0.021,2.042,9.446,2.280
a,150242,0.000,7.790,36.000,7.790,2.593,-0.168,-0.995,-0.086,2.136,9.528,1.957
a,150246,0.000,9.907,36.000,9.907,3.428,-0.107,-0.277,0.845,2.093,9.379,2.327
a,150250,0.000,9.191,36.000,9.191,3.911,0.366,0.807,-0.468,1.889,9.410,2.045
a,150254,0.000,5.843,36.000,5.843,3.208,-0.107,0.150,0.006,2.216,9.464,2.112
a,150258,0.000,0.817,36.000,0.817,2.021,-0.657,-0.140,-0.254,2.009,9.534,2.175
a,150262,0.000,-4.446,36.000,-4.446,0.352,-0.000,0.471,-0.223,2.004,9.517,2.087
a,150266,0.000,-8.434,36.000,-8.434,3.384,-0.321,-0.048,0.616,2.241,9.425,2.128
a,150270,0.000,-9.997,36.000,-9.997,0.527,-0.183,-0.338,-0.727,2.051,9.365,2.087
a,150274,0.000,-8.679,36.000,-8.679,4.043,-0.183,0.211,-0.269,2.009,9.499,2.100
a,150278,0.000,-4.856,36.000,-4.856,3.208,0.198,-0.170,-1.384,2.176,9.401,2.119
a,150282,0.000,0.372,36.000,0.372,1.714,0.076,0.181,0.341,1.974,9.477,2.057
a,150286,0.000,5.496,36.000,5.496,-0.044,0.061,-0.124,0.326,2.114,9.488,2.170
a,150290,0.000,9.031,36.000,9.031,-0.132,0.046,-0.124,-0.376,2.061,9.467,2.097
a,150294,0.000,9.948,36.000,9.948,3.472,0.214,-0.186,-0.178,2.079,9.339,2.181
a,150298,0.000,7.977,36.000,7.977,3.120,0.122,0.517,0.250,2.079,9.451,2.093
a,150302,0.000,3.685,36.000,3.685,2.417,-0.107,-0.186,0.265,2.154,9.445,2.108
a,150306,0.000,-1.682,36.000,-1.682,1.318,0.153,0.150,-0.452,2.110,9.240,2.118
a,150310,0.000,-6.563,36.000,-6.563,0.571,-0.702,-0.231,-0.117,2.095,9.485,2.027
a,150314,0.000,-9.530,36.000,-9.530,4.570,0.214,0.196,-0.162,2.060,9.475,2.267
a,150318,0.000,-9.714,36.000,-9.714,4.878,-0.275,-0.124,0.128,2.114,9.412,1.993
a,150322,0.000,-7.055,36.000,-7.055,4.614,0.076,0.120,1.319,2.136,9.341,2.176
a,150326,0.000,-2.328,36.000,-2.328,3.340,-0.031,-0.766,1.166,2.040,9.482,2.043
a,150330,0.000,3.086,36.000,3.086,0.527,0.565,0.654,1.181,2.051,9.382,2.200
a,150334,0.000,7.596,36.000,7.596,0.396,0.259,0.257,-1.262,2.095,9.359,2.005
a,150338,0.000,9.874,36.000,9.874,3.911,-0.122,-0.124,-0.269,2.073,9.454,2.206
a,150342,0.000,9.246,36.000,9.246,4.087,0.366,0.639,-0.300,1.967,9.384,2.150
a,150346,0.000,5.891,36.000,5.891,2.725,0.046,0.044,-0.437,2.167,9.445,2.040
a,150350,0.000,0.794,36.000,0.794,-0.088,-0.687,-0.537,2.143,2.073,9.470,2.182
a,150354,0.000,-4.540,36.000,-4.540,-0.044,0.137,0.303,-1.811,1.929,9.566,2.087
a,150358,0.000,-8.533,36.000,-8.533,0.352,-0.229,0.257,-0.437,2.229,9.412,2.105
a,150362,0.000,-10.000,36.000,-10.000,3.999,-0.336,-0.292,-0.636,2.076,9.448,2.072
a,150366,0.000,-8.500,36.000,-8.500,3.955,-0.061,-0.002,-0.712,1.985,9.475,2.106
a,150370,0.000,-4.473,36.000,-4.473,4.131,-0.382,-0.124,0.326,2.225,9.493,2.107
a,150374,0.000,0.887,36.000,0.887,-0.044,-0.229,-0.811,-0.590,2.145,9.524,2.118
a,150378,0.000,5.986,36.000,5.986,0.308,0.153,0.150,-1.048,2.070,9.446,2.179
a,150382,0.000,9.302,36.000,9.302,3.164,-0.000,0.089,0.158,2.083,9.391,2.112
a,150386,0.000,9.842,36.000,9.842,3.955,0.061,-0.063,0.067,2.054,9.369,2.127
a,150391,0.000,7.440,36.000,7.440,4.131,0.443,0.211,0.754,2.091,9.397,2.170
a,150394,0.000,2.808,36.000,2.808,-0.044,-0.107,-0.002,0.555,2.064,9.486,2.093
a,150398,0.000,-2.668,36.000,-2.668,0.527,0.137,-0.308,-1.689,2.241,9.531,2.109
a,150402,0.000,-7.347,36.000,-7.347,6.021,-0.122,0.150,-0.865,1.970,9.409,2.115
a,150406,0.000,-9.820,36.000,-9.820,3.999,0.046,0.150,-0.987,2.091,9.552,2.118
a,150410,0.000,-9.339,36.000,-9.339,4.746,-0.534,-0.445,0.280,2.235,9.418,2.096
a,150414,0.000,-6.044,36.000,-6.044,4.834,-0.000,-0.384,0.128,2.000,9.404,2.102
a,150418,0.000,-0.923,36.000,-0.923,0.615,0.046,0.196,-0.712,2.002,9.358,2.083
a,150422,0.000,4.479,36.000,4.479,0.396,0.382,0.120,0.433,2.127,9.394,2.201
a,150426,0.000,8.530,36.000,8.530,-0.088,0.030,-0.628,-2.056,2.091,9.418,2.033
a,150430,0.000,10.000,36.000,10.000,3.955,0.259,0.318,-0.452,2.024,9.452,2.200
a,150434,0.000,8.438,36.000,8.438,4.702,0.153,0.044,-0.834,2.027,9.497,2.052
a,150438,0.000,4.313,36.000,4.313,3.340,-0.000,-0.476,1.166,2.195,9.463,2.154
a,150442,0.000,-1.125,36.000,-1.125,0.308,-0.015,0.196,-0.498,1.982,9.538,2.121
a,150446,0.000,-6.224,36.000,-6.224,2.461,0.153,-0.063,-0.514,2.180,9.639,2.099
a,150450,0.000,-9.429,36.000,-9.429,0.615,-0.229,0.089,-0.605,2.136,9.428,2.137
a,150454,0.000,-9.758,36.000,-9.758,4.790,-0.214,-0.063,0.372,1.951,9.432,2.039
a,150458,0.000,-7.106,36.000,-7.106,4.175,0.061,0.379,0.265,2.118,9.465,2.167
a,150462,0.000,-2.278,36.000,-2.278,3.296,-0.107,-0.781,-0.147,2.132,9.471,2.031
a,150466,0.000,3.251,36.000,3.251,0.483,0.275,0.044,-0.239,2.009,9.422,2.191
a,150470,0.000,7.786,36.000,7.786,2.461,0.168,0.211,0.601,2.024,9.574,2.148
a,150474,0.000,9.932,36.000,9.932,4.614,-0.183,-0.506,-1.078,2.164,9.518,2.108
a,150478,0.000,9.025,36.000,9.025,4.087,-0.107,0.150,0.265,1.988,9.451,2.170
a,150482,0.000,5.339,36.000,5.339,3.340,-0.183,0.593,-0.346,2.015,9.476,2.090
a,150486,0.000,0.005,36.000,0.005,0.000,-0.321,0.105,0.662,2.225,9.506,2.148
a,150490,0.000,-5.334,36.000,-5.334,0.571,-0.504,-0.445,-0.422,2.128,9.389,2.036
a,150495,0.000,-9.027,36.000,-9.027,3.384,-0.107,0.486,0.754,1.944,9.396,2.163
a,150498,0.000,-9.929,36.000,-9.929,1.055,0.092,0.196,-0.712,2.145,9.342,2.067
a,150502,0.000,-7.755,36.000,-7.755,5.537,-0.046,-0.491,1.059,2.247,9.418,2.079
a,150506,0.000,-3.173,36.000,-3.173,3.384,-0.015,-0.018,-0.544,1.996,9.408,2.110
a,150510,0.000,2.397,36.000,2.397,0.483,0.488,0.471,0.235,1.984,9.535,2.148
a,150514,0.000,7.225,36.000,7.225,3.340,0.275,-0.216,0.708,2.242,9.501,2.100
a,150518,0.000,9.805,36.000,9.805,-0.088,-0.046,-0.384,0.784,2.060,9.403,2.087
a,150522,0.000,9.329,36.000,9.329,4.746,0.443,0.776,0.479,1.929,9.446,2.181
a,150526,0.000,5.940,36.000,5.940,0.396,-0.489,-0.124,0.006,2.248,9.576,2.108
a,150530,0.000,0.692,36.000,0.692,0.000,-0.275,-0.124,0.006,2.077,9.379,2.102
a,150534,0.000,-4.776,36.000,-4.776,0.527,-0.550,-0.552,-1.017,2.071,9.468,2.065
a,150538,0.000,-8.750,36.000,-8.750,6.021,-0.046,0.440,0.723,2.110,9.576,2.164
a,150542,0.000,-9.980,36.000,-9.980,5.405,-0.397,-0.384,-0.254,2.126,9.412,1.998
a,150546,0.000,-8.076,36.000,-8.076,5.273,-0.168,-0.277,0.738,2.132,9.403,2.172
a,150550,0.000,-3.629,36.000,-3.629,3.911,0.198,-0.338,-0.743,1.984,9.440,2.107
a,150554,0.000,1.964,36.000,1.964,0.703,-0.168,-0.048,0.830,2.128,9.614,2.140
a,150558,0.000,6.940,36.000,6.940,0.615,0.427,-0.231,-1.491,2.070,9.391,2.223
a,150562,0.000,9.727,36.000,9.727,0.527,0.046,-0.399,-0.697,2.033,9.518,2.090
a,150566,0.000,9.440,36.000,9.440,4.570,0.382,-0.186,-0.132,2.144,9.450,2.229
a,150570,0.000,6.164,36.000,6.164,0.571,0.046,0.471,-0.666,2.014,9.407,2.034
a,150574,0.000,0.932,36.000,0.932,1.318,-0.168,0.089,0.265,2.170,9.358,2.152
a,150578,0.000,-4.599,36.000,-4.599,0.659,-0.397,-0.338,-0.636,2.138,9.590,2.091
a,150582,0.000,-8.672,36.000,-8.672,6.636,-0.015,0.211,-0.987,2.049,9.216,2.146
a,150586,0.000,-9.987,36.000,-9.987,6.064,-0.321,-0.048,0.265,2.130,9.487,2.081
a,150590,0.000,-8.121,36.000,-8.121,4.834,-0.275,-0.552,0.235,2.132,9.418,2.146
a,150595,0.000,-3.662,36.000,-3.662,1.318,0.259,-0.338,-0.544,1.993,9.425,2.163
a,150598,0.000,1.969,36.000,1.969,0.571,0.275,0.471,-0.254,1.990,9.486,2.127
a,150602,0.000,6.973,36.000,6.973,3.823,0.336,-0.399,0.372,2.173,9.554,2.089
a,150606,0.000,9.747,36.000,9.747,-0.308,-0.168,-0.521,0.738,2.081,9.506,2.093
a,150610,0.000,9.397,36.000,9.397,-0.176,0.336,0.379,0.601,1.955,9.445,2.187
a,150614,0.000,6.030,36.000,6.030,3.999,-0.015,0.257,-1.201,2.222,9.499,2.031
a,150618,0.000,0.722,36.000,0.722,1.978,-0.412,-0.430,1.273,2.145,9.459,2.187
a,150622,0.000,-4.821,36.000,-4.821,-0.088,0.107,0.807,-0.056,1.897,9.228,2.091
a,150626,0.000,-8.814,36.000,-8.814,-0.044,-0.015,-0.124,-1.475,2.263,9.406,2.083
a,150630,0.000,-9.965,36.000,-9.965,0.396,-0.443,-0.552,-1.124,2.114,9.489,2.118
a,150634,0.000,-7.896,36.000,-7.896,3.955,0.183,0.349,-2.468,1.944,9.391,2.093
a,150638,0.000,-3.272,36.000,-3.272,0.000,-0.092,0.379,1.425,2.124,9.439,2.137
a,150642,0.000,2.415,36.000,2.415,0.308,-0.122,0.074,0.937,2.084,9.498,2.081
a,150646,0.000,7.322,36.000,7.322,-0.176,0.061,-0.186,-0.040,2.024,9.354,2.115
a,150650,0.000,9.854,36.000,9.854,3.823,0.275,0.379,0.540,1.958,9.281,2.134
a,150654,0.000,9.183,36.000,9.183,3.428,-0.122,-0.231,-0.712,2.145,9.495,2.052
a,150658,0.000,5.522,36.000,5.522,3.120,-0.214,-0.170,0.662,2.155,9.341,2.154
a,150662,0.000,0.058,36.000,0.058,-0.176,0.092,0.166,-0.605,1.972,9.547,2.054
a,150666,0.000,-5.427,36.000,-5.427,-0.132,-0.229,0.425,-1.414,2.173,9.470,2.152
a,150670,0.000,-9.142,36.000,-9.142,-0.044,-0.321,-0.613,0.387,2.229,9.686,2.016
a,150674,0.000,-9.867,36.000,-9.867,4.219,0.336,0.150,0.204,1.976,9.299,2.194
a,150678,0.000,-7.360,36.000,-7.360,0.000,0.030,0.532,-1.704,2.030,9.455,2.079
a,150682,0.000,-2.437,36.000,-2.437,-0.044,-0.061,-0.613,-0.483,2.213,9.439,2.119
a,150686,0.000,3.290,36.000,3.290,-0.044,0.168,0.150,0.311,1.942,9.479,2.160
a,150690,0.000,7.938,36.000,7.938,3.296,0.259,0.105,-0.285,2.046,9.325,2.106
a,150694,0.000,9.974,36.000,9.974,4.131,0.137,0.166,-0.620,2.133,9.485,2.161
a,150699,0.000,8.723,36.000,8.723,-0.176,-0.000,-0.277,0.693,2.067,9.455,2.049
a,150702,0.000,4.591,36.000,4.591,3.120,0.015,-0.033,1.380,2.131,9.430,2.194
a,150706,0.000,-1.061,36.000,-1.061,1.802,-0.275,-0.002,1.044,2.052,9.452,2.061
a,150710,0.000,-6.365,36.000,-6.365,-0.220,-0.290,-0.292,-1.292,2.130,9.515,2.136
a,150714,0.000,-9.563,36.000,-9.563,-0.044,-0.321,0.059,0.555,2.113,9.488,2.064
a,150718,0.000,-9.589,36.000,-9.589,3.867,-0.183,-0.231,-0.651,2.082,9.421,2.118
a,150722,0.000,-6.429,36.000,-6.429,3.164,-0.168,-0.063,0.326,2.039,9.519,2.093
a,150726,0.000,-1.128,36.000,-1.128,-0.132,0.321,0.044,-0.773,2.097,9.443,2.110
a,150730,0.000,4.551,36.000,4.551,1.099,0.107,-0.216,0.662,2.101,9.372,2.091
a,150734,0.000,8.716,36.000,8.716,3.208,0.366,0.044,-0.880,2.054,9.402,2.211
a,150738,0.000,9.973,36.000,9.973,3.384,0.382,0.440,-0.178,2.052,9.370,2.077
a,150742,0.000,7.895,36.000,7.895,3.296,-0.000,-0.399,0.280,2.186,9.482,2.132
a,150746,0.000,3.174,36.000,3.174,2.021,-0.000,-0.186,-0.040,2.046,9.347,2.115
a,150750,0.000,-2.615,36.000,-2.615,-0.176,0.122,0.303,0.158,1.998,9.287,2.168
a,150754,0.000,-7.529,36.000,-7.529,2.769,-0.428,-0.186,0.158,2.279,9.407,1.976
a,150758,0.000,-9.915,36.000,-9.915,4.131,-0.275,-0.124,0.128,2.004,9.475,2.160
a,150762,0.000,-8.967,36.000,-8.967,0.703,0.168,0.639,-0.132,1.967,9.394,2.096
a,150766,0.000,-4.997,36.000,-4.997,0.527,0.107,-0.109,0.830,2.216,9.470,2.119
a,150770,0.000,0.661,36.000,0.661,1.978,0.275,-0.338,0.372,2.082,9.437,2.079
a,150774,0.000,6.099,36.000,6.099,0.527,0.656,0.425,-0.178,1.957,9.493,2.261
a,150778,0.000,9.478,36.000,9.478,3.384,0.198,0.196,-0.620,2.160,9.414,2.039
a,150782,0.000,9.648,36.000,9.648,4.570,-0.382,-0.873,0.525,2.217,9.407,2.128
a,150786,0.000,6.548,36.000,6.548,-0.044,0.107,0.868,0.708,1.864,9.376,2.168
a,150790,0.000,1.223,36.000,1.223,2.417,0.427,0.318,-1.094,2.126,9.396,2.139
a,150794,0.000,-4.521,36.000,-4.521,0.615,-0.550,-0.995,-0.468,2.291,9.418,2.083
a,150799,0.000,-8.730,36.000,-8.730,6.108,-0.107,0.334,0.723,1.838,9.432,2.166
a,150802,0.000,-9.966,36.000,-9.966,4.922,0.107,0.685,0.036,2.042,9.525,2.136
a,150806,0.000,-7.802,36.000,-7.802,1.230,-0.290,-0.873,-0.910,2.342,9.440,2.108
a,150810,0.000,-2.971,36.000,-2.971,0.483,-0.015,-0.231,-0.269,1.889,9.454,2.097
a,150814,0.000,2.878,36.000,2.878,0.659,0.046,0.807,-0.620,1.960,9.585,2.173
a,150818,0.000,7.746,36.000,7.746,0.527,-0.015,0.089,-0.910,2.245,9.531,2.105
a,150822,0.000,9.959,36.000,9.959,3.252,-0.595,-1.163,0.097,2.173,9.465,1.991
a,150826,0.000,8.754,36.000,8.754,0.483,0.488,0.379,0.448,1.866,9.351,2.236
a,150830,0.000,4.539,36.000,4.539,4.834,0.061,0.364,0.128,2.067,9.522,2.073
a,150834,0.000,-1.242,36.000,-1.242,2.549,-0.458,-0.430,-0.483,2.304,9.343,2.100
a,150838,0.000,-6.597,36.000,-6.597,0.615,-0.382,-0.277,0.677,1.915,9.475,2.077
a,150842,0.000,-9.679,36.000,-9.679,4.834,0.366,0.807,-0.575,1.927,9.446,2.245
a,150846,0.000,-9.418,36.000,-9.418,4.790,-0.336,-0.277,0.235,2.349,9.469,1.979
a,150850,0.000,-5.898,36.000,-5.898,-0.132,-0.275,-0.445,0.235,2.120,9.420,2.118
a,150854,0.000,-0.333,36.000,-0.333,2.725,0.275,0.456,-0.651,1.858,9.413,2.172
a,150858,0.000,5.351,36.000,5.351,1.758,0.214,0.578,0.296,2.128,9.489,2.137
a,150862,0.000,9.180,36.000,9.180,2.505,0.092,-0.552,-1.292,2.198,9.388,2.060
a,150866,0.000,9.818,36.000,9.818,5.273,0.153,-0.063,-0.620,1.951,9.459,2.198
a,150870,0.000,7.038,36.000,7.038,3.911,0.336,0.868,0.525,2.005,9.388,2.134
a,150874,0.000,1.803,36.000,1.803,2.549,-0.046,-0.002,0.723,2.245,9.400,2.039
a,150878,0.000,-4.065,36.000,-4.065,0.527,-0.000,-0.506,-0.040,2.157,9.469,2.118
a,150882,0.000,-8.515,36.000,-8.515,4.043,-0.000,0.440,0.937,1.943,9.438,2.126
a,150886,0.000,-9.988,36.000,-9.988,4.702,-0.000,-0.277,0.280,2.180,9.327,2.108
a,150890,0.000,-7.962,36.000,-7.962,5.229,-0.428,-0.811,0.784,2.282,9.509,2.025
a,150894,0.000,-3.141,36.000,-3.141,3.867,0.168,0.471,-0.086,1.887,9.370,2.148
a,150898,0.000,2.786,36.000,2.786,0.439,0.641,0.639,-0.788,2.064,9.389,2.131
a,150902,0.000,7.736,36.000,7.736,0.571,0.290,-0.033,1.746,2.211,9.282,2.079
a,150906,0.000,9.965,36.000,9.965,0.571,0.092,-0.292,-0.636,1.967,9.504,2.118
a,150910,0.000,8.681,36.000,8.681,4.131,0.336,0.593,0.861,1.960,9.365,2.241
a,150914,0.000,4.331,36.000,4.331,3.340,0.061,0.318,0.112,2.139,9.450,2.031
a,150918,0.000,-1.552,36.000,-1.552,1.934,-0.382,-0.659,0.525,2.216,9.491,2.085
a,150922,0.000,-6.890,36.000,-6.890,0.659,-0.290,-0.292,-1.185,1.951,9.442,2.185
a,150926,0.000,-9.788,36.000,-9.788,6.021,-0.076,-0.308,-2.254,2.128,9.325,2.120
a,150930,0.000,-9.215,36.000,-9.215,5.229,-0.321,-0.048,0.616,2.194,9.548,2.060
a,150935,0.000,-5.367,36.000,-5.367,4.658,0.015,-0.277,1.609,1.980,9.374,2.106
a,150939,0.000,0.392,36.000,0.392,1.230,0.259,0.379,-0.941,1.981,9.406,2.150
a,150942,0.000,6.015,36.000,6.015,0.659,0.092,0.196,-0.758,2.095,9.311,2.126
a,150946,0.000,9.496,36.000,9.496,3.296,0.198,-0.613,-0.865,2.095,9.503,2.112
a,150950,0.000,9.588,36.000,9.588,4.746,0.122,0.166,1.319,2.061,9.408,2.172
a,150954,0.000,6.251,36.000,6.251,3.867,0.198,0.257,-0.346,2.051,9.385,2.168
a,150958,0.000,0.675,36.000,0.675,2.065,-0.229,0.044,-0.758,2.105,9.494,2.091
a,150962,0.000,-5.147,36.000,-5.147,0.615,-0.290,-0.506,-0.804,2.195,9.499,2.115
a,150966,0.000,-9.124,36.000,-9.124,2.681,0.061,0.486,0.250,1.969,9.355,2.064
a,150970,0.000,-9.825,36.000,-9.825,4.526,0.214,0.364,0.036,2.136,9.428,2.105
a,150974,0.000,-6.990,36.000,-6.990,0.703,-0.214,-0.231,-0.162,2.175,9.511,2.073
a,150978,0.000,-1.636,36.000,-1.636,0.703,0.061,-0.292,0.173,2.009,9.386,2.136
a,150982,0.000,4.312,36.000,4.312,0.615,0.366,0.669,-0.147,1.974,9.437,2.181
a,150986,0.000,8.706,36.000,8.706,-0.352,0.305,0.318,-1.918,2.199,9.573,2.106
a,150990,0.000,9.953,36.000,9.953,0.439,-0.275,-0.934,0.128,2.148,9.459,2.115
a,150994,0.000,7.597,36.000,7.597,3.867,0.550,0.532,0.128,1.887,9.333,2.225
a,150998,0.000,2.486,36.000,2.486,3.164,-0.321,0.547,0.494,2.093,9.501,2.131
a,151002,0.000,-3.532,36.000,-3.532,0.439,-0.122,-0.445,-0.422,2.266,9.558,2.087
a,151007,0.000,-8.269,36.000,-8.269,4.087,-0.534,0.089,0.112,1.958,9.316,2.113
a,151010,0.000,-9.999,36.000,-9.999,5.493,0.107,0.960,-0.071,1.957,9.385,2.137
a,151014,0.000,-8.086,36.000,-8.086,4.702,-0.000,0.044,0.387,2.245,9.519,2.022
a,151018,0.000,-3.222,36.000,-3.222,3.867,-0.015,-1.071,0.647,2.124,9.461,2.160
a,151022,0.000,2.822,36.000,2.822,1.406,0.488,0.547,0.418,1.859,9.396,2.125
a,151026,0.000,7.837,36.000,7.837,0.527,0.550,-0.231,-0.071,2.169,9.573,2.182
a,151030,0.000,9.985,36.000,9.985,4.087,-0.275,-0.659,0.570,2.206,9.459,2.040
a,151034,0.000,8.472,36.000,8.472,4.131,-0.015,0.044,-0.926,1.962,9.352,2.175
a,151038,0.000,3.848,36.000,3.848,3.384,0.198,0.853,-1.506,2.020,9.400,2.144
a,151042,0.000,-2.194,36.000,-2.194,0.483,-0.489,-0.216,0.525,2.327,9.547,2.051
a,151046,0.000,-7.431,36.000,-7.431,1.055,-0.214,0.150,0.051,2.011,9.183,2.144
a,151050,0.000,-9.933,36.000,-9.933,4.790,0.443,0.975,0.983,1.869,9.369,2.093
a,151054,0.000,-8.770,36.000,-8.770,5.361,-0.000,0.059,0.662,2.331,9.530,2.049
a,151058,0.000,-4.366,36.000,-4.366,1.758,-0.214,-1.193,-0.025,2.133,9.462,2.067
a,151062,0.000,1.656,36.000,1.656,0.703,0.153,-0.018,-0.346,1.861,9.479,2.152
a,151066,0.000,7.068,36.000,7.068,0.659,0.336,0.425,0.097,2.179,9.479,2.185
a,151070,0.000,9.861,36.000,9.861,3.955,-0.214,-1.010,-0.559,2.279,9.486,1.994
a,151074,0.000,8.994,36.000,8.994,4.702,-0.015,-0.445,-0.254,1.955,9.353,2.233
a,151078,0.000,4.781,36.000,4.781,3.867,-0.061,1.082,-0.514,1.927,9.419,2.097
a,151082,0.000,-1.213,36.000,-1.213,0.659,-0.443,-0.888,-0.361,2.418,9.493,2.058
a,151086,0.000,-6.759,36.000,-6.759,1.318,-0.275,-0.124,-0.223,2.009,9.280,2.093
a,151090,0.000,-9.785,36.000,-9.785,5.449,0.488,0.960,0.021,1.778,9.363,2.148
a,151094,0.000,-9.156,36.000,-9.156,6.152,-0.275,-0.216,0.448,2.331,9.454,2.042
a,151098,0.000,-5.100,36.000,-5.100,1.890,-0.046,-1.315,0.082,2.052,9.421,2.087
a,151102,0.000,0.869,36.000,0.869,1.714,0.168,0.364,0.357,1.896,9.428,2.106
a,151107,0.000,6.516,36.000,6.516,1.318,0.259,0.089,-0.285,2.248,9.601,2.136
a,151110,0.000,9.718,36.000,9.718,1.143,-0.000,-0.415,0.845,2.155,9.456,2.077
a,151114,0.000,9.267,36.000,9.267,4.658,-0.015,0.257,-0.758,1.957,9.376,2.156
a,151118,0.000,5.326,36.000,5.326,4.570,0.382,0.318,0.357,2.064,9.418,2.142
a,151122,0.000,-0.625,36.000,-0.625,1.890,-0.290,-0.613,-0.849,2.271,9.586,2.052
a,151126,0.000,-6.344,36.000,-6.344,1.318,0.153,-0.445,-0.605,2.126,9.487,2.173
a,151130,0.000,-9.668,36.000,-9.668,4.614,-0.122,0.471,-0.666,1.911,9.367,2.144
a,151134,0.000,-9.334,36.000,-9.334,5.493,-0.382,-0.292,0.341,2.336,9.561,2.069
a,151138,0.000,-5.463,36.000,-5.463,4.746,-0.168,-0.308,1.059,2.021,9.403,2.100
a,151142,0.000,0.483,36.000,0.483,1.274,0.473,0.150,-1.430,1.968,9.363,2.138
a,151146,0.000,6.249,36.000,6.249,0.571,0.443,0.837,0.693,2.119,9.412,2.157
a,151150,0.000,9.641,36.000,9.641,0.439,-0.168,-1.163,0.189,2.149,9.561,2.023
a,151154,0.000,9.363,36.000,9.363,4.219,0.259,0.257,-0.285,1.988,9.395,2.269
a,151158,0.000,5.515,36.000,5.515,3.955,0.809,0.929,-0.636,1.944,9.394,2.087
a,151162,0.000,-0.442,36.000,-0.442,2.065,-0.015,-0.124,-0.544,2.278,9.495,2.124
a,151166,0.000,-6.233,36.000,-6.233,0.571,-0.275,-0.674,0.173,2.138,9.592,2.125
a,151170,0.000,-9.641,36.000,-9.641,3.955,-0.061,0.746,-0.452,1.946,9.431,2.144
a,151174,0.000,-9.356,36.000,-9.356,4.614,-0.122,0.196,-0.651,2.170,9.488,2.089
a,151178,0.000,-5.480,36.000,-5.480,5.405,-0.122,-1.269,-0.788,2.169,9.407,2.124
a,151182,0.000,0.504,36.000,0.504,2.065,0.382,0.105,0.357,1.901,9.355,2.113
a,151186,0.000,6.297,36.000,6.297,0.527,0.550,0.532,0.128,2.071,9.337,2.150
a,151190,0.000,9.668,36.000,9.668,-0.132,-0.229,-0.674,-0.239,2.149,9.625,2.051
a,151194,0.000,9.312,36.000,9.312,3.867,0.076,-0.048,1.257,2.009,9.420,2.229
a,151198,0.000,5.359,36.000,5.359,-0.044,-0.015,0.746,-1.216,1.988,9.477,2.126
a,151202,0.000,-0.668,36.000,-0.668,0.571,-0.061,-0.109,-0.330,2.261,9.456,2.081
a,151206,0.000,-6.440,36.000,-6.440,4.526,-0.275,-0.415,0.464,2.139,9.530,2.119
a,151210,0.000,-9.719,36.000,-9.719,6.021,-0.168,0.578,-0.117,1.937,9.275,2.160
a,151214,0.000,-9.227,36.000,-9.227,1.143,-0.199,0.486,1.685,2.151,9.481,2.048
a,151218,0.000,-5.149,36.000,-5.149,4.614,-0.275,-0.613,0.341,2.200,9.550,2.142
a,151222,0.000,0.935,36.000,0.935,1.143,0.214,-0.063,0.311,1.896,9.327,2.148
a,151226,0.000,6.658,36.000,6.658,2.593,0.366,0.685,-0.666,2.077,9.402,2.126
a,151230,0.000,9.787,36.000,9.787,3.164,0.168,-0.338,0.051,2.211,9.562,2.101
a,151234,0.000,9.094,36.000,9.094,2.021,-0.122,-0.231,-0.651,2.048,9.440,2.146
a,151238,0.000,4.845,36.000,4.845,0.703,0.092,0.257,-0.376,2.015,9.434,2.182
a,151242,0.000,-1.304,36.000,-1.304,0.659,-0.183,-0.048,-0.269,2.219,9.515,2.040
a,151246,0.000,-6.945,36.000,-6.945,0.703,-0.107,-0.247,-0.300,2.180,9.591,2.130
a,151250,0.000,-9.863,36.000,-9.863,0.703,-0.214,0.639,0.250,1.877,9.432,2.166
a,151254,0.000,-8.906,36.000,-8.906,6.064,0.168,0.196,0.112,2.185,9.464,2.095
a,151258,0.000,-4.442,36.000,-4.442,5.537,-0.122,-0.552,-0.361,2.224,9.544,2.069
a,151262,0.000,1.774,36.000,1.774,0.439,0.107,0.211,0.448,1.905,9.407,2.175
a,151266,0.000,7.294,36.000,7.294,3.208,0.809,0.700,0.189,2.030,9.415,2.132
a,151270,0.000,9.935,36.000,9.935,3.516,-0.336,-1.102,-0.788,2.291,9.608,2.060
a,151274,0.000,8.648,36.000,8.648,3.911,0.382,0.196,0.204,1.887,9.394,2.236
a,151279,0.000,3.935,36.000,3.935,3.911,0.046,1.127,-0.285,1.988,9.431,2.076
a,151283,0.000,-2.341,36.000,-2.341,0.352,-0.046,-0.292,0.173,2.319,9.360,2.108
a,151287,0.000,-7.691,36.000,-7.691,0.571,-0.107,0.059,0.998,1.998,9.330,2.040
a,151291,0.000,-9.987,36.000,-9.987,4.702,0.473,0.914,-0.849,1.926,9.324,2.187
a,151295,0.000,-8.308,36.000,-8.308,3.516,-0.000,-0.094,0.723,2.224,9.491,2.029
a,151299,0.000,-3.318,36.000,-3.318,3.384,-0.611,-1.208,-0.575,2.240,9.505,2.108
a,151303,0.000,3.000,36.000,3.000,0.396,0.198,0.425,-0.346,1.772,9.482,2.193
a,151307,0.000,8.122,36.000,8.122,4.131,0.321,0.334,-0.559,2.146,9.527,2.124
a,151311,0.000,9.998,36.000,9.998,0.352,-0.489,-1.086,0.693,2.336,9.511,2.093
a,151315,0.000,7.870,36.000,7.870,4.043,0.137,0.028,-1.750,1.830,9.343,2.223
a,151319,0.000,2.584,36.000,2.584,3.472,0.321,1.189,-0.529,1.999,9.445,2.156
a,151323,0.000,-3.742,36.000,-3.742,0.439,-0.199,-0.491,1.441,2.377,9.396,2.040
a,151327,0.000,-8.567,36.000,-8.567,4.087,-0.687,-0.689,-0.315,2.012,9.475,2.097
a,151331,0.000,-9.946,36.000,-9.946,4.702,0.550,1.250,0.112,1.882,9.225,2.181
a,151335,0.000,-7.316,36.000,-7.316,0.527,0.107,0.059,0.891,2.336,9.431,1.994
a,151339,0.000,-1.732,36.000,-1.732,2.593,-0.702,-1.376,0.250,2.209,9.493,2.115
a,151343,0.000,4.555,36.000,4.555,0.439,0.382,0.960,0.341,1.742,9.470,2.239
a,151347,0.000,9.003,36.000,9.003,3.208,0.763,0.654,0.525,2.164,9.458,2.119
a,151351,0.000,9.806,36.000,9.806,0.396,-0.458,-1.285,-1.063,2.308,9.536,2.112
a,151354,0.000,6.631,36.000,6.631,3.867,0.061,0.273,-0.117,1.769,9.397,2.166
a,151358,0.000,0.762,36.000,0.762,2.065,0.473,1.021,1.303,2.033,9.442,2.137
a,151362,0.000,-5.421,36.000,-5.421,0.483,-0.321,-0.811,0.906,2.428,9.474,2.006
a,151366,0.000,-9.400,36.000,-9.400,3.779,-0.916,-0.781,0.128,1.967,9.364,2.146
a,151370,0.000,-9.548,36.000,-9.548,4.790,0.427,0.807,-1.277,1.835,9.464,2.223
a,151374,0.000,-5.800,36.000,-5.800,0.571,-0.397,-0.231,-0.315,2.393,9.468,2.018
a,151378,0.000,0.322,36.000,0.322,2.681,-0.336,-0.934,-1.231,2.151,9.428,2.101
a,151382,0.000,6.315,36.000,6.315,0.615,0.473,0.685,-1.399,1.778,9.432,2.251
a,151386,0.000,9.724,36.000,9.724,1.230,0.397,0.654,1.227,2.211,9.493,2.100
a,151390,0.000,9.145,36.000,9.145,4.043,-0.397,-1.163,-0.727,2.303,9.488,2.028
a,151395,0.000,4.810,36.000,4.810,0.483,0.168,0.654,0.479,1.771,9.339,2.207
a,151398,0.000,-1.507,36.000,-1.507,1.978,0.580,0.868,-0.575,2.041,9.481,2.131
a,151402,0.000,-7.206,36.000,-7.206,0.483,-0.534,-0.766,0.570,2.434,9.443,2.015
a,151406,0.000,-9.937,36.000,-9.937,3.911,-0.504,-0.552,-0.743,1.937,9.421,2.187
a,151410,0.000,-8.567,36.000,-8.567,6.021,0.382,0.746,0.235,1.889,9.446,2.181
a,151414,0.000,-3.655,36.000,-3.655,3.516,0.107,-0.430,0.922,2.369,9.418,1.987
a,151418,0.000,2.772,36.000,2.772,0.483,-0.382,-0.491,0.784,2.082,9.476,2.107
a,151422,0.000,8.055,36.000,8.055,2.021,-0.000,0.868,0.357,1.835,9.301,2.187
a,151426,0.000,9.998,36.000,9.998,4.526,0.153,-0.002,0.250,2.245,9.420,2.069
a,151430,0.000,7.788,36.000,7.788,3.999,-0.382,-0.445,0.173,2.170,9.409,2.103
a,151434,0.000,2.338,36.000,2.338,0.396,-0.046,0.486,0.754,1.864,9.382,2.194
a,151438,0.000,-4.090,36.000,-4.090,0.483,-0.046,0.593,0.433,2.185,9.493,2.097
a,151442,0.000,-8.815,36.000,-8.815,0.483,-0.382,-0.613,0.067,2.286,9.643,2.023
a,151446,0.000,-9.862,36.000,-9.862,4.746,-0.168,0.273,0.662,1.875,9.353,2.176
a,151450,0.000,-6.787,36.000,-6.787,3.384,0.198,0.425,-0.514,2.079,9.499,2.103
a,151454,0.000,-0.869,36.000,-0.869,2.769,-0.168,-1.040,0.494,2.302,9.483,2.051
a,151458,0.000,5.417,36.000,5.417,0.483,-0.000,0.318,0.112,1.861,9.349,2.160
a,151462,0.000,9.432,36.000,9.432,0.439,0.580,0.914,-0.956,1.986,9.257,2.155
a,151466,0.000,9.487,36.000,9.487,3.867,-0.336,-0.506,-0.254,2.338,9.479,2.124
a,151470,0.000,5.550,36.000,5.550,5.537,0.321,-0.186,-0.391,1.957,9.409,2.137
a,151474,0.000,-0.727,36.000,-0.727,1.890,0.046,1.066,-1.048,1.937,9.391,2.182
a,151478,0.000,-6.701,36.000,-6.701,0.527,-0.504,-0.537,-1.353,2.391,9.491,2.039
a,151482,0.000,-9.848,36.000,-9.848,0.352,-0.382,-0.582,0.845,2.093,9.566,2.103
a,151486,0.000,-8.833,36.000,-8.833,4.702,0.382,0.654,0.799,1.887,9.389,2.189
a,151490,0.000,-4.078,36.000,-4.078,0.659,0.153,-0.018,-0.346,2.266,9.475,2.073
a,151495,0.000,2.408,36.000,2.408,0.571,-0.168,-1.132,0.540,2.046,9.627,2.089
a,151499,0.000,7.876,36.000,7.876,0.615,0.702,0.700,0.525,1.826,9.438,2.261
a,151502,0.000,10.000,36.000,10.000,4.570,0.168,0.105,0.983,2.233,9.602,2.119
a,151506,0.000,7.870,36.000,7.870,4.526,-0.489,-0.705,0.845,2.227,9.516,2.049
a,151510,0.000,2.386,36.000,2.386,-0.220,0.366,0.257,-1.414,1.900,9.382,2.200
a,151515,0.000,-4.119,36.000,-4.119,0.571,0.198,0.685,-1.552,2.118,9.339,2.090
a,151518,0.000,-8.868,36.000,-8.868,0.703,0.061,-0.384,-0.040,2.266,9.390,2.039
a,151522,0.000,-9.828,36.000,-9.828,5.537,0.275,0.166,0.922,1.897,9.443,2.118
a,151526,0.000,-6.579,36.000,-6.579,4.614,0.107,0.364,0.051,2.114,9.379,2.143
a,151530,0.000,-0.509,36.000,-0.509,2.812,-0.046,-0.506,-0.101,2.241,9.488,2.018
a,151534,0.000,5.784,36.000,5.784,0.571,0.275,-0.170,1.028,1.936,9.428,2.157
a,151538,0.000,9.594,36.000,9.594,0.439,0.534,0.639,-0.895,1.943,9.416,2.182
a,151542,0.000,9.277,36.000,9.277,4.087,-0.260,-0.674,-1.888,2.271,9.521,2.065
a,151546,0.000,4.963,36.000,4.963,0.483,-0.000,-0.048,0.830,2.014,9.425,2.176
a,151550,0.000,-1.494,36.000,-1.494,0.000,-0.000,0.379,0.616,1.970,9.454,2.118
a,151554,0.000,-7.310,36.000,-7.310,0.396,-0.183,-0.338,-1.170,2.346,9.418,2.052
a,151558,0.000,-9.967,36.000,-9.967,0.571,-0.305,-0.857,1.273,2.067,9.427,2.102
a,151562,0.000,-8.310,36.000,-8.310,4.702,0.473,0.822,-0.636,1.903,9.351,2.150
a,151566,0.000,-3.048,36.000,-3.048,3.296,0.153,0.044,-1.048,2.258,9.461,2.064
a,151570,0.000,3.540,36.000,3.540,0.483,-0.000,-0.445,-0.208,2.130,9.420,2.084
a,151574,0.000,8.592,36.000,8.592,0.439,0.382,0.379,0.815,1.897,9.457,2.231
a,151578,0.000,9.908,36.000,9.908,4.570,0.382,0.486,-0.193,2.099,9.430,2.079
a,151582,0.000,6.907,36.000,6.907,4.131,-0.122,-0.384,-0.040,2.236,9.420,2.125
a,151586,0.000,0.891,36.000,0.891,2.769,-0.168,0.288,0.616,1.925,9.408,2.148
a,151590,0.000,-5.518,36.000,-5.518,0.439,0.092,0.196,-0.758,2.114,9.438,2.108
a,151594,0.000,-9.517,36.000,-9.517,3.384,-0.672,-0.506,-0.590,2.216,9.364,2.049
a,151598,0.000,-9.350,36.000,-9.350,0.483,-0.107,-0.216,0.219,1.950,9.398,2.152
a,151602,0.000,-5.082,36.000,-5.082,3.955,0.351,0.440,1.196,2.024,9.431,2.101
a,151606,0.000,1.419,36.000,1.419,0.483,0.214,-0.399,-0.162,2.216,9.480,2.102
a,151610,0.000,7.300,36.000,7.300,0.439,0.153,-0.124,-0.285,1.978,9.378,2.160
a,151614,0.000,9.971,36.000,9.971,0.439,0.092,-0.048,-0.926,2.119,9.498,2.073
a,151619,0.000,8.249,36.000,8.249,4.131,-0.107,0.059,0.769,2.160,9.536,2.158
a,151622,0.000,2.886,36.000,2.886,5.537,-0.275,0.547,0.250,1.960,9.473,2.061
a,151626,0.000,-3.755,36.000,-3.755,0.483,-0.214,0.196,-0.117,2.170,9.348,2.150
a,151630,0.000,-8.739,36.000,-8.739,3.472,-0.534,-0.292,0.173,2.175,9.585,2.069
a,151634,0.000,-9.854,36.000,-9.854,4.702,-0.031,0.105,1.319,1.996,9.278,2.179
a,151638,0.000,-6.600,36.000,-6.600,0.659,-0.321,0.150,0.326,2.155,9.521,2.034
a,151642,0.000,-0.414,36.000,-0.414,3.428,0.061,-0.399,0.250,2.231,9.450,2.160
a,151646,0.000,5.960,36.000,5.960,0.615,0.046,0.150,-0.269,1.861,9.631,2.154
a,151650,0.000,9.685,36.000,9.685,0.571,0.611,0.593,1.288,2.060,9.359,2.194
a,151654,0.000,9.094,36.000,9.094,4.790,-0.382,-0.995,0.036,2.272,9.574,2.025
a,151658,0.000,4.445,36.000,4.445,3.955,-0.168,-0.369,0.464,1.966,9.395,2.242
a,151662,0.000,-2.193,36.000,-2.193,0.439,0.107,0.776,0.708,2.005,9.440,2.071
a,151666,0.000,-7.854,36.000,-7.854,0.615,-0.199,0.013,1.761,2.302,9.360,2.067
a,151670,0.000,-9.999,36.000,-9.999,4.834,-0.305,-0.506,-1.949,1.985,9.370,2.115
a,151674,0.000,-7.660,36.000,-7.660,0.615,0.336,0.685,-0.025,2.015,9.301,2.097
a,151678,0.000,-1.881,36.000,-1.881,-0.044,0.137,-0.308,-1.628,2.258,9.469,2.070
a,151683,0.000,4.748,36.000,4.748,0.615,-0.199,-0.537,1.120,1.998,9.511,2.134
a,151686,0.000,9.243,36.000,9.243,3.164,0.427,0.532,-1.338,1.944,9.479,2.233
a,151690,0.000,9.573,36.000,9.573,4.175,-0.321,-0.613,-0.101,2.242,9.550,2.087
a,151694,0.000,5.583,36.000,5.583,3.955,-0.168,0.028,1.425,1.991,9.482,2.169
a,151698,0.000,-0.932,36.000,-0.932,0.483,0.046,0.654,-1.262,1.925,9.455,2.121
a,151702,0.000,-7.029,36.000,-7.029,0.439,-0.122,-0.170,-1.246,2.307,9.547,2.067
a,151706,0.000,-9.945,36.000,-9.945,0.659,-0.122,-0.018,-0.437,2.093,9.389,2.079
a,151710,0.000,-8.351,36.000,-8.351,4.834,0.214,0.074,0.876,1.839,9.372,2.137
a,151714,0.000,-2.963,36.000,-2.963,0.703,0.061,0.059,0.937,2.227,9.400,2.069
a,151718,0.000,3.775,36.000,3.775,0.615,0.030,-0.628,-2.056,2.095,9.402,2.058
a,151723,0.000,8.798,36.000,8.798,0.615,0.336,0.547,0.479,1.929,9.348,2.195
a,151726,0.000,9.813,36.000,9.813,4.131,0.443,0.502,0.693,2.146,9.512,2.113
a,151730,0.000,6.349,36.000,6.349,0.659,-0.061,-0.506,-0.315,2.217,9.491,2.091
a,151734,0.000,-0.018,36.000,-0.018,0.659,0.107,0.318,0.372,1.902,9.330,2.158
a,151738,0.000,-6.381,36.000,-6.381,0.659,0.259,0.929,-0.361,2.067,9.340,2.132
a,151742,0.000,-9.824,36.000,-9.824,3.296,-0.534,-0.384,-0.147,2.248,9.481,2.060
a,151746,0.000,-8.761,36.000,-8.761,4.570,0.046,-0.018,-0.819,2.067,9.303,2.102
a,151750,0.000,-3.674,36.000,-3.674,3.955,0.107,0.364,0.112,1.988,9.458,2.124
a,151754,0.000,3.106,36.000,3.106,1.758,0.198,-0.216,-0.834,2.133,9.388,2.045
a,151758,0.000,8.459,36.000,8.459,0.571,0.366,0.044,-0.666,2.054,9.330,2.161
a,151762,0.000,9.915,36.000,9.915,4.570,-0.061,0.318,-0.758,2.035,9.396,2.095
a,151766,0.000,6.795,36.000,6.795,3.955,0.046,0.120,0.555,2.130,9.434,2.146
a,151770,0.000,0.532,36.000,0.532,3.296,0.168,-0.109,0.647,2.066,9.458,2.112
a,151774,0.000,-5.980,36.000,-5.980,0.571,-0.031,-0.537,-1.185,2.118,9.537,2.112
a,151778,0.000,-9.725,36.000,-9.725,3.999,-0.275,0.196,0.112,2.083,9.456,2.115
a,151782,0.000,-8.960,36.000,-8.960,4.702,0.092,-0.018,-0.987,2.089,9.419,2.115
a,151786,0.000,-4.032,36.000,-4.032,3.999,0.153,0.059,-0.620,2.155,9.360,2.089
a,151790,0.000,2.774,36.000,2.774,1.934,0.382,0.120,0.983,2.025,9.380,2.113
a,151794,0.000,8.292,36.000,8.292,0.571,0.366,0.578,-0.636,1.982,9.251,2.144
a,151798,0.000,9.946,36.000,9.946,0.659,0.214,-0.445,-0.162,2.126,9.511,2.097
a,151802,0.000,6.958,36.000,6.958,4.131,-0.046,-0.186,-0.056,2.040,9.367,2.138
a,151806,0.000,0.716,36.000,0.716,2.725,0.168,0.150,-0.132,1.998,9.443,2.164
a,151810,0.000,-5.865,36.000,-5.865,0.571,-0.336,-0.033,0.448,2.236,9.499,2.039
a,151814,0.000,-9.701,36.000,-9.701,-0.088,-0.321,-0.216,0.051,2.151,9.530,2.106
a,151818,0.000,-8.987,36.000,-8.987,4.790,0.046,0.318,-0.605,1.982,9.343,2.130
a,151823,0.000,-4.050,36.000,-4.050,3.867,0.061,-0.216,0.723,2.200,9.480,2.073
a,151826,0.000,2.794,36.000,2.794,0.659,-0.214,-0.506,-0.208,2.157,9.503,2.057
a,151830,0.000,8.326,36.000,8.326,0.659,-0.061,0.379,-0.926,1.884,9.469,2.194
a,151834,0.000,9.935,36.000,9.935,4.702,0.550,0.379,0.097,2.114,9.341,2.115
a,151838,0.000,6.854,36.000,6.854,4.570,-0.229,-0.445,-0.422,2.186,9.488,2.124
a,151842,0.000,0.531,36.000,0.531,0.615,-0.183,0.028,0.555,1.958,9.415,2.138
a,151846,0.000,-6.047,36.000,-6.047,0.571,-0.046,0.685,-0.178,2.073,9.287,2.133
a,151850,0.000,-9.762,36.000,-9.762,0.659,-0.290,-0.231,-0.330,2.191,9.468,2.034
a,151854,0.000,-8.847,36.000,-8.847,0.615,-0.031,-0.292,0.586,2.095,9.424,2.131
a,151858,0.000,-3.728,36.000,-3.728,4.570,0.168,0.456,0.540,2.017,9.437,2.097
a,151862,0.000,3.167,36.000,3.167,0.615,0.366,0.150,-0.514,2.101,9.359,2.087
a,151866,0.000,8.558,36.000,8.558,1.274,-0.000,-0.216,0.891,2.023,9.559,2.163
a,151870,0.000,9.870,36.000,9.870,4.131,0.168,0.379,-0.132,2.046,9.433,2.173
a,151874,0.000,6.470,36.000,6.470,3.999,0.153,-0.018,-0.452,2.054,9.431,2.139
a,151878,0.000,-0.025,36.000,-0.025,2.681,-0.168,0.105,0.723,2.076,9.469,2.160
a,151882,0.000,-6.511,36.000,-6.511,0.659,-0.382,0.150,0.265,2.093,9.384,2.073
a,151886,0.000,-9.881,36.000,-9.881,3.340,0.214,0.395,0.601,2.084,9.257,2.083
a,151890,0.000,-8.510,36.000,-8.510,4.746,0.061,-0.018,0.219,2.133,9.380,2.083
a,151894,0.000,-3.050,36.000,-3.050,3.911,0.061,0.013,0.616,2.090,9.444,2.112
a,151898,0.000,3.881,36.000,3.881,0.615,0.214,0.211,0.647,2.035,9.382,2.089
a,151902,0.000,8.946,36.000,8.946,0.571,0.198,0.105,-0.773,2.025,9.337,2.154
a,151906,0.000,9.699,36.000,9.699,4.526,0.046,-0.186,-0.376,2.128,9.358,2.099
a,151910,0.000,5.769,36.000,5.769,3.384,0.092,-0.063,-1.307,2.071,9.421,2.126
a,151914,0.000,-0.953,36.000,-0.953,2.637,0.061,0.334,0.998,2.079,9.389,2.142
a,151918,0.000,-7.217,36.000,-7.217,0.615,-0.183,-0.063,-0.330,2.139,9.438,2.081
a,151922,0.000,-9.986,36.000,-9.986,4.922,-0.092,-0.033,1.319,2.095,9.485,2.140
a,151927,0.000,-7.910,36.000,-7.910,4.834,-0.031,0.166,1.319,2.082,9.347,2.087
a,151930,0.000,-1.990,36.000,-1.990,0.615,-0.122,0.166,-1.246,2.096,9.442,2.106
a,151934,0.000,4.902,36.000,4.902,0.659,-0.000,-0.277,0.677,2.040,9.346,2.083
a,151939,0.000,9.409,36.000,9.409,3.340,0.443,0.196,0.143,2.055,9.409,2.161
a,151943,0.000,9.330,36.000,9.330,0.571,0.168,0.044,0.357,2.142,9.457,2.091
a,151946,0.000,4.694,36.000,4.694,2.681,-0.168,0.273,0.555,2.071,9.400,2.110
a,151950,0.000,-2.240,36.000,-2.240,0.571,0.153,0.059,-0.452,2.012,9.469,2.140
a,151954,0.000,-8.081,36.000,-8.081,0.659,0.107,-0.048,0.830,2.178,9.584,2.093
a,151958,0.000,-9.963,36.000,-9.963,4.658,0.061,-0.186,0.265,2.070,9.485,2.140
a,151962,0.000,-6.957,36.000,-6.957,4.702,0.214,0.089,0.357,2.021,9.452,2.118
a,151966,0.000,-0.531,36.000,-0.531,0.615,0.275,-0.018,0.036,2.122,9.482,2.133
a,151970,0.000,6.161,36.000,6.161,0.571,0.382,-0.323,0.769,2.095,9.446,2.084
a,151974,0.000,9.820,36.000,9.820,-0.835,0.214,0.059,0.540,2.035,9.485,2.173
a,151978,0.000,8.638,36.000,8.638,4.043,0.076,0.013,1.807,2.041,9.519,2.132
a,151982,0.000,3.189,36.000,3.189,0.439,0.168,-0.277,-0.162,2.057,9.419,2.146
a,151986,0.000,-3.840,36.000,-3.840,0.000,-0.214,-0.109,-0.223,2.133,9.524,2.102
a,151990,0.000,-8.972,36.000,-8.972,0.439,-0.305,-0.048,-0.651,2.180,9.343,2.081
a,151994,0.000,-9.658,36.000,-9.658,0.439,-0.382,-0.292,0.387,2.030,9.449,2.132
a,151998,0.000,-5.552,36.000,-5.552,4.087,0.168,0.440,0.815,2.060,9.373,2.109
a,152002,0.000,1.316,36.000,1.316,0.439,0.427,-0.186,-1.262,2.116,9.432,2.121
a,152006,0.000,7.533,36.000,7.533,0.396,-0.031,-0.033,1.532,2.036,9.384,2.166
a,152010,0.000,10.000,36.000,10.000,3.472,0.107,0.013,0.998,2.071,9.527,2.134
a,152014,0.000,7.480,36.000,7.480,4.087,0.168,0.120,0.540,2.069,9.451,2.154
a,152018,0.000,1.223,36.000,1.223,0.483,-0.015,-0.124,-0.376,2.066,9.518,2.131
a,152022,0.000,-5.649,36.000,-5.649,0.396,0.015,0.105,1.380,2.107,9.598,2.119
a,152026,0.000,-9.696,36.000,-9.696,4.175,-0.229,-0.506,-1.124,2.182,9.595,2.115
a,152030,0.000,-8.885,36.000,-8.885,0.527,-0.275,0.089,0.051,2.079,9.428,2.112
a,152034,0.000,-3.613,36.000,-3.613,3.384,-0.107,-0.445,0.173,2.095,9.480,2.079
a,152038,0.000,3.478,36.000,3.478,1.890,-0.046,-0.445,0.280,2.097,9.448,2.191
a,152042,0.000,8.822,36.000,8.822,-0.264,-0.122,0.044,-1.033,2.040,9.474,2.121
a,152046,0.000,9.724,36.000,9.724,3.472,-0.168,0.150,0.372,2.060,9.416,2.144
a,152050,0.000,5.721,36.000,5.721,0.439,0.168,0.334,0.708,2.060,9.420,2.134
a,152054,0.000,-1.173,36.000,-1.173,0.396,-0.000,0.089,0.219,2.061,9.425,2.140
a,152058,0.000,-7.478,36.000,-7.478,0.439,0.168,0.044,0.143,2.155,9.485,2.103
a,152062,0.000,-10.000,36.000,-10.000,0.396,-0.672,-0.506,-1.292,2.113,9.382,2.072
a,152066,0.000,-7.453,36.000,-7.453,-0.835,0.122,0.120,2.021,2.059,9.491,2.163
a,152070,0.000,-1.122,36.000,-1.122,2.681,-0.382,-0.674,-0.208,2.170,9.477,2.048
a,152074,0.000,5.783,36.000,5.783,0.439,0.214,-0.002,0.357,2.067,9.485,2.204
a,152078,0.000,9.749,36.000,9.749,0.396,0.259,0.044,-0.880,2.004,9.367,2.069
a,152082,0.000,8.749,36.000,8.749,4.702,0.259,-0.186,-1.323,2.120,9.474,2.156
a,152086,0.000,3.286,36.000,3.286,3.911,0.107,0.211,0.051,2.065,9.433,2.084
a,152090,0.000,-3.859,36.000,-3.859,0.439,0.122,0.334,1.639,2.046,9.261,2.161
a,152094,0.000,-9.034,36.000,-9.034,0.439,-0.168,0.166,0.006,2.112,9.327,2.119
a,152098,0.000,-9.586,36.000,-9.586,3.955,-0.275,-0.124,0.112,2.070,9.402,2.064
a,152102,0.000,-5.223,36.000,-5.223,3.208,-0.000,0.150,0.326,2.064,9.403,2.137
a,152106,0.000,1.823,36.000,1.823,0.439,-0.275,-0.231,0.326,2.073,9.528,2.096
a,152110,0.000,7.936,36.000,7.936,2.549,0.107,-0.598,0.067,2.114,9.442,2.054
a,152114,0.000,9.968,36.000,9.968,4.087,0.382,0.273,0.876,1.964,9.446,2.161
a,152118,0.000,6.865,36.000,6.865,4.087,-0.000,-0.002,0.937,2.083,9.421,2.045
a,152122,0.000,0.219,36.000,0.219,2.593,0.061,-0.491,0.784,2.211,9.384,2.163
a,152126,0.000,-6.544,36.000,-6.544,-0.264,-0.214,0.105,0.006,2.040,9.538,2.075
a,152131,0.000,-9.926,36.000,-9.926,-0.176,0.168,0.868,0.418,2.055,9.398,2.146
a,152134,0.000,-8.170,36.000,-8.170,4.043,-0.183,-0.186,-0.330,2.217,9.384,2.040
a,152138,0.000,-2.176,36.000,-2.176,-0.132,-0.168,-0.338,-0.208,2.009,9.389,2.154
a,152142,0.000,4.950,36.000,4.950,-0.176,0.443,0.639,0.296,1.906,9.459,2.084
a,152146,0.000,9.507,36.000,9.507,2.593,0.336,-0.216,0.922,2.201,9.359,2.087
a,152150,0.000,9.119,36.000,9.119,3.823,-0.015,-0.491,-0.315,2.055,9.509,2.144
a,152154,0.000,3.979,36.000,3.979,-1.055,0.214,0.547,0.693,1.939,9.366,2.144
a,152158,0.000,-3.239,36.000,-3.239,0.659,0.168,0.334,0.036,2.188,9.480,2.108
a,152162,0.000,-8.770,36.000,-8.770,0.483,-0.336,-0.750,0.464,2.192,9.487,2.046
a,152166,0.000,-9.716,36.000,-9.716,0.615,-0.000,0.227,0.448,1.927,9.498,2.189
a,152170,0.000,-5.575,36.000,-5.575,4.043,-0.046,0.486,0.036,2.176,9.440,2.054
a,152174,0.000,1.491,36.000,1.491,0.571,-0.000,-0.720,-0.040,2.245,9.438,2.140
a,152178,0.000,7.779,36.000,7.779,0.000,-0.122,0.089,-0.651,1.884,9.359,2.125
a,152182,0.000,9.980,36.000,9.980,5.933,0.382,0.486,0.632,2.133,9.349,2.175
a,152186,0.000,6.931,36.000,6.931,4.658,-0.107,-0.445,0.341,2.195,9.354,1.999
a,152190,0.000,0.228,36.000,0.228,-0.220,0.061,0.486,0.433,1.939,9.385,2.187
a,152194,0.000,-6.599,36.000,-6.599,0.308,0.046,0.364,-0.498,2.085,9.480,2.078
a,152198,0.000,-9.944,36.000,-9.944,0.000,-0.428,-0.033,0.723,2.328,9.570,2.061
a,152202,0.000,-8.031,36.000,-8.031,0.000,-0.168,0.044,-0.208,1.958,9.357,2.105
a,152206,0.000,-1.864,36.000,-1.864,0.000,0.275,0.334,0.601,2.021,9.456,2.154
a,152210,0.000,5.295,36.000,5.295,0.483,-0.382,-0.521,0.464,2.184,9.541,2.119
a,152214,0.000,9.646,36.000,9.646,2.812,-0.015,-0.384,0.387,2.033,9.578,2.124
a,152218,0.000,8.872,36.000,8.872,4.131,0.153,0.578,-0.468,1.980,9.407,2.187
a,152222,0.000,3.376,36.000,3.376,4.131,-0.168,0.196,0.265,2.122,9.462,2.073
a,152226,0.000,-3.922,36.000,-3.922,0.439,-0.214,-0.231,-0.223,2.204,9.438,2.128
a,152230,0.000,-9.131,36.000,-9.131,0.439,-0.397,-0.155,0.662,2.046,9.535,2.093
a,152235,0.000,-9.465,36.000,-9.465,3.955,-0.000,0.288,0.937,2.061,9.336,2.108
a,152238,0.000,-4.737,36.000,-4.737,3.867,-0.168,0.044,0.372,2.182,9.540,2.058
a,152242,0.000,2.530,36.000,2.530,1.670,0.030,-0.399,-1.674,2.077,9.483,2.131
a,152247,0.000,8.445,36.000,8.445,0.439,0.214,0.379,0.601,1.939,9.462,2.166
a,152251,0.000,9.829,36.000,9.829,0.352,-0.046,-0.323,0.570,2.175,9.590,2.112
a,152254,0.000,5.930,36.000,5.930,4.043,-0.061,-0.216,-0.758,2.108,9.448,2.134
a,152258,0.000,-1.162,36.000,-1.162,2.637,0.214,0.059,0.540,1.962,9.412,2.137
a,152262,0.000,-7.632,36.000,-7.632,0.439,-0.000,0.211,0.616,2.186,9.306,2.103
a,152266,0.000,-9.988,36.000,-9.988,3.999,-0.550,-0.827,-1.353,2.213,9.445,2.054
a,152270,0.000,-6.949,36.000,-6.949,4.131,0.076,-0.109,1.639,1.937,9.459,2.131
a,152274,0.000,-0.150,36.000,-0.150,0.396,0.168,0.440,0.754,2.054,9.353,2.120
a,152278,0.000,6.733,36.000,6.733,0.439,0.214,-0.399,0.021,2.204,9.315,2.093
a,152282,0.000,9.970,36.000,9.970,3.867,-0.183,-0.491,-0.254,1.943,9.562,2.128
a,152286,0.000,7.795,36.000,7.795,4.526,0.336,0.379,0.433,2.002,9.357,2.173
a,152290,0.000,1.382,36.000,1.382,0.483,0.046,-0.124,-0.376,2.179,9.454,2.095
a,152294,0.000,-5.786,36.000,-5.786,0.396,-0.122,-0.186,-1.368,2.097,9.319,2.090
a,152298,0.000,-9.806,36.000,-9.806,4.614,-0.168,0.502,0.540,2.043,9.461,2.125
a,152302,0.000,-8.477,36.000,-8.477,4.658,-0.046,0.227,0.662,2.126,9.327,2.054
a,152306,0.000,-2.517,36.000,-2.517,2.021,-0.107,-0.063,0.158,2.136,9.385,2.109
a,152310,0.000,4.823,36.000,4.823,-0.132,-0.244,0.150,-2.559,2.010,9.345,2.121
a,152314,0.000,9.525,36.000,9.525,-0.088,0.534,0.318,-0.559,2.060,9.529,2.126
a,152318,0.000,9.007,36.000,9.007,4.131,0.153,-0.048,0.204,2.139,9.413,2.084
a,152322,0.000,3.544,36.000,3.544,3.384,-0.000,0.181,0.830,1.984,9.404,2.169
a,152326,0.000,-3.870,36.000,-3.870,0.527,-0.229,0.273,-0.376,2.118,9.403,2.112
a,152330,0.000,-9.158,36.000,-9.158,4.790,-0.275,0.089,0.006,2.149,9.443,2.102
a,152335,0.000,-9.403,36.000,-9.403,0.703,-0.000,0.089,-0.162,2.091,9.359,2.084
a,152338,0.000,-4.459,36.000,-4.459,3.340,0.107,-0.186,-0.117,2.122,9.421,2.118
a,152342,0.000,2.950,36.000,2.950,0.483,-0.122,-0.979,-0.575,2.161,9.521,2.081
a,152346,0.000,8.731,36.000,8.731,3.164,0.443,0.120,0.876,1.969,9.509,2.211
a,152350,0.000,9.681,36.000,9.681,4.570,0.366,0.318,-0.666,2.082,9.378,2.170
a,152354,0.000,5.263,36.000,5.263,6.064,-0.229,-0.048,-0.819,2.090,9.553,2.079
a,152358,0.000,-2.079,36.000,-2.079,0.571,0.061,0.334,0.723,1.996,9.425,2.172
a,152362,0.000,-8.269,36.000,-8.269,2.021,0.443,0.532,0.235,2.126,9.339,2.057
a,152366,0.000,-9.860,36.000,-9.860,4.526,-0.534,-0.323,0.464,2.271,9.363,2.052
a,152370,0.000,-5.957,36.000,-5.957,4.746,-0.046,0.059,0.738,1.976,9.507,2.139
a,152374,0.000,1.271,36.000,1.271,0.615,-0.107,-0.048,0.448,2.161,9.448,2.070
a,152378,0.000,7.793,36.000,7.793,0.527,0.259,-0.186,-0.834,2.114,9.507,2.144
a,152382,0.000,9.960,36.000,9.960,4.658,-0.397,-0.552,-0.910,2.011,9.616,2.125
a,152386,0.000,6.550,36.000,6.550,4.219,0.321,0.181,0.433,2.048,9.424,2.229
a,152390,0.000,-0.534,36.000,-0.534,2.812,-0.214,0.349,0.448,2.119,9.446,2.055
a,152395,0.000,-7.322,36.000,-7.322,0.571,0.107,0.318,-0.117,2.110,9.288,2.121
a,152399,0.000,-9.998,36.000,-9.998,0.703,0.107,-0.018,0.158,2.024,9.335,2.081
a,152402,0.000,-7.049,36.000,-7.049,4.658,-0.061,-0.018,-1.033,2.082,9.468,2.131
a,152406,0.000,-0.126,36.000,-0.126,0.615,-0.107,-0.445,0.280,2.160,9.452,2.071
a,152410,0.000,6.872,36.000,6.872,0.527,0.229,-0.048,1.196,1.993,9.290,2.185
a,152414,0.000,9.991,36.000,9.991,4.658,0.061,0.059,0.998,2.079,9.479,2.119
a,152418,0.000,7.461,36.000,7.461,4.043,0.336,-0.094,0.922,2.102,9.412,2.124
a,152422,0.000,0.705,36.000,0.705,0.352,-0.000,-0.231,0.112,1.968,9.398,2.126
a,152426,0.000,-6.455,36.000,-6.455,0.396,0.061,0.654,0.433,2.138,9.275,2.108
a,152430,0.000,-9.953,36.000,-9.953,0.527,-0.290,-0.262,0.525,2.233,9.415,2.045
a,152434,0.000,-7.797,36.000,-7.797,4.482,0.214,0.013,0.601,1.984,9.372,2.134
a,152439,0.000,-1.202,36.000,-1.202,2.549,0.382,0.440,-0.178,2.028,9.433,2.108
a,152442,0.000,6.081,36.000,6.081,0.000,0.046,0.288,0.891,2.136,9.456,2.084
a,152446,0.000,9.899,36.000,9.899,2.637,0.168,-0.384,0.769,2.061,9.518,2.134
a,152450,0.000,8.064,36.000,8.064,5.625,0.488,0.440,0.922,1.967,9.341,2.142
a,152454,0.000,1.616,36.000,1.616,3.999,0.168,0.563,0.738,2.079,9.467,2.134
a,152458,0.000,-5.761,36.000,-5.761,0.439,-0.168,-0.216,0.509,2.175,9.384,2.096
a,152462,0.000,-9.838,36.000,-9.838,0.439,-0.000,-0.186,0.112,2.060,9.396,2.121
a,152466,0.000,-8.270,36.000,-8.270,3.911,0.092,0.211,-0.437,2.069,9.322,2.119
a,152470,0.000,-1.948,36.000,-1.948,0.396,0.046,-0.048,0.112,2.142,9.386,2.081
a,152474,0.000,5.499,36.000,5.499,1.318,0.107,0.318,0.372,2.030,9.546,2.142
a,152479,0.000,9.781,36.000,9.781,3.867,0.443,0.105,0.647,2.027,9.339,2.119
a,152482,0.000,8.422,36.000,8.422,2.505,0.076,-0.247,0.296,2.093,9.336,2.096
a,152486,0.000,2.198,36.000,2.198,0.396,0.198,-0.124,-0.559,2.024,9.390,2.130
a,152490,0.000,-5.300,36.000,-5.300,0.396,-0.000,0.364,-0.162,2.093,9.493,2.142
a,152494,0.000,-9.733,36.000,-9.733,3.340,-0.046,0.532,0.036,2.185,9.373,1.902
a,152498,0.000,-8.526,36.000,-8.526,2.725,-1.038,0.059,0.845,1.937,9.560,2.041
a,152502,0.000,-2.368,36.000,-2.368,3.999,0.336,-0.384,-0.117,2.170,9.456,2.167
a,152506,0.000,5.169,36.000,5.169,0.396,0.275,-0.048,0.036,2.087,9.584,2.176
a,152510,0.000,9.702,36.000,9.702,3.164,0.214,0.150,-0.010,2.058,9.335,2.066
a,152514,0.000,8.585,36.000,8.585,4.614,-0.187,-0.304,0.185,2.058,9.414,2.158
a,152518,0.000,2.459,36.000,2.459,3.911,-0.065,0.032,0.170,2.045,9.374,2.143
a,152522,0.000,-5.106,36.000,-5.106,0.483,-0.294,0.047,0.338,2.146,9.495,2.134
a,152526,0.000,-9.689,36.000,-9.689,3.340,-0.233,-0.228,-0.151,2.106,9.430,2.048
a,152530,0.000,-8.601,36.000,-8.601,0.483,-0.187,-0.060,0.781,2.067,9.446,2.175
a,152534,0.000,-2.470,36.000,-2.470,3.384,0.316,0.184,-0.120,2.083,9.465,2.063
a,152538,0.000,5.114,36.000,5.114,0.483,-0.020,0.184,-0.151,2.060,9.479,2.169
a,152543,0.000,9.696,36.000,9.696,0.483,0.164,0.322,-0.822,2.040,9.391,2.090
a,152546,0.000,8.575,36.000,8.575,6.768,-0.020,0.077,0.170,2.077,9.384,2.167
a,152550,0.000,2.401,36.000,2.401,3.472,0.057,0.154,1.498,2.061,9.407,2.131
a,152554,0.000,-5.192,36.000,-5.192,0.352,-0.233,0.047,0.460,2.108,9.468,2.144
a,152558,0.000,-9.723,36.000,-9.723,2.681,-0.187,-0.243,0.277,2.130,9.407,2.081
a,152562,0.000,-8.506,36.000,-8.506,4.658,-0.126,-0.228,0.384,2.100,9.480,2.128
a,152566,0.000,-2.252,36.000,-2.252,0.439,-0.081,-0.686,-1.265,2.155,9.436,2.110
a,152570,0.000,5.340,36.000,5.340,0.396,0.087,0.261,1.055,2.033,9.482,2.161
a,152574,0.000,9.767,36.000,9.767,-0.352,-0.065,0.261,-0.151,2.069,9.351,2.084
a,152578,0.000,8.391,36.000,8.391,3.472,-0.203,-0.182,-0.426,2.095,9.434,2.115
a,152582,0.000,2.022,36.000,2.022,3.428,0.194,0.352,0.002,1.996,9.428,2.107
a,152586,0.000,-5.555,36.000,-5.555,0.396,-0.020,0.367,0.567,2.182,9.328,2.087
a,152590,0.000,-9.822,36.000,-9.822,0.483,-0.416,-0.564,-0.242,2.178,9.445,2.070
a,152594,0.000,-8.226,36.000,-8.226,3.999,-0.203,0.184,-0.853,1.984,9.421,2.130
a,152598,0.000,-1.710,36.000,-1.710,3.296,0.133,0.245,-1.036,2.157,9.437,2.087
a,152602,0.000,5.833,36.000,5.833,0.439,0.179,-0.075,-1.097,2.107,9.346,2.112
a,152606,0.000,9.884,36.000,9.884,3.252,0.072,-0.060,-0.746,1.927,9.595,2.157
a,152610,0.000,8.004,36.000,8.004,4.043,-0.020,0.306,-0.212,2.108,9.439,2.128
a,152614,0.000,1.313,36.000,1.313,0.527,0.087,-0.228,-0.105,2.096,9.398,2.096
a,152618,0.000,-6.171,36.000,-6.171,0.000,-0.035,0.154,-1.082,2.061,9.348,2.079
a,152622,0.000,-9.941,36.000,-9.941,0.527,-0.203,-0.182,-0.639,2.204,9.476,2.125
a,152626,0.000,-7.717,36.000,-7.717,4.658,0.072,0.077,-1.128,2.058,9.287,2.048
a,152630,0.000,-0.832,36.000,-0.832,0.000,-0.020,0.306,0.170,2.027,9.371,2.115
a,152634,0.000,6.560,36.000,6.560,0.483,-0.065,0.306,0.277,2.067,9.360,2.112
a,152638,0.000,9.984,36.000,9.984,0.439,0.179,-0.396,0.124,2.077,9.559,2.084
a,152643,0.000,7.358,36.000,7.358,4.746,0.133,0.093,-0.502,2.059,9.442,2.163
a,152646,0.000,0.265,36.000,0.265,2.681,0.133,0.306,-0.822,2.076,9.421,2.118
a,152650,0.000,-6.993,36.000,-6.993,0.439,-0.249,-0.228,-0.639,2.158,9.537,2.125
a,152654,0.000,-10.000,36.000,-10.000,3.911,-0.249,-0.197,-0.853,2.093,9.567,2.126
a,152658,0.000,-6.917,36.000,-6.917,4.614,-0.187,-0.075,-0.090,2.070,9.297,2.172
a,152662,0.000,0.386,36.000,0.386,3.252,-0.126,0.077,0.338,2.133,9.402,2.041
a,152666,0.000,7.457,36.000,7.457,0.439,-0.249,0.138,-0.426,2.030,9.309,2.132
a,152670,0.000,9.972,36.000,9.972,0.439,0.408,0.413,-0.273,1.992,9.359,2.150
a,152674,0.000,6.384,36.000,6.384,4.526,-0.035,-0.075,-0.746,2.170,9.312,2.045
a,152678,0.000,-1.119,36.000,-1.119,2.637,-0.142,0.184,-0.319,1.973,9.414,2.125
a,152682,0.000,-7.939,36.000,-7.939,0.527,-0.187,0.200,0.628,2.124,9.469,2.101
a,152686,0.000,-9.885,36.000,-9.885,4.570,-0.233,-0.350,-0.135,2.210,9.562,2.107
a,152690,0.000,-5.750,36.000,-5.750,4.526,-0.203,-0.136,-0.426,1.958,9.360,2.096
a,152694,0.000,1.928,36.000,1.928,0.615,0.072,0.322,0.124,2.102,9.475,2.121
a,152698,0.000,8.421,36.000,8.421,0.571,-0.020,-0.411,0.185,2.091,9.546,2.132
a,152702,0.000,9.718,36.000,9.718,4.482,-0.035,-0.228,-0.364,2.049,9.452,2.138
a,152706,0.000,5.007,36.000,5.007,4.658,0.148,0.184,0.323,2.035,9.395,2.138
a,152710,0.000,-2.805,36.000,-2.805,1.934,-0.142,0.200,-0.807,2.115,9.426,2.095
a,152714,0.000,-8.883,36.000,-8.883,3.384,-0.340,-0.350,0.033,2.144,9.497,2.124
a,152718,0.000,-9.452,36.000,-9.452,5.273,-0.111,0.642,1.147,2.015,9.230,2.095
a,152722,0.000,-4.149,36.000,-4.149,0.527,0.072,0.322,-0.593,2.145,9.442,2.079
a,152726,0.000,3.738,36.000,3.738,2.461,0.301,-0.197,-0.868,2.101,9.439,2.155
a,152730,0.000,9.300,36.000,9.300,0.352,0.072,-0.182,-0.746,1.958,9.501,2.075
a,152734,0.000,9.066,36.000,9.066,4.614,0.622,0.245,-0.273,2.060,9.340,2.193
a,152738,0.000,3.171,36.000,3.171,0.703,-0.096,-0.411,-1.601,2.131,9.538,2.089
a,152742,0.000,-4.709,36.000,-4.709,0.659,-0.081,-0.121,0.124,2.079,9.413,2.150
a,152747,0.000,-9.646,36.000,-9.646,2.681,0.255,0.566,0.033,2.071,9.357,2.100
a,152750,0.000,-8.540,36.000,-8.540,0.659,0.042,-0.014,0.567,2.154,9.382,2.065
a,152754,0.000,-2.076,36.000,-2.076,4.043,-0.035,-0.335,0.078,2.146,9.437,2.093
a,152758,0.000,5.696,36.000,5.696,0.615,0.042,0.306,-0.212,1.968,9.475,2.152
a,152762,0.000,9.889,36.000,9.889,3.208,0.515,-0.060,0.048,2.069,9.319,2.142
a,152766,0.000,7.856,36.000,7.856,4.175,-0.081,-0.228,-0.258,2.178,9.384,2.079
a,152770,0.000,0.869,36.000,0.869,3.955,-0.020,-0.350,0.185,2.017,9.431,2.158
a,152774,0.000,-6.671,36.000,-6.671,0.571,0.255,0.261,0.048,2.053,9.527,2.118
a,152778,0.000,-9.997,36.000,-9.997,0.527,-0.416,0.077,-0.258,2.145,9.383,2.064
a,152782,0.000,-6.999,36.000,-6.999,4.526,-0.142,-0.136,-1.403,2.085,9.424,2.115
a,152786,0.000,0.436,36.000,0.436,-0.264,0.194,0.077,0.109,1.998,9.473,2.113
a,152790,0.000,7.598,36.000,7.598,0.439,-0.218,0.154,-1.464,2.143,9.409,2.095
a,152794,0.000,9.937,36.000,9.937,-0.088,-0.004,-0.442,1.239,2.091,9.396,2.084
a,152798,0.000,5.957,36.000,5.957,4.087,0.347,0.245,-0.655,1.998,9.310,2.137
a,152802,0.000,-1.818,36.000,-1.818,-0.044,-0.065,0.154,0.460,2.116,9.442,2.075
a,152806,0.000,-8.438,36.000,-8.438,0.000,-0.142,-0.243,-1.189,2.204,9.525,2.149
a,152810,0.000,-9.675,36.000,-9.675,3.999,-0.065,-0.182,0.903,2.039,9.493,2.126
a,152814,0.000,-4.729,36.000,-4.729,3.823,-0.203,-0.075,-0.807,2.095,9.470,2.132
a,152818,0.000,3.246,36.000,3.246,0.352,0.148,0.413,-0.059,2.099,9.470,2.109
a,152822,0.000,9.145,36.000,9.145,1.802,0.469,-0.350,-0.105,2.085,9.348,2.113
a,152826,0.000,9.181,36.000,9.181,4.131,0.362,0.261,0.994,1.996,9.334,2.144
a,152830,0.000,3.320,36.000,3.320,2.812,-0.065,0.154,-0.212,2.093,9.535,2.108
a,152834,0.000,-4.679,36.000,-4.679,0.000,-0.020,0.047,0.017,2.114,9.426,2.166
a,152838,0.000,-9.669,36.000,-9.669,0.396,0.087,0.261,0.017,2.071,9.530,2.096
a,152842,0.000,-8.428,36.000,-8.428,3.428,-0.126,0.184,-0.151,2.132,9.475,2.093
a,152846,0.000,-1.747,36.000,-1.747,4.570,0.316,0.001,0.506,2.103,9.408,2.089
a,152850,0.000,6.067,36.000,6.067,0.352,0.362,0.306,-0.166,2.042,9.475,2.115
a,152854,0.000,9.959,36.000,9.959,0.352,0.042,0.138,-0.044,2.070,9.380,2.156
a,152858,0.000,7.401,36.000,7.401,4.570,0.118,-0.106,-0.990,2.108,9.394,2.069
a,152862,0.000,0.042,36.000,0.042,0.396,-0.050,0.047,1.162,2.030,9.422,2.146
a,152866,0.000,-7.349,36.000,-7.349,0.396,-0.157,0.169,-1.571,2.101,9.477,2.144
a,152870,0.000,-9.964,36.000,-9.964,3.252,-0.249,-0.197,-0.487,2.160,9.388,2.054
a,152874,0.000,-6.094,36.000,-6.094,3.911,-0.081,-0.350,-0.899,2.061,9.418,2.156
a,152878,0.000,1.750,36.000,1.750,1.978,-0.065,0.367,0.338,2.017,9.418,2.097
a,152882,0.000,8.456,36.000,8.456,-0.088,0.255,-0.167,1.422,2.168,9.403,2.163
a,152886,0.000,9.640,36.000,9.640,4.175,-0.142,-0.396,-1.113,2.046,9.477,2.054
a,152890,0.000,4.517,36.000,4.517,0.352,0.622,0.429,-0.655,1.990,9.461,2.182
a,152894,0.000,-3.567,36.000,-3.567,-0.044,0.194,0.093,0.445,2.113,9.442,2.073
a,152898,0.000,-9.315,36.000,-9.315,-0.044,-0.050,-0.060,-0.258,2.151,9.509,2.106
a,152902,0.000,-8.950,36.000,-8.950,3.867,-0.020,-0.075,0.384,2.067,9.443,2.115
a,152906,0.000,-2.700,36.000,-2.700,3.472,0.225,-0.014,-0.380,2.079,9.406,2.100
a,152910,0.000,5.330,36.000,5.330,0.352,0.255,-0.060,-0.059,2.139,9.403,2.125
a,152914,0.000,9.852,36.000,9.852,2.681,-0.065,-0.106,0.628,2.025,9.390,2.090
a,152918,0.000,7.874,36.000,7.874,4.614,0.301,0.367,-0.273,1.997,9.319,2.108
a,152922,0.000,0.693,36.000,0.693,3.911,0.042,0.047,0.231,2.108,9.422,2.095
a,152926,0.000,-6.950,36.000,-6.950,0.352,-0.539,-0.060,-0.258,2.112,9.480,2.061
a,152930,0.000,-9.994,36.000,-9.994,2.549,0.087,0.245,-0.151,2.055,9.275,2.119
a,152934,0.000,-6.412,36.000,-6.412,0.396,-0.081,-0.304,-1.006,2.082,9.395,2.077
a,152938,0.000,1.429,36.000,1.429,2.065,-0.294,-0.029,-0.105,2.116,9.438,2.115
a,152942,0.000,8.323,36.000,8.323,-0.044,0.255,-0.350,0.170,2.077,9.400,2.109
a,152946,0.000,9.682,36.000,9.682,-0.044,0.087,0.093,0.124,2.009,9.420,2.167
a,152951,0.000,4.589,36.000,4.589,-0.791,0.057,-0.060,1.116,2.097,9.482,2.154
a,152954,0.000,-3.568,36.000,-3.568,2.505,-0.065,-0.197,-0.212,2.097,9.464,2.119
a,152958,0.000,-9.346,36.000,-9.346,4.087,0.316,0.200,-0.059,2.064,9.519,2.132
a,152962,0.000,-8.875,36.000,-8.875,3.999,-0.035,-0.014,0.231,2.162,9.467,2.093
a,152966,0.000,-2.461,36.000,-2.461,1.846,0.194,-0.060,0.658,2.082,9.360,2.112
a,152970,0.000,5.607,36.000,5.607,0.000,-0.081,-0.121,0.124,2.012,9.501,2.126
a,152974,0.000,9.914,36.000,9.914,3.428,0.042,-0.197,0.384,2.110,9.458,2.108
a,152978,0.000,7.560,36.000,7.560,0.000,0.148,-0.136,-0.120,2.099,9.395,2.093
a,152982,0.000,0.117,36.000,0.117,-0.791,-0.294,0.429,0.124,1.966,9.404,2.166
a,152986,0.000,-7.408,36.000,-7.408,0.000,-0.203,0.154,-0.700,2.167,9.455,2.064
a,152990,0.000,-9.939,36.000,-9.939,0.483,-0.401,-0.335,0.582,2.224,9.585,2.102
a,152994,0.000,-5.758,36.000,-5.758,0.659,-0.065,0.154,0.521,1.988,9.364,2.124
a,152998,0.000,2.319,36.000,2.319,2.109,-0.203,0.077,-0.700,2.102,9.507,2.101
a,153002,0.000,8.830,36.000,8.830,0.439,-0.020,-0.335,0.292,2.174,9.456,2.115
a,153006,0.000,9.358,36.000,9.358,4.131,0.240,-0.243,-0.273,1.946,9.438,2.113
a,153010,0.000,3.535,36.000,3.535,0.439,0.148,0.138,0.109,2.077,9.395,2.163
a,153014,0.000,-4.694,36.000,-4.694,0.483,-0.020,0.093,0.903,2.108,9.425,2.084
a,153018,0.000,-9.733,36.000,-9.733,0.439,-0.233,-0.014,0.628,2.120,9.493,2.105
a,153022,0.000,-8.143,36.000,-8.143,0.483,-0.020,-0.045,0.674,2.119,9.360,2.112
a,153026,0.000,-0.999,36.000,-0.999,3.384,0.316,-0.197,0.109,2.095,9.440,2.093
a,153030,0.000,6.832,36.000,6.832,0.483,-0.020,-0.014,0.903,2.114,9.392,2.148
a,153034,0.000,9.994,36.000,9.994,3.911,0.148,0.154,0.002,1.993,9.521,2.138
a,153038,0.000,6.316,36.000,6.316,4.131,0.133,-0.014,-0.441,2.121,9.433,2.148
a,153042,0.000,-1.693,36.000,-1.693,0.483,-0.249,0.032,-0.853,2.138,9.437,2.105
a,153046,0.000,-8.544,36.000,-8.544,1.934,-0.233,-0.045,0.903,2.064,9.391,2.106
a,153050,0.000,-9.528,36.000,-9.528,-0.176,-0.081,0.474,-0.502,2.090,9.543,2.138
a,153055,0.000,-3.957,36.000,-3.957,-0.352,0.133,-0.197,-0.502,2.179,9.406,2.048
a,153058,0.000,4.342,36.000,4.342,1.802,0.042,-0.442,0.536,2.124,9.467,2.102
a,153062,0.000,9.651,36.000,9.651,3.208,-0.065,-0.029,0.384,1.946,9.485,2.175
a,153066,0.000,8.298,36.000,8.298,0.571,0.087,0.047,-0.105,2.127,9.495,2.097
a,153070,0.000,1.208,36.000,1.208,-0.044,-0.187,-0.228,0.521,2.173,9.434,2.106
a,153074,0.000,-6.722,36.000,-6.722,0.571,-0.233,0.200,0.231,2.006,9.504,2.112
a,153078,0.000,-9.997,36.000,-9.997,3.428,-0.065,0.535,0.216,2.124,9.538,2.142
a,153082,0.000,-6.337,36.000,-6.337,-0.747,-0.355,-0.411,-0.624,2.160,9.427,2.018
a,153086,0.000,1.727,36.000,1.727,2.725,0.042,0.093,0.460,2.048,9.378,2.143
a,153090,0.000,8.594,36.000,8.594,0.352,0.072,0.367,0.124,2.022,9.354,2.093
a,153094,0.000,9.479,36.000,9.479,3.955,0.179,-0.335,-0.746,2.173,9.537,2.125
a,153098,0.000,3.754,36.000,3.754,3.823,0.103,0.108,1.498,2.046,9.397,2.100
a,153102,0.000,-4.594,36.000,-4.594,0.352,0.194,0.581,0.536,1.992,9.413,2.152
a,153106,0.000,-9.735,36.000,-9.735,3.252,-0.233,-0.335,0.750,2.209,9.463,2.079
a,153110,0.000,-8.065,36.000,-8.065,3.955,-0.233,-0.350,-0.013,2.136,9.515,2.142
a,153114,0.000,-0.744,36.000,-0.744,3.428,0.133,0.032,-0.655,1.984,9.464,2.115
a,153118,0.000,7.103,36.000,7.103,0.439,0.347,0.184,-1.143,2.126,9.403,2.121
a,153122,0.000,9.965,36.000,9.965,1.714,-0.447,-0.610,0.246,2.106,9.598,2.109
a,153126,0.000,5.819,36.000,5.819,4.526,0.347,0.184,-0.822,1.992,9.513,2.157
a,153130,0.000,-2.426,36.000,-2.426,2.593,-0.187,0.642,0.155,2.025,9.401,2.161
a,153134,0.000,-8.964,36.000,-8.964,1.230,-0.157,0.154,-0.807,2.227,9.383,2.049
a,153138,0.000,-9.179,36.000,-9.179,0.483,-0.096,-0.228,-0.258,2.143,9.372,2.121
a,153142,0.000,-2.906,36.000,-2.906,0.483,-0.126,0.367,0.460,1.952,9.379,2.143
a,153146,0.000,5.426,36.000,5.426,0.396,0.072,-0.518,-0.303,2.233,9.436,2.113
a,153150,0.000,9.918,36.000,9.918,0.439,-0.203,-0.549,-0.471,2.096,9.481,2.097
a,153155,0.000,7.377,36.000,7.377,0.483,-0.065,-0.182,0.170,1.944,9.494,2.173
a,153158,0.000,-0.404,36.000,-0.404,0.396,-0.065,0.474,0.506,2.061,9.443,2.173
a,153162,0.000,-7.901,36.000,-7.901,0.439,-0.020,-0.411,0.185,2.216,9.482,2.034
a,153166,0.000,-9.777,36.000,-9.777,-0.396,-0.081,0.306,-0.593,2.058,9.261,2.152
a,153170,0.000,-4.685,36.000,-4.685,-0.308,-0.310,0.047,-0.364,1.991,9.413,2.108
a,153175,0.000,3.754,36.000,3.754,2.021,0.148,-0.014,0.368,2.192,9.395,2.118
a,153179,0.000,9.514,36.000,9.514,0.352,0.087,-0.045,0.949,2.017,9.377,2.150
a,153182,0.000,8.470,36.000,8.470,4.570,0.362,0.154,-0.227,1.950,9.419,2.144
a,153186,0.000,1.359,36.000,1.359,3.516,0.026,0.169,0.674,2.155,9.354,2.146
a,153190,0.000,-6.730,36.000,-6.730,0.439,-0.081,-0.136,-0.319,2.060,9.544,2.069
a,153194,0.000,-9.991,36.000,-9.991,0.439,-0.142,0.245,-0.746,2.120,9.335,2.109
a,153198,0.000,-6.071,36.000,-6.071,4.526,-0.020,-0.121,0.949,2.110,9.418,2.081
a,153202,0.000,2.221,36.000,2.221,0.396,-0.142,-0.533,0.964,2.124,9.518,2.100
a,153206,0.000,8.916,36.000,8.916,0.352,0.042,-0.228,0.628,2.048,9.528,2.187
a,153210,0.000,9.181,36.000,9.181,3.955,0.148,0.154,-0.227,1.994,9.413,2.112
a,153214,0.000,2.813,36.000,2.813,3.428,0.255,0.367,-0.166,2.110,9.340,2.131
a,153218,0.000,-5.592,36.000,-5.592,-0.044,-0.187,0.200,0.231,2.025,9.434,2.090
a,153222,0.000,-9.952,36.000,-9.952,2.637,-0.203,0.184,-0.426,2.122,9.427,2.166
a,153227,0.000,-7.098,36.000,-7.098,4.087,-0.096,-0.014,-1.128,2.161,9.331,2.058
a,153231,0.000,0.911,36.000,0.911,3.164,0.042,-0.136,0.017,2.035,9.376,2.102
a,153234,0.000,8.261,36.000,8.261,0.352,0.042,0.200,0.338,2.028,9.418,2.192
a,153238,0.000,9.603,36.000,9.603,3.999,0.454,-0.029,-1.250,2.082,9.339,2.075
a,153242,0.000,3.949,36.000,3.949,3.999,-0.020,-0.182,1.055,2.071,9.267,2.126
a,153246,0.000,-4.589,36.000,-4.589,0.352,0.072,0.200,-0.807,1.991,9.463,2.131
a,153250,0.000,-9.779,36.000,-9.779,0.396,-0.081,-0.136,-0.700,2.219,9.493,2.083
a,153254,0.000,-7.820,36.000,-7.820,4.043,-0.615,-0.625,0.078,2.154,9.364,2.102
a,153259,0.000,-0.135,36.000,-0.135,3.252,0.026,0.184,-0.258,1.986,9.414,2.124
a,153262,0.000,7.653,36.000,7.653,-0.044,0.362,0.520,-0.181,2.071,9.459,2.119
a,153266,0.000,9.827,36.000,9.827,1.406,-0.065,-0.610,0.033,2.136,9.518,2.090
a,153270,0.000,4.781,36.000,4.781,3.955,0.072,0.093,-0.807,1.974,9.404,2.173
a,153274,0.000,-3.785,36.000,-3.785,0.352,0.301,0.856,-0.288,1.974,9.455,2.146
a,153278,0.000,-9.567,36.000,-9.567,0.439,-0.203,-0.075,-0.731,2.231,9.402,2.020
a,153282,0.000,-8.295,36.000,-8.295,0.483,-0.294,-0.686,0.246,2.126,9.455,2.158
a,153286,0.000,-0.897,36.000,-0.897,3.340,0.515,0.077,-1.525,1.964,9.371,2.077
a,153290,0.000,7.168,36.000,7.168,0.000,0.148,0.184,-0.120,2.155,9.425,2.128
a,153294,0.000,9.931,36.000,9.931,3.867,-0.294,-0.228,0.903,2.079,9.301,2.081
a,153298,0.000,5.335,36.000,5.335,4.790,0.194,0.032,-0.059,1.999,9.428,2.193
a,153302,0.000,-3.222,36.000,-3.222,1.362,0.179,0.444,0.002,2.052,9.426,2.125
a,153306,0.000,-9.389,36.000,-9.389,2.549,-0.249,-0.182,-1.464,2.188,9.341,2.083
a,153310,0.000,-8.574,36.000,-8.574,4.175,-0.142,0.047,0.277,2.057,9.377,2.103
a,153314,0.000,-1.374,36.000,-1.374,3.472,0.179,0.047,0.262,1.984,9.437,2.095
a,153318,0.000,6.855,36.000,6.855,0.439,0.148,-0.213,0.720,2.164,9.391,2.119
a,153322,0.000,9.969,36.000,9.969,3.516,0.316,-0.014,0.368,2.006,9.343,2.124
a,153326,0.000,5.633,36.000,5.633,4.570,-0.035,0.032,-0.807,2.048,9.467,2.144
a,153330,0.000,-2.921,36.000,-2.921,2.637,-0.218,0.062,1.819,2.130,9.412,2.185
a,153334,0.000,-9.290,36.000,-9.290,0.483,-0.310,-0.289,-1.174,2.119,9.549,2.069
a,153338,0.000,-8.693,36.000,-8.693,0.527,-0.081,0.077,-0.639,2.093,9.328,2.169
a,153342,0.000,-1.566,36.000,-1.566,0.439,0.255,-0.182,-0.059,2.049,9.509,2.097
a,153346,0.000,6.742,36.000,6.742,0.396,0.042,-0.228,-0.105,2.155,9.510,2.166
a,153350,0.000,9.978,36.000,9.978,0.439,0.347,-0.014,-0.990,1.999,9.480,2.097
a,153354,0.000,5.692,36.000,5.692,4.570,0.362,0.200,0.155,2.061,9.325,2.118
a,153359,0.000,-2.892,36.000,-2.892,2.593,-0.294,0.047,0.124,2.096,9.491,2.109
a,153362,0.000,-9.294,36.000,-9.294,0.527,-0.142,-0.075,-0.914,2.107,9.450,2.102
a,153366,0.000,-8.668,36.000,-8.668,0.703,0.148,0.276,0.552,2.182,9.386,2.152
a,153370,0.000,-1.474,36.000,-1.474,3.999,0.072,-0.350,-0.960,2.128,9.477,2.025
a,153374,0.000,6.840,36.000,6.840,0.615,0.301,0.123,0.887,2.055,9.455,2.138
a,153378,0.000,9.964,36.000,9.964,0.659,0.087,0.108,0.735,2.064,9.572,2.112
a,153382,0.000,5.514,36.000,5.514,0.615,0.408,-0.121,-0.120,2.103,9.348,2.150
a,153386,0.000,-3.136,36.000,-3.136,2.681,-0.233,0.276,1.010,2.010,9.444,2.121
a,153390,0.000,-9.400,36.000,-9.400,5.317,-0.050,0.154,-0.364,2.077,9.412,2.100
a,153394,0.000,-8.493,36.000,-8.493,5.317,-0.035,-0.228,-0.364,2.100,9.591,2.083
a,153398,0.000,-1.097,36.000,-1.097,1.318,0.072,-0.442,-0.242,2.143,9.480,2.093
a,153402,0.000,7.142,36.000,7.142,1.274,-0.020,0.413,0.384,2.027,9.501,2.132
a,153406,0.000,9.915,36.000,9.915,4.570,0.042,0.032,-0.105,2.040,9.590,2.103
a,153410,0.000,5.086,36.000,5.086,4.658,0.148,-0.182,-0.120,2.112,9.440,2.142
a,153414,0.000,-3.650,36.000,-3.650,3.340,0.042,-0.075,0.384,2.061,9.489,2.089
a,153418,0.000,-9.584,36.000,-9.584,3.867,-0.462,0.032,-0.639,2.079,9.309,2.156
a,153422,0.000,-8.145,36.000,-8.145,5.449,-0.249,0.062,0.674,2.071,9.549,2.083
a,153426,0.000,-0.429,36.000,-0.429,4.526,0.087,-0.121,-0.044,2.176,9.491,2.075
a,153430,0.000,7.621,36.000,7.621,1.099,0.194,-0.167,1.910,2.064,9.641,2.172
a,153434,0.000,9.789,36.000,9.789,4.087,0.347,0.352,-0.273,1.957,9.322,2.126
a,153438,0.000,4.387,36.000,4.387,4.834,-0.065,-0.350,-0.196,2.157,9.474,2.118
a,153442,0.000,-4.414,36.000,-4.414,1.230,-0.187,-0.136,0.353,2.124,9.445,2.115
a,153446,0.000,-9.797,36.000,-9.797,3.296,0.042,-0.075,0.063,2.004,9.475,2.131
a,153450,0.000,-7.579,36.000,-7.579,1.143,-0.142,-0.014,-0.593,2.186,9.327,2.095
a,153454,0.000,0.531,36.000,0.531,1.099,-0.157,-0.045,-1.021,2.088,9.419,2.058
a,153458,0.000,8.231,36.000,8.231,0.439,0.301,0.200,-0.822,1.981,9.422,2.160
a,153462,0.000,9.522,36.000,9.522,0.352,0.530,0.047,-0.120,2.036,9.360,2.093
a,153466,0.000,3.388,36.000,3.388,3.867,0.148,-0.075,0.368,2.076,9.360,2.079
a,153470,0.000,-5.395,36.000,-5.395,-0.088,0.255,0.093,-0.120,2.095,9.440,2.118
a,153474,0.000,-9.964,36.000,-9.964,2.769,-0.081,0.306,-0.593,2.126,9.511,2.161
a,153478,0.000,-6.735,36.000,-6.735,4.043,-0.249,-0.197,-0.593,2.139,9.481,2.079
a,153482,0.000,1.774,36.000,1.774,0.000,-0.187,-0.442,0.399,2.072,9.449,2.138
a,153486,0.000,8.895,36.000,8.895,0.352,0.515,0.077,-1.036,2.020,9.378,2.084
a,153490,0.000,9.031,36.000,9.031,-0.044,-0.020,0.093,0.521,2.077,9.410,2.125
a,153494,0.000,2.064,36.000,2.064,3.955,-0.096,-0.060,-0.639,2.100,9.440,2.097
a,153498,0.000,-6.532,36.000,-6.532,-0.088,0.209,0.154,1.147,2.110,9.421,2.112
a,153502,0.000,-9.981,36.000,-9.981,-0.088,-0.035,-0.029,-0.487,2.027,9.414,2.119
a,153506,0.000,-5.552,36.000,-5.552,3.955,-0.020,-0.228,0.903,2.139,9.594,2.083
a,153510,0.000,3.268,36.000,3.268,-0.088,0.087,-0.716,0.750,2.206,9.439,2.114
a,153514,0.000,9.505,36.000,9.505,3.120,-0.065,0.077,0.017,1.942,9.454,2.121
a,153518,0.000,8.215,36.000,8.215,4.614,0.148,0.077,0.048,2.087,9.594,2.192
a,153522,0.000,0.407,36.000,0.407,3.428,-0.187,0.077,0.231,2.133,9.456,2.109
a,153526,0.000,-7.728,36.000,-7.728,-0.176,0.026,-0.182,-0.426,2.151,9.363,2.087
a,153530,0.000,-9.721,36.000,-9.721,-0.132,0.087,0.490,0.445,2.059,9.317,2.154
a,153534,0.000,-3.975,36.000,-3.975,1.758,-0.187,0.047,0.735,2.128,9.434,2.052
a,153538,0.000,4.942,36.000,4.942,-0.132,-0.020,-0.503,0.185,2.136,9.376,2.134
a,153542,0.000,9.919,36.000,9.919,2.549,-0.035,0.077,-1.464,1.943,9.391,2.126
a,153546,0.000,6.972,36.000,6.972,3.428,0.530,0.642,0.979,2.004,9.230,2.166
a,153550,0.000,-1.554,36.000,-1.554,-0.967,-0.401,-0.106,0.674,2.164,9.469,2.087
a,153554,0.000,-8.839,36.000,-8.839,-0.220,-0.371,-0.335,-0.471,2.072,9.465,2.163
a,153558,0.000,-9.039,36.000,-9.039,3.340,0.148,0.367,-0.227,1.987,9.282,2.138
a,153562,0.000,-1.981,36.000,-1.981,3.823,-0.142,-0.075,-0.593,2.242,9.436,2.067
a,153567,0.000,6.673,36.000,6.673,-0.220,-0.065,-0.671,0.475,2.148,9.384,2.142
a,153570,0.000,9.959,36.000,9.959,-0.264,0.240,0.352,-0.655,1.921,9.400,2.138
a,153574,0.000,5.222,36.000,5.222,3.911,0.347,0.642,-0.013,2.067,9.316,2.134
a,153578,0.000,-3.731,36.000,-3.731,1.758,-0.401,-0.182,0.384,2.143,9.491,2.097
a,153582,0.000,-9.674,36.000,-9.674,-0.220,0.026,0.077,-0.700,1.992,9.456,2.176
a,153586,0.000,-7.795,36.000,-7.795,3.999,0.042,0.551,0.445,2.090,9.549,2.090
a,153590,0.000,0.397,36.000,0.397,3.164,0.133,-0.686,-0.700,2.264,9.434,2.084
a,153594,0.000,8.271,36.000,8.271,-0.176,0.042,0.306,0.170,1.974,9.416,2.160
a,153598,0.000,9.435,36.000,9.435,3.208,0.301,0.306,-0.609,1.984,9.348,2.157
a,153602,0.000,2.931,36.000,2.931,3.823,0.042,-0.121,0.277,2.193,9.477,2.096
a,153606,0.000,-5.960,36.000,-5.960,-0.176,-0.249,-0.182,-0.807,2.005,9.419,2.124
a,153610,0.000,-10.000,36.000,-10.000,4.790,0.057,0.535,-0.716,2.061,9.325,2.161
a,153614,0.000,-5.885,36.000,-5.885,3.472,-0.187,-0.274,1.239,2.207,9.444,2.042
a,153618,0.000,3.038,36.000,3.038,-0.088,-0.310,-0.197,-0.258,2.054,9.431,2.137
a,153622,0.000,9.481,36.000,9.481,-0.352,0.347,0.383,0.445,1.993,9.359,2.146
a,153626,0.000,8.165,36.000,8.165,4.614,0.148,0.093,0.613,2.163,9.348,2.108
a,153630,0.000,0.157,36.000,0.157,-0.044,-0.081,-0.350,-0.242,2.082,9.400,2.067
a,153634,0.000,-7.984,36.000,-7.984,-0.044,-0.020,0.306,-0.151,2.024,9.425,2.166
a,153638,0.000,-9.569,36.000,-9.569,0.352,-0.355,0.093,-0.700,2.180,9.610,2.084
a,153642,0.000,-3.283,36.000,-3.283,0.352,-0.233,-0.289,0.964,2.138,9.414,2.109
a,153646,0.000,5.709,36.000,5.709,1.230,-0.157,0.367,-0.914,1.960,9.455,2.115
a,153650,0.000,9.998,36.000,9.998,0.352,0.316,0.077,-0.227,2.067,9.468,2.173
a,153654,0.000,6.035,36.000,6.035,4.131,-0.126,-0.396,-0.135,2.088,9.412,2.065
a,153658,0.000,-2.918,36.000,-2.918,2.461,0.042,0.184,0.063,1.968,9.374,2.131
a,153662,0.000,-9.460,36.000,-9.460,-0.088,0.133,0.352,-0.441,2.079,9.434,2.095
a,153666,0.000,-8.167,36.000,-8.167,3.911,-0.401,-0.625,-0.196,2.273,9.584,2.071
a,153670,0.000,-0.098,36.000,-0.098,3.472,0.072,-0.716,-0.410,2.049,9.412,2.106
a,153674,0.000,8.056,36.000,8.056,-0.044,0.179,0.306,-0.380,1.942,9.477,2.118
a,153678,0.000,9.514,36.000,9.514,-0.835,0.255,0.200,1.040,2.206,9.370,2.126
a,153682,0.000,3.052,36.000,3.052,4.043,-0.035,-0.549,-0.685,2.028,9.432,2.096
a,153686,0.000,-5.957,36.000,-5.957,0.352,0.042,0.429,0.231,1.979,9.359,2.137
a,153690,0.000,-9.999,36.000,-9.999,-0.044,-0.187,-0.136,0.124,2.213,9.475,2.097
a,153694,0.000,-5.687,36.000,-5.687,0.000,-0.508,-0.213,0.735,2.167,9.495,2.093
a,153698,0.000,3.384,36.000,3.384,2.681,0.179,-0.289,-0.426,1.975,9.487,2.221
a,153702,0.000,9.625,36.000,9.625,2.065,0.133,0.093,-0.441,2.021,9.419,2.083
a,153706,0.000,7.797,36.000,7.797,4.131,0.148,-0.518,0.277,2.186,9.373,2.112
a,153710,0.000,-0.578,36.000,-0.578,3.384,-0.401,0.062,0.460,1.962,9.427,2.166
a,153714,0.000,-8.471,36.000,-8.471,-0.044,-0.096,0.535,-0.441,2.048,9.394,2.108
a,153718,0.000,-9.238,36.000,-9.238,3.955,-0.355,-0.350,-0.242,2.229,9.522,2.073
a,153722,0.000,-2.221,36.000,-2.221,3.252,-0.020,-0.457,-0.196,2.066,9.418,2.100
a,153726,0.000,6.673,36.000,6.673,-0.176,0.042,0.032,0.124,1.982,9.382,2.144
a,153730,0.000,9.934,36.000,9.934,-0.088,0.026,-0.487,0.796,2.164,9.465,2.065
a,153734,0.000,4.795,36.000,4.795,4.658,-0.142,-0.457,-0.471,2.083,9.385,2.156
a,153738,0.000,-4.406,36.000,-4.406,1.934,0.271,0.490,1.681,1.929,9.372,2.125
a,153742,0.000,-9.876,36.000,-9.876,1.758,0.164,0.169,1.590,2.195,9.475,2.075
a,153746,0.000,-6.966,36.000,-6.966,3.999,0.087,-0.029,-0.044,2.211,9.443,2.029
a,153750,0.000,1.865,36.000,1.865,2.417,0.347,-0.014,-0.334,1.954,9.419,2.109
a,153754,0.000,9.113,36.000,9.113,-0.044,0.072,0.474,0.155,2.069,9.432,2.144
a,153758,0.000,8.602,36.000,8.602,6.680,0.042,-0.381,0.475,2.152,9.363,2.097
a,153762,0.000,0.754,36.000,0.754,3.516,0.042,0.062,0.781,2.030,9.438,2.189
a,153766,0.000,-7.741,36.000,-7.741,0.352,-0.081,0.245,-0.639,2.051,9.418,2.081
a,153771,0.000,-9.622,36.000,-9.622,0.352,0.087,-0.014,0.460,2.200,9.330,2.124
a,153774,0.000,-3.267,36.000,-3.267,3.999,-0.294,-0.289,0.185,2.112,9.458,2.089
a,153778,0.000,5.890,36.000,5.890,1.099,0.087,0.474,0.262,1.969,9.379,2.154
a,153782,0.000,9.998,36.000,9.998,2.593,0.179,0.215,-0.120,2.099,9.437,2.089
a,153786,0.000,5.519,36.000,5.519,4.087,-0.187,-0.549,-0.196,2.119,9.390,2.096
a,153790,0.000,-3.708,36.000,-3.708,2.549,0.148,0.200,0.216,1.943,9.406,2.109
a,153794,0.000,-9.746,36.000,-9.746,-0.088,-0.233,0.429,-0.105,2.137,9.541,2.102
a,153798,0.000,-7.384,36.000,-7.384,3.999,0.042,-0.243,0.231,2.198,9.523,2.076
a,153802,0.000,1.353,36.000,1.353,-0.923,0.042,-0.701,0.750,1.991,9.487,2.125
a,153806,0.000,8.925,36.000,8.925,-0.044,0.240,0.490,0.094,1.962,9.412,2.161
a,153810,0.000,8.778,36.000,8.778,4.043,0.072,-0.136,-0.426,2.144,9.383,2.051
a,153814,0.000,1.027,36.000,1.027,3.472,0.240,-0.304,-0.319,2.054,9.410,2.175
a,153818,0.000,-7.618,36.000,-7.618,-0.044,0.301,0.413,-0.716,1.986,9.339,2.118
a,153822,0.000,-9.651,36.000,-9.651,3.823,-0.126,0.276,1.116,2.254,9.534,2.103
a,153826,0.000,-3.294,36.000,-3.294,4.219,-0.401,-0.930,0.292,2.143,9.544,2.077
a,153830,0.000,5.933,36.000,5.933,-0.088,0.362,-0.075,0.262,1.962,9.439,2.160
a,153834,0.000,9.994,36.000,9.994,-0.088,0.133,-0.060,-0.548,2.075,9.548,2.124
a,153838,0.000,5.336,36.000,5.336,4.526,-0.050,-0.228,1.116,2.148,9.488,2.132
a,153842,0.000,-3.985,36.000,-3.985,-0.044,-0.187,0.535,0.765,1.929,9.400,2.163
a,153846,0.000,-9.825,36.000,-9.825,-0.044,0.087,0.535,0.552,2.048,9.306,2.118
a,153850,0.000,-7.063,36.000,-7.063,3.428,-0.187,-0.289,0.185,2.260,9.499,2.052
a,153854,0.000,1.892,36.000,1.892,1.362,0.072,0.047,-0.487,2.037,9.422,2.090
a,153858,0.000,9.190,36.000,9.190,1.274,0.362,0.474,0.536,1.957,9.366,2.138
a,153862,0.000,8.415,36.000,8.415,4.570,-0.020,-0.106,1.010,2.079,9.470,2.157
a,153866,0.000,0.235,36.000,0.235,3.384,0.148,-0.075,0.155,2.048,9.351,2.137
a,153870,0.000,-8.156,36.000,-8.156,-0.088,0.179,0.138,-0.929,2.055,9.468,2.089
a,153874,0.000,-9.356,36.000,-9.356,-0.044,-0.233,0.093,0.521,2.160,9.402,2.131
a,153878,0.000,-2.295,36.000,-2.295,2.549,-0.401,-0.228,-0.151,2.115,9.395,2.084
a,153882,0.000,6.799,36.000,6.799,-0.088,-0.004,0.062,1.223,2.052,9.427,2.138
a,153886,0.000,9.878,36.000,9.878,4.043,0.087,-0.121,0.735,1.999,9.436,2.087
a,153890,0.000,4.204,36.000,4.204,-0.264,0.255,0.032,-0.227,2.066,9.339,2.189
a,153894,0.000,-5.203,36.000,-5.203,-0.132,-0.203,0.077,-1.403,2.073,9.487,2.084
a,153898,0.000,-9.991,36.000,-9.991,4.219,0.087,-0.121,0.628,2.136,9.427,2.152
a,153902,0.000,-5.895,36.000,-5.895,3.999,-0.035,-0.136,-0.319,2.175,9.385,2.091
a,153906,0.000,3.453,36.000,3.453,2.417,0.255,-0.503,0.674,2.138,9.443,2.118
a,153910,0.000,9.726,36.000,9.726,-0.088,0.332,0.474,1.300,1.942,9.432,2.093
a,153914,0.000,7.320,36.000,7.320,2.769,-0.035,-0.228,-0.426,2.057,9.535,2.146
a,153918,0.000,-1.629,36.000,-1.629,-0.088,-0.187,-0.014,0.735,2.048,9.474,2.163
a,153922,0.000,-9.124,36.000,-9.124,0.000,-0.020,0.688,0.216,2.012,9.266,2.014
a,153926,0.000,-8.448,36.000,-8.448,3.340,-0.447,-0.350,-0.029,2.219,9.612,2.108
a,153930,0.000,-0.195,36.000,-0.195,0.000,0.286,-0.442,-0.593,2.149,9.476,2.134
a,153934,0.000,8.237,36.000,8.237,0.396,0.606,-0.426,-0.319,2.077,9.410,2.217
a,153938,0.000,9.267,36.000,9.267,0.396,0.255,0.047,-0.166,2.064,9.300,2.061
a,153942,0.000,1.955,36.000,1.955,3.955,0.255,0.306,-0.166,2.073,9.321,2.132
a,153947,0.000,-7.122,36.000,-7.122,-0.044,-0.340,0.352,-0.151,2.021,9.427,2.132
a,153951,0.000,-9.776,36.000,-9.776,0.615,-0.081,-0.014,-0.426,2.090,9.388,2.090
a,153954,0.000,-3.600,36.000,-3.600,4.570,-0.203,-0.197,-0.258,2.175,9.346,2.061
a,153958,0.000,5.835,36.000,5.835,0.615,0.194,0.108,0.765,2.022,9.352,2.124
a,153962,0.000,9.990,36.000,9.990,3.120,0.347,0.627,-0.777,2.015,9.351,2.076
a,153966,0.000,5.089,36.000,5.089,4.087,0.194,0.200,0.109,2.124,9.430,2.121
a,153970,0.000,-4.433,36.000,-4.433,1.978,-0.218,-0.274,-1.464,2.043,9.357,2.126
a,153974,0.000,-9.931,36.000,-9.931,0.483,-0.050,0.337,-2.273,2.066,9.398,2.084
a,153978,0.000,-6.395,36.000,-6.395,4.175,-0.187,0.200,0.170,2.201,9.489,2.112
a,153982,0.000,2.969,36.000,2.969,0.439,-0.081,-0.503,-0.792,2.090,9.489,2.142
a,153986,0.000,9.628,36.000,9.628,0.352,0.087,-0.121,0.124,2.052,9.518,2.195
a,153990,0.000,7.498,36.000,7.498,4.175,-0.004,-0.014,1.605,2.097,9.513,2.083
a,153994,0.000,-1.488,36.000,-1.488,2.769,-0.081,0.291,0.781,2.024,9.396,2.169
a,153998,0.000,-9.116,36.000,-9.116,0.439,-0.294,0.184,0.170,2.107,9.406,2.100
a,154002,0.000,-8.393,36.000,-8.393,0.703,-0.294,-0.228,0.277,2.151,9.458,2.103
a,154006,0.000,0.032,36.000,0.032,3.867,0.179,-0.243,-0.273,2.045,9.373,2.084
a,154010,0.000,8.431,36.000,8.431,0.439,0.194,-0.396,0.170,2.090,9.351,2.109
a,154014,0.000,9.079,36.000,9.079,4.219,0.194,0.093,0.765,2.009,9.307,2.137
a,154018,0.000,1.367,36.000,1.367,5.361,0.072,-0.014,-0.853,2.083,9.475,2.125
a,154022,0.000,-7.608,36.000,-7.608,0.571,0.042,-0.045,1.391,2.106,9.437,2.126
a,154026,0.000,-9.565,36.000,-9.565,6.680,0.042,0.215,1.116,2.055,9.370,2.097
a,154030,0.000,-2.683,36.000,-2.683,4.878,-0.081,-0.243,-0.426,2.149,9.464,2.108
a,154034,0.000,6.684,36.000,6.684,3.296,-0.126,-0.213,1.498,2.077,9.438,2.140
a,154038,0.000,9.863,36.000,9.863,1.143,0.179,0.154,-0.441,2.000,9.303,2.124
a,154042,0.000,0.000,36.000,0.000,1.143,0.087,0.444,1.010,2.005,9.273,2.113
a,154046,0.000,0.000,36.000,0.000,4.570,-0.020,0.108,0.781,2.126,9.403,2.077
a,154050,0.000,0.000,36.000,0.000,1.187,0.164,-0.045,1.254,2.139,9.470,2.118
a,154054,0.000,0.000,36.000,0.000,1.187,-0.081,0.154,-1.021,2.043,9.494,2.090
a,154058,0.000,0.000,36.000,0.000,1.143,0.072,0.077,-0.853,2.097,9.413,2.154
a,154062,0.000,0.000,36.000,0.000,1.187,-0.035,-0.335,-0.242,2.115,9.467,2.079
a,154066,0.000,0.000,36.000,0.000,1.187,-0.020,0.200,0.231,2.064,9.404,2.128
a,154070,0.000,0.000,36.000,0.000,1.187,0.072,0.138,-0.487,2.079,9.468,2.140
a,154074,0.000,0.000,36.000,0.000,1.143,-0.218,-0.121,-0.532,2.130,9.444,2.115
a,154078,0.000,0.000,36.000,0.000,1.187,-0.218,0.077,-1.616,2.071,9.432,2.121
a,154082,0.000,0.000,36.000,0.000,1.143,0.255,-0.014,0.887,2.042,9.450,2.150
a,154086,0.000,0.000,36.000,0.000,1.143,0.087,0.077,-0.151,2.107,9.432,2.126
a,154090,0.000,0.000,36.000,0.000,1.187,-0.020,-0.243,0.338,2.071,9.446,2.091
a,154094,0.000,0.000,36.000,0.000,1.187,0.042,-0.014,0.231,2.083,9.415,2.126
a,154098,0.000,0.000,36.000,0.000,1.187,-0.081,0.154,-0.700,2.110,9.413,2.097
a,154102,0.000,0.000,36.000,0.000,1.143,-0.249,-0.121,-0.807,2.093,9.403,2.121
a,154106,0.000,0.000,36.000,0.000,1.187,-0.020,0.337,0.674,2.075,9.451,2.115
a,154110,0.000,0.000,36.000,0.000,1.187,-0.142,0.367,0.277,2.083,9.424,2.126
a,154114,0.000,0.000,36.000,0.000,1.143,0.026,-0.014,-0.807,2.100,9.420,2.106
a,154118,0.000,0.000,36.000,0.000,1.143,-0.020,-0.060,-0.105,2.072,9.433,2.115
a,154123,0.000,0.000,36.000,0.000,1.187,0.026,-0.243,-0.700,2.077,9.458,2.108
a,154126,0.000,0.000,36.000,0.000,1.143,-0.020,-0.014,-0.151,2.099,9.430,2.126
a,154131,0.000,0.000,36.000,0.000,1.187,-0.096,0.062,-1.571,2.093,9.421,2.125
a,154134,0.000,0.000,36.000,0.000,1.187,0.072,0.047,-1.296,2.083,9.434,2.096
a,154138,0.000,0.000,36.000,0.000,1.230,-0.050,-0.228,-0.487,2.081,9.437,2.137
a,154142,0.000,0.000,36.000,0.000,1.187,-0.050,0.108,1.162,2.075,9.401,2.119
a,154146,0.000,0.000,36.000,0.000,1.143,0.087,-0.029,0.063,2.079,9.406,2.126
a,154150,0.000,0.000,36.000,0.000,1.143,-0.020,0.032,-0.105,2.087,9.416,2.112
a,154154,0.000,0.000,36.000,0.000,1.187,0.042,-0.228,0.674,2.101,9.428,2.096
a,154158,0.000,0.000,36.000,0.000,1.143,0.042,-0.060,-0.105,2.083,9.408,2.113
a,154162,0.000,0.000,36.000,0.000,1.099,-0.065,0.184,0.124,2.079,9.409,2.112
a,154166,0.000,0.000,36.000,0.000,1.187,-0.126,-0.060,0.460,2.070,9.458,2.112
a,154170,0.000,0.000,36.000,0.000,1.143,0.042,-0.014,0.063,2.072,9.437,2.106
a,154174,0.000,0.000,36.000,0.000,1.143,0.026,0.077,-0.639,2.079,9.438,2.097
a,154178,0.000,0.000,36.000,0.000,1.143,0.026,0.093,0.384,2.067,9.430,2.115
a,154182,0.000,0.000,36.000,0.000,1.143,0.026,0.093,0.124,2.084,9.427,2.144
a,154186,0.000,0.000,36.000,0.000,1.143,-0.142,-0.075,-0.593,2.066,9.434,2.118
a,154190,0.000,0.000,36.000,0.000,1.187,0.133,-0.075,-0.273,2.091,9.400,2.108
a,154194,0.000,0.000,36.000,0.000,1.143,-0.249,-0.396,0.078,2.093,9.434,2.119
a,154198,0.000,0.000,36.000,0.000,1.099,0.301,0.077,-0.990,2.093,9.427,2.112
a,154202,0.000,0.000,36.000,0.000,1.143,-0.065,0.047,1.010,2.085,9.454,2.115
a,154206,0.000,0.000,36.000,0.000,1.187,-0.035,-0.060,-0.258,2.093,9.455,2.118
a,154210,0.000,0.000,36.000,0.000,1.143,0.042,0.047,0.231,2.065,9.427,2.121
a,154214,0.000,0.000,36.000,0.000,1.187,0.087,-0.075,0.231,2.120,9.432,2.121
a,154218,0.000,0.000,36.000,0.000,1.187,-0.081,0.047,0.231,2.096,9.433,2.113
a,154222,0.000,0.000,36.000,0.000,1.187,-0.020,0.001,0.781,2.083,9.438,2.115
a,154226,0.000,0.000,36.000,0.000,1.187,-0.096,0.093,-1.235,2.083,9.444,2.118
a,154230,0.000,0.000,36.000,0.000,1.143,0.072,-0.243,-0.426,2.101,9.461,2.112
a,154234,0.000,0.000,36.000,0.000,1.187,0.255,-0.121,0.323,2.099,9.413,2.125
a,154238,0.000,0.000,36.000,0.000,1.187,-0.126,0.169,1.010,2.053,9.422,2.103
a,154242,0.000,0.000,36.000,0.000,0.703,-0.050,0.154,-0.364,2.079,9.415,2.115
a,154246,0.000,0.000,36.000,0.000,1.143,0.026,0.032,-0.746,2.067,9.437,2.131
a,154250,0.000,0.000,36.000,0.000,1.143,0.179,-0.182,-0.716,2.099,9.395,2.124
a,154254,0.000,0.000,36.000,0.000,1.187,-0.065,0.047,0.674,2.071,9.432,2.109
a,154258,0.000,0.000,36.000,0.000,1.143,0.255,-0.060,0.048,2.108,9.426,2.131
a,154262,0.000,0.000,36.000,0.000,1.187,-0.203,0.215,0.903,2.077,9.449,2.115
a,154266,0.000,0.000,36.000,0.000,1.143,-0.035,0.047,-0.593,2.079,9.433,2.096
a,154270,0.000,0.000,36.000,0.000,1.187,-0.035,-0.182,-0.746,2.114,9.432,2.106
a,154274,0.000,0.000,36.000,0.000,1.187,0.148,-0.228,0.155,2.114,9.406,2.126
a,154278,0.000,0.000,36.000,0.000,1.099,0.042,-0.121,-0.105,2.081,9.427,2.131
a,154282,0.000,0.000,36.000,0.000,1.187,-0.065,-0.106,1.162,2.095,9.442,2.121
a,154286,0.000,0.000,36.000,0.000,1.143,0.255,-0.060,-0.166,2.090,9.438,2.113
a,154290,0.000,0.000,36.000,0.000,1.187,-0.035,-0.182,-0.853,2.095,9.438,2.124
a,154294,0.000,0.000,36.000,0.000,1.143,0.026,0.077,-0.914,2.093,9.446,2.114
a,154298,0.000,0.000,36.000,0.000,1.143,0.026,-0.060,-0.853,2.087,9.408,2.154
a,154302,0.000,0.000,36.000,0.000,1.187,0.057,-0.014,1.544,2.067,9.427,2.119
a,154306,0.000,0.000,36.000,0.000,1.187,-0.020,-0.121,0.063,2.083,9.448,2.125
a,154310,0.000,0.000,36.000,0.000,1.143,-0.020,-0.075,-0.044,2.066,9.422,2.127
a,154314,0.000,0.000,36.000,0.000,1.143,-0.020,-0.014,0.170,2.088,9.438,2.087
a,154318,0.000,0.000,36.000,0.000,1.230,-0.142,-0.121,0.124,2.071,9.446,2.128
a,154322,0.000,0.000,36.000,0.000,1.187,0.026,-0.182,-0.593,2.053,9.420,2.118
a,154326,0.000,0.000,36.000,0.000,1.187,0.118,0.169,-0.822,2.077,9.428,2.132
a,154330,0.000,0.000,36.000,0.000,1.187,0.087,0.306,0.277,2.070,9.442,2.137
a,154334,0.000,0.000,36.000,0.000,1.099,-0.020,0.047,-0.151,2.067,9.434,2.138
a,154338,0.000,0.000,36.000,0.000,1.230,-0.187,-0.045,0.460,2.096,9.430,2.119
a,154342,0.000,0.000,36.000,0.000,1.143,-0.126,0.154,-0.105,2.075,9.442,2.100
a,154346,0.000,0.000,36.000,0.000,1.187,0.194,0.169,0.994,2.096,9.452,2.125
a,154351,0.000,0.000,36.000,0.000,1.187,0.026,0.093,0.338,2.100,9.406,2.108
a,154355,0.000,0.000,36.000,0.000,1.187,0.026,-0.243,-0.319,2.060,9.427,2.089
a,154359,0.000,0.000,36.000,0.000,1.143,0.362,-0.075,0.002,2.089,9.443,2.108
a,154363,0.000,0.000,36.000,0.000,1.187,0.072,0.138,-0.975,2.108,9.434,2.112
a,154367,0.000,0.000,36.000,0.000,1.143,-0.187,-0.228,0.170,2.083,9.422,2.132
a,154371,0.000,0.000,36.000,0.000,1.143,-0.050,-0.060,-0.426,2.100,9.446,2.131
a,154375,0.000,0.000,36.000,0.000,1.143,0.133,0.001,-0.120,2.087,9.451,2.097
a,154379,0.000,0.000,36.000,0.000,1.143,0.072,0.062,0.628,2.102,9.462,2.119
a,154383,0.000,0.000,36.000,0.000,1.187,-0.035,-0.075,-0.258,2.099,9.422,2.126
a,154387,0.000,0.000,36.000,0.000,1.143,0.042,0.261,0.842,2.097,9.428,2.119
a,154391,0.000,0.000,36.000,0.000,1.187,-0.142,-0.121,-0.319,2.087,9.427,2.128
a,154395,0.000,0.000,36.000,0.000,1.143,0.103,0.200,1.269,2.082,9.410,2.121
a,154399,0.000,0.000,36.000,0.000,1.187,0.179,-0.075,-0.548,2.089,9.409,2.097
a,154403,0.000,0.000,36.000,0.000,1.187,-0.020,0.154,0.063,2.090,9.408,2.115
a,154407,0.000,0.000,36.000,0.000,1.187,-0.126,0.215,0.460,2.071,9.408,2.108
a,154411,0.000,0.000,36.000,0.000,1.230,0.148,0.154,0.887,2.079,9.410,2.103
a,154415,0.000,0.000,36.000,0.000,1.099,0.087,0.032,0.063,2.082,9.419,2.108
a,154419,0.000,0.000,36.000,0.000,1.143,-0.187,0.062,0.521,2.077,9.442,2.119
a,154423,0.000,0.000,36.000,0.000,1.187,0.072,-0.075,-0.593,2.071,9.414,2.124
a,154427,0.000,0.000,36.000,0.000,1.187,0.179,0.108,0.887,2.090,9.449,2.131
a,154430,0.000,0.000,36.000,0.000,1.187,-0.020,-0.014,0.735,2.095,9.418,2.103
a,154434,0.000,0.000,36.000,0.000,1.143,0.255,-0.289,-0.151,2.088,9.409,2.108
a,154438,0.000,0.000,36.000,0.000,1.099,-0.050,-0.060,-0.914,2.072,9.438,2.160
a,154442,0.000,0.000,36.000,0.000,1.230,0.042,-0.197,-0.151,2.070,9.418,2.132
a,154446,0.000,0.000,36.000,0.000,1.187,0.042,0.077,0.231,2.087,9.425,2.106
a,154450,0.000,0.000,36.000,0.000,1.143,0.026,-0.014,-0.364,2.067,9.394,2.128
a,154454,0.000,0.000,36.000,0.000,1.230,-0.020,0.047,0.384,2.095,9.424,2.134
a,154458,0.000,0.000,36.000,0.000,1.099,-0.035,0.062,0.521,2.065,9.406,2.115
a,154462,0.000,0.000,36.000,0.000,1.099,-0.310,0.169,0.842,2.096,9.432,2.132
a,154466,0.000,0.000,36.000,0.000,1.143,0.026,0.062,0.949,2.071,9.395,2.119
a,154470,0.000,0.000,36.000,0.000,1.187,0.133,0.032,-1.036,2.101,9.432,2.126
a,154474,0.000,0.000,36.000,0.000,1.143,0.148,0.047,0.262,2.096,9.455,2.128
a,154478,0.000,0.000,36.000,0.000,1.099,0.179,0.154,0.368,2.075,9.412,2.134
a,154483,0.000,0.000,36.000,0.000,1.187,-0.081,-0.243,-0.639,2.083,9.425,2.132
a,154486,0.000,0.000,36.000,0.000,1.187,0.179,-0.182,-1.143,2.084,9.434,2.089
a,154490,0.000,0.000,36.000,0.000,0.703,-0.020,0.062,0.521,2.088,9.424,2.121
a,154494,0.000,0.000,36.000,0.000,1.187,0.194,0.093,0.720,2.089,9.440,2.137
a,154498,0.000,0.000,36.000,0.000,1.143,0.072,-0.075,-0.746,2.101,9.410,2.090
a,154502,0.000,0.000,36.000,0.000,1.143,0.164,0.047,-0.868,2.095,9.418,2.132
a,154506,0.000,0.000,36.000,0.000,1.143,-0.050,0.322,-0.914,2.075,9.433,2.109
a,154511,0.000,0.000,36.000,0.000,1.187,0.133,0.093,-0.380,2.067,9.388,2.112
a,154514,0.000,0.000,36.000,0.000,1.143,-0.035,0.200,-1.021,2.090,9.427,2.140
a,154518,0.000,0.000,36.000,0.000,1.230,0.042,-0.075,0.017,2.082,9.438,2.132
a,154522,0.000,0.000,36.000,0.000,1.187,-0.142,-0.182,0.063,2.112,9.413,2.132
a,154526,0.000,0.000,36.000,0.000,1.187,0.087,0.154,-0.212,2.100,9.434,2.137
a,154530,0.000,0.000,36.000,0.000,1.187,0.118,-0.136,-1.586,2.083,9.409,2.108
a,154534,0.000,0.000,36.000,0.000,1.143,0.057,-0.091,-2.059,2.095,9.407,2.113
a,154538,0.000,0.000,36.000,0.000,1.143,0.072,0.108,0.781,2.088,9.412,2.112
a,154542,0.000,0.000,36.000,0.000,1.143,0.026,-0.197,-0.700,2.101,9.420,2.113
a,154546,0.000,0.000,36.000,0.000,1.143,0.026,-0.060,-0.151,2.071,9.437,2.126
a,154550,0.000,0.000,36.000,0.000,1.230,0.087,-0.182,0.277,2.081,9.440,2.137
a,154554,0.000,0.000,36.000,0.000,1.230,0.042,-0.075,0.277,2.083,9.395,2.124
a,154558,0.000,0.000,36.000,0.000,1.187,0.087,-0.060,0.460,2.089,9.392,2.142
a,154562,0.000,0.000,36.000,0.000,1.187,0.194,-0.182,-0.059,2.103,9.430,2.113
a,154566,0.000,0.000,36.000,0.000,1.230,0.133,-0.335,-0.639,2.057,9.409,2.125
a,154570,0.000,0.000,36.000,0.000,1.143,0.026,-0.029,-0.746,2.091,9.427,2.124
a,154574,0.000,0.000,36.000,0.000,1.187,0.255,-0.121,0.048,2.088,9.427,2.113
a,154578,0.000,0.000,36.000,0.000,1.099,-0.081,0.047,-0.258,2.083,9.430,2.095
a,154582,0.000,0.000,36.000,0.000,1.187,0.255,-0.197,-0.227,2.091,9.433,2.115
a,154586,0.000,0.000,36.000,0.000,1.143,0.133,0.032,-1.479,2.082,9.428,2.109
a,154591,0.000,0.000,36.000,0.000,1.143,0.042,-0.197,-1.616,2.099,9.434,2.131
a,154594,0.000,0.000,36.000,0.000,1.187,-0.035,0.138,-0.639,2.083,9.443,2.140
a,154598,0.000,0.000,36.000,0.000,1.143,0.087,-0.029,0.017,2.082,9.428,2.103
a,154602,0.000,0.000,36.000,0.000,1.143,-0.020,0.108,0.567,2.095,9.437,2.115
a,154606,0.000,0.000,36.000,0.000,1.187,0.118,-0.014,-0.822,2.069,9.452,2.102
a,154610,0.000,0.000,36.000,0.000,1.143,0.179,0.001,0.109,2.088,9.404,2.125
a,154614,0.000,0.000,36.000,0.000,1.187,0.026,-0.060,-0.914,2.083,9.406,2.137
a,154618,0.000,0.000,36.000,0.000,1.143,0.087,0.093,0.231,2.102,9.432,2.125
a,154622,0.000,0.000,36.000,0.000,1.187,0.026,0.093,-0.258,2.087,9.427,2.115
a,154626,0.000,0.000,36.000,0.000,1.099,-0.081,0.154,0.277,2.077,9.437,2.112
a,154630,0.000,0.000,36.000,0.000,1.187,-0.081,-0.197,-0.700,2.085,9.425,2.112
a,154634,0.000,0.000,36.000,0.000,1.143,-0.126,-0.029,0.277,2.079,9.424,2.128
a,154638,0.000,0.000,36.000,0.000,1.187,-0.050,-0.182,-0.426,2.103,9.433,2.109
a,154642,0.000,0.000,36.000,0.000,1.143,-0.126,-0.014,0.460,2.082,9.396,2.131
a,154646,0.000,0.000,36.000,0.000,1.143,-0.081,-0.014,-1.021,2.079,9.415,2.108
a,154650,0.000,0.000,36.000,0.000,1.187,0.042,-0.075,0.017,2.079,9.434,2.131
a,154654,0.000,0.000,36.000,0.000,1.143,-0.249,0.001,-0.105,2.084,9.418,2.108
a,154658,0.000,0.000,36.000,0.000,1.143,0.042,-0.136,0.124,2.073,9.425,2.132
a,154662,0.000,0.000,36.000,0.000,1.143,0.164,0.306,0.429,2.072,9.424,2.119
a,154666,0.000,0.000,36.000,0.000,1.099,0.026,-0.014,-1.189,2.059,9.395,2.118
a,154670,0.000,0.000,36.000,0.000,1.143,0.148,0.261,-0.227,2.079,9.448,2.137
a,154674,0.000,0.000,36.000,0.000,1.143,0.042,-0.075,0.017,2.091,9.438,2.084
a,154678,0.000,0.000,36.000,0.000,1.143,-0.081,0.001,1.055,2.072,9.404,2.115
a,154683,0.000,0.000,36.000,0.000,1.187,-0.187,0.261,0.277,2.084,9.455,2.112
a,154686,0.000,0.000,36.000,0.000,1.187,-0.065,-0.029,0.384,2.087,9.410,2.102
a,154691,0.000,0.000,36.000,0.000,1.187,-0.020,-0.243,-0.212,2.091,9.433,2.102
a,154694,0.000,0.000,36.000,0.000,1.143,-0.081,-0.136,-0.426,2.079,9.454,2.097
a,154698,0.000,0.000,36.000,0.000,1.143,-0.065,-0.106,0.567,2.075,9.442,2.131
a,154702,0.000,0.000,36.000,0.000,1.187,-0.050,0.093,1.223,2.091,9.406,2.126
a,154706,0.000,0.000,36.000,0.000,1.143,-0.142,-0.106,1.010,2.072,9.409,2.108
a,154710,0.000,0.000,36.000,0.000,1.143,0.148,-0.075,-0.059,2.055,9.434,2.115
a,154714,0.000,0.000,36.000,0.000,1.143,0.042,-0.075,0.063,2.097,9.464,2.121
a,154718,0.000,0.000,36.000,0.000,1.187,0.072,-0.075,-0.593,2.083,9.418,2.115
a,154722,0.000,0.000,36.000,0.000,1.187,-0.020,0.154,0.231,2.096,9.440,2.126
a,154726,0.000,0.000,36.000,0.000,1.187,0.042,0.215,1.223,2.103,9.419,2.113
a,154730,0.000,0.000,36.000,0.000,1.230,0.042,-0.167,0.521,2.093,9.427,2.093
a,154734,0.000,0.000,36.000,0.000,1.143,0.087,0.047,0.460,2.093,9.414,2.148
a,154738,0.000,0.000,36.000,0.000,1.099,-0.065,0.108,0.903,2.100,9.446,2.109
a,154742,0.000,0.000,36.000,0.000,1.143,0.148,0.200,-0.059,2.100,9.442,2.119
a,154746,0.000,0.000,36.000,0.000,1.143,0.026,0.016,0.781,2.061,9.422,2.112
a,154750,0.000,0.000,36.000,0.000,1.187,0.087,-0.014,0.124,2.100,9.415,2.106
a,154754,0.000,0.000,36.000,0.000,1.187,-0.126,0.169,0.781,2.087,9.413,2.121
a,154758,0.000,0.000,36.000,0.000,1.143,-0.203,0.093,0.063,2.087,9.424,2.103
a,154762,0.000,0.000,36.000,0.000,1.187,-0.020,-0.228,0.231,2.072,9.449,2.097
a,154766,0.000,0.000,36.000,0.000,1.187,-0.065,0.184,-0.044,2.079,9.400,2.125
a,154770,0.000,0.000,36.000,0.000,1.143,-0.126,0.200,0.170,2.083,9.418,2.112
a,154774,0.000,0.000,36.000,0.000,1.143,0.133,-0.014,0.155,2.069,9.448,2.115
a,154778,0.000,0.000,36.000,0.000,1.143,-0.035,0.138,-0.426,2.118,9.464,2.118
a,154782,0.000,0.000,36.000,0.000,1.143,0.026,-0.029,-0.975,2.101,9.431,2.130
a,154786,0.000,0.000,36.000,0.000,1.230,0.118,-0.060,-0.441,2.067,9.444,2.113
a,154790,0.000,0.000,36.000,0.000,1.274,0.164,0.093,1.483,2.079,9.461,2.109
a,154795,0.000,0.000,36.000,0.000,1.187,0.072,-0.014,0.384,2.081,9.438,2.137
a,154798,0.000,0.000,36.000,0.000,1.143,0.011,0.062,-0.593,2.087,9.430,2.102
a,154802,0.000,0.000,36.000,0.000,1.230,0.042,-0.075,0.277,2.079,9.438,2.134
a,154806,0.000,0.000,36.000,0.000,1.143,0.194,0.093,0.262,2.099,9.419,2.100
a,154810,0.000,0.000,36.000,0.000,1.230,-0.065,0.047,0.277,2.079,9.413,2.115
a,154814,0.000,0.000,36.000,0.000,1.143,0.042,-0.167,0.460,2.069,9.419,2.132
a,154818,0.000,0.000,36.000,0.000,1.143,0.179,-0.197,-1.189,2.089,9.428,2.107
a,154822,0.000,0.000,36.000,0.000,1.187,-0.050,-0.045,1.391,2.090,9.409,2.118
a,154826,0.000,0.000,36.000,0.000,1.099,0.087,0.077,0.384,2.089,9.418,2.133
a,154830,0.000,0.000,36.000,0.000,1.187,-0.020,-0.136,0.277,2.077,9.421,2.139
a,154834,0.000,0.000,36.000,0.000,1.143,0.026,-0.075,-1.189,2.107,9.414,2.118
a,154838,0.000,0.000,36.000,0.000,1.143,0.179,0.047,0.155,2.081,9.433,2.115
a,154842,0.000,0.000,36.000,0.000,1.143,-0.081,0.047,-0.426,2.090,9.408,2.083
a,154846,0.000,0.000,36.000,0.000,1.099,0.087,0.047,0.231,2.083,9.427,2.137
a,154850,0.000,0.000,36.000,0.000,1.143,-0.126,-0.014,0.384,2.115,9.418,2.124
a,154854,0.000,0.000,36.000,0.000,1.143,0.072,-0.121,-0.700,2.088,9.437,2.112
a,154858,0.000,0.000,36.000,0.000,1.143,-0.035,0.032,-0.853,2.099,9.395,2.140
a,154862,0.000,0.000,36.000,0.000,1.187,0.148,0.077,-0.059,2.079,9.431,2.119
a,154866,0.000,0.000,36.000,0.000,1.187,-0.020,0.047,0.277,2.087,9.437,2.119
a,154870,0.000,0.000,36.000,0.000,1.187,0.026,-0.197,-0.319,2.082,9.421,2.115
a,154874,0.000,0.000,36.000,0.000,1.143,0.057,-0.014,1.116,2.099,9.395,2.106
a,154878,0.000,0.000,36.000,0.000,1.143,-0.065,-0.197,0.277,2.085,9.436,2.118
a,154882,0.000,0.000,36.000,0.000,1.099,0.148,0.093,-0.120,2.084,9.412,2.119
a,154886,0.000,0.000,36.000,0.000,1.143,-0.065,0.138,-0.044,2.101,9.452,2.100
a,154890,0.000,0.000,36.000,0.000,1.143,0.133,-0.289,-0.853,2.069,9.426,2.089
a,154895,0.000,0.000,36.000,0.000,1.187,-0.050,0.047,-0.807,2.088,9.444,2.113
a,154898,0.000,0.000,36.000,0.000,1.143,0.255,0.047,0.506,2.091,9.438,2.161
a,154902,0.000,0.000,36.000,0.000,1.230,0.133,-0.228,-0.655,2.087,9.434,2.118
a,154906,0.000,0.000,36.000,0.000,1.143,-0.065,-0.045,0.567,2.075,9.473,2.142
a,154910,0.000,0.000,36.000,0.000,1.187,-0.020,0.154,-0.151,2.103,9.383,2.108
a,154914,0.000,0.000,36.000,0.000,1.187,0.148,0.215,0.506,2.069,9.409,2.134
a,154918,0.000,0.000,36.000,0.000,1.187,0.042,0.077,0.277,2.082,9.385,2.106
a,154922,0.000,0.000,36.000,0.000,1.143,0.255,0.154,0.994,2.087,9.467,2.090
a,154926,0.000,0.000,36.000,0.000,1.187,0.042,0.001,0.842,2.096,9.432,2.112
a,154930,0.000,0.000,36.000,0.000,1.187,-0.081,0.154,0.063,2.069,9.433,2.096
a,154934,0.000,0.000,36.000,0.000,1.143,0.087,-0.014,0.017,2.079,9.430,2.140
a,154938,0.000,0.000,36.000,0.000,1.187,-0.065,0.200,0.781,2.093,9.442,2.112
a,154942,0.000,0.000,36.000,0.000,1.187,0.362,0.047,0.720,2.048,9.439,2.121
a,154946,0.000,0.000,36.000,0.000,1.143,0.148,0.108,1.315,2.077,9.426,2.112
a,154950,0.000,0.000,36.000,0.000,1.099,0.026,0.154,-0.364,2.093,9.432,2.125
a,154954,0.000,0.000,36.000,0.000,1.187,0.148,-0.014,0.048,2.065,9.427,2.142
a,154958,0.000,0.000,36.000,0.000,1.187,0.194,0.154,0.109,2.095,9.451,2.108
a,154962,0.000,0.000,36.000,0.000,1.187,-0.065,0.322,0.338,2.079,9.469,2.097
a,154966,0.000,0.000,36.000,0.000,1.187,0.042,0.047,0.338,2.075,9.430,2.124
a,154970,0.000,0.000,36.000,0.000,1.143,0.042,0.184,0.124,2.070,9.424,2.113
a,154974,0.000,0.000,36.000,0.000,1.187,0.133,-0.121,-1.204,2.106,9.438,2.124
a,154978,0.000,0.000,36.000,0.000,1.143,-0.249,0.093,-0.044,2.103,9.408,2.124
a,154982,0.000,0.000,36.000,0.000,1.143,-0.065,-0.014,0.277,2.083,9.433,2.113
a,154986,0.000,0.000,36.000,0.000,1.143,0.042,0.077,-0.212,2.093,9.449,2.095
a,154990,0.000,0.000,36.000,0.000,1.143,-0.065,0.032,0.124,2.073,9.420,2.126
a,154994,0.000,0.000,36.000,0.000,1.099,-0.020,0.001,0.842,2.096,9.412,2.113
a,154999,0.000,0.000,36.000,0.000,1.187,0.301,-0.243,-0.929,2.076,9.454,2.138
a,155002,0.000,0.000,36.000,0.000,1.187,0.087,0.047,0.017,2.095,9.409,2.087
a,155006,0.000,0.000,36.000,0.000,1.143,-0.004,0.276,1.330,2.059,9.403,2.083
a,155010,0.000,0.000,36.000,0.000,1.187,0.103,-0.167,1.330,2.084,9.403,2.131
a,155014,0.000,0.000,36.000,0.000,1.143,0.133,-0.060,-0.227,2.096,9.448,2.113
a,155018,0.000,0.000,36.000,0.000,1.143,0.148,0.184,0.048,2.097,9.413,2.095
a,155022,0.000,0.000,36.000,0.000,1.187,-0.081,0.215,0.170,2.083,9.462,2.119
a,155026,0.000,0.000,36.000,0.000,1.187,0.042,-0.060,0.628,2.097,9.442,2.132
a,155030,0.000,0.000,36.000,0.000,1.187,-0.035,0.123,1.010,2.077,9.437,2.093
a,155034,0.000,0.000,36.000,0.000,1.143,-0.035,-0.182,-0.364,2.112,9.418,2.118
a,155038,0.000,0.000,36.000,0.000,1.143,0.072,-0.029,-0.746,2.087,9.421,2.079
a,155042,0.000,0.000,36.000,0.000,1.187,0.087,0.306,0.231,2.073,9.414,2.137
a,155046,0.000,0.000,36.000,0.000,1.187,0.072,0.154,-0.426,2.099,9.415,2.142
a,155050,0.000,0.000,36.000,0.000,1.143,0.026,-0.289,-0.471,2.114,9.433,2.106
a,155054,0.000,0.000,36.000,0.000,1.143,-0.020,0.047,0.628,2.083,9.449,2.113
a,155058,0.000,0.000,36.000,0.000,1.099,0.042,-0.121,-0.044,2.087,9.397,2.125
a,155062,0.000,0.000,36.000,0.000,1.187,0.087,0.200,0.903,2.089,9.413,2.138
a,155066,0.000,0.000,36.000,0.000,1.143,-0.142,-0.045,0.216,2.095,9.425,2.112
a,155070,0.000,0.000,36.000,0.000,1.187,0.026,0.215,0.628,2.075,9.434,2.138
a,155074,0.000,0.000,36.000,0.000,1.143,-0.035,0.062,-0.105,2.067,9.418,2.108
a,155078,0.000,0.000,36.000,0.000,1.143,-0.035,0.047,-0.319,2.081,9.432,2.125
a,155082,0.000,0.000,36.000,0.000,1.143,0.148,0.047,-0.120,2.067,9.412,2.102
a,155086,0.000,0.000,36.000,0.000,1.187,-0.035,0.429,0.017,2.083,9.430,2.100
a,155090,0.000,0.000,36.000,0.000,1.143,0.133,-0.060,-0.548,2.099,9.426,2.134
a,155094,0.000,0.000,36.000,0.000,1.187,0.026,-0.075,-0.258,2.089,9.407,2.112
a,155098,0.000,0.000,36.000,0.000,1.099,-0.157,-0.182,-0.364,2.087,9.430,2.113
a,155103,0.000,0.000,36.000,0.000,1.143,0.072,0.093,-0.532,2.072,9.412,2.100
a,155106,0.000,0.000,36.000,0.000,1.143,-0.035,0.001,0.231,2.090,9.437,2.106
a,155110,0.000,0.000,36.000,0.000,1.055,0.026,-0.121,-0.151,2.108,9.420,2.112
a,155114,0.000,0.000,36.000,0.000,1.143,0.042,-0.060,0.017,2.061,9.446,2.118
a,155118,0.000,0.000,36.000,0.000,1.187,0.072,0.077,-0.258,2.073,9.403,2.130
a,155122,0.000,0.000,36.000,0.000,1.187,0.087,0.108,0.460,2.053,9.442,2.137
a,155126,0.000,0.000,36.000,0.000,1.187,-0.081,0.138,-0.746,2.089,9.448,2.115
a,155130,0.000,0.000,36.000,0.000,1.143,0.026,-0.014,0.338,2.095,9.434,2.095
a,155134,0.000,0.000,36.000,0.000,1.187,0.133,0.184,-0.929,2.085,9.424,2.124
a,155138,0.000,0.000,36.000,0.000,1.143,0.087,-0.014,0.017,2.093,9.404,2.112
a,155142,0.000,0.000,36.000,0.000,1.187,0.057,0.169,-0.975,2.079,9.421,2.102
a,155146,0.000,0.000,36.000,0.000,1.143,-0.081,-0.121,-0.746,2.088,9.458,2.134
a,155150,0.000,0.000,36.000,0.000,1.143,-0.035,-0.075,-0.639,2.089,9.395,2.095
a,155154,0.000,0.000,36.000,0.000,1.143,-0.249,0.322,0.063,2.095,9.415,2.113
a,155158,0.000,0.000,36.000,0.000,1.187,-0.142,0.093,-0.364,2.103,9.444,2.128
a,155162,0.000,0.000,36.000,0.000,1.143,0.133,-0.014,0.216,2.095,9.426,2.100
a,155166,0.000,0.000,36.000,0.000,1.143,-0.203,-0.060,0.170,2.093,9.433,2.113
a,155170,0.000,0.000,36.000,0.000,1.187,0.148,-0.045,0.506,2.088,9.434,2.100
a,155174,0.000,0.000,36.000,0.000,1.187,0.087,-0.396,0.475,2.091,9.398,2.103
a,155178,0.000,0.000,36.000,0.000,1.099,0.072,-0.029,-0.426,2.085,9.446,2.124
a,155182,0.000,0.000,36.000,0.000,1.143,0.011,0.001,-0.853,2.083,9.471,2.125
a,155186,0.000,0.000,36.000,0.000,1.143,0.042,-0.121,0.338,2.079,9.432,2.131
a,155190,0.000,0.000,36.000,0.000,1.143,-0.126,0.001,0.628,2.065,9.449,2.115
a,155194,0.000,0.000,36.000,0.000,1.099,0.072,-0.289,-0.838,2.061,9.419,2.112
a,155198,0.000,0.000,36.000,0.000,1.099,-0.203,0.154,-0.975,2.115,9.427,2.131
a,155202,0.000,0.000,36.000,0.000,1.318,-0.020,-0.045,0.735,2.095,9.397,2.106
a,155206,0.000,0.000,36.000,0.000,1.143,-0.142,0.047,-0.914,2.067,9.406,2.113
a,155210,0.000,0.000,36.000,0.000,1.187,0.072,0.276,1.010,2.077,9.398,2.106
a,155214,0.000,0.000,36.000,0.000,1.187,0.072,-0.182,-1.128,2.079,9.448,2.126
a,155218,0.000,0.000,36.000,0.000,1.187,-0.126,0.093,0.063,2.071,9.383,2.096
a,155222,0.000,0.000,36.000,0.000,1.143,0.072,-0.121,-0.487,2.088,9.440,2.113
a,155226,0.000,0.000,36.000,0.000,1.143,0.072,0.093,0.338,2.088,9.452,2.113
a,155230,0.000,0.000,36.000,0.000,1.143,-0.081,0.093,0.384,2.095,9.422,2.106
a,155234,0.000,0.000,36.000,0.000,1.143,0.133,-0.014,-0.227,2.072,9.442,2.125
a,155238,0.000,0.000,36.000,0.000,1.099,-0.020,-0.045,0.567,2.077,9.427,2.103
a,155242,0.000,0.000,36.000,0.000,1.187,0.026,-0.029,-0.426,2.091,9.382,2.103
a,155246,0.000,0.000,36.000,0.000,1.143,0.026,0.352,0.567,2.081,9.444,2.126
a,155250,0.000,0.000,36.000,0.000,1.187,0.087,0.032,0.231,2.077,9.402,2.121
a,155254,0.000,0.000,36.000,0.000,1.143,0.148,-0.335,0.338,2.087,9.432,2.131
a,155258,0.000,0.000,36.000,0.000,1.230,-0.126,0.169,0.521,2.084,9.442,2.119
a,155262,0.000,0.000,36.000,0.000,1.143,-0.081,-0.014,0.384,2.067,9.448,2.115
a,155266,0.000,0.000,36.000,0.000,1.143,-0.126,0.215,0.460,2.087,9.440,2.121
a,155270,0.000,0.000,36.000,0.000,1.143,0.042,0.001,0.628,2.096,9.408,2.093
a,155274,0.000,0.000,36.000,0.000,1.143,0.148,0.138,-0.166,2.076,9.395,2.128
a,155278,0.000,0.000,36.000,0.000,1.099,0.255,-0.243,-0.166,2.093,9.428,2.124
a,155282,0.000,0.000,36.000,0.000,1.143,-0.081,-0.167,0.903,2.095,9.448,2.125
a,155286,0.000,0.000,36.000,0.000,1.143,-0.157,0.047,-0.639,2.081,9.432,2.132
a,155290,0.000,0.000,36.000,0.000,1.143,-0.035,0.093,0.384,2.108,9.448,2.131
a,155294,0.000,0.000,36.000,0.000,1.143,0.179,-0.014,-1.143,2.088,9.449,2.102
a,155298,0.000,0.000,36.000,0.000,1.187,0.042,-0.075,0.063,2.085,9.421,2.148
a,155302,0.000,0.000,36.000,0.000,1.187,0.057,-0.106,-0.487,2.108,9.401,2.118
a,155307,0.000,0.000,36.000,0.000,1.187,0.011,-0.075,-1.571,2.081,9.442,2.102
a,155310,0.000,0.000,36.000,0.000,1.099,0.164,-0.060,1.147,2.073,9.456,2.128
a,155314,0.000,0.000,36.000,0.000,1.143,0.148,0.093,0.552,2.077,9.443,2.115
a,155318,0.000,0.000,36.000,0.000,1.099,0.072,0.047,-0.914,2.096,9.430,2.118
a,155322,0.000,0.000,36.000,0.000,1.230,-0.142,0.093,-0.532,2.095,9.426,2.125
a,155326,0.000,0.000,36.000,0.000,1.099,-0.096,0.276,-0.258,2.088,9.432,2.125
a,155330,0.000,0.000,36.000,0.000,1.187,0.194,0.200,-0.166,2.083,9.430,2.109
a,155334,0.000,0.000,36.000,0.000,1.187,0.087,0.062,0.567,2.095,9.438,2.125
a,155338,0.000,0.000,36.000,0.000,1.230,0.026,0.047,-0.426,2.057,9.433,2.106
a,155342,0.000,0.000,36.000,0.000,1.143,0.026,0.062,0.628,2.087,9.448,2.124
a,155346,0.000,0.000,36.000,0.000,1.099,0.164,-0.213,-0.380,2.071,9.430,2.131
a,155350,0.000,0.000,36.000,0.000,1.143,0.026,0.047,-0.364,2.087,9.415,2.119
a,155354,0.000,0.000,36.000,0.000,1.143,0.148,0.245,0.109,2.079,9.459,2.113
a,155358,0.000,0.000,36.000,0.000,1.143,0.026,0.093,0.231,2.088,9.427,2.124
a,155362,0.000,0.000,36.000,0.000,1.187,0.042,0.169,0.628,2.072,9.413,2.100
a,155366,0.000,0.000,36.000,0.000,1.055,0.072,0.200,-0.319,2.093,9.406,2.108
a,155370,0.000,0.000,36.000,0.000,1.143,0.133,0.108,-0.227,2.099,9.428,2.103
a,155374,0.000,0.000,36.000,0.000,1.143,0.011,0.047,-1.357,2.083,9.432,2.124
a,155378,0.000,0.000,36.000,0.000,1.187,0.026,0.123,0.613,2.110,9.436,2.124
a,155382,0.000,0.000,36.000,0.000,1.187,-0.203,-0.014,-0.807,2.083,9.433,2.108
a,155386,0.000,0.000,36.000,0.000,1.143,0.271,0.200,1.376,2.073,9.428,2.109
a,155390,0.000,0.000,36.000,0.000,1.099,-0.203,0.032,-0.319,2.077,9.438,2.121
a,155394,0.000,0.000,36.000,0.000,1.143,0.042,0.184,-0.212,2.073,9.402,2.127
a,155398,0.000,0.000,36.000,0.000,1.143,0.026,-0.014,0.170,2.087,9.420,2.113
a,155402,0.000,0.000,36.000,0.000,1.099,0.103,0.062,1.926,2.071,9.427,2.106
a,155407,0.000,0.000,36.000,0.000,0.703,-0.035,-0.121,-0.746,2.071,9.427,2.113
a,155410,0.000,0.000,36.000,0.000,1.143,0.133,0.184,0.765,2.096,9.432,2.137
a,155414,0.000,0.000,36.000,0.000,1.099,-0.126,0.184,1.223,2.090,9.455,2.109
a,155418,0.000,0.000,36.000,0.000,1.187,-0.401,-0.060,0.521,2.093,9.443,2.109
a,155422,0.000,0.000,36.000,0.000,1.187,-0.050,-0.121,1.437,2.105,9.470,2.109
a,155426,0.000,0.000,36.000,0.000,1.099,-0.065,-0.060,-1.616,2.096,9.448,2.108
a,155430,0.000,0.000,36.000,0.000,1.187,0.026,0.093,0.124,2.093,9.451,2.140
a,155434,0.000,0.000,36.000,0.000,1.143,-0.187,0.154,-0.105,2.071,9.432,2.119
a,155438,0.000,0.000,36.000,0.000,1.187,0.087,0.001,0.949,2.096,9.430,2.102
a,155442,0.000,0.000,36.000,0.000,1.187,0.087,-0.121,0.735,2.089,9.432,2.119
a,155446,0.000,0.000,36.000,0.000,1.143,-0.035,-0.136,-0.593,2.093,9.434,2.103
a,155450,0.000,0.000,36.000,0.000,1.143,0.042,0.032,0.231,2.077,9.433,2.110
a,155454,0.000,0.000,36.000,0.000,1.187,0.072,-0.045,-0.166,2.069,9.420,2.103
a,155458,0.000,0.000,36.000,0.000,1.143,0.148,-0.029,0.109,2.101,9.391,2.103
a,155462,0.000,0.000,36.000,0.000,1.230,-0.020,0.077,-0.105,2.091,9.442,2.109
a,155466,0.000,0.000,36.000,0.000,1.143,-0.142,-0.060,-0.700,2.084,9.434,2.109
a,155470,0.000,0.000,36.000,0.000,1.143,-0.020,-0.121,-0.212,2.087,9.444,2.084
a,155474,0.000,0.000,36.000,0.000,1.143,-0.035,0.001,0.124,2.088,9.428,2.115
a,155478,0.000,0.000,36.000,0.000,1.187,-0.035,-0.014,-0.364,2.067,9.426,2.108
a,155482,0.000,0.000,36.000,0.000,1.143,-0.126,0.093,0.842,2.085,9.454,2.131
a,155486,0.000,0.000,36.000,0.000,1.187,0.042,0.215,0.567,2.095,9.449,2.090
a,155490,0.000,0.000,36.000,0.000,1.187,0.133,0.367,0.323,2.079,9.397,2.113
a,155494,0.000,0.000,36.000,0.000,1.187,-0.081,0.062,0.628,2.102,9.426,2.112
a,155498,0.000,0.000,36.000,0.000,1.187,0.057,-0.014,-0.975,2.065,9.430,2.097
a,155502,0.000,0.000,36.000,0.000,1.099,0.042,-0.304,0.292,2.089,9.442,2.096
a,155506,0.000,0.000,36.000,0.000,1.143,-0.065,0.062,0.781,2.096,9.448,2.134
a,155511,0.000,0.000,36.000,0.000,1.187,-0.096,0.047,-0.639,2.093,9.424,2.119
a,155514,0.000,0.000,36.000,0.000,1.187,-0.035,-0.121,-0.426,2.065,9.444,2.108
a,155518,0.000,0.000,36.000,0.000,1.187,0.072,-0.106,0.277,2.100,9.432,2.106
a,155522,0.000,0.000,36.000,0.000,1.187,0.057,-0.121,-0.258,2.093,9.458,2.128
a,155526,0.000,0.000,36.000,0.000,1.143,0.011,0.093,-0.364,2.088,9.409,2.124
a,155530,0.000,0.000,36.000,0.000,1.187,-0.065,0.062,0.628,2.088,9.422,2.126
a,155534,0.000,0.000,36.000,0.000,1.187,0.087,0.093,0.460,2.083,9.413,2.125
a,155538,0.000,0.000,36.000,0.000,1.143,0.072,0.306,-0.746,2.083,9.436,2.119
a,155542,0.000,0.000,36.000,0.000,1.230,0.271,0.169,1.208,2.084,9.420,2.128
a,155546,0.000,0.000,36.000,0.000,1.099,-0.081,-0.060,0.384,2.081,9.409,2.102
a,155550,0.000,0.000,36.000,0.000,1.143,-0.050,-0.182,-0.426,2.090,9.440,2.128
a,155554,0.000,0.000,36.000,0.000,1.143,0.087,0.093,0.903,2.095,9.427,2.109
a,155558,0.000,0.000,36.000,0.000,1.187,0.072,0.184,0.521,2.081,9.428,2.125
a,155562,0.000,0.000,36.000,0.000,1.143,0.240,-0.182,-0.334,2.087,9.448,2.126
a,155566,0.000,0.000,36.000,0.000,1.143,0.026,0.032,-0.639,2.082,9.426,2.115
a,155570,0.000,0.000,36.000,0.000,1.099,-0.126,-0.121,0.277,2.100,9.448,2.118
a,155574,0.000,0.000,36.000,0.000,1.143,0.240,0.169,0.109,2.088,9.430,2.132
a,155578,0.000,0.000,36.000,0.000,1.187,0.194,0.032,0.048,2.070,9.436,2.109
a,155582,0.000,0.000,36.000,0.000,1.143,-0.020,-0.075,0.170,2.105,9.418,2.103
a,155586,0.000,0.000,36.000,0.000,1.230,0.087,0.261,0.017,2.065,9.463,2.119
a,155590,0.000,0.000,36.000,0.000,1.143,0.042,0.032,0.277,2.089,9.436,2.126
a,155594,0.000,0.000,36.000,0.000,1.143,0.148,0.032,-0.166,2.089,9.432,2.124
a,155598,0.000,0.000,36.000,0.000,1.187,0.042,-0.014,0.781,2.091,9.456,2.126
a,155602,0.000,0.000,36.000,0.000,1.143,0.133,-0.213,0.353,2.095,9.414,2.132
a,155606,0.000,0.000,36.000,0.000,1.187,0.011,-0.121,-0.700,2.071,9.426,2.125
a,155610,0.000,0.000,36.000,0.000,1.187,0.148,-0.045,1.040,2.083,9.452,2.125
a,155615,0.000,0.000,36.000,0.000,1.187,0.026,-0.121,-0.319,2.084,9.438,2.112
a,155618,0.000,0.000,36.000,0.000,1.187,-0.081,0.276,0.170,2.079,9.440,2.137
a,155622,0.000,0.000,36.000,0.000,1.187,0.133,-0.060,-0.761,2.090,9.420,2.124
a,155626,0.000,0.000,36.000,0.000,1.187,-0.020,0.077,-0.151,2.067,9.390,2.105
a,155630,0.000,0.000,36.000,0.000,1.143,0.179,-0.045,0.155,2.088,9.378,2.106
a,155634,0.000,0.000,36.000,0.000,1.099,0.011,-0.014,-0.975,2.077,9.427,2.126
a,155638,0.000,0.000,36.000,0.000,1.187,0.225,0.169,-0.655,2.088,9.457,2.097
a,155642,0.000,0.000,36.000,0.000,1.187,-0.065,0.154,0.842,2.099,9.439,2.108
a,155646,0.000,0.000,36.000,0.000,1.143,0.255,0.047,-0.166,2.102,9.412,2.100
a,155650,0.000,0.000,36.000,0.000,1.187,0.194,-0.075,0.002,2.095,9.446,2.096
a,155654,0.000,0.000,36.000,0.000,1.187,-0.126,0.062,1.773,2.096,9.446,2.134
a,155658,0.000,0.000,36.000,0.000,1.187,0.133,0.169,0.826,2.099,9.438,2.102
a,155662,0.000,0.000,36.000,0.000,1.187,0.255,0.154,0.368,2.100,9.401,2.119
a,155666,0.000,0.000,36.000,0.000,1.143,-0.126,-0.213,0.674,2.096,9.419,2.126
a,155670,0.000,0.000,36.000,0.000,1.143,0.026,0.276,0.368,2.088,9.445,2.100
a,155674,0.000,0.000,36.000,0.000,1.099,-0.035,0.093,0.170,2.079,9.430,2.128
a,155678,0.000,0.000,36.000,0.000,1.187,0.087,-0.075,-0.212,2.087,9.436,2.119
a,155682,0.000,0.000,36.000,0.000,1.187,0.011,0.093,-1.021,2.079,9.413,2.119
a,155686,0.000,0.000,36.000,0.000,1.143,0.026,0.047,-0.319,2.093,9.391,2.131
a,155690,0.000,0.000,36.000,0.000,1.187,0.042,-0.029,0.170,2.095,9.422,2.110
a,155694,0.000,0.000,36.000,0.000,1.187,-0.233,0.047,0.063,2.103,9.426,2.100
a,155698,0.000,0.000,36.000,0.000,1.187,0.194,-0.197,0.155,2.077,9.434,2.125
a,155702,0.000,0.000,36.000,0.000,1.099,0.133,-0.121,-0.380,2.059,9.427,2.124
a,155706,0.000,0.000,36.000,0.000,1.187,0.026,-0.289,0.033,2.093,9.424,2.132
a,155710,0.000,0.000,36.000,0.000,1.143,-0.035,0.261,-0.044,2.090,9.432,2.126
a,155714,0.000,0.000,36.000,0.000,1.187,0.087,-0.182,-0.105,2.100,9.401,2.100
a,155718,0.000,0.000,36.000,0.000,1.143,0.087,-0.014,0.338,2.077,9.430,2.112
a,155722,0.000,0.000,36.000,0.000,1.143,0.087,-0.014,-0.105,2.075,9.398,2.096
a,155726,0.000,0.000,36.000,0.000,1.099,-0.050,0.093,-0.426,2.096,9.446,2.115
a,155730,0.000,0.000,36.000,0.000,1.187,-0.050,-0.213,-0.639,2.095,9.444,2.118
a,155734,0.000,0.000,36.000,0.000,1.143,-0.081,-0.274,0.582,2.084,9.438,2.106
a,155738,0.000,0.000,36.000,0.000,1.187,0.148,0.032,0.368,2.085,9.463,2.112
a,155742,0.000,0.000,36.000,0.000,1.187,0.026,0.108,0.277,2.114,9.437,2.108
a,155746,0.000,0.000,36.000,0.000,1.143,0.194,0.047,0.216,2.093,9.427,2.090
a,155750,0.000,0.000,36.000,0.000,1.143,0.026,-0.014,-0.975,2.079,9.413,2.128
a,155754,0.000,0.000,36.000,0.000,1.187,-0.020,-0.167,0.567,2.083,9.419,2.134
a,155758,0.000,0.000,36.000,0.000,1.143,0.072,0.184,0.781,2.081,9.410,2.100
a,155762,0.000,0.000,36.000,0.000,1.143,0.118,-0.106,-0.242,2.102,9.439,2.112
a,155766,0.000,0.000,36.000,0.000,1.143,-0.020,0.093,-0.105,2.075,9.449,2.109
a,155770,0.000,0.000,36.000,0.000,1.143,-0.203,-0.075,-0.319,2.120,9.458,2.131
a,155774,0.000,0.000,36.000,0.000,1.143,-0.081,0.093,-0.105,2.114,9.449,2.134
a,155778,0.000,0.000,36.000,0.000,1.143,0.148,-0.060,-0.120,2.069,9.434,2.118
a,155782,0.000,0.000,36.000,0.000,1.099,-0.081,-0.045,0.842,2.084,9.419,2.125
a,155786,0.000,0.000,36.000,0.000,1.143,0.164,0.047,-0.822,2.102,9.391,2.131
a,155790,0.000,0.000,36.000,0.000,1.143,-0.142,0.184,-0.532,2.079,9.455,2.102
a,155794,0.000,0.000,36.000,0.000,1.230,0.133,-0.121,-0.716,2.087,9.444,2.113
a,155798,0.000,0.000,36.000,0.000,1.230,-0.065,0.352,-0.105,2.064,9.425,2.109
a,155802,0.000,0.000,36.000,0.000,1.143,0.179,-0.228,-0.334,2.075,9.404,2.125
a,155806,0.000,0.000,36.000,0.000,1.143,-0.249,0.261,0.338,2.081,9.388,2.126
a,155810,0.000,0.000,36.000,0.000,1.143,-0.096,-0.121,-0.532,2.088,9.469,2.112
a,155814,0.000,0.000,36.000,0.000,1.143,0.026,0.169,0.460,2.099,9.456,2.102
a,155819,0.000,0.000,36.000,0.000,1.143,0.042,-0.274,0.750,2.081,9.458,2.113
a,155822,0.000,0.000,36.000,0.000,1.143,-0.050,0.261,-0.258,2.099,9.452,2.121
a,155826,0.000,0.000,36.000,0.000,1.187,0.148,-0.014,0.262,2.061,9.409,2.113
a,155830,0.000,0.000,36.000,0.000,1.143,0.133,0.093,0.048,2.075,9.404,2.106
a,155834,0.000,0.000,36.000,0.000,1.187,0.118,-0.182,-1.204,2.093,9.430,2.118
a,155838,0.000,0.000,36.000,0.000,1.143,0.072,0.261,-0.044,2.095,9.406,2.125
a,155842,0.000,0.000,36.000,0.000,1.143,-0.081,0.077,0.460,2.103,9.426,2.112
a,155846,0.000,0.000,36.000,0.000,1.099,0.042,-0.075,0.063,2.101,9.445,2.100
a,155850,0.000,0.000,36.000,0.000,1.187,-0.111,0.261,1.116,2.095,9.431,2.121
a,155854,0.000,0.000,36.000,0.000,1.099,-0.035,0.047,-0.975,2.112,9.426,2.119
a,155858,0.000,0.000,36.000,0.000,1.230,0.087,0.047,0.567,2.110,9.442,2.124
a,155862,0.000,0.000,36.000,0.000,1.143,0.118,-0.106,-1.036,2.103,9.422,2.128
a,155866,0.000,0.000,36.000,0.000,1.187,0.255,-0.045,0.826,2.102,9.432,2.124
a,155870,0.000,0.000,36.000,0.000,1.143,0.026,-0.121,-0.593,2.090,9.388,2.113
a,155874,0.000,0.000,36.000,0.000,1.187,0.072,-0.228,0.017,2.075,9.406,2.126
a,155878,0.000,0.000,36.000,0.000,1.143,-0.065,-0.075,0.017,2.076,9.400,2.118
a,155882,0.000,0.000,36.000,0.000,1.187,0.026,0.077,-0.487,2.091,9.421,2.112
a,155886,0.000,0.000,36.000,0.000,1.143,0.148,-0.289,0.521,2.101,9.443,2.095
a,155890,0.000,0.000,36.000,0.000,1.187,-0.294,0.276,1.055,2.102,9.452,2.093
a,155894,0.000,0.000,36.000,0.000,1.187,0.072,0.138,-0.364,2.095,9.431,2.119
a,155898,0.000,0.000,36.000,0.000,1.187,-0.065,-0.136,0.338,2.089,9.431,2.112
a,155902,0.000,0.000,36.000,0.000,1.187,-0.081,0.093,-0.105,2.088,9.422,2.115
a,155906,0.000,0.000,36.000,0.000,1.143,-0.035,0.093,0.384,2.087,9.397,2.137
a,155910,0.000,0.000,36.000,0.000,1.143,-0.081,-0.197,-0.364,2.077,9.434,2.115
a,155914,0.000,0.000,36.000,0.000,1.187,0.072,-0.167,0.674,2.075,9.409,2.137
a,155918,0.000,0.000,36.000,0.000,1.187,-0.065,0.184,0.338,2.077,9.414,2.112
a,155922,0.000,0.000,36.000,0.000,1.143,0.057,0.047,-0.532,2.093,9.401,2.106
a,155926,0.000,0.000,36.000,0.000,1.143,-0.020,0.077,-0.151,2.073,9.414,2.101
a,155930,0.000,0.000,36.000,0.000,1.187,0.072,-0.014,-0.258,2.067,9.432,2.124
a,155934,0.000,0.000,36.000,0.000,1.143,-0.142,0.337,0.628,2.100,9.415,2.119
a,155938,0.000,0.000,36.000,0.000,1.143,0.011,0.062,-0.548,2.064,9.462,2.120
a,155942,0.000,0.000,36.000,0.000,1.099,0.240,0.108,-0.120,2.077,9.450,2.132
a,155946,0.000,0.000,36.000,0.000,1.187,-0.233,-0.045,0.567,2.081,9.448,2.113
a,155950,0.000,0.000,36.000,0.000,1.143,0.133,0.108,0.720,2.061,9.415,2.132
a,155954,0.000,0.000,36.000,0.000,1.187,-0.105,-0.081,-0.843,2.079,9.431,2.134
a,155958,0.000,0.000,36.000,0.000,1.143,-0.059,0.103,0.425,2.087,9.408,2.115
a,155962,0.000,0.000,36.000,0.000,1.187,0.093,-0.065,-0.308,2.118,9.427,2.112
a,155966,0.000,0.000,36.000,0.000,1.187,-0.014,-0.233,-0.568,2.103,9.444,2.103
a,155970,0.000,0.000,36.000,0.000,1.187,0.002,0.026,-0.354,2.067,9.454,2.108
a,155974,0.000,0.000,36.000,0.000,1.143,0.215,-0.065,-0.583,2.106,9.448,2.113
a,155978,0.000,0.000,36.000,0.000,1.143,0.063,-0.004,0.592,2.103,9.420,2.118
a,155982,0.000,0.000,36.000,0.000,1.143,0.078,0.042,1.997,2.089,9.406,2.102
a,155986,0.000,0.000,36.000,0.000,1.187,0.032,-0.065,-0.461,2.081,9.401,2.131
a,155990,0.000,0.000,36.000,0.000,1.187,0.063,-0.417,0.318,2.079,9.452,2.112
a,155994,0.000,0.000,36.000,0.000,1.143,0.063,0.087,0.806,2.066,9.442,2.119
a,155998,0.000,0.000,36.000,0.000,1.230,0.063,0.194,0.531,2.067,9.439,2.126
a,156002,0.000,0.000,36.000,0.000,1.143,0.231,0.087,0.333,2.084,9.415,2.113
a,156006,0.000,0.000,36.000,0.000,1.143,0.063,-0.020,-0.018,2.095,9.432,2.144
a,156010,0.000,0.000,36.000,0.000,1.143,0.017,0.087,0.425,2.079,9.427,2.095
a,156014,0.000,0.000,36.000,0.000,1.143,0.017,0.194,0.745,2.077,9.424,2.084
a,156018,0.000,0.000,36.000,0.000,1.187,-0.166,0.042,-0.843,2.096,9.438,2.126
a,156023,0.000,0.000,36.000,0.000,1.187,0.063,0.087,0.089,2.075,9.413,2.106
a,156026,0.000,0.000,36.000,0.000,1.187,0.215,0.042,-0.263,2.088,9.440,2.124
a,156030,0.000,0.000,36.000,0.000,1.187,0.017,-0.126,0.592,2.087,9.427,2.128
a,156034,0.000,0.000,36.000,0.000,1.187,0.108,0.087,-0.263,2.093,9.448,2.109
a,156038,0.000,0.000,36.000,0.000,1.143,0.124,-0.188,0.287,2.075,9.430,2.132
a,156042,0.000,0.000,36.000,0.000,1.187,0.108,-0.386,-0.018,2.069,9.448,2.095
a,156046,0.000,0.000,36.000,0.000,1.099,0.017,-0.050,0.806,2.090,9.448,2.096
a,156050,0.000,0.000,36.000,0.000,1.187,-0.044,-0.020,0.974,2.105,9.439,2.157
a,156054,0.000,0.000,36.000,0.000,1.187,-0.151,-0.233,0.028,2.064,9.424,2.113
a,156058,0.000,0.000,36.000,0.000,1.230,-0.044,0.103,1.020,2.072,9.451,2.121
a,156062,0.000,0.000,36.000,0.000,1.143,0.170,-0.035,0.119,2.095,9.439,2.109
a,156066,0.000,0.000,36.000,0.000,1.187,0.063,0.057,0.425,2.087,9.437,2.113
a,156070,0.000,0.000,36.000,0.000,1.143,-0.044,-0.172,0.592,2.102,9.448,2.124
a,156074,0.000,0.000,36.000,0.000,1.187,-0.014,-0.020,-0.293,2.096,9.419,2.150
a,156078,0.000,0.000,36.000,0.000,1.187,-0.166,-0.020,-0.293,2.067,9.433,2.119
a,156082,0.000,0.000,36.000,0.000,1.187,0.032,-0.004,-1.117,2.079,9.412,2.134
a,156086,0.000,0.000,36.000,0.000,1.187,0.047,-0.035,0.959,2.108,9.400,2.113
a,156090,0.000,0.000,36.000,0.000,1.187,-0.044,-0.126,0.195,2.084,9.426,2.119
a,156094,0.000,0.000,36.000,0.000,1.187,0.017,0.011,1.066,2.072,9.416,2.103
a,156098,0.000,0.000,36.000,0.000,1.143,0.124,-0.020,0.180,2.072,9.437,2.108
a,156102,0.000,0.000,36.000,0.000,1.143,-0.075,0.148,-0.400,2.071,9.418,2.084
a,156106,0.000,0.000,36.000,0.000,1.143,0.200,0.042,-0.690,2.077,9.440,2.126
a,156110,0.000,0.000,36.000,0.000,1.099,0.047,0.057,-0.079,2.093,9.410,2.118
a,156114,0.000,0.000,36.000,0.000,1.187,-0.014,0.087,-0.354,2.065,9.442,2.103
a,156118,0.000,0.000,36.000,0.000,1.143,-0.014,0.042,-0.461,2.072,9.427,2.125
a,156122,0.000,0.000,36.000,0.000,1.187,-0.105,-0.035,-0.675,2.071,9.416,2.121
a,156126,0.000,0.000,36.000,0.000,1.187,-0.059,0.072,0.409,2.083,9.409,2.124
a,156130,0.000,0.000,36.000,0.000,1.187,-0.090,0.042,-0.018,2.099,9.401,2.125
a,156134,0.000,0.000,36.000,0.000,1.099,0.047,-0.142,-0.782,2.101,9.420,2.121
a,156138,0.000,0.000,36.000,0.000,1.187,0.108,0.103,0.791,2.065,9.404,2.089
a,156142,0.000,0.000,36.000,0.000,1.187,-0.197,0.087,1.463,2.093,9.428,2.119
a,156146,0.000,0.000,36.000,0.000,1.143,-0.014,-0.188,-0.400,2.069,9.433,2.108
a,156150,0.000,0.000,36.000,0.000,1.230,-0.059,-0.020,-0.400,2.075,9.420,2.112
a,156154,0.000,0.000,36.000,0.000,1.187,0.017,0.026,0.241,2.082,9.403,2.096
a,156158,0.000,0.000,36.000,0.000,1.230,0.017,0.103,1.676,2.093,9.412,2.119
a,156162,0.000,0.000,36.000,0.000,1.187,0.032,-0.065,1.844,2.071,9.442,2.093
a,156166,0.000,0.000,36.000,0.000,1.187,-0.136,0.072,-1.759,2.081,9.449,2.124
a,156170,0.000,0.000,36.000,0.000,1.187,-0.227,-0.004,0.241,2.110,9.419,2.103
a,156174,0.000,0.000,36.000,0.000,1.230,-0.090,0.148,0.425,2.105,9.450,2.109
a,156178,0.000,0.000,36.000,0.000,1.143,-0.075,0.057,-0.476,2.077,9.419,2.096
a,156182,0.000,0.000,36.000,0.000,1.187,0.002,0.042,-0.018,2.075,9.449,2.118
a,156186,0.000,0.000,36.000,0.000,1.187,0.093,-0.065,-0.415,2.071,9.422,2.124
a,156190,0.000,0.000,36.000,0.000,1.143,-0.014,0.103,-0.736,2.099,9.436,2.102
a,156194,0.000,0.000,36.000,0.000,1.099,-0.044,-0.035,-0.140,2.085,9.403,2.089
a,156198,0.000,0.000,36.000,0.000,1.143,-0.044,-0.050,0.425,2.072,9.420,2.103
a,156202,0.000,0.000,36.000,0.000,1.230,0.108,-0.126,0.073,2.072,9.415,2.103
a,156206,0.000,0.000,36.000,0.000,1.143,-0.014,-0.218,-1.270,2.100,9.443,2.119
a,156210,0.000,0.000,36.000,0.000,1.230,-0.166,-0.050,0.699,2.055,9.426,2.109
a,156214,0.000,0.000,36.000,0.000,1.143,-0.059,0.209,0.638,2.081,9.440,2.118
a,156218,0.000,0.000,36.000,0.000,1.143,0.047,-0.294,-0.446,2.095,9.409,2.128
a,156222,0.000,0.000,36.000,0.000,1.230,-0.059,0.042,-0.354,2.081,9.409,2.103
a,156226,0.000,0.000,36.000,0.000,1.143,0.139,-0.188,-0.797,2.090,9.452,2.128
a,156230,0.000,0.000,36.000,0.000,1.143,-0.151,0.209,0.638,2.081,9.433,2.118
a,156234,0.000,0.000,36.000,0.000,1.143,0.337,0.026,0.119,2.055,9.434,2.124
a,156238,0.000,0.000,36.000,0.000,1.143,-0.105,-0.126,0.089,2.087,9.424,2.113
a,156242,0.000,0.000,36.000,0.000,1.230,-0.212,0.103,1.356,2.100,9.449,2.113
a,156246,0.000,0.000,36.000,0.000,1.143,-0.258,0.087,0.348,2.061,9.433,2.126
a,156250,0.000,0.000,36.000,0.000,1.187,-0.243,-0.233,-1.056,2.087,9.440,2.125
a,156254,0.000,0.000,36.000,0.000,1.187,0.002,-0.126,-1.270,2.096,9.461,2.132
a,156258,0.000,0.000,36.000,0.000,1.143,-0.105,0.042,0.134,2.087,9.456,2.109
a,156262,0.000,0.000,36.000,0.000,1.187,0.124,0.026,-0.263,2.102,9.443,2.118
a,156266,0.000,0.000,36.000,0.000,1.230,0.139,0.087,-1.346,2.088,9.456,2.126
a,156270,0.000,0.000,36.000,0.000,1.143,0.017,0.164,0.974,2.093,9.427,2.100
a,156274,0.000,0.000,36.000,0.000,1.143,0.047,-0.065,0.134,2.102,9.448,2.106
a,156278,0.000,0.000,36.000,0.000,1.187,0.002,0.271,-0.018,2.067,9.425,2.102
a,156282,0.000,0.000,36.000,0.000,1.055,0.108,0.087,0.073,2.102,9.434,2.128
a,156286,0.000,0.000,36.000,0.000,1.143,0.002,0.164,0.028,2.059,9.432,2.121
a,156290,0.000,0.000,36.000,0.000,1.143,-0.059,-0.188,-0.843,2.102,9.430,2.109
a,156294,0.000,0.000,36.000,0.000,1.099,0.002,0.072,-1.163,2.082,9.464,2.119
a,156298,0.000,0.000,36.000,0.000,1.230,0.002,-0.065,-0.293,2.075,9.401,2.112
a,156302,0.000,0.000,36.000,0.000,1.143,0.093,-0.050,-0.583,2.083,9.433,2.095
a,156306,0.000,0.000,36.000,0.000,1.143,0.170,0.026,-0.095,2.095,9.420,2.093
a,156310,0.000,0.000,36.000,0.000,1.187,-0.075,-0.294,-0.659,2.067,9.419,2.069
a,156314,0.000,0.000,36.000,0.000,1.187,0.017,0.209,0.425,2.065,9.434,2.126
a,156318,0.000,0.000,36.000,0.000,1.143,0.093,-0.126,-0.690,2.079,9.413,2.118
a,156322,0.000,0.000,36.000,0.000,1.143,-0.166,0.011,0.745,2.072,9.404,2.124
a,156326,0.000,0.000,36.000,0.000,1.187,0.017,0.347,-0.079,2.093,9.421,2.118
a,156331,0.000,0.000,36.000,0.000,1.187,0.276,-0.188,-0.537,2.067,9.442,2.115
a,156334,0.000,0.000,36.000,0.000,1.099,0.002,0.042,-0.293,2.114,9.403,2.124
a,156338,0.000,0.000,36.000,0.000,1.143,0.047,-0.126,-0.293,2.071,9.448,2.132
a,156342,0.000,0.000,36.000,0.000,1.187,0.215,0.164,-0.034,2.093,9.440,2.115
a,156346,0.000,0.000,36.000,0.000,1.143,-0.212,-0.004,0.699,2.095,9.432,2.095
a,156350,0.000,0.000,36.000,0.000,1.230,-0.090,0.255,0.089,2.112,9.434,2.128
a,156354,0.000,0.000,36.000,0.000,1.143,-0.151,0.072,1.783,2.071,9.451,2.106
a,156358,0.000,0.000,36.000,0.000,1.143,-0.151,-0.020,-0.186,2.075,9.427,2.100
a,156362,0.000,0.000,36.000,0.000,1.143,0.200,-0.172,-1.179,2.079,9.404,2.125
a,156366,0.000,0.000,36.000,0.000,1.143,-0.105,0.042,-0.629,2.077,9.398,2.113
a,156370,0.000,0.000,36.000,0.000,1.099,0.093,0.103,-0.369,2.083,9.382,2.113
a,156374,0.000,0.000,36.000,0.000,1.230,-0.090,0.164,1.234,2.064,9.432,2.100
a,156378,0.000,0.000,36.000,0.000,1.143,0.154,-0.126,-1.240,2.083,9.424,2.106
a,156382,0.000,0.000,36.000,0.000,1.143,-0.059,-0.111,-0.095,2.084,9.462,2.113
a,156386,0.000,0.000,36.000,0.000,1.143,0.047,0.194,-0.018,2.088,9.455,2.112
a,156390,0.000,0.000,36.000,0.000,1.187,-0.059,-0.142,-1.117,2.089,9.414,2.132
a,156394,0.000,0.000,36.000,0.000,1.143,-0.059,0.148,0.302,2.069,9.413,2.109
a,156398,0.000,0.000,36.000,0.000,1.187,0.124,-0.020,0.073,2.072,9.404,2.126
a,156402,0.000,0.000,36.000,0.000,1.187,0.063,-0.035,-0.079,2.093,9.402,2.119