HEADER,TIME_MS,SV_DRV,SV_STR,SV_STD,SWP_SG,SV_POS,GY_ROLL,GY_YAW,GY_PITCH,ACC_X,ACC_Y,ACC_Z
a,77904,0.000,0.000,36.000,0.000,4.087,-0.023,-0.058,-0.375,2.219,9.339,2.188
a,77908,0.000,0.000,36.000,0.000,4.087,0.084,-0.134,0.739,2.215,9.324,2.200
a,77911,0.000,0.000,36.000,0.000,3.999,0.022,0.018,-0.711,2.203,9.305,2.188
a,77915,0.000,0.000,36.000,0.000,4.043,0.038,-0.195,0.709,2.218,9.339,2.192
a,77919,0.000,0.000,36.000,0.000,4.131,-0.023,-0.104,0.434,2.193,9.310,2.182
a,77923,0.000,0.000,36.000,0.000,3.999,-0.039,0.064,-0.162,2.224,9.361,2.205
a,77927,0.000,0.000,36.000,0.000,4.043,0.084,0.140,0.251,2.230,9.346,2.185
a,77931,0.000,0.000,36.000,0.000,3.999,0.068,0.171,-0.620,2.222,9.322,2.200
a,77935,0.000,0.000,36.000,0.000,4.087,-0.039,-0.211,-1.139,2.217,9.319,2.194
a,77940,0.000,0.000,36.000,0.000,4.043,-0.130,0.079,1.274,2.210,9.324,2.205
a,77944,0.000,0.000,36.000,0.000,4.087,0.084,0.079,1.411,2.215,9.330,2.189
a,77947,0.000,0.000,36.000,0.000,4.043,-0.023,0.171,0.220,2.228,9.335,2.207
a,77952,0.000,0.000,36.000,0.000,4.087,0.175,-0.363,0.205,2.212,9.301,2.217
a,77956,0.000,0.000,36.000,0.000,4.087,0.038,0.003,0.220,2.209,9.307,2.188
a,77959,0.000,0.000,36.000,0.000,4.087,0.053,0.079,1.212,2.219,9.349,2.213
a,77963,0.000,0.000,36.000,0.000,4.131,-0.023,0.049,0.113,2.224,9.301,2.200
a,77967,0.000,0.000,36.000,0.000,4.087,0.190,0.079,0.312,2.197,9.322,2.201
a,77971,0.000,0.000,36.000,0.000,4.131,0.022,-0.195,0.434,2.246,9.305,2.178
a,77975,0.000,0.000,36.000,0.000,3.999,-0.039,0.171,0.052,2.212,9.327,2.206
a,77979,0.000,0.000,36.000,0.000,3.955,0.084,-0.272,-0.131,2.193,9.330,2.207
a,77983,0.000,0.000,36.000,0.000,4.043,0.022,-0.134,-0.009,2.219,9.335,2.205
a,77987,0.000,0.000,36.000,0.000,4.131,0.251,0.385,-0.085,2.233,9.325,2.201
a,77991,0.000,0.000,36.000,0.000,4.087,0.038,0.232,0.205,2.230,9.316,2.191
a,77995,0.000,0.000,36.000,0.000,4.131,0.145,-0.165,-0.070,2.215,9.351,2.233
a,78000,0.000,0.000,36.000,0.000,4.043,-0.069,-0.089,0.266,2.212,9.328,2.192
a,78004,0.000,0.000,36.000,0.000,3.999,0.038,-0.119,-0.223,2.228,9.286,2.215
a,78007,0.000,0.000,36.000,0.000,4.087,-0.084,-0.058,-0.650,2.240,9.342,2.213
a,78011,0.000,0.000,36.000,0.000,4.087,-0.146,-0.119,-0.650,2.225,9.339,2.185
a,78015,0.000,0.000,36.000,0.000,4.043,-0.039,0.079,0.495,2.210,9.327,2.191
a,78019,0.000,0.000,36.000,0.000,4.043,0.084,0.125,0.312,2.230,9.337,2.215
a,78023,0.000,0.000,36.000,0.000,4.087,0.175,-0.104,-0.620,2.209,9.313,2.204
a,78027,0.000,0.000,36.000,0.000,4.087,-0.039,0.034,0.602,2.237,9.327,2.206
a,78031,0.000,0.000,36.000,0.000,4.087,0.068,0.186,0.251,2.204,9.323,2.203
a,78035,0.000,0.000,36.000,0.000,3.999,0.038,-0.226,-0.268,2.218,9.301,2.204
a,78040,0.000,0.000,36.000,0.000,4.131,0.038,-0.318,0.113,2.206,9.321,2.206
a,78044,0.000,0.000,36.000,0.000,4.087,-0.207,0.110,-0.543,2.193,9.339,2.194
a,78047,0.000,0.000,36.000,0.000,4.087,-0.069,0.018,0.113,2.212,9.311,2.191
a,78051,0.000,0.000,36.000,0.000,4.175,-0.023,-0.104,0.388,2.193,9.335,2.211
a,78055,0.000,0.000,36.000,0.000,4.087,-0.130,0.232,-0.391,2.218,9.319,2.211
a,78060,0.000,0.000,36.000,0.000,4.087,-0.252,0.125,0.159,2.225,9.343,2.188
a,78064,0.000,0.000,36.000,0.000,4.087,0.068,0.079,0.586,2.240,9.305,2.218
a,78067,0.000,0.000,36.000,0.000,4.131,-0.069,-0.089,0.877,2.212,9.325,2.182
a,78072,0.000,0.000,36.000,0.000,4.043,0.190,-0.272,-0.284,2.237,9.301,2.206
a,78075,0.000,0.000,36.000,0.000,4.043,0.038,0.171,0.541,2.204,9.321,2.207
a,78079,0.000,0.000,36.000,0.000,4.043,0.145,0.034,0.693,2.215,9.331,2.211
a,78083,0.000,0.000,36.000,0.000,4.131,-0.054,-0.104,1.319,2.222,9.336,2.200
a,78087,0.000,0.000,36.000,0.000,4.043,0.068,-0.058,-1.261,2.210,9.334,2.213
a,78091,0.000,0.000,36.000,0.000,4.087,-0.115,0.079,1.319,2.218,9.317,2.207
a,78096,0.000,0.000,36.000,0.000,4.087,0.068,0.064,-0.284,2.218,9.330,2.209
a,78100,0.000,0.000,36.000,0.000,4.043,0.068,0.003,-1.368,2.230,9.303,2.188
a,78103,0.000,0.000,36.000,0.000,4.043,-0.069,-0.226,0.159,2.210,9.321,2.200
a,78108,0.000,0.000,36.000,0.000,4.087,-0.029,0.049,0.123,2.212,9.300,2.227
a,78111,0.000,0.000,36.000,0.000,4.043,0.047,-0.043,-0.534,2.235,9.330,2.184
a,78115,0.000,0.000,36.000,0.000,3.955,0.077,-0.104,0.337,2.217,9.293,2.191
a,78119,0.000,0.000,36.000,0.000,4.043,0.032,0.003,-0.091,2.212,9.319,2.201
a,78123,0.000,0.000,36.000,0.000,4.087,-0.075,0.003,0.016,2.228,9.310,2.221
a,78127,0.000,0.000,36.000,0.000,4.131,0.062,-0.058,-1.297,2.189,9.329,2.215
a,78131,0.000,0.000,36.000,0.000,4.131,-0.045,-0.226,-1.129,2.204,9.342,2.204
a,78135,0.000,0.000,36.000,0.000,4.131,0.032,-0.165,0.184,2.193,9.348,2.200
a,78139,0.000,0.000,36.000,0.000,4.131,0.062,-0.058,-0.534,2.230,9.343,2.176
a,78143,0.000,0.000,36.000,0.000,3.999,0.077,0.064,0.596,2.218,9.324,2.198
a,78147,0.000,0.000,36.000,0.000,3.955,-0.075,0.232,0.489,2.197,9.305,2.176
a,78151,0.000,0.000,36.000,0.000,4.131,-0.029,-0.317,0.566,2.230,9.321,2.206
a,78155,0.000,0.000,36.000,0.000,4.131,-0.075,-0.149,0.673,2.212,9.282,2.204
a,78160,0.000,0.000,36.000,0.000,4.131,0.077,0.018,0.550,2.206,9.348,2.227
a,78163,0.000,0.000,36.000,0.000,4.087,-0.075,-0.058,-0.411,2.203,9.325,2.201
a,78167,0.000,0.000,36.000,0.000,4.087,-0.197,0.141,0.673,2.212,9.339,2.198
a,78171,0.000,0.000,36.000,0.000,4.087,-0.152,-0.104,-0.518,2.224,9.325,2.209
a,78175,0.000,0.000,36.000,0.000,4.087,0.062,0.049,-0.488,2.234,9.325,2.219
a,78179,0.000,0.000,36.000,0.000,4.043,-0.029,0.232,0.825,2.201,9.317,2.213
a,78183,0.000,0.000,36.000,0.000,3.999,-0.029,0.003,0.184,2.197,9.317,2.198
a,78188,0.000,0.000,36.000,0.000,4.043,0.032,-0.134,0.230,2.215,9.321,2.194
a,78192,0.000,0.000,36.000,0.000,4.087,0.139,0.080,0.489,2.203,9.313,2.206
a,78195,0.000,0.000,36.000,0.000,4.131,-0.197,0.018,0.398,2.219,9.336,2.191
a,78199,0.000,0.000,36.000,0.000,4.131,-0.136,0.003,-0.152,2.191,9.307,2.206
a,78203,0.000,0.000,36.000,0.000,4.087,-0.075,0.018,-0.366,2.203,9.305,2.229
a,78207,0.000,0.000,36.000,0.000,4.087,-0.029,0.080,0.673,2.219,9.348,2.194
a,78212,0.000,0.000,36.000,0.000,4.043,-0.136,0.018,0.718,2.222,9.345,2.227
a,78216,0.000,0.000,36.000,0.000,4.043,-0.045,-0.043,-0.793,2.241,9.357,2.188
a,78219,0.000,0.000,36.000,0.000,4.043,-0.197,0.064,-0.152,2.219,9.364,2.185
a,78223,0.000,0.000,36.000,0.000,4.043,-0.045,-0.043,-0.640,2.212,9.353,2.201
a,78227,0.000,0.000,36.000,0.000,3.999,0.154,0.018,1.054,2.240,9.354,2.200
a,78231,0.000,0.000,36.000,0.000,4.043,0.047,-0.256,1.344,2.225,9.331,2.195
a,78235,0.000,0.000,36.000,0.000,3.999,-0.152,0.018,-0.747,2.199,9.349,2.179
a,78240,0.000,0.000,36.000,0.000,4.131,-0.228,-0.027,1.665,2.217,9.317,2.192
a,78244,0.000,0.000,36.000,0.000,4.043,-0.304,-0.104,-0.198,2.233,9.345,2.176
a,78247,0.000,0.000,36.000,0.000,4.043,0.139,-0.027,1.100,2.233,9.351,2.173
a,78252,0.000,0.000,36.000,0.000,4.087,0.077,-0.165,-0.106,2.222,9.321,2.213
a,78255,0.000,0.000,36.000,0.000,4.131,-0.014,-0.027,0.947,2.222,9.324,2.219
a,78259,0.000,0.000,36.000,0.000,4.043,0.245,0.018,-0.320,2.217,9.353,2.207
a,78263,0.000,0.000,36.000,0.000,4.131,-0.152,0.064,-1.068,2.201,9.351,2.204
a,78267,0.000,0.000,36.000,0.000,4.087,-0.029,0.064,-0.091,2.222,9.335,2.204
a,78271,0.000,0.000,36.000,0.000,4.043,-0.014,-0.043,0.947,2.210,9.340,2.185
a,78275,0.000,0.000,36.000,0.000,4.087,0.032,-0.104,0.459,2.222,9.354,2.207
a,78279,0.000,0.000,36.000,0.000,4.043,0.016,-0.226,-0.747,2.204,9.334,2.215
a,78283,0.000,0.000,36.000,0.000,4.131,-0.090,0.141,0.291,2.203,9.334,2.199
a,78287,0.000,0.000,36.000,0.000,4.043,-0.136,-0.104,-0.091,2.230,9.367,2.211
a,78291,0.000,0.000,36.000,0.000,4.087,-0.243,0.339,0.108,2.217,9.371,2.213
a,78295,0.000,0.000,36.000,0.000,4.131,-0.228,0.064,-1.068,2.209,9.336,2.188
a,78299,0.000,0.000,36.000,0.000,3.999,-0.075,0.003,-0.198,2.234,9.346,2.227
a,78303,0.000,0.000,36.000,0.000,4.043,-0.136,0.049,-0.152,2.246,9.360,2.182
a,78307,0.000,0.000,36.000,0.000,4.131,-0.075,0.232,0.001,2.212,9.348,2.198
a,78311,0.000,0.000,36.000,0.000,4.043,-0.197,0.110,0.123,2.249,9.304,2.213
a,78315,0.000,0.000,36.000,0.000,3.999,0.062,-0.058,-0.976,2.237,9.354,2.192
a,78319,0.000,0.000,36.000,0.000,3.955,-0.136,0.232,-0.045,2.210,9.351,2.198
a,78323,0.000,0.000,36.000,0.000,4.087,0.047,-0.149,-1.679,2.230,9.337,2.217
a,78327,0.000,0.000,36.000,0.000,3.999,0.077,-0.104,0.215,2.215,9.334,2.221
a,78331,0.000,0.000,36.000,0.000,4.043,0.077,0.018,0.169,2.228,9.345,2.198
a,78335,0.000,0.000,36.000,0.000,4.043,-0.152,0.049,-1.129,2.224,9.348,2.200
a,78340,0.000,0.000,36.000,0.000,4.043,0.032,0.125,0.398,2.191,9.334,2.198
a,78343,0.000,0.000,36.000,0.000,4.087,-0.060,0.217,0.459,2.224,9.359,2.201
a,78347,0.000,0.000,36.000,0.000,4.043,-0.136,-0.256,-0.091,2.230,9.354,2.195
a,78351,0.000,0.000,36.000,0.000,4.043,-0.152,-0.043,-0.472,2.203,9.339,2.191
a,78355,0.000,0.000,36.000,0.000,4.131,0.139,0.064,-0.427,2.248,9.357,2.175
a,78359,0.000,0.000,36.000,0.000,4.043,-0.045,0.003,-0.961,2.218,9.331,2.200
a,78363,0.000,0.000,36.000,0.000,4.087,0.016,-0.058,-0.747,2.209,9.331,2.194
a,78367,0.000,0.000,36.000,0.000,3.999,-0.152,0.064,-0.747,2.212,9.339,2.191
a,78371,0.000,0.000,36.000,0.000,4.087,-0.060,-0.043,0.947,2.219,9.342,2.213
a,78375,0.000,0.000,36.000,0.000,4.043,0.139,0.171,-0.106,2.209,9.325,2.191
a,78379,0.000,0.000,36.000,0.000,4.043,0.123,0.171,-1.144,2.222,9.335,2.207
a,78383,0.000,0.000,36.000,0.000,4.131,-0.213,-0.333,-0.793,2.219,9.321,2.211
a,78388,0.000,0.000,36.000,0.000,4.043,-0.029,0.049,0.016,2.224,9.321,2.192
a,78392,0.000,0.000,36.000,0.000,4.087,0.032,0.110,0.016,2.204,9.316,2.198
a,78395,0.000,0.000,36.000,0.000,4.131,0.123,0.125,0.001,2.225,9.366,2.176
a,78399,0.000,0.000,36.000,0.000,4.175,-0.197,-0.104,-0.259,2.224,9.364,2.198
a,78403,0.000,0.000,36.000,0.000,4.087,0.093,0.034,1.054,2.224,9.307,2.207
a,78407,0.000,0.000,36.000,0.000,4.043,-0.090,0.125,-1.236,2.228,9.354,2.195
a,78411,0.000,0.000,36.000,0.000,4.131,-0.090,0.064,-0.640,2.218,9.331,2.194
a,78415,0.000,0.000,36.000,0.000,3.999,-0.136,-0.104,0.459,2.225,9.331,2.211
a,78420,0.000,0.000,36.000,0.000,4.131,0.291,-0.134,0.276,2.230,9.324,2.186
a,78424,0.000,0.000,36.000,0.000,4.043,-0.029,0.003,-0.259,2.239,9.361,2.207
a,78427,0.000,0.000,36.000,0.000,3.999,0.047,0.064,-0.656,2.217,9.330,2.189
a,78431,0.000,0.000,36.000,0.000,4.043,-0.029,-0.256,0.230,2.212,9.351,2.206
a,78435,0.000,0.000,36.000,0.000,3.999,0.077,0.125,-0.213,2.228,9.357,2.204
a,78439,0.000,0.000,36.000,0.000,4.087,0.001,-0.104,-0.747,2.194,9.347,2.206
a,78443,0.000,0.000,36.000,0.000,3.999,0.032,0.064,-0.259,2.225,9.349,2.211
a,78447,0.000,0.000,36.000,0.000,4.131,-0.075,-0.043,-0.366,2.210,9.353,2.209
a,78451,0.000,0.000,36.000,0.000,4.131,0.077,0.064,0.550,2.219,9.345,2.219
a,78455,0.000,0.000,36.000,0.000,4.131,-0.029,-0.256,0.612,2.228,9.349,2.191
a,78459,0.000,0.000,36.000,0.000,4.043,0.139,0.186,0.932,2.203,9.348,2.205
a,78463,0.000,0.000,36.000,0.000,3.999,-0.136,-0.058,-0.411,2.218,9.337,2.207
a,78468,0.000,0.000,36.000,0.000,3.999,0.077,-0.119,0.001,2.212,9.346,2.198
a,78471,0.000,0.000,36.000,0.000,4.043,-0.197,0.247,0.550,2.217,9.328,2.221
a,78475,0.000,0.000,36.000,0.000,4.087,-0.045,0.156,0.703,2.201,9.364,2.188
a,78479,0.000,0.000,36.000,0.000,4.087,0.169,0.018,-1.037,2.228,9.364,2.207
a,78483,0.000,0.000,36.000,0.000,3.999,0.077,0.232,0.749,2.218,9.322,2.211
a,78488,0.000,0.000,36.000,0.000,4.087,-0.075,0.018,0.230,2.222,9.363,2.195
a,78491,0.000,0.000,36.000,0.000,4.087,-0.060,0.125,1.008,2.212,9.348,2.209
a,78495,0.000,0.000,36.000,0.000,4.087,0.062,-0.043,-1.572,2.218,9.353,2.186
a,78500,0.000,0.000,36.000,0.000,4.087,0.093,-0.256,1.100,2.212,9.363,2.188
a,78503,0.000,0.000,36.000,0.000,4.087,0.139,-0.134,1.329,2.204,9.347,2.215
a,78508,0.000,0.000,36.000,0.000,4.131,-0.029,0.232,0.215,2.222,9.322,2.195
a,78512,0.000,0.000,36.000,0.000,4.043,-0.014,-0.211,1.070,2.222,9.335,2.198
a,78515,0.000,0.000,36.000,0.000,4.131,0.077,0.080,0.596,2.193,9.335,2.219
a,78519,0.000,0.000,36.000,0.000,4.087,-0.152,0.049,-1.129,2.228,9.378,2.201
a,78523,0.000,0.000,36.000,0.000,4.087,-0.029,0.217,-0.045,2.219,9.377,2.198
a,78527,0.000,0.000,36.000,0.000,4.043,0.077,0.156,-0.213,2.187,9.336,2.200
a,78531,0.000,0.000,36.000,0.000,4.087,0.062,-0.149,-0.106,2.212,9.310,2.228
a,78535,0.000,0.000,36.000,0.000,3.999,0.291,0.186,0.276,2.215,9.349,2.219
a,78540,0.000,0.000,36.000,0.000,4.087,0.032,0.141,0.612,2.217,9.364,2.209
a,78544,0.000,0.000,36.000,0.000,4.131,-0.029,0.003,-0.030,2.199,9.369,2.192
a,78548,0.000,0.000,36.000,0.000,4.043,0.077,0.171,0.703,2.206,9.349,2.209
a,78552,0.000,0.000,36.000,0.000,4.087,-0.075,-0.272,-0.091,2.188,9.349,2.188
a,78555,0.000,0.000,36.000,0.000,4.043,0.062,0.156,-0.488,2.230,9.354,2.200
a,78559,0.000,0.000,36.000,0.000,4.087,0.032,-0.043,-0.411,2.210,9.336,2.213
a,78563,0.000,0.000,36.000,0.000,4.043,0.062,-0.058,-0.595,2.218,9.331,2.201
a,78567,0.000,0.000,36.000,0.000,4.087,0.077,-0.119,-0.381,2.210,9.373,2.207
a,78571,0.000,0.000,36.000,0.000,4.131,-0.090,0.003,-1.236,2.222,9.351,2.198
a,78575,0.000,0.000,36.000,0.000,4.131,0.016,-0.165,-0.518,2.224,9.354,2.201
a,78579,0.000,0.000,36.000,0.000,4.043,0.062,0.125,-0.656,2.215,9.357,2.191
a,78583,0.000,0.000,36.000,0.000,3.999,0.139,0.018,-0.045,2.215,9.353,2.179
a,78587,0.000,0.000,36.000,0.000,4.043,0.062,-0.165,-0.763,2.210,9.357,2.198
a,78591,0.000,0.000,36.000,0.000,4.043,-0.197,0.018,0.230,2.206,9.348,2.191
a,78595,0.000,0.000,36.000,0.000,4.087,0.062,-0.256,-0.274,2.225,9.366,2.209
a,78599,0.000,0.000,36.000,0.000,4.087,-0.213,-0.043,0.123,2.225,9.359,2.205
a,78603,0.000,0.000,36.000,0.000,4.087,0.062,-0.165,-1.190,2.199,9.325,2.215
a,78608,0.000,0.000,36.000,0.000,4.087,0.077,0.232,-0.060,2.224,9.359,2.221
a,78611,0.000,0.000,36.000,0.000,4.131,-0.029,0.003,-0.030,2.212,9.371,2.194
a,78615,0.000,0.000,36.000,0.000,3.955,0.016,0.339,-0.106,2.222,9.339,2.205
a,78619,0.000,0.000,36.000,0.000,4.043,-0.045,-0.165,-1.129,2.206,9.363,2.221
a,78623,0.000,0.000,36.000,0.000,4.043,0.062,-0.088,0.092,2.219,9.354,2.191
a,78627,0.000,0.000,36.000,0.000,4.087,-0.152,-0.165,-0.900,2.204,9.354,2.198
a,78631,0.000,0.000,36.000,0.000,3.999,-0.090,0.141,0.718,2.197,9.373,2.188
a,78635,0.000,0.000,36.000,0.000,4.087,-0.197,-0.088,0.230,2.230,9.346,2.195
a,78640,0.000,0.000,36.000,0.000,4.087,-0.060,-0.043,1.833,2.212,9.334,2.194
a,78643,0.000,0.000,36.000,0.000,4.131,0.016,0.156,-1.022,2.217,9.382,2.204
a,78647,0.000,0.000,36.000,0.000,4.087,0.230,0.064,0.001,2.191,9.363,2.218
a,78652,0.000,0.000,36.000,0.000,4.087,0.184,-0.058,-0.320,2.199,9.330,2.198
a,78655,0.000,0.000,36.000,0.000,4.131,-0.213,-0.104,0.016,2.233,9.336,2.176
a,78660,0.000,0.000,36.000,0.000,4.087,-0.197,0.125,0.230,2.194,9.331,2.209
a,78664,0.000,0.000,36.000,0.000,4.087,-0.029,0.064,0.123,2.212,9.353,2.201
a,78668,0.000,0.000,36.000,0.000,3.999,-0.045,0.141,0.230,2.225,9.339,2.211
a,78671,0.000,0.000,36.000,0.000,3.999,-0.106,0.141,-0.869,2.222,9.340,2.193
a,78675,0.000,0.000,36.000,0.000,3.999,0.032,0.018,0.566,2.235,9.361,2.175
a,78679,0.000,0.000,36.000,0.000,4.043,-0.060,-0.088,1.008,2.210,9.330,2.194
a,78683,0.000,0.000,36.000,0.000,3.999,0.077,0.247,0.321,2.217,9.316,2.185
a,78688,0.000,0.000,36.000,0.000,4.043,-0.045,0.003,-0.686,2.212,9.331,2.207
a,78692,0.000,0.000,36.000,0.000,4.087,-0.213,0.156,-1.175,2.224,9.335,2.221
a,78695,0.000,0.000,36.000,0.000,4.087,-0.029,-0.165,0.123,2.234,9.339,2.211
a,78700,0.000,0.000,36.000,0.000,4.131,0.016,0.110,-0.961,2.218,9.325,2.213
a,78704,0.000,0.000,36.000,0.000,4.043,-0.029,0.034,0.612,2.193,9.305,2.173
a,78708,0.000,0.000,36.000,0.000,4.087,-0.090,-0.058,-0.854,2.194,9.324,2.195
a,78711,0.000,0.000,36.000,0.000,3.999,-0.075,0.232,0.215,2.203,9.382,2.206
a,78715,0.000,0.000,36.000,0.000,3.999,-0.029,0.247,0.276,2.243,9.354,2.211
a,78719,0.000,0.000,36.000,0.000,4.043,-0.243,0.141,0.291,2.193,9.330,2.194
a,78723,0.000,0.000,36.000,0.000,4.087,0.032,0.125,-0.411,2.230,9.328,2.206
a,78727,0.000,0.000,36.000,0.000,4.043,0.016,-0.195,-0.213,2.233,9.335,2.211
a,78731,0.000,0.000,36.000,0.000,4.131,-0.029,0.003,-0.411,2.194,9.339,2.215
a,78735,0.000,0.000,36.000,0.000,4.043,-0.136,-0.058,-0.259,2.234,9.345,2.209
a,78739,0.000,0.000,36.000,0.000,3.999,0.047,0.064,-1.144,2.212,9.355,2.209
a,78743,0.000,0.000,36.000,0.000,3.955,0.032,0.232,0.596,2.209,9.324,2.204
a,78748,0.000,0.000,36.000,0.000,4.087,-0.045,0.034,0.505,2.201,9.337,2.195
a,78751,0.000,0.000,36.000,0.000,4.087,-0.029,0.141,0.779,2.218,9.339,2.204
a,78755,0.000,0.000,36.000,0.000,4.087,0.123,0.217,-0.824,2.219,9.345,2.213
a,78759,0.000,0.000,36.000,0.000,4.087,-0.213,-0.226,-0.900,2.203,9.324,2.213
a,78763,0.000,0.000,36.000,0.000,4.043,-0.029,-0.058,0.123,2.230,9.323,2.195
a,78767,0.000,0.000,36.000,0.000,4.087,-0.121,-0.088,1.008,2.219,9.365,2.195
a,78771,0.000,0.000,36.000,0.000,4.087,-0.182,-0.104,2.047,2.224,9.334,2.200
a,78775,0.000,0.000,36.000,0.000,4.131,0.047,-0.211,-1.037,2.219,9.304,2.189
a,78779,0.000,0.000,36.000,0.000,4.131,-0.075,-0.134,0.352,2.233,9.342,2.188
a,78783,0.000,0.000,36.000,0.000,4.087,0.062,0.049,0.321,2.212,9.354,2.206
a,78787,0.000,0.000,36.000,0.000,4.087,-0.197,0.064,0.612,2.234,9.357,2.204
a,78792,0.000,0.000,36.000,0.000,4.043,-0.152,0.339,-1.297,2.203,9.345,2.206
a,78795,0.000,0.000,36.000,0.000,4.043,0.062,-0.226,-0.763,2.212,9.353,2.176
a,78799,0.000,0.000,36.000,0.000,4.043,-0.045,-0.149,-1.175,2.235,9.348,2.169
a,78803,0.000,0.000,36.000,0.000,4.087,0.047,-0.149,-0.701,2.222,9.339,2.188
a,78807,0.000,0.000,36.000,0.000,3.955,-0.014,0.080,1.604,2.197,9.345,2.191
a,78812,0.000,0.000,36.000,0.000,4.087,-0.182,0.018,1.665,2.217,9.335,2.219
a,78816,0.000,0.000,36.000,0.000,4.087,0.139,-0.058,0.108,2.217,9.334,2.204
a,78819,0.000,0.000,36.000,0.000,4.043,0.184,-0.043,0.108,2.206,9.353,2.204
a,78823,0.000,0.000,36.000,0.000,4.131,0.245,0.110,-0.045,2.186,9.328,2.179
a,78827,0.000,0.000,36.000,0.000,4.131,-0.075,0.080,0.291,2.240,9.351,2.207
a,78831,0.000,0.000,36.000,0.000,4.087,-0.075,0.064,-0.091,2.251,9.339,2.211
a,78835,0.000,0.000,36.000,0.000,4.087,0.032,0.018,-0.152,2.222,9.299,2.201
a,78840,0.000,0.000,36.000,0.000,4.043,0.291,0.018,0.276,2.204,9.325,2.176
a,78843,0.000,0.000,36.000,0.000,4.043,0.184,-0.043,0.001,2.217,9.335,2.219
a,78848,0.000,0.000,36.000,0.000,4.087,0.245,0.003,-0.106,2.201,9.312,2.227
a,78851,0.000,0.000,36.000,0.000,4.043,0.016,0.095,0.550,2.209,9.347,2.212
a,78855,0.000,0.000,36.000,0.000,4.131,0.077,-0.043,-0.274,2.215,9.319,2.185
a,78859,0.000,0.000,36.000,0.000,4.043,0.032,-0.043,-0.152,2.217,9.340,2.179
a,78863,0.000,0.000,36.000,0.000,3.999,-0.090,-0.333,-1.450,2.204,9.335,2.198
a,78867,0.000,0.000,36.000,0.000,3.999,-0.060,-0.043,1.176,2.209,9.307,2.204
a,78871,0.000,0.000,36.000,0.000,4.043,0.184,-0.027,0.444,2.240,9.322,2.224
a,78875,0.000,0.000,36.000,0.000,3.999,-0.060,-0.104,-0.900,2.197,9.310,2.170
a,78879,0.000,0.000,36.000,0.000,4.043,0.139,0.232,0.199,2.234,9.293,2.186
a,78883,0.000,0.000,36.000,0.000,4.043,-0.152,0.080,0.230,2.210,9.327,2.170
a,78887,0.000,0.000,36.000,0.000,3.999,-0.029,-0.119,0.016,2.212,9.297,2.200
a,78892,0.000,0.000,36.000,0.000,4.043,0.077,-0.165,0.169,2.210,9.340,2.209
a,78895,0.000,0.000,36.000,0.000,4.043,0.032,0.049,-0.030,2.210,9.331,2.188
a,78899,0.000,0.000,36.000,0.000,4.087,0.169,-0.058,-0.869,2.233,9.324,2.224
a,78903,0.000,0.000,36.000,0.000,4.131,-0.090,-0.149,-1.663,2.206,9.334,2.206
a,78907,0.000,0.000,36.000,0.000,4.043,-0.136,0.049,-0.305,2.219,9.295,2.195
a,78911,0.000,0.000,36.000,0.000,3.999,0.062,-0.043,-1.190,2.210,9.335,2.185
a,78915,0.000,0.000,36.000,0.000,4.087,-0.029,0.080,2.154,2.225,9.299,2.205
a,78919,0.000,0.000,36.000,0.000,3.999,0.001,-0.073,-1.938,2.224,9.311,2.204
a,78923,0.000,0.000,36.000,0.000,4.043,0.032,-0.119,-0.198,2.230,9.319,2.201
a,78927,0.000,0.000,36.000,0.000,3.999,0.077,-0.058,-0.320,2.203,9.317,2.182
a,78931,0.000,0.000,36.000,0.000,4.131,-0.106,-0.104,-0.686,2.203,9.327,2.201
a,78936,0.000,0.000,36.000,0.000,4.087,-0.121,0.125,0.886,2.215,9.305,2.185
a,78940,0.000,0.000,36.000,0.000,3.999,0.093,0.018,1.375,2.228,9.328,2.173
a,78944,0.000,0.000,36.000,0.000,4.043,-0.152,0.156,-0.854,2.215,9.353,2.194
a,78947,0.000,0.000,36.000,0.000,3.999,-0.029,-0.043,0.016,2.194,9.330,2.204
a,78951,0.000,0.000,36.000,0.000,4.043,0.077,0.049,-0.167,2.194,9.315,2.221
a,78955,0.000,0.000,36.000,0.000,4.087,-0.197,0.156,0.184,2.210,9.328,2.213
a,78960,0.000,0.000,36.000,0.000,4.043,0.077,0.064,-0.106,2.209,9.339,2.185
a,78964,0.000,0.000,36.000,0.000,4.043,0.032,0.034,0.352,2.228,9.311,2.198
a,78968,0.000,0.000,36.000,0.000,4.043,0.139,-0.027,1.100,2.234,9.295,2.203
a,78972,0.000,0.000,36.000,0.000,4.043,-0.258,0.324,-1.190,2.199,9.306,2.195
a,78975,0.000,0.000,36.000,0.000,4.087,-0.090,-0.043,-0.640,2.201,9.328,2.195
a,78979,0.000,0.000,36.000,0.000,3.999,-0.121,0.034,1.115,2.219,9.264,2.194
a,78983,0.000,0.000,36.000,0.000,4.043,-0.029,0.171,0.398,2.224,9.293,2.191
a,78988,0.000,0.000,36.000,0.000,4.043,0.230,0.003,-0.869,2.212,9.292,2.180
a,78992,0.000,0.000,36.000,0.000,3.999,-0.029,-0.195,0.505,2.197,9.303,2.211
a,78995,0.000,0.000,36.000,0.000,4.043,0.047,0.018,-0.701,2.215,9.319,2.206
a,79000,0.000,0.000,36.000,0.000,4.087,0.123,0.110,-1.144,2.210,9.293,2.200
a,79003,0.000,0.000,36.000,0.000,4.087,0.062,0.110,-0.701,2.191,9.307,2.233
a,79007,0.000,0.000,36.000,0.000,3.999,-0.029,0.064,0.077,2.201,9.319,2.194
a,79011,0.000,0.000,36.000,0.000,4.087,0.077,-0.119,0.169,2.213,9.309,2.191
a,79015,0.000,0.000,36.000,0.000,4.087,0.077,0.217,-0.060,2.204,9.330,2.215
a,79019,0.000,0.000,36.000,0.000,4.175,-0.075,0.064,-0.411,2.225,9.325,2.195
a,79023,0.000,0.000,36.000,0.000,3.999,-0.090,0.247,0.596,2.217,9.309,2.186
a,79027,0.000,0.000,36.000,0.000,4.043,-0.060,0.171,0.886,2.212,9.306,2.194
a,79031,0.000,0.000,36.000,0.000,3.999,-0.045,-0.058,-0.518,2.228,9.331,2.198
a,79035,0.000,0.000,36.000,0.000,3.955,0.016,0.049,-1.022,2.233,9.336,2.200
a,79039,0.000,0.000,36.000,0.000,3.999,-0.090,-0.119,-0.747,2.222,9.319,2.201
a,79043,0.000,0.000,36.000,0.000,4.043,-0.319,0.064,-0.854,2.209,9.316,2.192
a,79048,0.000,0.000,36.000,0.000,4.131,0.077,0.034,0.993,2.194,9.359,2.195
a,79051,0.000,0.000,36.000,0.000,4.087,0.276,-0.165,-1.190,2.230,9.324,2.182
a,79055,0.000,0.000,36.000,0.000,4.043,-0.213,-0.058,-0.961,2.224,9.351,2.195
a,79059,0.000,0.000,36.000,0.000,4.043,0.077,0.110,-0.167,2.222,9.331,2.207
a,79063,0.000,0.000,36.000,0.000,4.131,0.077,-0.058,-0.274,2.197,9.334,2.201
a,79067,0.000,0.000,36.000,0.000,4.087,-0.197,-0.043,0.398,2.234,9.317,2.192
a,79071,0.000,0.000,36.000,0.000,4.043,0.016,0.003,-0.472,2.230,9.322,2.188
a,79075,0.000,0.000,36.000,0.000,4.043,-0.029,0.018,-0.030,2.222,9.359,2.200
a,79079,0.000,0.000,36.000,0.000,4.087,-0.090,0.049,-0.900,2.215,9.317,2.179
a,79083,0.000,0.000,36.000,0.000,4.087,0.032,0.018,0.566,2.218,9.310,2.215
a,79087,0.000,0.000,36.000,0.000,4.087,0.001,0.156,1.360,2.227,9.327,2.200
a,79092,0.000,0.000,36.000,0.000,4.131,-0.152,0.003,-0.518,2.233,9.321,2.223
a,79095,0.000,0.000,36.000,0.000,4.043,-0.060,-0.043,0.886,2.227,9.353,2.179
a,79099,0.000,0.000,36.000,0.000,3.999,-0.213,-0.165,-1.343,2.203,9.336,2.209
a,79103,0.000,0.000,36.000,0.000,4.043,0.032,0.125,-0.259,2.222,9.334,2.198
a,79107,0.000,0.000,36.000,0.000,3.999,-0.029,0.125,0.123,2.222,9.346,2.179
a,79112,0.000,0.000,36.000,0.000,4.131,0.032,0.018,0.505,2.203,9.316,2.213
a,79116,0.000,0.000,36.000,0.000,4.043,0.032,0.049,-0.091,2.199,9.307,2.200
a,79119,0.000,0.000,36.000,0.000,4.043,-0.243,-0.165,0.123,2.240,9.343,2.192
a,79123,0.000,0.000,36.000,0.000,4.043,-0.075,-0.058,-0.366,2.204,9.335,2.198
a,79127,0.000,0.000,36.000,0.000,4.043,0.077,-0.149,-0.213,2.225,9.363,2.207
a,79131,0.000,0.000,36.000,0.000,3.999,-0.136,-0.165,-0.152,2.221,9.372,2.191
a,79135,0.000,0.000,36.000,0.000,4.043,-0.029,-0.149,0.612,2.239,9.333,2.204
a,79140,0.000,0.000,36.000,0.000,4.043,-0.060,0.125,-0.640,2.210,9.337,2.224
a,79143,0.000,0.000,36.000,0.000,4.131,-0.213,-0.226,-1.663,2.235,9.328,2.211
a,79148,0.000,0.000,36.000,0.000,4.087,0.062,0.141,0.444,2.222,9.327,2.191
a,79151,0.000,0.000,36.000,0.000,4.131,0.093,0.293,0.978,2.218,9.334,2.182
a,79155,0.000,0.000,36.000,0.000,3.955,-0.029,0.080,0.398,2.206,9.311,2.227
a,79159,0.000,0.000,36.000,0.000,4.043,0.016,0.141,0.352,2.194,9.345,2.234
a,79163,0.000,0.000,36.000,0.000,4.043,0.108,-0.058,1.008,2.199,9.327,2.192
a,79167,0.000,0.000,36.000,0.000,4.087,0.077,0.064,0.215,2.209,9.321,2.206
a,79171,0.000,0.000,36.000,0.000,3.999,0.077,0.125,-0.381,2.233,9.322,2.211
a,79175,0.000,0.000,36.000,0.000,4.087,-0.136,0.018,0.184,2.224,9.354,2.207
a,79179,0.000,0.000,36.000,0.000,4.087,-0.029,0.018,-0.198,2.209,9.336,2.194
a,79183,0.000,0.000,36.000,0.000,4.087,-0.075,-0.088,0.398,2.230,9.342,2.191
a,79187,0.000,0.000,36.000,0.000,3.999,-0.152,0.080,0.566,2.222,9.334,2.206
a,79191,0.000,0.000,36.000,0.000,4.087,0.062,0.156,-0.976,2.218,9.301,2.219
a,79195,0.000,0.000,36.000,0.000,4.043,0.016,0.125,-0.747,2.201,9.348,2.175
a,79200,0.000,0.000,36.000,0.000,4.087,-0.029,-0.165,0.016,2.212,9.336,2.223
a,79203,0.000,0.000,36.000,0.000,4.087,-0.029,0.064,0.459,2.215,9.331,2.213
a,79207,0.000,0.000,36.000,0.000,3.911,-0.152,-0.058,-0.579,2.204,9.342,2.219
a,79211,0.000,0.000,36.000,0.000,4.043,-0.029,0.232,0.444,2.209,9.335,2.223
a,79215,0.000,0.000,36.000,0.000,4.043,0.230,-0.165,-0.488,2.225,9.340,2.194
a,79219,0.000,0.000,36.000,0.000,4.087,0.032,-0.104,-0.366,2.225,9.310,2.192
a,79223,0.000,0.000,36.000,0.000,4.087,-0.075,-0.058,0.016,2.188,9.295,2.188
a,79227,0.000,0.000,36.000,0.000,3.999,-0.121,0.232,1.268,2.212,9.339,2.227
a,79231,0.000,0.000,36.000,0.000,4.043,-0.106,0.125,-0.793,2.217,9.339,2.197
a,79235,0.000,0.000,36.000,0.000,4.043,0.062,0.217,-0.885,2.225,9.324,2.198
a,79240,0.000,0.000,36.000,0.000,4.087,-0.029,0.171,0.612,2.219,9.325,2.201
a,79243,0.000,0.000,36.000,0.000,4.087,0.016,-0.058,-0.686,2.209,9.341,2.195
a,79247,0.000,0.000,36.000,0.000,4.043,-0.075,0.018,0.505,2.241,9.336,2.180
a,79251,0.000,0.000,36.000,0.000,3.999,-0.090,0.049,-0.854,2.199,9.366,2.207
a,79255,0.000,0.000,36.000,0.000,4.175,-0.045,0.217,-0.763,2.219,9.321,2.207
a,79260,0.000,0.000,36.000,0.000,4.175,0.032,-0.226,-0.305,2.221,9.339,2.219
a,79264,0.000,0.000,36.000,0.000,4.087,0.062,0.171,-0.808,2.201,9.345,2.204
a,79267,0.000,0.000,36.000,0.000,4.087,0.077,0.018,0.596,2.225,9.343,2.215
a,79271,0.000,0.000,36.000,0.000,4.087,0.032,0.064,0.077,2.217,9.353,2.215
a,79275,0.000,0.000,36.000,0.000,4.131,-0.014,-0.104,1.115,2.230,9.303,2.194
a,79279,0.000,0.000,36.000,0.000,4.087,-0.029,0.049,0.016,2.224,9.367,2.191
a,79283,0.000,0.000,36.000,0.000,4.043,-0.075,0.049,-0.091,2.240,9.328,2.200
a,79288,0.000,0.000,36.000,0.000,4.043,0.032,-0.134,0.398,2.248,9.345,2.215
a,79292,0.000,0.000,36.000,0.000,4.087,0.184,0.018,0.215,2.206,9.336,2.209
a,79295,0.000,0.000,36.000,0.000,4.043,0.032,-0.027,0.841,2.233,9.328,2.217
a,79300,0.000,0.000,36.000,0.000,4.043,-0.243,-0.027,0.459,2.203,9.331,2.207
a,79303,0.000,0.000,36.000,0.000,4.131,0.123,-0.058,-1.572,2.215,9.329,2.201
a,79307,0.000,0.000,36.000,0.000,4.219,0.016,-0.058,-1.282,2.206,9.345,2.198
a,79311,0.000,0.000,36.000,0.000,4.043,0.016,-0.165,-0.472,2.228,9.325,2.209
a,79315,0.000,0.000,36.000,0.000,4.043,0.047,-0.149,1.451,2.201,9.318,2.201
a,79319,0.000,0.000,36.000,0.000,4.043,0.139,0.064,0.383,2.193,9.345,2.217
a,79323,0.000,0.000,36.000,0.000,4.043,0.200,-0.073,-0.198,2.184,9.316,2.200
a,79327,0.000,0.000,36.000,0.000,4.043,-0.060,0.034,-1.831,2.199,9.346,2.200
a,79331,0.000,0.000,36.000,0.000,4.087,0.261,0.171,0.871,2.215,9.328,2.192
a,79335,0.000,0.000,36.000,0.000,4.043,-0.029,0.263,0.062,2.217,9.360,2.195
a,79339,0.000,0.000,36.000,0.000,3.999,-0.243,0.278,0.215,2.233,9.325,2.194
a,79343,0.000,0.000,36.000,0.000,4.087,0.093,-0.027,0.871,2.234,9.336,2.200
a,79347,0.000,0.000,36.000,0.000,4.087,0.032,0.125,0.352,2.203,9.351,2.172
a,79351,0.000,0.000,36.000,0.000,4.087,-0.289,-0.043,1.008,2.215,9.293,2.180
a,79356,0.000,0.000,36.000,0.000,4.043,0.139,-0.104,0.764,2.234,9.335,2.188
a,79359,0.000,0.000,36.000,0.000,4.043,0.016,-0.058,-0.747,2.201,9.336,2.217
a,79363,0.000,0.000,36.000,0.000,4.043,0.016,0.003,-0.518,2.246,9.331,2.204
a,79367,0.000,0.000,36.000,0.000,4.087,0.062,0.156,-1.037,2.218,9.304,2.211
a,79371,0.000,0.000,36.000,0.000,4.131,0.245,0.049,-0.320,2.224,9.335,2.194
a,79375,0.000,0.000,36.000,0.000,4.043,-0.045,-0.119,-0.472,2.217,9.342,2.185
a,79379,0.000,0.000,36.000,0.000,3.999,-0.029,0.110,-0.305,2.224,9.331,2.233
a,79383,0.000,0.000,36.000,0.000,4.131,-0.167,0.171,-0.747,2.222,9.339,2.203
a,79387,0.000,0.000,36.000,0.000,4.087,-0.121,0.141,-0.014,2.233,9.343,2.230
a,79392,0.000,0.000,36.000,0.000,4.087,-0.090,-0.058,-1.175,2.221,9.329,2.200
a,79395,0.000,0.000,36.000,0.000,3.999,0.139,0.263,0.092,2.209,9.305,2.217
a,79399,0.000,0.000,36.000,0.000,4.131,-0.213,0.156,-0.686,2.210,9.331,2.215
a,79403,0.000,0.000,36.000,0.000,4.219,-0.136,-0.043,-0.030,2.233,9.316,2.192
a,79407,0.000,0.000,36.000,0.000,4.043,0.016,-0.043,-0.198,2.234,9.299,2.206
a,79412,0.000,0.000,36.000,0.000,4.043,0.230,0.018,-1.404,2.215,9.340,2.240
a,79416,0.000,0.000,36.000,0.000,4.087,0.169,0.217,-0.885,2.212,9.317,2.179
a,79420,0.000,0.000,36.000,0.000,4.131,-0.029,-0.149,0.566,2.197,9.342,2.188
a,79423,0.000,0.000,36.000,0.000,4.087,-0.274,-0.043,-1.175,2.235,9.328,2.217
a,79427,0.000,0.000,36.000,0.000,4.043,-0.029,0.110,-0.259,2.235,9.339,2.206
a,79431,0.000,0.000,36.000,0.000,4.087,0.001,0.064,-0.579,2.203,9.319,2.209
a,79436,0.000,0.000,36.000,0.000,4.131,-0.075,0.171,0.459,2.228,9.322,2.206
a,79440,0.000,0.000,36.000,0.000,4.043,-0.136,0.171,0.505,2.212,9.303,2.201
a,79444,0.000,0.000,36.000,0.000,4.043,-0.136,-0.058,-0.152,2.251,9.307,2.204
a,79448,0.000,0.000,36.000,0.000,4.131,-0.152,0.064,-1.175,2.217,9.351,2.163
a,79451,0.000,0.000,36.000,0.000,4.043,0.032,0.003,0.184,2.209,9.331,2.176
a,79455,0.000,0.000,36.000,0.000,4.043,-0.075,0.125,0.016,2.219,9.324,2.195
a,79459,0.000,0.000,36.000,0.000,3.999,-0.136,0.171,0.841,2.203,9.323,2.179
a,79463,0.000,0.000,36.000,0.000,4.131,-0.136,0.110,-0.259,2.198,9.318,2.198
a,79467,0.000,0.000,36.000,0.000,3.999,-0.090,0.003,-0.579,2.210,9.346,2.200
a,79471,0.000,0.000,36.000,0.000,4.043,-0.136,0.018,0.398,2.209,9.340,2.185
a,79475,0.000,0.000,36.000,0.000,4.131,-0.090,0.049,-0.793,2.218,9.322,2.206
a,79479,0.000,0.000,36.000,0.000,4.043,0.047,-0.104,1.558,2.210,9.317,2.209
a,79483,0.000,0.000,36.000,0.000,3.999,0.200,-0.043,0.932,2.241,9.330,2.198
a,79487,0.000,0.000,36.000,0.000,4.131,-0.213,-0.104,0.077,2.209,9.379,2.197
a,79491,0.000,0.000,36.000,0.000,4.043,0.032,0.125,0.612,2.203,9.327,2.186
a,79496,0.000,0.000,36.000,0.000,4.131,0.077,0.003,-0.381,2.253,9.324,2.200
a,79499,0.000,0.000,36.000,0.000,4.043,0.123,0.064,-1.083,2.204,9.324,2.200
a,79503,0.000,0.000,36.000,0.000,4.175,0.123,-0.119,-0.595,2.193,9.330,2.215
a,79507,0.000,0.000,36.000,0.000,4.043,0.261,0.125,1.222,2.206,9.337,2.186
a,79511,0.000,0.000,36.000,0.000,4.087,-0.197,-0.149,-0.198,2.237,9.325,2.209
a,79515,0.000,0.000,36.000,0.000,4.043,-0.029,0.003,-0.305,2.239,9.353,2.195
a,79519,0.000,0.000,36.000,0.000,4.087,-0.075,-0.333,-0.198,2.221,9.347,2.194
a,79523,0.000,0.000,36.000,0.000,4.087,-0.029,0.018,0.077,2.201,9.324,2.182
a,79527,0.000,0.000,36.000,0.000,4.043,0.077,0.080,0.596,2.240,9.336,2.204
a,79531,0.000,0.000,36.000,0.000,4.087,-0.243,0.018,0.505,2.224,9.321,2.209
a,79535,0.000,0.000,36.000,0.000,4.131,-0.152,-0.165,-0.961,2.203,9.319,2.195
a,79540,0.000,0.000,36.000,0.000,4.043,0.032,0.156,-0.030,2.259,9.339,2.201
a,79544,0.000,0.000,36.000,0.000,4.087,-0.136,0.064,0.505,2.188,9.331,2.215
a,79547,0.000,0.000,36.000,0.000,4.043,0.047,0.064,-0.534,2.222,9.334,2.218
a,79551,0.000,0.000,36.000,0.000,4.043,-0.136,0.125,0.612,2.203,9.340,2.211
a,79555,0.000,0.000,36.000,0.000,4.043,-0.258,0.003,-0.579,2.209,9.321,2.195
a,79560,0.000,0.000,36.000,0.000,4.131,0.077,0.018,0.550,2.201,9.339,2.194
a,79564,0.000,0.000,36.000,0.000,4.175,-0.136,-0.104,-0.152,2.248,9.364,2.221
a,79568,0.000,0.000,36.000,0.000,4.087,0.093,0.049,0.566,2.199,9.319,2.198
a,79571,0.000,0.000,36.000,0.000,4.043,0.077,-0.043,0.596,2.204,9.348,2.195
a,79575,0.000,0.000,36.000,0.000,4.087,-0.060,-0.104,-0.793,2.217,9.304,2.195
a,79580,0.000,0.000,36.000,0.000,4.131,-0.029,-0.211,0.291,2.217,9.345,2.200
a,79583,0.000,0.000,36.000,0.000,4.131,-0.121,0.141,1.451,2.206,9.336,2.198
a,79587,0.000,0.000,36.000,0.000,4.087,-0.106,0.018,-1.388,2.224,9.347,2.206
a,79591,0.000,0.000,36.000,0.000,3.999,-0.029,0.018,0.718,2.212,9.367,2.179
a,79595,0.000,0.000,36.000,0.000,4.087,-0.045,0.171,-1.282,2.222,9.348,2.192
a,79599,0.000,0.000,36.000,0.000,4.087,0.047,-0.149,0.947,2.187,9.322,2.207
a,79603,0.000,0.000,36.000,0.000,4.043,-0.029,-0.058,-0.305,2.191,9.334,2.200
a,79607,0.000,0.000,36.000,0.000,4.087,0.032,0.064,0.612,2.225,9.311,2.206
a,79611,0.000,0.000,36.000,0.000,4.043,-0.045,0.049,-0.640,2.210,9.333,2.179
a,79615,0.000,0.000,36.000,0.000,4.043,0.016,-0.211,-0.900,2.210,9.339,2.206
a,79619,0.000,0.000,36.000,0.000,4.043,-0.075,-0.211,-0.091,2.222,9.364,2.223
a,79623,0.000,0.000,36.000,0.000,4.175,-0.075,0.141,0.841,2.203,9.322,2.198
a,79627,0.000,0.000,36.000,0.000,4.087,-0.045,-0.058,-1.068,2.217,9.354,2.213
a,79631,0.000,0.000,36.000,0.000,4.043,-0.045,0.125,-0.579,2.201,9.335,2.194
a,79636,0.000,0.000,36.000,0.000,4.043,0.032,0.003,0.184,2.201,9.306,2.213
a,79640,0.000,0.000,36.000,0.000,4.043,0.093,0.171,1.436,2.217,9.339,2.204
a,79643,0.000,0.000,36.000,0.000,4.087,-0.075,-0.043,0.077,2.217,9.334,2.227
a,79647,0.000,0.000,36.000,0.000,4.131,-0.045,0.415,0.550,2.219,9.353,2.215
a,79651,0.000,0.000,36.000,0.000,4.043,0.047,0.064,1.070,2.212,9.336,2.209
a,79656,0.000,0.000,36.000,0.000,4.043,-0.029,-0.119,0.123,2.218,9.346,2.209
a,79660,0.000,0.000,36.000,0.000,4.087,0.077,0.018,0.596,2.187,9.337,2.204
a,79663,0.000,0.000,36.000,0.000,4.131,0.184,-0.043,0.596,2.225,9.336,2.240
a,79667,0.000,0.000,36.000,0.000,4.087,0.032,0.125,0.505,2.218,9.311,2.201
a,79671,0.000,0.000,36.000,0.000,4.087,-0.136,0.018,-0.366,2.209,9.339,2.198
a,79675,0.000,0.000,36.000,0.000,4.131,0.077,-0.043,0.337,2.215,9.340,2.209
a,79679,0.000,0.000,36.000,0.000,4.087,-0.045,-0.119,-0.640,2.230,9.315,2.219
a,79683,0.000,0.000,36.000,0.000,4.087,0.077,-0.165,0.062,2.206,9.311,2.227
a,79688,0.000,0.000,36.000,0.000,4.087,0.123,-0.043,-0.701,2.212,9.313,2.215
a,79692,0.000,0.000,36.000,0.000,4.131,-0.213,0.110,-0.854,2.223,9.345,2.200
a,79695,0.000,0.000,36.000,0.000,4.131,0.139,0.064,0.383,2.219,9.334,2.211
a,79699,0.000,0.000,36.000,0.000,4.087,0.139,-0.272,-0.320,2.225,9.331,2.211
a,79704,0.000,0.000,36.000,0.000,4.043,-0.197,-0.104,0.505,2.235,9.349,2.201
a,79707,0.000,0.000,36.000,0.000,4.087,0.261,0.171,0.932,2.201,9.325,2.207
a,79711,0.000,0.000,36.000,0.000,4.087,-0.136,-0.043,0.612,2.224,9.330,2.198
a,79715,0.000,0.000,36.000,0.000,4.087,0.184,-0.119,0.108,2.235,9.346,2.200
a,79719,0.000,0.000,36.000,0.000,4.175,-0.136,-0.043,0.566,2.234,9.354,2.217
a,79723,0.000,0.000,36.000,0.000,3.955,-0.152,-0.104,-0.305,2.215,9.304,2.221
a,79727,0.000,0.000,36.000,0.000,4.043,-0.045,0.186,0.291,2.206,9.361,2.189
a,79731,0.000,0.000,36.000,0.000,4.087,-0.029,0.034,0.230,2.199,9.321,2.198
a,79735,0.000,0.000,36.000,0.000,4.087,0.032,-0.226,0.016,2.233,9.353,2.217
a,79739,0.000,0.000,36.000,0.000,4.087,0.139,0.080,0.383,2.222,9.348,2.213
a,79743,0.000,0.000,36.000,0.000,4.087,0.032,0.232,0.383,2.217,9.331,2.211
a,79748,0.000,0.000,36.000,0.000,4.087,0.077,-0.226,-0.213,2.219,9.369,2.192
a,79751,0.000,0.000,36.000,0.000,4.526,-0.029,-0.226,0.184,2.217,9.333,2.188
a,79755,0.000,0.000,36.000,0.000,4.087,-0.136,-0.119,-0.366,2.211,9.327,2.192
a,79759,0.000,0.000,36.000,0.000,4.043,0.077,0.110,-0.381,2.212,9.324,2.185
a,79763,0.000,0.000,36.000,0.000,4.087,-0.090,-0.226,-0.472,2.210,9.343,2.207
a,79767,0.000,0.000,36.000,0.000,4.131,-0.090,-0.104,-0.030,2.209,9.328,2.189
a,79771,0.000,0.000,36.000,0.000,3.999,-0.029,0.141,0.291,2.212,9.336,2.198
a,79775,0.000,0.000,36.000,0.000,4.087,0.184,-0.058,-0.213,2.204,9.340,2.200
a,79779,0.000,0.000,36.000,0.000,4.131,-0.243,0.125,0.459,2.215,9.345,2.204
a,79783,0.000,0.000,36.000,0.000,4.043,0.016,-0.104,-0.305,2.230,9.373,2.197
a,79788,0.000,0.000,36.000,0.000,4.087,-0.136,0.156,-0.152,2.199,9.339,2.224
a,79792,0.000,0.000,36.000,0.000,4.087,-0.029,0.156,0.184,2.209,9.333,2.198
a,79795,0.000,0.000,36.000,0.000,4.087,0.077,-0.104,0.001,2.218,9.324,2.206
a,79799,0.000,0.000,36.000,0.000,4.043,0.139,-0.104,0.596,2.204,9.336,2.185
a,79803,0.000,0.000,36.000,0.000,4.087,0.200,0.064,1.054,2.219,9.342,2.201
a,79807,0.000,0.000,36.000,0.000,3.999,-0.350,0.018,0.184,2.206,9.346,2.201
a,79812,0.000,0.000,36.000,0.000,4.087,0.062,0.125,-0.274,2.233,9.328,2.221
a,79816,0.000,0.000,36.000,0.000,4.175,0.032,-0.088,1.070,2.217,9.355,2.197
a,79819,0.000,0.000,36.000,0.000,3.999,-0.075,-0.165,-0.366,2.207,9.353,2.207
a,79823,0.000,0.000,36.000,0.000,4.043,0.032,0.110,-0.030,2.217,9.346,2.182
a,79827,0.000,0.000,36.000,0.000,4.087,0.169,0.141,-0.335,2.209,9.365,2.197
a,79831,0.000,0.000,36.000,0.000,4.087,-0.029,-0.058,0.123,2.204,9.322,2.186
a,79836,0.000,0.000,36.000,0.000,4.087,-0.090,0.034,0.398,2.235,9.327,2.189
a,79840,0.000,0.000,36.000,0.000,4.131,0.077,0.110,-0.274,2.210,9.364,2.200
a,79843,0.000,0.000,36.000,0.000,4.043,0.032,0.034,-0.518,2.207,9.367,2.209
a,79848,0.000,0.000,36.000,0.000,4.131,0.077,0.156,-0.213,2.225,9.342,2.219
a,79851,0.000,0.000,36.000,0.000,4.087,-0.136,-0.043,0.352,2.212,9.336,2.204
a,79855,0.000,0.000,36.000,0.000,4.087,-0.029,-0.165,0.184,2.217,9.364,2.194
a,79859,0.000,0.000,36.000,0.000,4.043,-0.243,-0.058,-0.030,2.224,9.331,2.195
a,79863,0.000,0.000,36.000,0.000,3.999,-0.090,-0.165,-1.388,2.230,9.351,2.191
a,79867,0.000,0.000,36.000,0.000,4.043,0.062,-0.317,-1.083,2.224,9.311,2.198
a,79871,0.000,0.000,36.000,0.000,4.043,-0.029,0.156,-0.305,2.246,9.339,2.200
a,79875,0.000,0.000,36.000,0.000,4.087,0.230,-0.104,0.108,2.215,9.359,2.173
a,79879,0.000,0.000,36.000,0.000,4.131,-0.029,0.278,0.383,2.219,9.335,2.176
a,79883,0.000,0.000,36.000,0.000,4.087,-0.136,0.217,-0.167,2.218,9.357,2.207
a,79887,0.000,0.000,36.000,0.000,4.043,0.032,0.018,0.612,2.199,9.329,2.207
a,79891,0.000,0.000,36.000,0.000,4.131,-0.243,-0.043,0.184,2.197,9.373,2.223
a,79895,0.000,0.000,36.000,0.000,4.131,0.123,0.003,-0.976,2.215,9.337,2.204
a,79899,0.000,0.000,36.000,0.000,4.087,0.077,0.125,-0.045,2.222,9.340,2.194
a,79904,0.000,0.000,36.000,0.000,4.087,0.032,0.018,0.505,2.230,9.342,2.186
a,79907,0.000,0.000,36.000,0.000,4.087,0.139,-0.165,-0.427,2.224,9.342,2.201
a,79911,0.000,0.000,36.000,0.000,4.043,-0.029,0.064,-0.305,2.219,9.328,2.211
a,79915,0.000,0.000,36.000,0.000,4.087,-0.029,0.186,0.779,2.212,9.349,2.185
a,79919,0.000,0.000,36.000,0.000,4.087,-0.029,0.247,0.215,2.201,9.306,2.191
a,79923,0.000,0.000,36.000,0.000,4.087,-0.152,0.049,-0.579,2.203,9.339,2.188
a,79927,0.000,0.000,36.000,0.000,4.175,0.032,-0.134,0.841,2.210,9.301,2.217
a,79931,0.000,0.000,36.000,0.000,4.131,-0.152,0.156,-0.900,2.199,9.321,2.211
a,79935,0.000,0.000,36.000,0.000,4.087,0.245,-0.027,0.337,2.217,9.328,2.180
a,79940,0.000,0.000,36.000,0.000,4.087,-0.029,0.049,-0.152,2.251,9.351,2.211
a,79944,0.000,0.000,36.000,0.000,4.043,0.184,-0.043,0.489,2.222,9.346,2.201
a,79947,0.000,0.000,36.000,0.000,4.043,-0.152,0.064,-0.472,2.203,9.331,2.182
a,79951,0.000,0.000,36.000,0.000,4.043,-0.060,0.186,1.008,2.225,9.342,2.215
a,79955,0.000,0.000,36.000,0.000,4.131,-0.136,0.232,0.825,2.201,9.319,2.209
a,79959,0.000,0.000,36.000,0.000,4.131,0.062,-0.104,-1.572,2.217,9.339,2.185
a,79964,0.000,0.000,36.000,0.000,4.087,-0.090,-0.149,-0.472,2.217,9.335,2.209
a,79968,0.000,0.000,36.000,0.000,4.087,0.077,-0.195,0.383,2.215,9.349,2.191
a,79971,0.000,0.000,36.000,0.000,4.087,-0.152,0.186,0.398,2.210,9.366,2.193
a,79975,0.000,0.000,36.000,0.000,4.043,-0.075,0.278,0.444,2.228,9.331,2.213
a,79979,0.000,0.000,36.000,0.000,4.043,0.077,0.080,1.375,2.206,9.343,2.178
a,79983,0.000,0.000,36.000,0.000,4.043,0.123,0.125,-1.190,2.225,9.348,2.192
a,79988,0.000,0.000,36.000,0.000,4.087,0.139,-0.226,-0.274,2.215,9.340,2.221
a,79992,0.000,0.000,36.000,0.000,4.131,-0.045,0.003,-0.518,2.218,9.377,2.213
a,79996,0.000,0.000,36.000,0.000,4.131,0.047,0.064,-0.534,2.206,9.316,2.203
a,80000,0.000,0.000,36.000,0.000,4.043,-0.136,0.278,0.596,2.215,9.360,2.206
a,80003,0.000,0.000,36.000,0.000,4.087,-0.152,-0.012,0.703,2.218,9.354,2.212
a,80007,0.000,0.000,36.000,0.000,4.087,0.077,-0.058,0.062,2.197,9.325,2.195
a,80011,0.000,0.000,36.000,0.000,4.043,-0.152,-0.119,-1.068,2.237,9.360,2.192
a,80015,0.000,0.000,36.000,0.000,4.043,0.139,0.003,-0.320,2.224,9.352,2.213
a,80019,0.000,0.000,36.000,0.000,4.087,-0.075,-0.058,-0.411,2.230,9.307,2.207
a,80023,0.000,0.000,36.000,0.000,4.043,-0.136,0.125,-0.259,2.228,9.353,2.219
a,80027,0.000,0.000,36.000,0.000,4.043,-0.045,0.018,-0.747,2.240,9.342,2.188
a,80031,0.000,0.000,36.000,0.000,3.999,-0.167,0.125,-0.793,2.215,9.347,2.215
a,80035,0.000,0.000,36.000,0.000,3.955,-0.045,0.080,0.566,2.209,9.359,2.218
a,80039,0.000,0.000,36.000,0.000,4.175,-0.090,-0.272,-0.472,2.209,9.321,2.211
a,80043,0.000,0.000,36.000,0.000,4.087,0.184,-0.211,0.215,2.199,9.339,2.227
a,80047,0.000,0.000,36.000,0.000,4.043,-0.090,0.064,-0.305,2.210,9.301,2.206
a,80052,0.000,0.000,36.000,0.000,4.043,0.032,0.018,0.077,2.218,9.322,2.215
a,80055,0.000,0.000,36.000,0.000,4.043,-0.152,0.003,-0.961,2.203,9.354,2.206
a,80059,0.000,0.000,36.000,0.000,3.999,-0.029,-0.256,-0.411,2.215,9.349,2.200
a,80063,0.000,0.000,36.000,0.000,4.526,-0.029,-0.104,0.291,2.204,9.325,2.204
a,80067,0.000,0.000,36.000,0.000,4.087,-0.182,0.232,0.993,2.197,9.331,2.213
a,80071,0.000,0.000,36.000,0.000,4.043,-0.213,0.018,0.123,2.217,9.327,2.211
a,80075,0.000,0.000,36.000,0.000,4.131,0.184,0.080,0.337,2.201,9.311,2.200
a,80079,0.000,0.000,36.000,0.000,4.043,-0.014,-0.043,0.886,2.218,9.331,2.204
a,80083,0.000,0.000,36.000,0.000,4.131,0.062,-0.043,-0.763,2.206,9.340,2.195
a,80088,0.000,0.000,36.000,0.000,4.087,0.016,0.049,-0.579,2.229,9.312,2.192
a,80092,0.000,0.000,36.000,0.000,4.087,0.032,0.064,0.612,2.218,9.336,2.215
a,80095,0.000,0.000,36.000,0.000,4.131,0.398,-0.043,-1.404,2.235,9.336,2.217
a,80099,0.000,0.000,36.000,0.000,4.043,-0.213,-0.149,-0.686,2.217,9.351,2.206
a,80103,0.000,0.000,36.000,0.000,4.087,-0.075,-0.211,0.718,2.184,9.325,2.219
a,80107,0.000,0.000,36.000,0.000,4.175,0.184,0.049,-0.213,2.212,9.328,2.206
a,80112,0.000,0.000,36.000,0.000,3.999,0.016,-0.149,-0.747,2.219,9.331,2.211
a,80116,0.000,0.000,36.000,0.000,4.087,0.077,0.049,-0.213,2.224,9.337,2.191
a,80120,0.000,0.000,36.000,0.000,4.087,-0.090,-0.058,-0.472,2.197,9.330,2.201
a,80123,0.000,0.000,36.000,0.000,4.087,0.032,0.034,0.291,2.235,9.335,2.209
a,80127,0.000,0.000,36.000,0.000,4.087,0.047,0.018,-0.656,2.206,9.345,2.203
a,80131,0.000,0.000,36.000,0.000,4.175,-0.152,0.110,-1.450,2.203,9.321,2.206
a,80135,0.000,0.000,36.000,0.000,4.131,0.077,0.064,-0.320,2.203,9.313,2.185
a,80140,0.000,0.000,36.000,0.000,4.087,-0.029,0.278,0.657,2.224,9.313,2.195
a,80143,0.000,0.000,36.000,0.000,4.043,0.077,0.217,0.047,2.234,9.318,2.211
a,80148,0.000,0.000,36.000,0.000,4.087,-0.075,0.080,0.352,2.210,9.335,2.206
a,80151,0.000,0.000,36.000,0.000,4.043,0.184,-0.165,0.108,2.210,9.307,2.207
a,80155,0.000,0.000,36.000,0.000,4.087,-0.029,-0.119,0.016,2.217,9.342,2.204
a,80159,0.000,0.000,36.000,0.000,4.131,-0.136,0.064,0.566,2.215,9.366,2.198
a,80163,0.000,0.000,36.000,0.000,4.043,0.139,0.064,0.703,2.201,9.291,2.194
a,80167,0.000,0.000,36.000,0.000,4.087,-0.197,0.232,0.596,2.219,9.335,2.195
a,80171,0.000,0.000,36.000,0.000,4.219,0.230,-0.363,-0.976,2.219,9.330,2.195
a,80175,0.000,0.000,36.000,0.000,4.131,0.093,-0.043,0.871,2.197,9.340,2.192
a,80179,0.000,0.000,36.000,0.000,4.087,-0.304,0.064,0.398,2.227,9.323,2.200
a,80183,0.000,0.000,36.000,0.000,4.131,0.077,0.034,0.703,2.215,9.331,2.198
a,80187,0.000,0.000,36.000,0.000,4.087,-0.121,0.125,0.947,2.201,9.343,2.221
a,80191,0.000,0.000,36.000,0.000,4.131,-0.029,-0.165,0.077,2.219,9.342,2.213
a,80195,0.000,0.000,36.000,0.000,4.131,0.032,0.400,0.596,2.218,9.319,2.192
a,80199,0.000,0.000,36.000,0.000,3.999,-0.045,0.110,-0.640,2.228,9.309,2.206
a,80204,0.000,0.000,36.000,0.000,3.999,0.077,0.080,0.215,2.219,9.340,2.195
a,80207,0.000,0.000,36.000,0.000,3.999,0.169,0.064,-0.763,2.218,9.342,2.209
a,80211,0.000,0.000,36.000,0.000,4.043,0.077,-0.165,-0.106,2.218,9.333,2.201
a,80215,0.000,0.000,36.000,0.000,4.087,0.123,0.125,-0.106,2.218,9.324,2.193
a,80219,0.000,0.000,36.000,0.000,4.131,0.032,-0.226,-0.411,2.225,9.346,2.219
a,80223,0.000,0.000,36.000,0.000,4.131,0.077,-0.058,-0.106,2.201,9.306,2.207
a,80227,0.000,0.000,36.000,0.000,4.087,-0.045,0.110,-0.793,2.225,9.334,2.215
a,80231,0.000,0.000,36.000,0.000,4.087,-0.090,-0.119,-0.793,2.215,9.313,2.179
a,80235,0.000,0.000,36.000,0.000,3.999,-0.060,-0.043,-0.640,2.222,9.351,2.211
a,80240,0.000,0.000,36.000,0.000,4.087,-0.136,0.125,-0.366,2.215,9.336,2.204
a,80244,0.000,0.000,36.000,0.000,4.131,0.245,0.186,0.489,2.197,9.354,2.206
a,80247,0.000,0.000,36.000,0.000,4.131,-0.029,-0.119,-0.198,2.217,9.342,2.198
a,80251,0.000,0.000,36.000,0.000,4.043,0.032,0.186,0.352,2.218,9.346,2.188
a,80255,0.000,0.000,36.000,0.000,4.087,0.184,-0.149,0.444,2.212,9.313,2.204
a,80260,0.000,0.000,36.000,0.000,4.087,-0.075,-0.272,0.077,2.219,9.319,2.198
a,80264,0.000,0.000,36.000,0.000,4.087,0.169,-0.058,-0.534,2.215,9.354,2.204
a,80268,0.000,0.000,36.000,0.000,3.999,0.077,-0.134,0.764,2.222,9.324,2.201
a,80271,0.000,0.000,36.000,0.000,4.131,0.016,-0.149,-1.068,2.219,9.342,2.194
a,80275,0.000,0.000,36.000,0.000,3.999,-0.197,0.018,0.779,2.204,9.322,2.211
a,80279,0.000,0.000,36.000,0.000,4.087,-0.136,0.064,-0.152,2.210,9.363,2.191
a,80283,0.000,0.000,36.000,0.000,3.955,0.077,-0.149,-0.167,2.228,9.339,2.223
a,80287,0.000,0.000,36.000,0.000,4.043,0.184,0.003,-0.427,2.218,9.319,2.195
a,80292,0.000,0.000,36.000,0.000,4.087,-0.136,-0.043,0.230,2.187,9.349,2.215
a,80295,0.000,0.000,36.000,0.000,4.131,0.291,0.003,0.062,2.201,9.317,2.223
a,80300,0.000,0.000,36.000,0.000,4.043,-0.258,0.018,0.077,2.222,9.345,2.188
a,80303,0.000,0.000,36.000,0.000,4.043,0.093,-0.149,1.100,2.217,9.361,2.215
a,80307,0.000,0.000,36.000,0.000,3.955,0.123,0.125,-0.656,2.217,9.330,2.221
a,80311,0.000,0.000,36.000,0.000,3.999,0.032,-0.149,0.459,2.225,9.349,2.182
a,80315,0.000,0.000,36.000,0.000,4.043,-0.029,0.064,0.459,2.230,9.313,2.186
a,80319,0.000,0.000,36.000,0.000,4.087,0.032,0.110,-0.259,2.209,9.348,2.209
a,80323,0.000,0.000,36.000,0.000,4.087,-0.029,-0.104,0.566,2.240,9.345,2.191
a,80327,0.000,0.000,36.000,0.000,4.131,0.077,0.125,-0.045,2.215,9.325,2.213
a,80331,0.000,0.000,36.000,0.000,4.043,0.016,0.217,-0.763,2.222,9.342,2.215
a,80335,0.000,0.000,36.000,0.000,4.043,-0.029,0.156,-0.259,2.219,9.340,2.192
a,80339,0.000,0.000,36.000,0.000,4.043,0.032,-0.211,0.123,2.212,9.342,2.195
a,80343,0.000,0.000,36.000,0.000,4.087,-0.075,0.064,-0.259,2.209,9.342,2.204
a,80347,0.000,0.000,36.000,0.000,3.999,-0.075,-0.211,0.230,2.237,9.295,2.207
a,80351,0.000,0.000,36.000,0.000,4.043,-0.075,-0.058,0.184,2.204,9.352,2.224
a,80356,0.000,0.000,36.000,0.000,3.955,0.062,0.110,-0.763,2.241,9.371,2.215
a,80359,0.000,0.000,36.000,0.000,4.087,-0.075,0.125,0.718,2.222,9.354,2.180
a,80363,0.000,0.000,36.000,0.000,4.131,-0.029,0.156,-0.411,2.219,9.319,2.211
a,80367,0.000,0.000,36.000,0.000,4.087,-0.258,0.064,-0.793,2.246,9.359,2.194
a,80371,0.000,0.000,36.000,0.000,3.911,-0.136,-0.272,-0.091,2.230,9.371,2.201
a,80375,0.000,0.000,36.000,0.000,4.043,0.368,-0.073,-0.411,2.229,9.355,2.204
a,80379,0.000,0.000,36.000,0.000,4.087,-0.029,-0.043,-0.259,2.215,9.353,2.215
a,80383,0.000,0.000,36.000,0.000,4.131,-0.197,-0.104,-0.366,2.215,9.330,2.173
a,80388,0.000,0.000,36.000,0.000,4.131,0.123,0.049,-0.488,2.199,9.349,2.198
a,80392,0.000,0.000,36.000,0.000,4.043,-0.152,0.110,-1.068,2.201,9.359,2.173
a,80395,0.000,0.000,36.000,0.000,3.999,0.077,-0.104,0.764,2.230,9.382,2.206
a,80399,0.000,0.000,36.000,0.000,3.955,-0.136,0.110,0.016,2.233,9.331,2.200
a,80403,0.000,0.000,36.000,0.000,4.043,0.062,0.003,-1.297,2.206,9.333,2.200
a,80407,0.000,0.000,36.000,0.000,4.043,-0.075,0.064,0.459,2.218,9.334,2.198
a,80412,0.000,0.000,36.000,0.000,4.131,-0.136,-0.149,0.077,2.215,9.348,2.219
a,80416,0.000,0.000,36.000,0.000,4.043,0.047,-0.134,1.283,2.222,9.360,2.200
a,80419,0.000,0.000,36.000,0.000,4.043,-0.075,0.217,-0.381,2.234,9.317,2.191
a,80423,0.000,0.000,36.000,0.000,4.043,-0.136,-0.058,-0.030,2.217,9.343,2.175
a,80427,0.000,0.000,36.000,0.000,4.087,0.215,-0.104,-1.190,2.218,9.363,2.211
a,80431,0.000,0.000,36.000,0.000,4.087,0.077,0.125,0.383,2.203,9.322,2.195
a,80435,0.000,0.000,36.000,0.000,4.087,0.062,-0.104,-0.534,2.219,9.336,2.179
a,80440,0.000,0.000,36.000,0.000,4.087,-0.029,0.080,0.612,2.210,9.359,2.194
a,80444,0.000,0.000,36.000,0.000,4.087,-0.029,0.141,0.291,2.206,9.353,2.207
a,80447,0.000,0.000,36.000,0.000,3.999,-0.243,-0.195,0.291,2.224,9.351,2.200
a,80452,0.000,0.000,36.000,0.000,4.087,0.032,0.018,0.016,2.210,9.330,2.195
a,80455,0.000,0.000,36.000,0.000,3.999,0.139,0.018,0.337,2.218,9.357,2.206
a,80459,0.000,0.000,36.000,0.000,4.131,-0.029,0.064,0.779,2.210,9.354,2.194
a,80463,0.000,0.000,36.000,0.000,4.043,-0.090,0.049,-0.472,2.206,9.357,2.201
a,80467,0.000,0.000,36.000,0.000,4.131,-0.136,0.186,0.718,2.228,9.334,2.195
a,80471,0.000,0.000,36.000,0.000,4.131,-0.029,-0.119,0.016,2.224,9.328,2.204
a,80475,0.000,0.000,36.000,0.000,4.175,0.077,-0.149,-0.274,2.199,9.363,2.236
a,80479,0.000,0.000,36.000,0.000,4.087,-0.090,0.003,-1.236,2.222,9.352,2.213
a,80483,0.000,0.000,36.000,0.000,4.131,0.077,0.110,0.001,2.218,9.354,2.194
a,80487,0.000,0.000,36.000,0.000,4.131,-0.029,0.125,0.077,2.217,9.335,2.235
a,80491,0.000,0.000,36.000,0.000,3.999,0.154,-0.088,0.993,2.215,9.339,2.192
a,80495,0.000,0.000,36.000,0.000,4.175,-0.029,-0.149,0.230,2.233,9.348,2.188
a,80500,0.000,0.000,36.000,0.000,4.043,-0.197,0.049,-0.198,2.225,9.351,2.194
a,80503,0.000,0.000,36.000,0.000,4.131,-0.136,-0.348,0.352,2.215,9.322,2.188
a,80507,0.000,0.000,36.000,0.000,4.087,0.047,0.171,-1.465,2.209,9.367,2.197
a,80511,0.000,0.000,36.000,0.000,4.131,-0.243,-0.104,0.459,2.209,9.322,2.191
a,80515,0.000,0.000,36.000,0.000,4.087,0.077,0.064,0.169,2.215,9.353,2.211
a,80519,0.000,0.000,36.000,0.000,3.999,0.062,-0.119,-1.190,2.194,9.346,2.213
a,80523,0.000,0.000,36.000,0.000,4.087,0.047,-0.043,1.497,2.228,9.357,2.194
a,80527,0.000,0.000,36.000,0.000,4.087,0.032,-0.119,0.184,2.225,9.354,2.206
a,80531,0.000,0.000,36.000,0.000,3.999,-0.152,-0.058,-0.686,2.219,9.349,2.191
a,80535,0.000,0.000,36.000,0.000,4.087,-0.243,0.110,-0.091,2.219,9.354,2.213
a,80540,0.000,0.000,36.000,0.000,4.043,-0.045,0.049,-0.854,2.219,9.303,2.221
a,80543,0.000,0.000,36.000,0.000,4.131,-0.197,0.186,0.673,2.218,9.335,2.200
a,80547,0.000,0.000,36.000,0.000,4.131,0.077,0.141,0.703,2.234,9.357,2.198
a,80551,0.000,0.000,36.000,0.000,4.087,-0.228,0.125,-0.472,2.197,9.363,2.197
a,80555,0.000,0.000,36.000,0.000,4.043,0.184,0.003,-0.381,2.222,9.365,2.191
a,80560,0.000,0.000,36.000,0.000,4.043,0.245,-0.058,-0.106,2.210,9.365,2.206
a,80564,0.000,0.000,36.000,0.000,4.087,-0.075,-0.058,-0.091,2.234,9.354,2.230
a,80567,0.000,0.000,36.000,0.000,4.087,0.016,0.003,-1.236,2.225,9.351,2.219
a,80571,0.000,0.000,36.000,0.000,3.999,0.139,-0.333,-0.274,2.215,9.336,2.224
a,80575,0.000,0.000,36.000,0.000,4.043,-0.182,0.141,1.115,2.234,9.316,2.191
a,80579,0.000,0.000,36.000,0.000,4.087,-0.045,0.064,-0.030,2.222,9.310,2.199
a,80583,0.000,0.000,36.000,0.000,4.043,0.032,0.186,0.779,2.204,9.316,2.194
a,80588,0.000,0.000,36.000,0.000,4.087,-0.014,-0.104,0.947,2.209,9.317,2.201
a,80591,0.000,0.000,36.000,0.000,4.087,0.077,-0.043,0.444,2.219,9.354,2.185
a,80596,0.000,0.000,36.000,0.000,4.043,-0.197,0.018,0.779,2.199,9.353,2.227
a,80600,0.000,0.000,36.000,0.000,4.131,-0.075,0.217,-0.427,2.218,9.377,2.198
a,80603,0.000,0.000,36.000,0.000,4.043,-0.029,0.247,0.383,2.240,9.353,2.215
a,80607,0.000,0.000,36.000,0.000,4.131,-0.136,-0.043,0.566,2.219,9.317,2.191
a,80611,0.000,0.000,36.000,0.000,4.131,0.139,-0.149,-0.045,2.222,9.340,2.191
a,80615,0.000,0.000,36.000,0.000,4.087,0.123,-0.119,-1.679,2.240,9.334,2.217
a,80619,0.000,0.000,36.000,0.000,4.043,-0.213,-0.119,-1.129,2.212,9.340,2.195
a,80623,0.000,0.000,36.000,0.000,4.087,0.032,0.049,-0.411,2.215,9.349,2.194
a,80627,0.000,0.000,36.000,0.000,4.087,0.016,0.018,-0.747,2.230,9.345,2.217
a,80631,0.000,0.000,36.000,0.000,4.087,0.077,-0.119,0.169,2.212,9.346,2.206
a,80635,0.000,0.000,36.000,0.000,4.043,0.093,-0.272,0.291,2.218,9.339,2.185
a,80639,0.000,0.000,36.000,0.000,4.043,0.077,0.217,0.092,2.209,9.317,2.211
a,80643,0.000,0.000,36.000,0.000,4.131,-0.014,0.247,1.161,2.219,9.345,2.213
a,80647,0.000,0.000,36.000,0.000,3.999,-0.029,-0.256,-0.305,2.222,9.319,2.217
a,80652,0.000,0.000,36.000,0.000,4.087,0.016,-0.104,0.077,2.237,9.319,2.221
a,80655,0.000,0.000,36.000,0.000,4.087,-0.060,-0.073,-1.770,2.217,9.330,2.200
a,80659,0.000,0.000,36.000,0.000,4.043,-0.228,0.125,-0.900,2.181,9.316,2.203
a,80663,0.000,0.000,36.000,0.000,4.043,0.077,-0.149,0.169,2.234,9.331,2.207
a,80667,0.000,0.000,36.000,0.000,4.087,0.077,-0.165,0.169,2.228,9.335,2.209
a,80671,0.000,0.000,36.000,0.000,4.043,0.062,0.125,-0.701,2.237,9.335,2.207
a,80675,0.000,0.000,36.000,0.000,4.043,0.032,-0.043,0.230,2.201,9.339,2.200
a,80679,0.000,0.000,36.000,0.000,3.999,-0.029,-0.058,0.077,2.204,9.342,2.154
a,80683,0.000,0.000,36.000,0.000,4.087,-0.014,-0.027,0.947,2.228,9.328,2.192
a,80688,0.000,0.000,36.000,0.000,4.131,0.077,-0.165,-0.167,2.218,9.333,2.215
a,80692,0.000,0.000,36.000,0.000,4.131,0.139,-0.226,-0.106,2.224,9.316,2.192
a,80695,0.000,0.000,36.000,0.000,4.043,-0.029,0.018,-0.411,2.218,9.346,2.221
a,80700,0.000,0.000,36.000,0.000,4.175,0.062,-0.226,-0.976,2.224,9.349,2.200
a,80703,0.000,0.000,36.000,0.000,4.087,0.016,-0.119,-0.793,2.187,9.336,2.229
a,80707,0.000,0.000,36.000,0.000,4.043,0.200,0.247,0.062,2.205,9.341,2.207
a,80711,0.000,0.000,36.000,0.000,4.131,-0.045,0.171,-1.068,2.210,9.340,2.194
a,80716,0.000,0.000,36.000,0.000,4.087,0.016,-0.165,-1.388,2.203,9.339,2.206
a,80720,0.000,0.000,36.000,0.000,4.087,0.032,0.247,0.215,2.224,9.364,2.211
a,80723,0.000,0.000,36.000,0.000,4.087,0.139,0.125,0.596,2.225,9.360,2.207
a,80727,0.000,0.000,36.000,0.000,4.087,0.123,-0.211,-1.679,2.219,9.345,2.211
a,80731,0.000,0.000,36.000,0.000,4.131,-0.045,0.171,-1.282,2.222,9.336,2.188
a,80735,0.000,0.000,36.000,0.000,4.087,0.139,0.003,-0.045,2.228,9.351,2.213
a,80740,0.000,0.000,36.000,0.000,4.175,-0.075,0.232,0.764,2.191,9.335,2.209
a,80743,0.000,0.000,36.000,0.000,3.955,0.093,-0.134,1.222,2.224,9.339,2.206
a,80748,0.000,0.000,36.000,0.000,4.087,0.016,0.110,-0.686,2.209,9.353,2.206
a,80751,0.000,0.000,36.000,0.000,4.087,-0.136,0.034,0.505,2.203,9.357,2.172
a,80755,0.000,0.000,36.000,0.000,4.043,0.077,-0.058,-0.427,2.234,9.342,2.195
a,80759,0.000,0.000,36.000,0.000,4.087,-0.075,0.247,0.825,2.219,9.345,2.204
a,80763,0.000,0.000,36.000,0.000,4.175,-0.045,-0.119,-1.511,2.233,9.334,2.195
a,80767,0.000,0.000,36.000,0.000,4.087,-0.029,0.141,0.352,2.217,9.346,2.209
a,80771,0.000,0.000,36.000,0.000,4.087,0.108,-0.043,-1.465,2.191,9.318,2.199
a,80775,0.000,0.000,36.000,0.000,4.043,-0.014,0.186,1.237,2.191,9.330,2.188
a,80779,0.000,0.000,36.000,0.000,4.087,0.184,0.141,0.489,2.224,9.335,2.211
a,80783,0.000,0.000,36.000,0.000,4.087,-0.029,0.003,0.123,2.219,9.333,2.219
a,80787,0.000,0.000,36.000,0.000,4.043,0.077,0.171,0.657,2.225,9.351,2.191
a,80791,0.000,0.000,36.000,0.000,4.043,-0.090,0.064,-0.030,2.206,9.379,2.211
a,80795,0.000,0.000,36.000,0.000,4.043,-0.045,-0.043,-1.282,2.191,9.378,2.201
a,80799,0.000,0.000,36.000,0.000,3.999,-0.029,-0.058,-0.305,2.204,9.313,2.198
a,80804,0.000,0.000,36.000,0.000,4.131,0.077,-0.226,-0.045,2.204,9.349,2.215
a,80807,0.000,0.000,36.000,0.000,4.087,-0.304,0.049,-0.259,2.215,9.386,2.195
a,80811,0.000,0.000,36.000,0.000,4.043,0.077,0.064,0.489,2.241,9.319,2.204
a,80815,0.000,0.000,36.000,0.000,4.043,-0.136,0.247,0.383,2.204,9.331,2.182
a,80819,0.000,0.000,36.000,0.000,4.131,0.169,0.003,-0.488,2.210,9.340,2.200
a,80823,0.000,0.000,36.000,0.000,3.955,-0.136,-0.226,-0.030,2.218,9.324,2.200
a,80827,0.000,0.000,36.000,0.000,3.999,-0.136,0.018,0.459,2.199,9.349,2.215
a,80831,0.000,0.000,36.000,0.000,4.087,-0.152,-0.058,-0.518,2.240,9.325,2.195
a,80835,0.000,0.000,36.000,0.000,4.087,-0.045,-0.043,-0.198,2.215,9.345,2.201
a,80840,0.000,0.000,36.000,0.000,4.087,-0.029,0.110,-0.152,2.237,9.358,2.211
a,80844,0.000,0.000,36.000,0.000,4.043,0.139,0.003,-0.106,2.204,9.339,2.194
a,80847,0.000,0.000,36.000,0.000,3.999,0.077,0.049,-0.381,2.235,9.349,2.236
a,80851,0.000,0.000,36.000,0.000,4.175,0.016,-0.058,-0.640,2.201,9.339,2.200
a,80855,0.000,0.000,36.000,0.000,3.999,-0.152,0.110,-0.961,2.205,9.333,2.188
a,80859,0.000,0.000,36.000,0.000,4.043,0.077,0.339,-0.396,2.224,9.345,2.191
a,80864,0.000,0.000,36.000,0.000,4.043,-0.152,0.018,-0.854,2.210,9.363,2.215
a,80868,0.000,0.000,36.000,0.000,4.131,0.108,-0.104,-0.763,2.237,9.313,2.203
a,80871,0.000,0.000,36.000,0.000,4.043,0.184,-0.058,0.169,2.201,9.339,2.201
a,80875,0.000,0.000,36.000,0.000,4.087,-0.045,0.049,-1.282,2.218,9.321,2.221
a,80879,0.000,0.000,36.000,0.000,4.175,-0.304,-0.043,-0.152,2.210,9.331,2.191
a,80883,0.000,0.000,36.000,0.000,3.955,-0.075,-0.043,-0.366,2.204,9.354,2.204
a,80888,0.000,0.000,36.000,0.000,4.131,0.032,-0.149,-0.411,2.225,9.351,2.195
a,80892,0.000,0.000,36.000,0.000,4.087,-0.045,-0.043,0.184,2.203,9.373,2.215
a,80895,0.000,0.000,36.000,0.000,4.131,-0.029,-0.043,0.184,2.219,9.357,2.211
a,80900,0.000,0.000,36.000,0.000,4.043,0.139,-0.165,-0.045,2.209,9.353,2.211
a,80903,0.000,0.000,36.000,0.000,4.131,0.123,0.156,-0.656,2.210,9.321,2.201
a,80907,0.000,0.000,36.000,0.000,4.131,0.062,0.186,0.703,2.206,9.343,2.186
a,80911,0.000,0.000,36.000,0.000,4.043,0.032,0.003,0.184,2.217,9.323,2.201
a,80915,0.000,0.000,36.000,0.000,4.087,0.139,0.110,-0.427,2.191,9.333,2.229
a,80919,0.000,0.000,36.000,0.000,4.087,0.139,-0.058,-0.045,2.223,9.330,2.185
a,80923,0.000,0.000,36.000,0.000,4.043,0.032,-0.058,0.123,2.215,9.339,2.185
a,80927,0.000,0.000,36.000,0.000,4.043,0.016,0.080,0.291,2.199,9.333,2.189
a,80931,0.000,0.000,36.000,0.000,3.999,-0.029,-0.027,0.352,2.215,9.340,2.188
a,80935,0.000,0.000,36.000,0.000,4.087,0.108,-0.043,-1.358,2.209,9.324,2.189
a,80939,0.000,0.000,36.000,0.000,4.043,-0.136,-0.272,-0.366,2.242,9.361,2.195
a,80943,0.000,0.000,36.000,0.000,4.043,-0.045,-0.149,-1.663,2.233,9.371,2.188
a,80947,0.000,0.000,36.000,0.000,4.043,0.093,0.141,1.054,2.212,9.371,2.215
a,80951,0.000,0.000,36.000,0.000,4.087,0.047,-0.241,1.115,2.197,9.354,2.213
a,80956,0.000,0.000,36.000,0.000,4.087,0.245,0.064,-0.320,2.215,9.353,2.211
a,80959,0.000,0.000,36.000,0.000,4.087,0.062,0.003,-0.808,2.235,9.351,2.201
a,80963,0.000,0.000,36.000,0.000,4.131,0.016,0.018,-0.579,2.219,9.357,2.186
a,80967,0.000,0.000,36.000,0.000,4.087,0.062,-0.165,-0.488,2.221,9.327,2.179
a,80971,0.000,0.000,36.000,0.000,3.955,0.230,0.049,-0.869,2.237,9.321,2.209
a,80975,0.000,0.000,36.000,0.000,4.087,0.016,0.232,-0.045,2.210,9.366,2.191
a,80979,0.000,0.000,36.000,0.000,3.999,-0.197,-0.043,0.352,2.215,9.339,2.204
a,80983,0.000,0.000,36.000,0.000,4.087,0.016,-0.088,0.612,2.210,9.353,2.225
a,80987,0.000,0.000,36.000,0.000,4.658,-0.152,0.156,-0.793,2.233,9.341,2.209
a,80992,0.000,0.000,36.000,0.000,4.087,-0.029,0.125,-0.305,2.201,9.321,2.224
a,80995,0.000,0.000,36.000,0.000,4.043,0.032,0.003,0.016,2.193,9.369,2.209
a,80999,0.000,0.000,36.000,0.000,4.087,-0.045,0.156,-0.472,2.230,9.369,2.172
a,81003,0.000,0.000,36.000,0.000,4.043,-0.075,0.278,0.337,2.206,9.317,2.219
a,81008,0.000,0.000,36.000,0.000,4.087,0.062,0.018,-1.404,2.197,9.374,2.176
a,81012,0.000,0.000,36.000,0.000,4.087,0.062,0.049,-0.976,2.235,9.346,2.201
a,81016,0.000,0.000,36.000,0.000,4.087,0.077,0.018,0.383,2.193,9.334,2.198
a,81020,0.000,0.000,36.000,0.000,3.999,0.077,0.125,-0.213,2.212,9.330,2.211
a,81023,0.000,0.000,36.000,0.000,4.131,0.077,-0.211,0.825,2.222,9.342,2.195
a,81027,0.000,0.000,36.000,0.000,4.087,-0.075,0.049,-0.152,2.193,9.351,2.224
a,81031,0.000,0.000,36.000,0.000,4.087,-0.136,-0.119,0.184,2.212,9.351,2.207
a,81036,0.000,0.000,36.000,0.000,4.043,-0.045,-0.256,-0.305,2.218,9.341,2.189
a,81040,0.000,0.000,36.000,0.000,3.999,0.123,0.324,-0.824,2.240,9.379,2.207
a,81043,0.000,0.000,36.000,0.000,4.087,-0.197,-0.043,0.291,2.234,9.313,2.195
a,81048,0.000,0.000,36.000,0.000,4.043,0.062,0.049,-0.701,2.215,9.348,2.191
a,81051,0.000,0.000,36.000,0.000,4.131,0.032,-0.058,-0.030,2.215,9.365,2.194
a,81055,0.000,0.000,36.000,0.000,3.999,0.032,-0.027,0.459,2.215,9.330,2.198
a,81059,0.000,0.000,36.000,0.000,4.043,-0.060,-0.088,-1.190,2.206,9.331,2.180
a,81063,0.000,0.000,36.000,0.000,4.087,0.139,0.110,-1.953,2.194,9.367,2.230
a,81067,0.000,0.000,36.000,0.000,4.087,-0.014,0.141,1.115,2.234,9.353,2.207
a,81071,0.000,0.000,36.000,0.000,4.043,-0.045,0.293,0.383,2.219,9.365,2.222
a,81075,0.000,0.000,36.000,0.000,3.999,0.184,0.141,0.215,2.217,9.351,2.192
a,81079,0.000,0.000,36.000,0.000,3.999,-0.075,-0.134,0.566,2.204,9.328,2.207
a,81083,0.000,0.000,36.000,0.000,4.087,-0.152,-0.043,-0.472,2.206,9.359,2.213
a,81087,0.000,0.000,36.000,0.000,4.087,0.077,0.080,0.489,2.233,9.374,2.195
a,81092,0.000,0.000,36.000,0.000,3.999,0.200,0.141,1.054,2.199,9.321,2.207
a,81095,0.000,0.000,36.000,0.000,4.043,0.184,-0.119,-0.381,2.224,9.354,2.188
a,81099,0.000,0.000,36.000,0.000,4.043,-0.029,0.064,-0.411,2.215,9.342,2.198
a,81103,0.000,0.000,36.000,0.000,4.087,-0.197,0.247,0.825,2.218,9.322,2.246
a,81107,0.000,0.000,36.000,0.000,4.131,-0.060,0.125,-1.450,2.240,9.319,2.186
a,81111,0.000,0.000,36.000,0.000,4.043,0.093,-0.211,1.268,2.209,9.358,2.195
a,81115,0.000,0.000,36.000,0.000,4.131,-0.060,0.171,0.947,2.203,9.358,2.223
a,81119,0.000,0.000,36.000,0.000,4.087,-0.090,0.018,-0.579,2.201,9.359,2.198
a,81123,0.000,0.000,36.000,0.000,4.043,-0.029,0.064,0.566,2.203,9.336,2.204
a,81127,0.000,0.000,36.000,0.000,4.131,-0.136,0.110,-0.366,2.203,9.334,2.188
a,81131,0.000,0.000,36.000,0.000,4.087,0.047,0.064,1.665,2.228,9.330,2.191
a,81136,0.000,0.000,36.000,0.000,4.087,0.093,-0.088,1.268,2.203,9.310,2.195
a,81140,0.000,0.000,36.000,0.000,4.087,-0.060,-0.211,-0.579,2.217,9.351,2.222
a,81143,0.000,0.000,36.000,0.000,3.999,0.307,0.247,0.917,2.257,9.340,2.198
a,81147,0.000,0.000,36.000,0.000,4.043,-0.136,0.125,-0.259,2.218,9.360,2.209
a,81151,0.000,0.000,36.000,0.000,4.043,0.077,0.171,0.489,2.204,9.367,2.188
a,81155,0.000,0.000,36.000,0.000,4.087,-0.197,0.003,-0.030,2.235,9.340,2.213
a,81160,0.000,0.000,36.000,0.000,4.087,0.087,0.007,0.758,2.209,9.354,2.213
a,81164,0.000,0.000,36.000,0.000,4.087,-0.065,-0.099,1.445,2.210,9.334,2.195
a,81168,0.000,0.000,36.000,0.000,4.131,-0.035,-0.222,-0.800,2.228,9.346,2.211
a,81171,0.000,0.000,36.000,0.000,4.043,0.301,-0.176,-0.113,2.222,9.331,2.194
a,81175,0.000,0.000,36.000,0.000,4.087,0.133,-0.115,-1.242,2.233,9.334,2.182
a,81179,0.000,0.000,36.000,0.000,4.043,-0.065,0.343,0.437,2.235,9.334,2.200
a,81183,0.000,0.000,36.000,0.000,4.175,0.041,-0.038,1.399,2.203,9.345,2.199
a,81188,0.000,0.000,36.000,0.000,4.087,-0.020,0.007,0.238,2.230,9.319,2.229
a,81192,0.000,0.000,36.000,0.000,4.131,0.087,0.221,0.742,2.204,9.351,2.215
a,81195,0.000,0.000,36.000,0.000,4.087,0.057,-0.222,-1.029,2.215,9.334,2.205
a,81200,0.000,0.000,36.000,0.000,4.087,-0.127,0.007,-0.036,2.230,9.354,2.195
a,81203,0.000,0.000,36.000,0.000,4.087,0.041,0.069,0.284,2.199,9.339,2.194
a,81207,0.000,0.000,36.000,0.000,4.087,-0.081,0.053,-0.357,2.243,9.333,2.201
a,81211,0.000,0.000,36.000,0.000,4.131,0.148,-0.206,1.277,2.237,9.355,2.212
a,81215,0.000,0.000,36.000,0.000,4.131,-0.157,0.007,-0.739,2.206,9.353,2.184
a,81219,0.000,0.000,36.000,0.000,3.999,-0.065,0.023,0.406,2.230,9.378,2.219
a,81223,0.000,0.000,36.000,0.000,4.043,0.102,0.023,0.987,2.210,9.319,2.223
a,81227,0.000,0.000,36.000,0.000,4.087,0.072,-0.038,0.758,2.225,9.299,2.206
a,81231,0.000,0.000,36.000,0.000,4.043,-0.188,-0.145,0.284,2.235,9.340,2.194
a,81235,0.000,0.000,36.000,0.000,4.131,0.194,-0.054,-0.326,2.228,9.357,2.188
a,81239,0.000,0.000,36.000,0.000,4.087,-0.065,0.038,-0.311,2.212,9.331,2.175
a,81244,0.000,0.000,36.000,0.000,4.087,0.041,0.114,-0.036,2.235,9.348,2.207
a,81247,0.000,0.000,36.000,0.000,4.043,-0.020,0.007,0.513,2.209,9.357,2.211
a,81251,0.000,0.000,36.000,0.000,4.043,0.087,-0.130,-0.052,2.203,9.333,2.195
a,81255,0.000,0.000,36.000,0.000,4.043,0.087,-0.160,0.162,2.206,9.322,2.209
a,81259,0.000,0.000,36.000,0.000,4.131,0.164,0.007,1.048,2.224,9.322,2.204
a,81263,0.000,0.000,36.000,0.000,4.043,0.118,0.007,-0.601,2.235,9.341,2.189
a,81267,0.000,0.000,36.000,0.000,4.131,-0.020,0.038,0.025,2.201,9.335,2.188
a,81271,0.000,0.000,36.000,0.000,4.087,0.072,-0.069,-0.861,2.188,9.349,2.227
a,81275,0.000,0.000,36.000,0.000,4.043,-0.127,-0.038,0.773,2.212,9.342,2.200
a,81279,0.000,0.000,36.000,0.000,4.087,-0.249,0.175,0.284,2.230,9.333,2.225
a,81283,0.000,0.000,36.000,0.000,4.087,-0.127,-0.160,0.132,2.215,9.339,2.194
a,81288,0.000,0.000,36.000,0.000,4.043,-0.233,0.130,0.727,2.233,9.367,2.194
a,81292,0.000,0.000,36.000,0.000,4.087,-0.142,-0.115,-1.334,2.224,9.365,2.207
a,81295,0.000,0.000,36.000,0.000,4.087,-0.020,-0.008,-0.204,2.218,9.346,2.201
a,81299,0.000,0.000,36.000,0.000,3.999,-0.035,0.099,-1.120,2.194,9.346,2.236
a,81303,0.000,0.000,36.000,0.000,3.955,0.133,0.114,0.162,2.210,9.343,2.197
a,81308,0.000,0.000,36.000,0.000,4.043,0.026,0.099,-0.739,2.215,9.360,2.198
a,81312,0.000,0.000,36.000,0.000,4.087,0.148,0.099,-0.113,2.217,9.335,2.217
a,81316,0.000,0.000,36.000,0.000,4.043,0.072,-0.115,-0.265,2.209,9.370,2.217
a,81319,0.000,0.000,36.000,0.000,4.043,0.057,0.007,-1.090,2.225,9.353,2.197
a,81323,0.000,0.000,36.000,0.000,4.043,0.041,0.130,0.895,2.217,9.346,2.209
a,81327,0.000,0.000,36.000,0.000,4.043,-0.188,-0.008,0.025,2.224,9.365,2.198
a,81331,0.000,0.000,36.000,0.000,4.043,0.148,0.221,0.422,2.222,9.339,2.200
a,81335,0.000,0.000,36.000,0.000,3.999,-0.065,0.007,0.513,2.197,9.335,2.204
a,81340,0.000,0.000,36.000,0.000,4.043,-0.020,0.007,0.177,2.212,9.322,2.175
a,81343,0.000,0.000,36.000,0.000,4.131,-0.004,0.069,1.231,2.219,9.328,2.191
a,81348,0.000,0.000,36.000,0.000,4.131,-0.020,0.069,0.452,2.230,9.349,2.195
a,81351,0.000,0.000,36.000,0.000,4.131,-0.142,-0.099,0.055,2.204,9.345,2.195
a,81355,0.000,0.000,36.000,0.000,4.131,0.041,-0.069,0.132,2.219,9.340,2.194
a,81359,0.000,0.000,36.000,0.000,3.999,-0.065,0.206,0.223,2.209,9.331,2.213
a,81363,0.000,0.000,36.000,0.000,4.043,0.133,-0.069,-0.433,2.222,9.364,2.206
a,81367,0.000,0.000,36.000,0.000,4.043,0.087,-0.176,0.009,2.203,9.329,2.188
a,81371,0.000,0.000,36.000,0.000,4.043,-0.020,-0.069,-0.097,2.206,9.353,2.194
a,81375,0.000,0.000,36.000,0.000,3.999,-0.065,0.069,0.284,2.224,9.325,2.188
a,81379,0.000,0.000,36.000,0.000,3.999,-0.050,-0.115,1.933,2.224,9.342,2.204
a,81383,0.000,0.000,36.000,0.000,4.043,-0.081,0.114,-0.632,2.204,9.357,2.223
a,81387,0.000,0.000,36.000,0.000,4.087,-0.111,0.007,1.002,2.224,9.360,2.198
a,81391,0.000,0.000,36.000,0.000,4.043,-0.065,-0.099,1.124,2.217,9.324,2.211
a,81396,0.000,0.000,36.000,0.000,4.087,-0.127,-0.115,0.834,2.209,9.385,2.201
a,81399,0.000,0.000,36.000,0.000,4.087,0.072,0.007,-0.540,2.201,9.346,2.188
a,81403,0.000,0.000,36.000,0.000,4.131,-0.081,0.053,0.132,2.204,9.336,2.188
a,81407,0.000,0.000,36.000,0.000,4.043,0.087,-0.176,0.223,2.224,9.335,2.195
a,81411,0.000,0.000,36.000,0.000,4.043,0.026,0.038,-0.586,2.219,9.339,2.223
a,81415,0.000,0.000,36.000,0.000,4.043,0.072,-0.115,-0.861,2.215,9.349,2.213
a,81419,0.000,0.000,36.000,0.000,4.131,-0.218,-0.176,-1.838,2.233,9.328,2.211
a,81423,0.000,0.000,36.000,0.000,4.043,-0.065,0.023,0.773,2.215,9.349,2.211
a,81427,0.000,0.000,36.000,0.000,4.131,0.072,-0.038,0.819,2.218,9.363,2.203
a,81431,0.000,0.000,36.000,0.000,4.043,-0.111,-0.038,1.994,2.219,9.359,2.200
a,81436,0.000,0.000,36.000,0.000,3.999,0.087,0.130,0.758,2.203,9.363,2.198
a,81440,0.000,0.000,36.000,0.000,4.043,0.133,-0.130,-1.090,2.212,9.352,2.198
a,81444,0.000,0.000,36.000,0.000,4.043,0.057,-0.038,0.941,2.218,9.354,2.219
a,81447,0.000,0.000,36.000,0.000,4.087,-0.065,-0.160,0.406,2.204,9.324,2.182
a,81451,0.000,0.000,36.000,0.000,4.131,-0.264,-0.222,-0.464,2.225,9.333,2.201
a,81455,0.000,0.000,36.000,0.000,4.043,-0.127,-0.054,-0.311,2.219,9.311,2.180
a,81460,0.000,0.000,36.000,0.000,4.043,-0.203,0.114,-0.143,2.201,9.348,2.182
a,81464,0.000,0.000,36.000,0.000,4.087,0.133,0.084,0.635,2.210,9.352,2.203
a,81467,0.000,0.000,36.000,0.000,3.999,0.026,-0.237,-0.907,2.210,9.354,2.223
a,81471,0.000,0.000,36.000,0.000,4.131,-0.111,-0.115,0.941,2.203,9.352,2.200
a,81475,0.000,0.000,36.000,0.000,4.087,-0.142,-0.008,-1.670,2.246,9.340,2.198
a,81479,0.000,0.000,36.000,0.000,4.087,-0.142,0.007,-0.525,2.225,9.330,2.201
a,81483,0.000,0.000,36.000,0.000,4.087,-0.203,-0.160,-0.693,2.218,9.363,2.198
a,81488,0.000,0.000,36.000,0.000,4.043,0.087,0.038,-0.052,2.228,9.325,2.219
a,81492,0.000,0.000,36.000,0.000,4.087,0.255,-0.145,0.758,2.197,9.325,2.207
a,81495,0.000,0.000,36.000,0.000,4.087,-0.096,-0.115,-0.632,2.215,9.333,2.178
a,81500,0.000,0.000,36.000,0.000,4.087,-0.065,0.053,0.666,2.199,9.357,2.207
a,81503,0.000,0.000,36.000,0.000,4.087,0.072,-0.069,-0.922,2.203,9.371,2.213
a,81507,0.000,0.000,36.000,0.000,4.131,-0.065,0.130,1.658,2.225,9.377,2.193
a,81511,0.000,0.000,36.000,0.000,4.087,-0.065,-0.222,0.406,2.201,9.340,2.213
a,81515,0.000,0.000,36.000,0.000,3.999,0.164,-0.115,1.277,2.235,9.354,2.211
a,81519,0.000,0.000,36.000,0.000,4.043,-0.065,-0.130,0.070,2.235,9.365,2.185
a,81523,0.000,0.000,36.000,0.000,4.087,0.072,-0.008,-0.647,2.225,9.331,2.201
a,81527,0.000,0.000,36.000,0.000,3.999,-0.050,0.007,-0.418,2.217,9.348,2.188
a,81531,0.000,0.000,36.000,0.000,4.043,-0.142,-0.115,-0.036,2.218,9.339,2.178
a,81535,0.000,0.000,36.000,0.000,4.043,-0.035,-0.206,0.345,2.199,9.330,2.205
a,81539,0.000,0.000,36.000,0.000,4.043,-0.065,0.069,0.452,2.210,9.339,2.201
a,81543,0.000,0.000,36.000,0.000,4.087,-0.050,0.069,1.002,2.179,9.335,2.229
a,81548,0.000,0.000,36.000,0.000,4.131,-0.081,0.236,0.819,2.222,9.323,2.211
a,81551,0.000,0.000,36.000,0.000,4.175,-0.172,0.007,0.941,2.224,9.353,2.195
a,81555,0.000,0.000,36.000,0.000,4.043,0.041,0.053,0.132,2.218,9.371,2.209
a,81559,0.000,0.000,36.000,0.000,4.131,-0.081,0.114,-0.586,2.217,9.349,2.213
a,81563,0.000,0.000,36.000,0.000,4.087,0.179,-0.069,-0.647,2.235,9.352,2.198
a,81567,0.000,0.000,36.000,0.000,4.087,-0.020,0.023,0.620,2.209,9.339,2.200
a,81571,0.000,0.000,36.000,0.000,4.131,0.087,-0.115,0.437,2.217,9.331,2.198
a,81575,0.000,0.000,36.000,0.000,4.043,-0.065,-0.069,-0.097,2.204,9.374,2.211
a,81579,0.000,0.000,36.000,0.000,4.131,-0.020,-0.069,-0.036,2.217,9.354,2.209
a,81583,0.000,0.000,36.000,0.000,4.043,0.026,0.007,-0.097,2.225,9.365,2.197
a,81588,0.000,0.000,36.000,0.000,4.087,-0.035,0.236,0.819,2.237,9.334,2.203
a,81591,0.000,0.000,36.000,0.000,4.131,-0.035,0.114,-0.739,2.218,9.363,2.217
a,81595,0.000,0.000,36.000,0.000,4.131,-0.035,0.053,-0.143,2.222,9.333,2.218
a,81599,0.000,0.000,36.000,0.000,3.999,-0.065,0.130,1.506,2.222,9.323,2.197
a,81603,0.000,0.000,36.000,0.000,4.043,0.072,-0.130,-1.578,2.224,9.349,2.166
a,81608,0.000,0.000,36.000,0.000,4.043,0.026,-0.344,-0.739,2.191,9.349,2.201
a,81612,0.000,0.000,36.000,0.000,4.043,0.041,0.267,0.162,2.225,9.303,2.207
a,81616,0.000,0.000,36.000,0.000,4.043,-0.004,-0.099,1.002,2.219,9.346,2.215
a,81619,0.000,0.000,36.000,0.000,4.131,0.148,-0.054,0.330,2.257,9.378,2.204
a,81623,0.000,0.000,36.000,0.000,4.087,0.087,-0.130,0.009,2.217,9.367,2.198
a,81627,0.000,0.000,36.000,0.000,4.043,-0.127,-0.176,-0.036,2.179,9.345,2.219
a,81631,0.000,0.000,36.000,0.000,4.131,0.041,0.099,-0.204,2.212,9.365,2.200
a,81635,0.000,0.000,36.000,0.000,4.087,0.026,-0.222,-1.288,2.194,9.340,2.191
a,81640,0.000,0.000,36.000,0.000,4.087,-0.142,-0.176,-0.907,2.204,9.369,2.206
a,81643,0.000,0.000,36.000,0.000,4.043,0.026,-0.054,0.025,2.206,9.355,2.215
a,81647,0.000,0.000,36.000,0.000,4.043,0.102,-0.099,1.277,2.228,9.331,2.213
a,81652,0.000,0.000,36.000,0.000,4.043,0.072,-0.084,0.376,2.219,9.371,2.205
a,81655,0.000,0.000,36.000,0.000,4.043,-0.096,-0.038,-1.029,2.212,9.336,2.212
a,81659,0.000,0.000,36.000,0.000,4.131,-0.035,0.267,-0.265,2.194,9.347,2.195
a,81663,0.000,0.000,36.000,0.000,4.131,0.026,0.007,-0.311,2.228,9.365,2.180
a,81667,0.000,0.000,36.000,0.000,4.131,0.164,0.053,1.643,2.194,9.342,2.201
a,81671,0.000,0.000,36.000,0.000,4.087,0.072,-0.115,-1.029,2.201,9.351,2.188
a,81675,0.000,0.000,36.000,0.000,3.999,-0.065,0.053,-0.250,2.217,9.373,2.201
a,81679,0.000,0.000,36.000,0.000,4.043,-0.020,0.023,0.513,2.224,9.357,2.201
a,81683,0.000,0.000,36.000,0.000,4.087,0.087,-0.054,0.055,2.210,9.321,2.191
a,81687,0.000,0.000,36.000,0.000,3.999,-0.081,0.175,0.406,2.201,9.352,2.205
a,81691,0.000,0.000,36.000,0.000,3.955,0.041,0.145,-0.250,2.199,9.353,2.188
a,81695,0.000,0.000,36.000,0.000,4.043,0.087,-0.283,0.116,2.230,9.383,2.194
a,81699,0.000,0.000,36.000,0.000,3.999,0.087,-0.054,0.223,2.237,9.322,2.213
a,81704,0.000,0.000,36.000,0.000,4.043,-0.035,-0.115,-0.036,2.204,9.353,2.201
a,81707,0.000,0.000,36.000,0.000,4.043,-0.203,0.130,0.895,2.206,9.341,2.221
a,81711,0.000,0.000,36.000,0.000,4.043,0.087,0.114,-0.159,2.218,9.331,2.200
a,81715,0.000,0.000,36.000,0.000,4.087,0.026,0.236,0.544,2.199,9.324,2.195
a,81719,0.000,0.000,36.000,0.000,4.087,0.179,-0.099,0.437,2.215,9.358,2.197
a,81723,0.000,0.000,36.000,0.000,4.043,-0.035,0.038,-1.120,2.234,9.330,2.211
a,81727,0.000,0.000,36.000,0.000,4.087,-0.020,0.130,0.666,2.218,9.339,2.169
a,81731,0.000,0.000,36.000,0.000,4.131,-0.142,-0.130,0.880,2.224,9.346,2.224
a,81735,0.000,0.000,36.000,0.000,4.131,0.133,-0.054,-0.326,2.217,9.337,2.203
a,81740,0.000,0.000,36.000,0.000,3.911,0.133,0.069,0.437,2.225,9.366,2.193
a,81744,0.000,0.000,36.000,0.000,3.955,0.041,0.130,0.773,2.219,9.324,2.176
a,81747,0.000,0.000,36.000,0.000,4.043,0.118,-0.008,-1.731,2.217,9.349,2.229
a,81751,0.000,0.000,36.000,0.000,4.131,0.148,-0.176,-0.372,2.217,9.339,2.194
a,81755,0.000,0.000,36.000,0.000,3.955,-0.035,0.069,0.895,2.210,9.333,2.191
a,81759,0.000,0.000,36.000,0.000,3.999,0.041,0.114,0.345,2.206,9.334,2.195
a,81764,0.000,0.000,36.000,0.000,4.131,-0.065,-0.038,0.513,2.240,9.346,2.209
a,81768,0.000,0.000,36.000,0.000,4.087,0.133,0.023,0.880,2.210,9.337,2.197
a,81771,0.000,0.000,36.000,0.000,4.087,-0.142,0.023,0.452,2.224,9.355,2.197
a,81775,0.000,0.000,36.000,0.000,4.131,0.133,-0.054,-0.540,2.204,9.336,2.206
a,81779,0.000,0.000,36.000,0.000,3.999,-0.142,0.069,0.284,2.234,9.347,2.193
a,81783,0.000,0.000,36.000,0.000,4.043,0.133,-0.008,-0.433,2.218,9.340,2.185
a,81788,0.000,0.000,36.000,0.000,4.043,0.148,-0.069,-0.159,2.207,9.347,2.206
a,81791,0.000,0.000,36.000,0.000,4.131,-0.020,0.160,0.773,2.199,9.342,2.223
a,81796,0.000,0.000,36.000,0.000,4.043,-0.035,0.023,0.895,2.218,9.336,2.193
a,81799,0.000,0.000,36.000,0.000,3.999,-0.081,0.038,-1.456,2.228,9.321,2.200
a,81803,0.000,0.000,36.000,0.000,4.087,0.026,-0.115,-1.075,2.222,9.357,2.185
a,81807,0.000,0.000,36.000,0.000,4.087,0.026,-0.115,-1.563,2.206,9.324,2.213
a,81811,0.000,0.000,36.000,0.000,4.087,-0.050,-0.160,1.063,2.241,9.327,2.209
a,81815,0.000,0.000,36.000,0.000,4.043,-0.127,-0.054,0.620,2.218,9.339,2.185
a,81819,0.000,0.000,36.000,0.000,4.087,0.026,-0.222,-0.800,2.188,9.360,2.211
a,81823,0.000,0.000,36.000,0.000,4.043,0.286,-0.099,0.269,2.218,9.353,2.206
a,81827,0.000,0.000,36.000,0.000,4.087,-0.081,0.114,-0.800,2.240,9.331,2.217
a,81831,0.000,0.000,36.000,0.000,4.087,0.026,0.236,0.712,2.199,9.355,2.176
a,81835,0.000,0.000,36.000,0.000,3.999,0.072,-0.267,0.162,2.222,9.327,2.193
a,81839,0.000,0.000,36.000,0.000,4.175,0.026,0.175,0.452,2.218,9.352,2.193
a,81843,0.000,0.000,36.000,0.000,4.087,0.133,-0.069,-0.922,2.194,9.340,2.194
a,81847,0.000,0.000,36.000,0.000,4.043,-0.127,-0.115,-0.204,2.215,9.385,2.201
a,81852,0.000,0.000,36.000,0.000,4.043,-0.142,0.282,0.544,2.222,9.352,2.201
a,81855,0.000,0.000,36.000,0.000,4.043,-0.096,-0.222,-1.013,2.210,9.343,2.215
a,81859,0.000,0.000,36.000,0.000,4.043,-0.020,-0.008,-0.097,2.225,9.354,2.186
a,81863,0.000,0.000,36.000,0.000,4.043,0.041,0.099,-0.143,2.240,9.340,2.195
a,81867,0.000,0.000,36.000,0.000,4.087,0.179,-0.008,-0.754,2.234,9.354,2.200
a,81871,0.000,0.000,36.000,0.000,4.087,0.179,-0.008,-0.601,2.233,9.349,2.200
a,81875,0.000,0.000,36.000,0.000,3.999,-0.127,0.221,0.651,2.191,9.349,2.215
a,81879,0.000,0.000,36.000,0.000,3.999,-0.081,0.145,-0.800,2.191,9.353,2.185
a,81883,0.000,0.000,36.000,0.000,4.087,-0.111,0.023,1.063,2.215,9.363,2.194
a,81888,0.000,0.000,36.000,0.000,4.043,0.041,0.160,0.452,2.222,9.354,2.207
a,81892,0.000,0.000,36.000,0.000,4.043,-0.218,0.160,-1.013,2.228,9.359,2.203
a,81895,0.000,0.000,36.000,0.000,4.131,0.133,0.389,0.101,2.209,9.333,2.205
a,81899,0.000,0.000,36.000,0.000,3.999,-0.127,0.114,0.773,2.187,9.334,2.192
a,81903,0.000,0.000,36.000,0.000,4.087,0.087,0.206,0.040,2.217,9.319,2.206
a,81907,0.000,0.000,36.000,0.000,4.043,0.026,0.023,0.345,2.219,9.343,2.199
a,81912,0.000,0.000,36.000,0.000,4.087,-0.157,0.053,-1.334,2.193,9.337,2.218
a,81916,0.000,0.000,36.000,0.000,4.043,-0.020,0.053,-0.097,2.188,9.339,2.204
a,81919,0.000,0.000,36.000,0.000,4.043,-0.020,0.023,0.284,2.218,9.349,2.213
a,81923,0.000,0.000,36.000,0.000,4.087,-0.035,-0.008,-0.632,2.210,9.324,2.215
a,81927,0.000,0.000,36.000,0.000,4.043,0.194,-0.099,0.330,2.219,9.351,2.195
a,81931,0.000,0.000,36.000,0.000,4.087,0.087,0.069,0.498,2.222,9.334,2.204
a,81935,0.000,0.000,36.000,0.000,3.999,-0.081,-0.222,-0.143,2.199,9.334,2.203
a,81940,0.000,0.000,36.000,0.000,4.087,-0.065,0.175,0.406,2.230,9.351,2.172
a,81944,0.000,0.000,36.000,0.000,4.131,0.270,-0.160,1.490,2.215,9.336,2.227
a,81947,0.000,0.000,36.000,0.000,4.087,0.240,-0.008,-1.349,2.212,9.346,2.201
a,81952,0.000,0.000,36.000,0.000,3.999,-0.004,-0.054,1.002,2.209,9.357,2.219
a,81955,0.000,0.000,36.000,0.000,4.087,-0.065,-0.008,0.132,2.199,9.305,2.204
a,81959,0.000,0.000,36.000,0.000,4.087,-0.065,0.221,0.712,2.217,9.342,2.200
a,81963,0.000,0.000,36.000,0.000,3.999,0.026,-0.054,-1.013,2.210,9.325,2.201
a,81967,0.000,0.000,36.000,0.000,4.087,-0.203,0.114,-0.357,2.209,9.376,2.203
a,81971,0.000,0.000,36.000,0.000,4.087,-0.035,-0.283,-0.632,2.215,9.351,2.204
a,81975,0.000,0.000,36.000,0.000,4.131,-0.081,-0.145,0.284,2.237,9.343,2.209
a,81979,0.000,0.000,36.000,0.000,4.087,-0.004,0.023,1.887,2.224,9.359,2.198
a,81983,0.000,0.000,36.000,0.000,4.131,-0.020,0.313,-0.159,2.209,9.369,2.206
a,81987,0.000,0.000,36.000,0.000,4.087,-0.065,0.069,1.170,2.199,9.353,2.199
a,81991,0.000,0.000,36.000,0.000,3.999,-0.142,0.099,-0.693,2.228,9.346,2.200
a,81995,0.000,0.000,36.000,0.000,3.999,-0.203,-0.115,-0.907,2.206,9.363,2.176
a,82000,0.000,0.000,36.000,0.000,4.087,0.240,0.236,0.696,2.222,9.328,2.189
a,82003,0.000,0.000,36.000,0.000,4.043,0.087,-0.115,-0.326,2.203,9.328,2.204
a,82007,0.000,0.000,36.000,0.000,4.087,-0.081,0.053,-0.311,2.222,9.345,2.218
a,82011,0.000,0.000,36.000,0.000,4.043,-0.050,0.023,-0.479,2.222,9.333,2.211
a,82015,0.000,0.000,36.000,0.000,4.087,0.148,-0.222,0.055,2.230,9.335,2.195
a,82019,0.000,0.000,36.000,0.000,4.087,-0.249,-0.115,0.025,2.225,9.359,2.217
a,82023,0.000,0.000,36.000,0.000,4.131,0.148,0.114,-0.326,2.222,9.354,2.195
a,82027,0.000,0.000,36.000,0.000,4.043,-0.004,0.069,1.170,2.203,9.357,2.192
a,82031,0.000,0.000,36.000,0.000,4.131,-0.065,-0.008,0.070,2.193,9.353,2.188
a,82035,0.000,0.000,36.000,0.000,4.043,-0.020,-0.054,0.513,2.215,9.354,2.200
a,82040,0.000,0.000,36.000,0.000,4.131,0.087,0.023,0.544,2.241,9.348,2.182
a,82043,0.000,0.000,36.000,0.000,4.043,0.072,-0.237,-0.922,2.224,9.324,2.194
a,82047,0.000,0.000,36.000,0.000,4.087,-0.020,-0.328,-0.357,2.237,9.360,2.195
a,82051,0.000,0.000,36.000,0.000,4.131,-0.020,0.053,0.070,2.188,9.335,2.200
a,82055,0.000,0.000,36.000,0.000,4.087,-0.142,-0.115,-0.097,2.224,9.352,2.209
a,82060,0.000,0.000,36.000,0.000,4.043,0.041,-0.069,-0.311,2.217,9.330,2.201
a,82064,0.000,0.000,36.000,0.000,4.087,0.087,0.236,1.857,2.210,9.319,2.206
a,82067,0.000,0.000,36.000,0.000,4.131,0.026,-0.008,-0.418,2.206,9.373,2.224
a,82071,0.000,0.000,36.000,0.000,4.043,-0.096,0.114,-0.800,2.209,9.341,2.191
a,82075,0.000,0.000,36.000,0.000,4.131,-0.142,0.023,0.452,2.203,9.309,2.195
a,82079,0.000,0.000,36.000,0.000,4.043,0.072,-0.008,-0.433,2.204,9.345,2.201
a,82083,0.000,0.000,36.000,0.000,3.999,-0.142,0.175,0.834,2.201,9.348,2.211
a,82087,0.000,0.000,36.000,0.000,4.087,0.072,-0.283,-1.242,2.222,9.331,2.180
a,82091,0.000,0.000,36.000,0.000,4.087,-0.081,0.114,-0.739,2.225,9.340,2.185
a,82096,0.000,0.000,36.000,0.000,4.087,-0.081,-0.344,-0.632,2.215,9.349,2.186
a,82099,0.000,0.000,36.000,0.000,4.087,0.026,0.007,-0.525,2.218,9.354,2.211
a,82104,0.000,0.000,36.000,0.000,4.043,-0.020,-0.099,0.284,2.218,9.371,2.182
a,82108,0.000,0.000,36.000,0.000,4.043,0.011,0.007,-0.907,2.217,9.353,2.205
a,82111,0.000,0.000,36.000,0.000,4.043,0.041,0.023,0.666,2.204,9.342,2.209
a,82115,0.000,0.000,36.000,0.000,4.087,0.148,0.023,0.269,2.219,9.348,2.179
a,82119,0.000,0.000,36.000,0.000,4.043,-0.081,-0.069,-0.739,2.217,9.363,2.204
a,82123,0.000,0.000,36.000,0.000,4.043,-0.203,0.069,0.666,2.203,9.347,2.217
a,82127,0.000,0.000,36.000,0.000,4.087,-0.020,-0.160,0.025,2.218,9.330,2.206
a,82131,0.000,0.000,36.000,0.000,3.955,-0.020,-0.008,0.070,2.218,9.351,2.186
a,82135,0.000,0.000,36.000,0.000,4.043,0.179,-0.130,-1.471,2.237,9.336,2.194
a,82139,0.000,0.000,36.000,0.000,3.999,-0.142,0.145,-0.586,2.215,9.339,2.213
a,82143,0.000,0.000,36.000,0.000,4.043,0.072,0.099,-0.647,2.217,9.335,2.188
a,82147,0.000,0.000,36.000,0.000,4.087,0.011,0.007,-1.075,2.204,9.351,2.193
a,82151,0.000,0.000,36.000,0.000,4.087,0.240,-0.008,-0.708,2.222,9.345,2.201
a,82156,0.000,0.000,36.000,0.000,4.087,-0.065,-0.130,0.025,2.219,9.329,2.172
a,82159,0.000,0.000,36.000,0.000,4.087,0.057,-0.160,-0.815,2.203,9.324,2.205
a,82163,0.000,0.000,36.000,0.000,3.999,0.087,0.099,-0.220,2.228,9.336,2.206
a,82167,0.000,0.000,36.000,0.000,4.043,0.148,-0.115,-0.372,2.204,9.335,2.180
a,82171,0.000,0.000,36.000,0.000,4.087,-0.020,-0.160,0.284,2.212,9.330,2.195
a,82175,0.000,0.000,36.000,0.000,4.087,0.087,0.007,-0.113,2.193,9.331,2.211
a,82179,0.000,0.000,36.000,0.000,4.043,-0.127,-0.160,-0.250,2.209,9.311,2.204
a,82183,0.000,0.000,36.000,0.000,4.087,0.026,0.007,0.025,2.233,9.337,2.170
a,82188,0.000,0.000,36.000,0.000,4.087,-0.065,-0.054,0.284,2.215,9.348,2.188
a,82192,0.000,0.000,36.000,0.000,4.043,0.072,0.007,-0.647,2.210,9.330,2.186
a,82195,0.000,0.000,36.000,0.000,4.131,-0.172,-0.222,0.941,2.206,9.336,2.201
a,82199,0.000,0.000,36.000,0.000,3.955,-0.035,-0.237,-0.418,2.204,9.321,2.180
a,82203,0.000,0.000,36.000,0.000,3.955,0.057,0.023,1.002,2.210,9.369,2.206
a,82207,0.000,0.000,36.000,0.000,3.999,0.041,0.221,-0.220,2.217,9.354,2.224
a,82212,0.000,0.000,36.000,0.000,3.955,-0.081,-0.054,0.177,2.217,9.351,2.182
a,82216,0.000,0.000,36.000,0.000,4.087,-0.065,0.023,0.345,2.194,9.328,2.223
a,82219,0.000,0.000,36.000,0.000,3.999,-0.035,0.053,-0.800,2.235,9.354,2.221
a,82223,0.000,0.000,36.000,0.000,4.043,-0.035,-0.008,-0.846,2.206,9.391,2.195
a,82227,0.000,0.000,36.000,0.000,4.087,0.148,-0.069,-0.159,2.233,9.336,2.206
a,82231,0.000,0.000,36.000,0.000,4.087,0.087,-0.237,0.223,2.195,9.341,2.188
a,82235,0.000,0.000,36.000,0.000,4.087,0.148,-0.160,0.712,2.224,9.349,2.176
a,82239,0.000,0.000,36.000,0.000,3.999,0.087,0.007,-0.372,2.209,9.316,2.191
a,82243,0.000,0.000,36.000,0.000,4.087,0.087,-0.130,0.009,2.225,9.330,2.185
a,82247,0.000,0.000,36.000,0.000,4.087,0.072,-0.176,-0.479,2.217,9.336,2.219
a,82252,0.000,0.000,36.000,0.000,4.087,0.041,0.007,0.834,2.228,9.348,2.211
a,82256,0.000,0.000,36.000,0.000,4.087,0.026,0.053,-0.464,2.217,9.317,2.176
a,82259,0.000,0.000,36.000,0.000,4.087,-0.127,0.130,0.895,2.219,9.369,2.201
a,82264,0.000,0.000,36.000,0.000,4.043,-0.081,0.114,-0.907,2.228,9.363,2.213
a,82268,0.000,0.000,36.000,0.000,4.087,-0.035,-0.328,-1.227,2.219,9.367,2.192
a,82271,0.000,0.000,36.000,0.000,3.999,0.179,0.175,0.605,2.215,9.345,2.191
a,82275,0.000,0.000,36.000,0.000,4.087,0.148,-0.115,0.544,2.212,9.342,2.209
a,82279,0.000,0.000,36.000,0.000,4.087,-0.050,0.114,-0.464,2.222,9.339,2.211
a,82283,0.000,0.000,36.000,0.000,4.087,-0.096,-0.222,-0.693,2.228,9.351,2.195
a,82287,0.000,0.000,36.000,0.000,4.131,0.347,-0.099,0.712,2.210,9.365,2.201
a,82291,0.000,0.000,36.000,0.000,4.043,0.026,0.069,0.116,2.187,9.340,2.218
a,82295,0.000,0.000,36.000,0.000,4.131,0.041,0.007,0.620,2.225,9.361,2.207
a,82299,0.000,0.000,36.000,0.000,4.087,-0.127,-0.069,-0.204,2.204,9.353,2.198
a,82303,0.000,0.000,36.000,0.000,4.087,0.041,0.053,-0.204,2.224,9.346,2.201
a,82307,0.000,0.000,36.000,0.000,4.131,-0.127,0.175,0.941,2.217,9.353,2.199
a,82312,0.000,0.000,36.000,0.000,3.999,0.179,0.007,-0.540,2.224,9.365,2.209
a,82315,0.000,0.000,36.000,0.000,4.087,0.026,-0.115,0.025,2.222,9.363,2.193
a,82319,0.000,0.000,36.000,0.000,4.087,-0.065,0.053,-0.357,2.212,9.349,2.201
a,82323,0.000,0.000,36.000,0.000,4.043,-0.035,-0.160,-0.418,2.201,9.357,2.201
a,82327,0.000,0.000,36.000,0.000,4.043,0.087,0.114,0.712,2.222,9.343,2.200
a,82331,0.000,0.000,36.000,0.000,4.043,-0.020,-0.054,-0.036,2.219,9.339,2.194
a,82335,0.000,0.000,36.000,0.000,4.043,0.072,-0.267,-1.029,2.203,9.371,2.185
a,82340,0.000,0.000,36.000,0.000,3.999,-0.096,0.007,-0.632,2.209,9.345,2.193
a,82343,0.000,0.000,36.000,0.000,4.087,-0.065,-0.069,-0.204,2.219,9.346,2.192
a,82347,0.000,0.000,36.000,0.000,4.087,-0.142,0.069,0.620,2.228,9.348,2.180
a,82351,0.000,0.000,36.000,0.000,4.043,-0.188,-0.160,0.834,2.203,9.336,2.195
a,82356,0.000,0.000,36.000,0.000,4.043,0.148,-0.054,0.055,2.201,9.336,2.185
a,82360,0.000,0.000,36.000,0.000,4.043,0.087,0.130,0.269,2.215,9.331,2.224
a,82364,0.000,0.000,36.000,0.000,4.087,-0.081,0.267,-0.647,2.217,9.336,2.227
a,82367,0.000,0.000,36.000,0.000,4.043,-0.127,0.007,0.177,2.217,9.353,2.201
a,82371,0.000,0.000,36.000,0.000,4.043,0.194,-0.176,0.116,2.218,9.377,2.201
a,82375,0.000,0.000,36.000,0.000,4.131,-0.142,0.053,-0.739,2.217,9.328,2.200
a,82379,0.000,0.000,36.000,0.000,4.131,0.179,0.007,0.223,2.217,9.348,2.182
a,82383,0.000,0.000,36.000,0.000,4.087,0.026,-0.008,-1.609,2.222,9.347,2.194
a,82388,0.000,0.000,36.000,0.000,4.087,0.102,-0.145,1.918,2.197,9.334,2.215
a,82392,0.000,0.000,36.000,0.000,4.087,-0.188,0.298,1.200,2.228,9.337,2.203
a,82395,0.000,0.000,36.000,0.000,4.131,0.072,0.160,-0.433,2.212,9.351,2.223
a,82400,0.000,0.000,36.000,0.000,4.087,-0.065,-0.054,0.132,2.224,9.359,2.198
a,82403,0.000,0.000,36.000,0.000,4.131,-0.004,0.007,1.338,2.228,9.351,2.195
a,82407,0.000,0.000,36.000,0.000,4.043,-0.065,-0.054,0.177,2.224,9.334,2.211
a,82411,0.000,0.000,36.000,0.000,3.999,-0.142,-0.008,-1.013,2.217,9.354,2.201
a,82415,0.000,0.000,36.000,0.000,4.131,0.026,-0.145,0.345,2.218,9.386,2.218
a,82419,0.000,0.000,36.000,0.000,4.043,-0.081,0.130,0.513,2.206,9.366,2.205
a,82423,0.000,0.000,36.000,0.000,4.043,0.026,-0.038,0.406,2.217,9.339,2.217
a,82427,0.000,0.000,36.000,0.000,3.955,0.087,-0.099,0.544,2.219,9.306,2.175
a,82431,0.000,0.000,36.000,0.000,4.131,0.148,0.023,1.154,2.218,9.351,2.215
a,82435,0.000,0.000,36.000,0.000,4.043,-0.111,0.007,1.063,2.224,9.363,2.201
a,82439,0.000,0.000,36.000,0.000,4.087,-0.035,-0.054,-0.418,2.215,9.316,2.195
a,82443,0.000,0.000,36.000,0.000,4.043,0.087,0.099,-0.326,2.186,9.373,2.195
a,82447,0.000,0.000,36.000,0.000,4.043,0.301,0.069,0.605,2.225,9.379,2.186
a,82452,0.000,0.000,36.000,0.000,4.131,-0.020,0.007,0.727,2.218,9.365,2.211
a,82455,0.000,0.000,36.000,0.000,4.087,0.041,-0.008,-0.143,2.235,9.374,2.176
a,82459,0.000,0.000,36.000,0.000,3.999,-0.127,0.007,0.620,2.225,9.346,2.186
a,82463,0.000,0.000,36.000,0.000,4.087,0.240,0.069,-0.281,2.230,9.340,2.217
a,82467,0.000,0.000,36.000,0.000,4.087,0.026,-0.237,-1.288,2.217,9.359,2.207
a,82471,0.000,0.000,36.000,0.000,4.087,-0.142,-0.099,0.559,2.206,9.336,2.189
a,82475,0.000,0.000,36.000,0.000,4.087,-0.127,-0.038,0.284,2.218,9.313,2.198
a,82479,0.000,0.000,36.000,0.000,4.087,-0.020,0.145,0.238,2.225,9.346,2.188
a,82483,0.000,0.000,36.000,0.000,4.087,-0.020,0.053,0.620,2.215,9.349,2.213
a,82488,0.000,0.000,36.000,0.000,4.043,0.102,0.069,1.109,2.233,9.340,2.194
a,82492,0.000,0.000,36.000,0.000,4.043,0.041,0.069,0.406,2.186,9.345,2.182
a,82495,0.000,0.000,36.000,0.000,4.087,0.026,-0.023,0.651,2.191,9.322,2.222
a,82499,0.000,0.000,36.000,0.000,4.087,0.255,0.053,-0.113,2.225,9.377,2.200
a,82503,0.000,0.000,36.000,0.000,4.043,-0.020,-0.222,0.132,2.212,9.360,2.195
a,82507,0.000,0.000,36.000,0.000,3.999,-0.081,-0.008,-1.075,2.184,9.340,2.211
a,82512,0.000,0.000,36.000,0.000,4.043,0.133,-0.008,-0.708,2.217,9.343,2.204
a,82516,0.000,0.000,36.000,0.000,4.087,-0.020,-0.023,1.109,2.210,9.360,2.225
a,82519,0.000,0.000,36.000,0.000,4.131,0.041,0.343,0.819,2.191,9.357,2.200
a,82523,0.000,0.000,36.000,0.000,4.043,0.041,-0.008,-0.250,2.253,9.365,2.185
a,82527,0.000,0.000,36.000,0.000,4.043,-0.188,0.114,0.895,2.212,9.359,2.207
a,82531,0.000,0.000,36.000,0.000,4.131,0.041,0.114,-0.357,2.218,9.342,2.201
a,82535,0.000,0.000,36.000,0.000,3.999,0.041,-0.145,0.284,2.230,9.335,2.211
a,82539,0.000,0.000,36.000,0.000,4.043,-0.127,-0.054,0.132,2.218,9.373,2.221
a,82543,0.000,0.000,36.000,0.000,4.087,-0.020,0.053,0.070,2.210,9.351,2.223
a,82547,0.000,0.000,36.000,0.000,4.131,0.087,-0.160,0.162,2.197,9.392,2.211
a,82552,0.000,0.000,36.000,0.000,4.087,0.072,0.114,0.162,2.206,9.319,2.191
a,82555,0.000,0.000,36.000,0.000,4.087,-0.142,-0.222,-0.250,2.228,9.359,2.191
a,82559,0.000,0.000,36.000,0.000,3.999,-0.172,-0.206,1.002,2.217,9.359,2.211
a,82564,0.000,0.000,36.000,0.000,4.087,-0.035,-0.038,0.773,2.235,9.337,2.209
a,82567,0.000,0.000,36.000,0.000,4.043,0.011,-0.115,-1.075,2.219,9.345,2.189
a,82571,0.000,0.000,36.000,0.000,4.043,0.041,0.069,1.399,2.240,9.334,2.215
a,82575,0.000,0.000,36.000,0.000,4.131,0.057,-0.160,-0.708,2.201,9.358,2.209
a,82579,0.000,0.000,36.000,0.000,3.999,-0.020,0.114,-0.357,2.212,9.319,2.182
a,82583,0.000,0.000,36.000,0.000,4.131,0.255,0.038,0.162,2.222,9.369,2.204
a,82587,0.000,0.000,36.000,0.000,4.087,-0.065,-0.054,0.070,2.230,9.349,2.217
a,82591,0.000,0.000,36.000,0.000,3.999,-0.020,-0.252,0.345,2.219,9.339,2.186
a,82595,0.000,0.000,36.000,0.000,4.087,0.133,-0.054,-0.113,2.204,9.366,2.195
a,82599,0.000,0.000,36.000,0.000,4.043,0.072,-0.038,0.269,2.212,9.391,2.193
a,82603,0.000,0.000,36.000,0.000,3.955,-0.172,0.130,0.941,2.222,9.334,2.209
a,82608,0.000,0.000,36.000,0.000,3.999,0.087,0.023,0.987,2.217,9.366,2.203
a,82611,0.000,0.000,36.000,0.000,4.043,0.072,0.099,-0.815,2.206,9.343,2.194
a,82615,0.000,0.000,36.000,0.000,4.131,0.057,0.053,1.292,2.211,9.334,2.209
a,82619,0.000,0.000,36.000,0.000,4.131,0.041,0.023,0.773,2.219,9.331,2.200
a,82623,0.000,0.000,36.000,0.000,3.999,0.041,-0.176,-0.311,2.206,9.324,2.192
a,82627,0.000,0.000,36.000,0.000,3.999,0.072,0.053,-0.601,2.199,9.351,2.211
a,82631,0.000,0.000,36.000,0.000,4.043,-0.188,-0.145,0.513,2.230,9.325,2.186
a,82635,0.000,0.000,36.000,0.000,3.999,-0.111,0.130,1.338,2.222,9.335,2.207
a,82640,0.000,0.000,36.000,0.000,4.087,-0.310,-0.160,-0.464,2.210,9.339,2.186
a,82644,0.000,0.000,36.000,0.000,4.131,0.011,0.007,-0.846,2.246,9.328,2.211
a,82647,0.000,0.000,36.000,0.000,4.087,-0.233,0.130,0.666,2.193,9.354,2.207
a,82651,0.000,0.000,36.000,0.000,3.999,0.148,-0.267,0.437,2.203,9.317,2.200
a,82655,0.000,0.000,36.000,0.000,4.043,0.026,-0.130,-1.288,2.218,9.359,2.219
a,82660,0.000,0.000,36.000,0.000,4.175,0.026,-0.435,-1.395,2.219,9.360,2.240
a,82664,0.000,0.000,36.000,0.000,4.131,-0.035,-0.008,-0.586,2.219,9.335,2.192
a,82668,0.000,0.000,36.000,0.000,4.043,-0.065,-0.008,0.025,2.235,9.347,2.198
a,82671,0.000,0.000,36.000,0.000,4.043,-0.127,0.023,0.513,2.222,9.367,2.213
a,82675,0.000,0.000,36.000,0.000,3.999,-0.050,0.160,1.170,2.206,9.325,2.194
a,82679,0.000,0.000,36.000,0.000,4.043,0.087,-0.038,0.391,2.246,9.379,2.195
a,82683,0.000,0.000,36.000,0.000,4.043,-0.111,-0.099,1.170,2.218,9.322,2.233
a,82687,0.000,0.000,36.000,0.000,4.043,-0.081,-0.054,-0.418,2.234,9.339,2.195
a,82692,0.000,0.000,36.000,0.000,4.131,0.102,0.114,0.925,2.210,9.339,2.180
a,82696,0.000,0.000,36.000,0.000,4.131,0.194,0.130,0.880,2.225,9.339,2.185
a,82699,0.000,0.000,36.000,0.000,4.131,0.087,-0.176,0.223,2.225,9.346,2.186
a,82704,0.000,0.000,36.000,0.000,4.043,0.087,-0.267,0.116,2.219,9.354,2.192
a,82707,0.000,0.000,36.000,0.000,4.175,-0.081,0.069,0.452,2.204,9.359,2.182
a,82711,0.000,0.000,36.000,0.000,3.999,0.072,-0.115,-0.540,2.230,9.364,2.195
a,82715,0.000,0.000,36.000,0.000,4.087,-0.218,0.236,-0.449,2.218,9.364,2.211
a,82719,0.000,0.000,36.000,0.000,4.087,-0.249,-0.237,-1.227,2.212,9.363,2.194
a,82723,0.000,0.000,36.000,0.000,4.043,-0.020,-0.054,-0.250,2.209,9.339,2.206
a,82727,0.000,0.000,36.000,0.000,4.043,-0.081,0.175,0.284,2.193,9.324,2.212
a,82731,0.000,0.000,36.000,0.000,4.043,0.026,0.114,-0.143,2.243,9.359,2.206
a,82735,0.000,0.000,36.000,0.000,4.043,-0.157,-0.054,-0.968,2.234,9.363,2.186
a,82739,0.000,0.000,36.000,0.000,4.043,0.087,-0.008,-0.372,2.222,9.335,2.211
a,82743,0.000,0.000,36.000,0.000,4.087,-0.020,-0.054,-0.357,2.222,9.346,2.217
a,82748,0.000,0.000,36.000,0.000,4.043,0.087,-0.145,0.605,2.199,9.351,2.198
a,82751,0.000,0.000,36.000,0.000,4.087,0.072,0.069,-0.235,2.201,9.318,2.199
a,82755,0.000,0.000,36.000,0.000,4.131,-0.035,0.160,0.070,2.222,9.358,2.201
a,82759,0.000,0.000,36.000,0.000,4.043,-0.004,0.023,1.170,2.222,9.359,2.209
a,82763,0.000,0.000,36.000,0.000,4.131,-0.065,0.023,0.620,2.209,9.328,2.217
a,82767,0.000,0.000,36.000,0.000,4.087,-0.127,0.145,-0.357,2.204,9.354,2.207
a,82771,0.000,0.000,36.000,0.000,4.043,0.041,-0.328,0.727,2.210,9.361,2.198
a,82775,0.000,0.000,36.000,0.000,3.999,0.194,-0.054,0.269,2.222,9.336,2.188
a,82779,0.000,0.000,36.000,0.000,4.131,0.087,-0.008,-0.220,2.219,9.339,2.200
a,82783,0.000,0.000,36.000,0.000,4.131,0.087,-0.283,-0.113,2.217,9.319,2.201
a,82787,0.000,0.000,36.000,0.000,4.043,0.087,0.191,1.124,2.218,9.331,2.193
a,82792,0.000,0.000,36.000,0.000,4.043,-0.004,-0.054,1.506,2.237,9.342,2.198
a,82795,0.000,0.000,36.000,0.000,4.043,-0.157,-0.054,-1.181,2.219,9.347,2.195
a,82799,0.000,0.000,36.000,0.000,4.043,-0.035,0.038,-0.632,2.188,9.343,2.192
a,82803,0.000,0.000,36.000,0.000,4.087,0.148,0.069,0.651,2.203,9.357,2.201
a,82807,0.000,0.000,36.000,0.000,4.087,0.286,-0.176,-0.647,2.204,9.339,2.198
a,82812,0.000,0.000,36.000,0.000,4.087,-0.020,0.007,-0.250,2.217,9.354,2.201
a,82816,0.000,0.000,36.000,0.000,4.043,-0.020,-0.099,0.620,2.215,9.371,2.191
a,82819,0.000,0.000,36.000,0.000,4.087,0.087,-0.054,-0.113,2.234,9.354,2.217
a,82823,0.000,0.000,36.000,0.000,4.175,-0.127,0.069,1.231,2.222,9.312,2.205
a,82828,0.000,0.000,36.000,0.000,4.087,0.179,0.023,0.651,2.224,9.345,2.193
a,82831,0.000,0.000,36.000,0.000,4.175,-0.065,0.007,-0.036,2.206,9.365,2.204
a,82835,0.000,0.000,36.000,0.000,4.087,-0.188,0.160,0.177,2.197,9.316,2.194
a,82839,0.000,0.000,36.000,0.000,4.043,-0.035,-0.054,-0.418,2.235,9.349,2.195
a,82844,0.000,0.000,36.000,0.000,4.087,-0.065,0.114,0.559,2.237,9.346,2.198
a,82847,0.000,0.000,36.000,0.000,3.999,0.286,-0.099,0.330,2.217,9.359,2.189
a,82852,0.000,0.000,36.000,0.000,4.175,0.255,-0.237,0.055,2.206,9.336,2.219
a,82856,0.000,0.000,36.000,0.000,4.087,-0.081,-0.130,-0.693,2.215,9.340,2.211
a,82859,0.000,0.000,36.000,0.000,4.087,0.087,0.069,0.758,2.230,9.359,2.192
a,82863,0.000,0.000,36.000,0.000,4.131,-0.020,-0.038,0.834,2.237,9.346,2.204
a,82867,0.000,0.000,36.000,0.000,4.087,0.164,0.267,-0.876,2.233,9.337,2.199
a,82871,0.000,0.000,36.000,0.000,3.999,0.041,-0.130,-0.204,2.210,9.329,2.192
a,82875,0.000,0.000,36.000,0.000,4.087,-0.081,-0.054,-0.097,2.224,9.345,2.224
a,82879,0.000,0.000,36.000,0.000,4.131,0.072,-0.069,-0.433,2.201,9.351,2.227
a,82883,0.000,0.000,36.000,0.000,4.131,-0.172,0.023,1.002,2.215,9.378,2.186
a,82887,0.000,0.000,36.000,0.000,4.087,-0.035,0.053,-0.968,2.224,9.379,2.213
a,82891,0.000,0.000,36.000,0.000,4.087,-0.035,0.099,-1.013,2.215,9.363,2.209
a,82895,0.000,0.000,36.000,0.000,4.087,0.209,0.114,1.383,2.206,9.342,2.219
a,82899,0.000,0.000,36.000,0.000,4.043,-0.065,0.038,-0.143,2.222,9.353,2.206
a,82904,0.000,0.000,36.000,0.000,4.043,-0.157,0.007,-1.013,2.225,9.337,2.230
a,82907,0.000,0.000,36.000,0.000,4.043,-0.142,-0.115,-0.739,2.209,9.348,2.209
a,82911,0.000,0.000,36.000,0.000,4.043,-0.050,0.023,-1.197,2.224,9.366,2.199
a,82915,0.000,0.000,36.000,0.000,4.043,-0.035,0.130,0.620,2.209,9.324,2.193
a,82919,0.000,0.000,36.000,0.000,4.043,0.087,-0.130,-0.113,2.212,9.345,2.191
a,82923,0.000,0.000,36.000,0.000,4.043,0.026,-0.054,-0.525,2.235,9.360,2.209
a,82927,0.000,0.000,36.000,0.000,4.131,0.148,-0.054,0.162,2.197,9.334,2.207
a,82931,0.000,0.000,36.000,0.000,4.043,0.026,0.069,0.452,2.219,9.351,2.199
a,82935,0.000,0.000,36.000,0.000,4.087,-0.035,0.069,0.345,2.201,9.339,2.197
a,82940,0.000,0.000,36.000,0.000,4.175,-0.020,-0.054,0.773,2.191,9.367,2.200
a,82944,0.000,0.000,36.000,0.000,4.043,0.041,-0.038,0.345,2.209,9.377,2.209
a,82947,0.000,0.000,36.000,0.000,4.043,0.148,-0.115,-0.372,2.206,9.357,2.217
a,82952,0.000,0.000,36.000,0.000,4.087,0.087,0.114,0.330,2.203,9.347,2.188
a,82955,0.000,0.000,36.000,0.000,4.087,0.072,0.053,-0.815,2.188,9.348,2.200
a,82959,0.000,0.000,36.000,0.000,3.955,-0.157,0.160,-0.464,2.210,9.351,2.218
a,82964,0.000,0.000,36.000,0.000,4.131,0.118,-0.160,-1.517,2.191,9.337,2.195
a,82968,0.000,0.000,36.000,0.000,4.043,-0.035,-0.176,-0.464,2.241,9.364,2.204
a,82972,0.000,0.000,36.000,0.000,4.087,0.057,-0.054,-1.349,2.212,9.343,2.197
a,82975,0.000,0.000,36.000,0.000,4.087,0.072,0.252,0.467,2.234,9.349,2.193
a,82979,0.000,0.000,36.000,0.000,4.043,0.133,0.160,-0.708,2.212,9.365,2.201
a,82983,0.000,0.000,36.000,0.000,4.043,-0.081,0.114,-0.097,2.204,9.324,2.193
a,82988,0.000,0.000,36.000,0.000,4.087,-0.081,0.053,-0.036,2.224,9.363,2.205
a,82991,0.000,0.000,36.000,0.000,3.999,-0.020,-0.008,-0.097,2.215,9.340,2.211
a,82996,0.000,0.000,36.000,0.000,4.131,0.026,-0.115,-0.693,2.224,9.349,2.194
a,82999,0.000,0.000,36.000,0.000,4.087,0.011,0.053,-0.525,2.218,9.365,2.199
a,83003,0.000,0.000,36.000,0.000,3.999,0.255,-0.054,0.162,2.222,9.360,2.230
a,83007,0.000,0.000,36.000,0.000,4.043,0.087,0.053,0.223,2.222,9.354,2.195
a,83011,0.000,0.000,36.000,0.000,4.043,0.133,-0.069,-0.647,2.197,9.330,2.207
a,83015,0.000,0.000,36.000,0.000,4.043,-0.081,-0.054,0.070,2.210,9.348,2.212
a,83019,0.000,0.000,36.000,0.000,4.043,-0.081,0.236,0.758,2.215,9.351,2.205
a,83023,0.000,0.000,36.000,0.000,4.087,-0.020,0.236,1.277,2.217,9.348,2.178
a,83027,0.000,0.000,36.000,0.000,4.043,-0.157,0.023,-0.433,2.224,9.376,2.241
a,83031,0.000,0.000,36.000,0.000,4.087,-0.142,0.099,-1.013,2.210,9.348,2.191
a,83035,0.000,0.000,36.000,0.000,4.131,-0.127,0.114,0.238,2.215,9.349,2.200
a,83039,0.000,0.000,36.000,0.000,4.043,-0.065,0.007,-0.036,2.234,9.351,2.215
a,83044,0.000,0.000,36.000,0.000,3.999,-0.203,-0.160,-0.693,2.233,9.367,2.213
a,83047,0.000,0.000,36.000,0.000,4.087,-0.065,0.038,1.322,2.224,9.349,2.206
a,83051,0.000,0.000,36.000,0.000,4.087,0.133,0.114,-1.090,2.215,9.330,2.198
a,83055,0.000,0.000,36.000,0.000,4.087,-0.157,-0.160,-0.800,2.217,9.365,2.201
a,83059,0.000,0.000,36.000,0.000,4.087,0.087,0.160,-0.052,2.222,9.359,2.206
a,83063,0.000,0.000,36.000,0.000,4.087,0.133,-0.267,-0.159,2.215,9.348,2.186
a,83067,0.000,0.000,36.000,0.000,4.175,0.041,0.007,0.345,2.212,9.357,2.227
a,83071,0.000,0.000,36.000,0.000,4.043,0.148,-0.069,0.009,2.210,9.337,2.213
a,83075,0.000,0.000,36.000,0.000,3.999,0.179,0.038,-0.815,2.217,9.342,2.182
a,83079,0.000,0.000,36.000,0.000,4.043,0.041,0.053,0.070,2.225,9.339,2.215
a,83083,0.000,0.000,36.000,0.000,4.087,0.133,0.221,-0.617,2.187,9.331,2.194
a,83088,0.000,0.000,36.000,0.000,4.131,-0.035,-0.054,-0.800,2.212,9.359,2.233
a,83092,0.000,0.000,36.000,0.000,4.043,0.164,-0.099,-0.769,2.204,9.347,2.195
a,83095,0.000,0.000,36.000,0.000,4.043,0.072,0.069,0.758,2.218,9.376,2.191
a,83099,0.000,0.000,36.000,0.000,4.087,-0.035,-0.054,0.177,2.212,9.359,2.203
a,83103,0.000,0.000,36.000,0.000,4.043,-0.127,0.114,0.727,2.219,9.336,2.213
a,83107,0.000,0.000,36.000,0.000,4.087,-0.233,-0.328,-0.357,2.237,9.359,2.195
a,83112,0.000,0.000,36.000,0.000,4.087,0.041,-0.054,0.834,2.234,9.323,2.191
a,83116,0.000,0.000,36.000,0.000,3.999,0.179,-0.160,-0.647,2.217,9.342,2.201
a,83119,0.000,0.000,36.000,0.000,4.043,-0.035,-0.160,-0.846,2.206,9.349,2.179
a,83123,0.000,0.000,36.000,0.000,4.131,-0.050,-0.054,1.399,2.222,9.349,2.200
a,83127,0.000,0.000,36.000,0.000,3.911,0.148,-0.054,-0.372,2.222,9.363,2.213
a,83131,0.000,0.000,36.000,0.000,4.043,-0.111,-0.267,1.002,2.225,9.379,2.185
a,83135,0.000,0.000,36.000,0.000,4.131,0.072,-0.038,0.208,2.217,9.351,2.205
a,83140,0.000,0.000,36.000,0.000,4.087,-0.004,0.069,1.658,2.248,9.359,2.192
a,83143,0.000,0.000,36.000,0.000,4.043,-0.081,-0.176,-0.907,2.249,9.342,2.194
a,83148,0.000,0.000,36.000,0.000,4.043,-0.065,0.023,1.399,2.191,9.323,2.209
a,83151,0.000,0.000,36.000,0.000,4.087,-0.020,-0.008,0.132,2.234,9.385,2.213
a,83155,0.000,0.000,36.000,0.000,3.999,-0.065,-0.054,0.284,2.224,9.348,2.207
a,83159,0.000,0.000,36.000,0.000,3.999,-0.142,0.267,-0.372,2.210,9.341,2.199
a,83163,0.000,0.000,36.000,0.000,4.043,0.026,0.053,-0.693,2.218,9.336,2.191
a,83167,0.000,0.000,36.000,0.000,3.955,-0.020,-0.099,0.452,2.212,9.345,2.213
a,83171,0.000,0.000,36.000,0.000,4.043,0.194,0.053,0.223,2.210,9.334,2.201
a,83175,0.000,0.000,36.000,0.000,4.087,0.133,-0.099,0.880,2.217,9.372,2.205
a,83179,0.000,0.000,36.000,0.000,4.087,0.225,-0.115,-1.304,2.222,9.348,2.205
a,83183,0.000,0.000,36.000,0.000,4.131,0.148,0.007,0.651,2.237,9.340,2.207
a,83187,0.000,0.000,36.000,0.000,3.999,0.041,-0.252,0.620,2.222,9.373,2.215
a,83191,0.000,0.000,36.000,0.000,4.131,0.041,-0.283,-0.204,2.212,9.354,2.201
a,83195,0.000,0.000,36.000,0.000,3.999,0.179,0.175,0.605,2.201,9.359,2.193
a,83200,0.000,0.000,36.000,0.000,4.087,-0.157,-0.054,-0.632,2.234,9.347,2.211
a,83203,0.000,0.000,36.000,0.000,4.087,0.301,-0.038,0.758,2.212,9.371,2.204
a,83207,0.000,0.000,36.000,0.000,4.131,-0.142,-0.115,-0.464,2.199,9.328,2.209
a,83211,0.000,0.000,36.000,0.000,4.043,-0.188,0.252,-0.113,2.201,9.371,2.194
a,83215,0.000,0.000,36.000,0.000,4.131,0.072,0.175,0.437,2.230,9.345,2.211
a,83219,0.000,0.000,36.000,0.000,3.999,-0.310,0.038,-0.693,2.217,9.329,2.192
a,83223,0.000,0.000,36.000,0.000,4.087,0.148,0.236,0.483,2.215,9.367,2.206
a,83227,0.000,0.000,36.000,0.000,4.087,-0.294,0.099,-0.143,2.228,9.374,2.201
a,83231,0.000,0.000,36.000,0.000,4.087,0.087,-0.099,0.651,2.209,9.357,2.200
a,83235,0.000,0.000,36.000,0.000,4.087,-0.081,-0.054,-0.632,2.217,9.331,2.209
a,83239,0.000,0.000,36.000,0.000,4.087,-0.035,0.221,-0.326,2.212,9.339,2.197
a,83243,0.000,0.000,36.000,0.000,4.131,0.011,0.114,-0.418,2.222,9.334,2.209
a,83247,0.000,0.000,36.000,0.000,4.131,0.072,-0.206,0.712,2.222,9.343,2.231
a,83251,0.000,0.000,36.000,0.000,4.043,-0.203,0.206,-0.433,2.217,9.374,2.206
a,83255,0.000,0.000,36.000,0.000,4.526,-0.020,0.023,1.002,2.212,9.367,2.217
a,83259,0.000,0.000,36.000,0.000,4.043,0.087,-0.038,0.880,2.209,9.330,2.195
a,83263,0.000,0.000,36.000,0.000,4.043,-0.020,0.206,0.116,2.237,9.325,2.192
a,83267,0.000,0.000,36.000,0.000,4.087,0.194,0.114,0.269,2.201,9.346,2.188
a,83271,0.000,0.000,36.000,0.000,4.175,0.148,0.206,-0.235,2.204,9.306,2.217
a,83275,0.000,0.000,36.000,0.000,4.087,-0.081,0.206,-0.479,2.209,9.336,2.182
a,83279,0.000,0.000,36.000,0.000,4.043,-0.127,0.007,-0.204,2.233,9.319,2.229
a,83283,0.000,0.000,36.000,0.000,4.087,-0.081,0.038,-0.632,2.218,9.354,2.192
a,83287,0.000,0.000,36.000,0.000,4.131,-0.233,-0.008,-0.250,2.225,9.345,2.213
a,83291,0.000,0.000,36.000,0.000,3.999,0.255,0.114,0.162,2.225,9.340,2.219
a,83296,0.000,0.000,36.000,0.000,4.087,-0.035,0.191,0.742,2.224,9.341,2.188
a,83300,0.000,0.000,36.000,0.000,4.087,0.026,-0.008,-1.013,2.217,9.345,2.215
a,83304,0.000,0.000,36.000,0.000,4.087,0.026,0.206,-0.479,2.209,9.339,2.194
a,83307,0.000,0.000,36.000,0.000,3.955,-0.020,-0.008,0.132,2.219,9.335,2.188
a,83312,0.000,0.000,36.000,0.000,4.131,-0.142,-0.008,-0.418,2.222,9.333,2.191
a,83315,0.000,0.000,36.000,0.000,4.131,-0.127,0.160,0.070,2.222,9.351,2.215
a,83319,0.000,0.000,36.000,0.000,4.087,0.179,-0.160,0.055,2.241,9.323,2.180
a,83323,0.000,0.000,36.000,0.000,4.087,-0.065,-0.023,1.109,2.222,9.327,2.205
a,83327,0.000,0.000,36.000,0.000,4.043,0.026,-0.130,-0.418,2.215,9.335,2.200
a,83331,0.000,0.000,36.000,0.000,4.087,0.087,0.130,2.147,2.224,9.324,2.184
a,83336,0.000,0.000,36.000,0.000,4.175,0.148,0.099,0.162,2.228,9.325,2.200
a,83340,0.000,0.000,36.000,0.000,3.999,0.026,0.053,-0.800,2.224,9.349,2.186
a,83344,0.000,0.000,36.000,0.000,4.043,-0.065,0.007,0.238,2.191,9.297,2.176
a,83347,0.000,0.000,36.000,0.000,3.999,0.148,-0.069,-0.113,2.203,9.335,2.219
a,83351,0.000,0.000,36.000,0.000,4.043,-0.065,0.252,0.055,2.217,9.340,2.182
a,83355,0.000,0.000,36.000,0.000,4.131,-0.081,-0.328,-0.036,2.230,9.343,2.205
a,83359,0.000,0.000,36.000,0.000,4.175,0.026,0.053,0.177,2.203,9.334,2.218
a,83363,0.000,0.000,36.000,0.000,4.043,0.148,0.145,0.116,2.249,9.328,2.198
a,83367,0.000,0.000,36.000,0.000,4.043,-0.233,0.069,0.834,2.201,9.348,2.219
a,83371,0.000,0.000,36.000,0.000,4.175,0.072,0.282,0.376,2.201,9.333,2.218
a,83375,0.000,0.000,36.000,0.000,3.999,0.041,0.038,-0.357,2.224,9.336,2.191
a,83379,0.000,0.000,36.000,0.000,4.087,0.179,0.053,-0.861,2.240,9.335,2.192
a,83383,0.000,0.000,36.000,0.000,4.043,0.087,0.099,0.009,2.228,9.357,2.209
a,83388,0.000,0.000,36.000,0.000,4.087,-0.020,0.038,0.132,2.230,9.307,2.209
a,83391,0.000,0.000,36.000,0.000,4.087,-0.203,-0.237,-0.418,2.224,9.319,2.194
a,83395,0.000,0.000,36.000,0.000,4.087,0.026,-0.115,0.238,2.234,9.358,2.197
a,83399,0.000,0.000,36.000,0.000,4.043,-0.065,-0.222,0.284,2.224,9.322,2.215
a,83403,0.000,0.000,36.000,0.000,4.131,0.072,0.130,0.651,2.225,9.316,2.197
a,83407,0.000,0.000,36.000,0.000,4.043,-0.020,-0.099,0.620,2.212,9.324,2.195
a,83411,0.000,0.000,36.000,0.000,4.131,0.041,-0.038,0.513,2.230,9.353,2.192
a,83415,0.000,0.000,36.000,0.000,4.043,0.041,0.007,0.727,2.199,9.335,2.195
a,83419,0.000,0.000,36.000,0.000,3.955,-0.020,0.053,0.132,2.210,9.310,2.198
a,83423,0.000,0.000,36.000,0.000,4.043,-0.142,0.007,-1.013,2.217,9.334,2.191
a,83427,0.000,0.000,36.000,0.000,4.087,-0.020,-0.115,0.513,2.225,9.321,2.206
a,83431,0.000,0.000,36.000,0.000,4.043,-0.142,0.007,0.025,2.218,9.341,2.197
a,83435,0.000,0.000,36.000,0.000,4.131,-0.035,-0.069,-0.525,2.206,9.322,2.194
a,83440,0.000,0.000,36.000,0.000,3.999,0.026,-0.054,-0.097,2.217,9.324,2.199
a,83444,0.000,0.000,36.000,0.000,4.131,-0.050,0.053,1.399,2.209,9.346,2.195
a,83447,0.000,0.000,36.000,0.000,4.131,0.148,0.114,0.330,2.194,9.343,2.217
a,83451,0.000,0.000,36.000,0.000,4.131,-0.035,-0.008,-1.013,2.212,9.347,2.195
a,83455,0.000,0.000,36.000,0.000,4.131,0.072,0.023,0.758,2.228,9.343,2.186
a,83459,0.000,0.000,36.000,0.000,4.043,0.087,-0.130,0.162,2.204,9.331,2.182
a,83464,0.000,0.000,36.000,0.000,5.625,0.072,0.007,0.116,2.225,9.348,2.203
a,83468,0.000,0.000,36.000,0.000,4.131,0.118,0.007,-0.983,2.225,9.334,2.189
a,83472,0.000,0.000,36.000,0.000,4.131,-0.065,0.175,0.834,2.215,9.328,2.176
a,83475,0.000,0.000,36.000,0.000,4.043,0.026,-0.115,-0.586,2.217,9.313,2.188
a,83479,0.000,0.000,36.000,0.000,4.043,0.240,-0.160,-0.708,2.186,9.313,2.186
a,83483,0.000,0.000,36.000,0.000,4.175,0.026,0.236,0.437,2.219,9.324,2.186
a,83487,0.000,0.000,36.000,0.000,4.087,0.057,-0.038,1.002,2.215,9.334,2.198
a,83491,0.000,0.000,36.000,0.000,4.043,0.148,-0.054,0.391,2.224,9.306,2.217
a,83496,0.000,0.000,36.000,0.000,4.131,-0.020,-0.130,-0.036,2.209,9.349,2.198
a,83500,0.000,0.000,36.000,0.000,4.043,0.209,0.114,1.277,2.234,9.351,2.209
a,83503,0.000,0.000,36.000,0.000,4.043,-0.065,0.038,-0.357,2.222,9.321,2.192
a,83508,0.000,0.000,36.000,0.000,3.999,-0.172,-0.160,1.063,2.224,9.334,2.179
a,83511,0.000,0.000,36.000,0.000,3.999,-0.035,0.099,-0.586,2.230,9.339,2.204
a,83515,0.000,0.000,36.000,0.000,4.087,0.301,-0.115,0.712,2.224,9.346,2.198
a,83519,0.000,0.000,36.000,0.000,4.131,-0.020,0.236,0.330,2.241,9.339,2.211
a,83523,0.000,0.000,36.000,0.000,4.131,0.057,0.114,1.063,2.204,9.305,2.236
a,83527,0.000,0.000,36.000,0.000,4.131,0.087,-0.115,-0.159,2.204,9.348,2.206
a,83531,0.000,0.000,36.000,0.000,4.043,-0.020,-0.267,-0.250,2.191,9.348,2.191
a,83535,0.000,0.000,36.000,0.000,4.043,-0.035,0.023,0.406,2.197,9.310,2.188
a,83539,0.000,0.000,36.000,0.000,4.131,-0.065,-0.115,0.834,2.207,9.334,2.209
a,83543,0.000,0.000,36.000,0.000,4.087,-0.065,-0.222,0.177,2.206,9.319,2.200
a,83547,0.000,0.000,36.000,0.000,4.087,0.118,0.007,-0.540,2.218,9.310,2.218
a,83551,0.000,0.000,36.000,0.000,3.955,-0.035,-0.130,-0.907,2.235,9.340,2.186
a,83555,0.000,0.000,36.000,0.000,4.043,-0.065,0.267,0.330,2.194,9.305,2.200
a,83560,0.000,0.000,36.000,0.000,3.999,0.041,-0.115,0.773,2.204,9.357,2.198
a,83563,0.000,0.000,36.000,0.000,3.999,-0.142,-0.130,-0.632,2.230,9.330,2.173
a,83567,0.000,0.000,36.000,0.000,4.087,-0.142,0.145,0.391,2.237,9.322,2.222
a,83571,0.000,0.000,36.000,0.000,4.131,0.072,-0.160,-0.326,2.212,9.337,2.199
a,83575,0.000,0.000,36.000,0.000,4.131,0.026,0.160,-0.311,2.210,9.307,2.221
a,83579,0.000,0.000,36.000,0.000,4.087,0.087,0.007,0.009,2.222,9.319,2.201
a,83583,0.000,0.000,36.000,0.000,4.043,0.179,-0.160,-0.861,2.219,9.354,2.173
a,83588,0.000,0.000,36.000,0.000,4.087,-0.020,-0.115,0.025,2.218,9.331,2.223
a,83592,0.000,0.000,36.000,0.000,4.131,0.087,-0.160,0.269,2.223,9.301,2.223
a,83595,0.000,0.000,36.000,0.000,4.131,0.026,-0.054,-0.968,2.218,9.345,2.206
a,83599,0.000,0.000,36.000,0.000,3.999,0.041,0.160,0.727,2.222,9.340,2.195
a,83603,0.000,0.000,36.000,0.000,3.999,-0.050,0.023,1.002,2.237,9.335,2.204
a,83608,0.000,0.000,36.000,0.000,4.087,0.087,-0.008,-0.113,2.199,9.334,2.186
a,83612,0.000,0.000,36.000,0.000,4.043,0.072,-0.054,0.116,2.217,9.323,2.201
a,83616,0.000,0.000,36.000,0.000,4.131,-0.127,0.069,0.559,2.206,9.334,2.194
a,83619,0.000,0.000,36.000,0.000,4.087,-0.035,0.160,-0.036,2.237,9.333,2.195
a,83623,0.000,0.000,36.000,0.000,4.043,-0.127,0.160,0.177,2.204,9.357,2.200
a,83627,0.000,0.000,36.000,0.000,3.999,0.041,0.114,0.284,2.213,9.337,2.224
a,83631,0.000,0.000,36.000,0.000,3.999,-0.020,0.007,0.513,2.233,9.351,2.186
a,83635,0.000,0.000,36.000,0.000,4.087,0.179,0.099,-0.815,2.193,9.334,2.224
a,83639,0.000,0.000,36.000,0.000,4.482,0.255,-0.115,0.009,2.212,9.348,2.213
a,83643,0.000,0.000,36.000,0.000,4.087,0.011,0.053,-0.632,2.219,9.345,2.203
a,83647,0.000,0.000,36.000,0.000,3.999,0.087,-0.069,-0.326,2.197,9.345,2.211
a,83652,0.000,0.000,36.000,0.000,4.131,0.072,-0.130,-1.410,2.197,9.323,2.209
a,83655,0.000,0.000,36.000,0.000,4.087,0.102,0.114,1.383,2.197,9.336,2.192
a,83660,0.000,0.000,36.000,0.000,4.087,0.179,0.069,-0.388,2.233,9.322,2.199
a,83664,0.000,0.000,36.000,0.000,4.043,-0.065,0.069,0.559,2.212,9.321,2.195
a,83667,0.000,0.000,36.000,0.000,4.087,-0.127,0.343,0.437,2.210,9.348,2.217
a,83671,0.000,0.000,36.000,0.000,3.999,0.102,0.007,1.154,2.209,9.353,2.204
a,83675,0.000,0.000,36.000,0.000,4.175,-0.127,-0.267,0.025,2.225,9.353,2.180
a,83679,0.000,0.000,36.000,0.000,4.087,-0.020,-0.130,-0.311,2.241,9.323,2.186
a,83683,0.000,0.000,36.000,0.000,4.087,-0.020,0.099,-0.204,2.219,9.339,2.195
a,83687,0.000,0.000,36.000,0.000,4.087,-0.020,-0.222,-0.036,2.194,9.317,2.195
a,83691,0.000,0.000,36.000,0.000,4.087,0.026,0.114,-0.586,2.225,9.342,2.195
a,83695,0.000,0.000,36.000,0.000,4.131,-0.081,0.023,0.727,2.228,9.352,2.197
a,83699,0.000,0.000,36.000,0.000,4.131,-0.020,-0.099,0.773,2.224,9.360,2.221
a,83703,0.000,0.000,36.000,0.000,4.175,0.087,0.221,0.635,2.222,9.348,2.182
a,83707,0.000,0.000,36.000,0.000,3.999,0.148,0.023,0.712,2.230,9.359,2.195
a,83712,0.000,0.000,36.000,0.000,4.043,-0.020,0.038,0.177,2.206,9.315,2.192
a,83715,0.000,0.000,36.000,0.000,3.999,0.087,-0.099,0.330,2.217,9.319,2.179
a,83719,0.000,0.000,36.000,0.000,3.999,0.118,-0.191,-1.731,2.224,9.366,2.213
a,83723,0.000,0.000,36.000,0.000,4.131,-0.203,-0.008,-1.395,2.215,9.342,2.223
a,83727,0.000,0.000,36.000,0.000,4.087,0.148,0.007,0.498,2.211,9.339,2.201
a,83731,0.000,0.000,36.000,0.000,3.999,-0.035,-0.038,0.345,2.222,9.334,2.228
a,83735,0.000,0.000,36.000,0.000,4.087,0.026,0.053,0.070,2.225,9.337,2.215
a,83739,0.000,0.000,36.000,0.000,4.131,-0.065,-0.160,0.345,2.224,9.345,2.201
a,83743,0.000,0.000,36.000,0.000,4.043,-0.188,0.069,0.284,2.193,9.328,2.206
a,83748,0.000,0.000,36.000,0.000,4.087,-0.020,0.099,-0.143,2.201,9.349,2.204
a,83752,0.000,0.000,36.000,0.000,4.087,-0.065,-0.328,0.025,2.204,9.339,2.186
a,83755,0.000,0.000,36.000,0.000,4.087,-0.127,-0.115,0.406,2.210,9.336,2.213
a,83759,0.000,0.000,36.000,0.000,4.043,0.133,0.206,-1.212,2.197,9.346,2.194
a,83763,0.000,0.000,36.000,0.000,4.087,-0.081,0.007,-0.418,2.219,9.317,2.200
a,83767,0.000,0.000,36.000,0.000,4.087,0.087,-0.267,0.651,2.222,9.307,2.206
a,83772,0.000,0.000,36.000,0.000,4.043,0.133,0.038,-0.647,2.201,9.359,2.191
a,83776,0.000,0.000,36.000,0.000,4.043,-0.127,0.007,0.620,2.192,9.319,2.192
a,83780,0.000,0.000,36.000,0.000,4.175,0.041,0.069,0.727,2.203,9.336,2.229
a,83783,0.000,0.000,36.000,0.000,4.131,0.087,-0.237,-0.326,2.235,9.352,2.167
a,83787,0.000,0.000,36.000,0.000,3.999,0.087,0.221,0.864,2.243,9.304,2.195
a,83791,0.000,0.000,36.000,0.000,4.043,0.087,0.114,-0.159,2.204,9.317,2.217
a,83795,0.000,0.000,36.000,0.000,4.043,-0.142,-0.054,-1.075,2.225,9.311,2.201
a,83799,0.000,0.000,36.000,0.000,4.087,0.041,0.130,0.559,2.225,9.328,2.204
a,83803,0.000,0.000,36.000,0.000,4.087,-0.035,-0.054,-0.204,2.209,9.339,2.211
a,83807,0.000,0.000,36.000,0.000,4.043,0.087,-0.115,0.162,2.209,9.328,2.224
a,83811,0.000,0.000,36.000,0.000,3.999,-0.127,-0.344,0.070,2.219,9.305,2.223
a,83815,0.000,0.000,36.000,0.000,4.087,0.087,0.221,-0.006,2.212,9.321,2.200
a,83819,0.000,0.000,36.000,0.000,4.219,-0.188,-0.176,0.177,2.218,9.325,2.198
a,83823,0.000,0.000,36.000,0.000,4.131,-0.035,-0.222,-0.632,2.224,9.307,2.213
a,83827,0.000,0.000,36.000,0.000,4.087,0.164,-0.054,-0.983,2.234,9.351,2.197
a,83831,0.000,0.000,36.000,0.000,4.043,-0.188,0.130,0.941,2.193,9.318,2.178
a,83835,0.000,0.000,36.000,0.000,4.131,0.087,0.053,0.819,2.212,9.333,2.198
a,83840,0.000,0.000,36.000,0.000,3.999,-0.020,0.053,0.345,2.234,9.306,2.198
a,83844,0.000,0.000,36.000,0.000,4.043,0.041,0.053,0.345,2.197,9.322,2.194
a,83847,0.000,0.000,36.000,0.000,3.999,0.026,0.038,-0.464,2.197,9.330,2.194
a,83851,0.000,0.000,36.000,0.000,3.999,-0.081,0.007,-0.097,2.228,9.327,2.199
a,83856,0.000,0.000,36.000,0.000,4.043,0.133,-0.008,-0.433,2.225,9.282,2.191
a,83860,0.000,0.000,36.000,0.000,4.131,-0.188,0.023,0.559,2.212,9.319,2.209
a,83863,0.000,0.000,36.000,0.000,4.087,0.087,0.007,0.162,2.210,9.353,2.217
a,83868,0.000,0.000,36.000,0.000,4.087,0.270,0.007,1.048,2.230,9.324,2.192
a,83871,0.000,0.000,36.000,0.000,3.999,0.026,0.007,-1.395,2.224,9.324,2.186
a,83875,0.000,0.000,36.000,0.000,4.043,0.072,-0.176,-1.517,2.225,9.305,2.198
a,83879,0.000,0.000,36.000,0.000,4.043,-0.020,-0.008,0.025,2.193,9.284,2.206
a,83883,0.000,0.000,36.000,0.000,3.911,0.087,0.069,0.330,2.241,9.340,2.195
a,83888,0.000,0.000,36.000,0.000,4.043,-0.127,0.053,0.406,2.217,9.337,2.215
a,83891,0.000,0.000,36.000,0.000,3.999,-0.035,0.145,-0.739,2.219,9.306,2.204
a,83895,0.000,0.000,36.000,0.000,4.087,0.026,-0.115,0.132,2.217,9.347,2.205
a,83900,0.000,0.000,36.000,0.000,4.087,-0.020,0.099,-0.357,2.235,9.309,2.211
a,83903,0.000,0.000,36.000,0.000,4.131,-0.065,0.114,0.406,2.230,9.339,2.204
a,83907,0.000,0.000,36.000,0.000,4.175,-0.020,-0.176,0.025,2.234,9.324,2.223
a,83911,0.000,0.000,36.000,0.000,3.999,0.041,0.053,0.284,2.210,9.334,2.221
a,83915,0.000,0.000,36.000,0.000,4.131,0.041,-0.054,0.406,2.235,9.340,2.215
a,83919,0.000,0.000,36.000,0.000,4.087,-0.218,0.069,1.231,2.217,9.305,2.195
a,83923,0.000,0.000,36.000,0.000,4.087,0.133,-0.130,-1.578,2.218,9.298,2.211
a,83927,0.000,0.000,36.000,0.000,3.999,-0.004,-0.237,0.422,2.221,9.349,2.219
a,83931,0.000,0.000,36.000,0.000,4.087,0.072,-0.237,-1.624,2.203,9.311,2.215
a,83935,0.000,0.000,36.000,0.000,4.043,-0.050,0.053,1.063,2.212,9.322,2.207
a,83939,0.000,0.000,36.000,0.000,4.087,0.041,-0.145,0.834,2.217,9.364,2.206
a,83943,0.000,0.000,36.000,0.000,4.043,-0.065,-0.008,-0.311,2.215,9.331,2.204
a,83947,0.000,0.000,36.000,0.000,4.043,0.026,-0.176,-1.502,2.218,9.324,2.198
a,83952,0.000,0.000,36.000,0.000,4.175,0.057,0.053,1.063,2.218,9.337,2.191
a,83955,0.000,0.000,36.000,0.000,3.999,-0.035,-0.176,-0.739,2.206,9.319,2.215
a,83959,0.000,0.000,36.000,0.000,4.087,0.194,-0.099,0.651,2.233,9.322,2.200
a,83963,0.000,0.000,36.000,0.000,4.131,0.194,0.038,-0.052,2.194,9.317,2.194
a,83967,0.000,0.000,36.000,0.000,4.131,0.041,0.069,0.513,2.217,9.292,2.213
a,83971,0.000,0.000,36.000,0.000,4.131,-0.020,0.007,0.620,2.230,9.323,2.186
a,83975,0.000,0.000,36.000,0.000,4.131,-0.127,0.023,0.666,2.224,9.317,2.217
a,83979,0.000,0.000,36.000,0.000,4.043,-0.127,0.252,0.009,2.209,9.340,2.206
a,83983,0.000,0.000,36.000,0.000,4.087,0.041,0.007,0.559,2.217,9.325,2.209
a,83988,0.000,0.000,36.000,0.000,4.087,-0.035,0.114,-0.693,2.222,9.319,2.179
a,83992,0.000,0.000,36.000,0.000,4.043,0.041,0.038,-0.036,2.181,9.325,2.209
a,83995,0.000,0.000,36.000,0.000,4.043,-0.065,0.007,0.666,2.217,9.307,2.204
a,83999,0.000,0.000,36.000,0.000,3.999,0.087,0.053,0.712,2.209,9.325,2.206
a,84003,0.000,0.000,36.000,0.000,4.043,0.133,0.099,-0.922,2.234,9.343,2.198
a,84007,0.000,0.000,36.000,0.000,4.087,-0.065,0.099,-0.357,2.222,9.348,2.209
a,84012,0.000,0.000,36.000,0.000,4.087,-0.065,0.145,0.025,2.218,9.360,2.211
a,84016,0.000,0.000,36.000,0.000,4.043,0.026,-0.237,-0.693,2.218,9.316,2.198
a,84019,0.000,0.000,36.000,0.000,4.087,0.255,0.007,0.437,2.230,9.330,2.179
a,84023,0.000,0.000,36.000,0.000,4.043,-0.035,0.007,-0.632,2.188,9.325,2.201
a,84027,0.000,0.000,36.000,0.000,4.043,0.041,-0.130,-0.204,2.224,9.323,2.217
a,84031,0.000,0.000,36.000,0.000,4.043,-0.065,-0.160,-0.036,2.212,9.348,2.235
a,84035,0.000,0.000,36.000,0.000,4.043,0.026,-0.222,-0.525,2.215,9.321,2.221
a,84040,0.000,0.000,36.000,0.000,4.087,-0.065,-0.069,-0.311,2.218,9.353,2.201
a,84043,0.000,0.000,36.000,0.000,4.131,-0.050,-0.099,1.063,2.194,9.325,2.188
a,84048,0.000,0.000,36.000,0.000,4.043,0.087,0.130,0.391,2.234,9.317,2.191
a,84051,0.000,0.000,36.000,0.000,4.087,0.041,-0.008,0.070,2.204,9.348,2.180
a,84055,0.000,0.000,36.000,0.000,4.043,-0.111,-0.054,1.338,2.203,9.365,2.204
a,84059,0.000,0.000,36.000,0.000,4.131,-0.065,-0.008,-0.097,2.233,9.321,2.201
a,84063,0.000,0.000,36.000,0.000,4.043,0.102,0.053,1.872,2.209,9.334,2.200
a,84067,0.000,0.000,36.000,0.000,4.043,0.087,0.038,-0.052,2.235,9.336,2.201
a,84071,0.000,0.000,36.000,0.000,4.087,-0.188,-0.008,0.238,2.222,9.349,2.195
a,84075,0.000,0.000,36.000,0.000,4.087,0.072,0.114,0.116,2.212,9.328,2.191
a,84079,0.000,0.000,36.000,0.000,4.087,0.041,0.160,0.895,2.210,9.334,2.185
a,84083,0.000,0.000,36.000,0.000,4.087,-0.188,-0.008,0.132,2.224,9.351,2.224
a,84087,0.000,0.000,36.000,0.000,4.087,-0.065,-0.069,-0.311,2.212,9.351,2.209
a,84092,0.000,0.000,36.000,0.000,4.087,-0.020,0.313,0.009,2.197,9.328,2.200
a,84095,0.000,0.000,36.000,0.000,4.219,-0.035,-0.069,-0.846,2.217,9.342,2.204
a,84099,0.000,0.000,36.000,0.000,4.175,0.194,0.114,0.758,2.218,9.348,2.200
a,84103,0.000,0.000,36.000,0.000,4.175,-0.142,0.145,-1.456,2.206,9.335,2.192
a,84107,0.000,0.000,36.000,0.000,4.043,-0.065,-0.069,0.132,2.228,9.318,2.206
a,84111,0.000,0.000,36.000,0.000,4.087,0.072,-0.344,-0.922,2.217,9.311,2.198
a,84115,0.000,0.000,36.000,0.000,4.043,0.301,-0.099,0.498,2.225,9.319,2.213
a,84119,0.000,0.000,36.000,0.000,4.131,0.087,0.160,0.605,2.233,9.342,2.200
a,84123,0.000,0.000,36.000,0.000,4.131,-0.111,0.175,1.002,2.212,9.349,2.200
a,84127,0.000,0.000,36.000,0.000,4.043,-0.188,0.114,0.834,2.224,9.337,2.194
a,84131,0.000,0.000,36.000,0.000,4.087,0.041,0.221,0.498,2.209,9.322,2.224
a,84136,0.000,0.000,36.000,0.000,4.043,0.041,-0.099,0.895,2.224,9.339,2.192
a,84140,0.000,0.000,36.000,0.000,4.087,-0.020,0.007,0.620,2.218,9.311,2.235
a,84144,0.000,0.000,36.000,0.000,4.087,0.041,0.099,-0.357,2.225,9.345,2.219
a,84147,0.000,0.000,36.000,0.000,4.175,-0.020,0.099,0.177,2.215,9.330,2.182
a,84151,0.000,0.000,36.000,0.000,4.087,0.041,-0.222,-0.250,2.199,9.335,2.201
a,84155,0.000,0.000,36.000,0.000,4.043,0.087,0.099,0.009,2.212,9.315,2.198
a,84159,0.000,0.000,36.000,0.000,3.999,-0.070,-0.047,0.507,2.212,9.351,2.215
a,84164,0.000,0.000,36.000,0.000,4.087,0.082,-0.032,0.384,2.225,9.324,2.206
a,84168,0.000,0.000,36.000,0.000,4.087,0.189,0.121,0.491,2.215,9.340,2.185
a,84172,0.000,0.000,36.000,0.000,4.043,0.250,0.152,0.171,2.230,9.352,2.227
a,84175,0.000,0.000,36.000,0.000,4.087,0.174,0.045,-1.524,2.219,9.329,2.215
a,84179,0.000,0.000,36.000,0.000,4.087,-0.085,0.045,-1.127,2.219,9.337,2.180
a,84183,0.000,0.000,36.000,0.000,4.043,0.159,0.060,0.995,2.224,9.335,2.209
a,84187,0.000,0.000,36.000,0.000,3.999,0.067,-0.108,0.003,2.212,9.337,2.211
a,84192,0.000,0.000,36.000,0.000,4.043,-0.131,0.060,-0.303,2.243,9.359,2.204
a,84195,0.000,0.000,36.000,0.000,4.043,-0.070,0.060,-0.089,2.248,9.319,2.204
a,84200,0.000,0.000,36.000,0.000,4.043,0.021,-0.123,-0.639,2.209,9.367,2.223
a,84204,0.000,0.000,36.000,0.000,4.131,0.082,0.121,0.445,2.217,9.363,2.217
a,84207,0.000,0.000,36.000,0.000,4.087,-0.040,0.121,-0.577,2.251,9.311,2.221
a,84211,0.000,0.000,36.000,0.000,4.087,0.037,0.045,-0.089,2.203,9.363,2.211
a,84215,0.000,0.000,36.000,0.000,4.043,-0.085,-0.215,0.186,2.237,9.372,2.203
a,84219,0.000,0.000,36.000,0.000,4.131,-0.192,-0.062,0.079,2.203,9.337,2.176
a,84223,0.000,0.000,36.000,0.000,4.087,-0.070,-0.001,0.125,2.222,9.354,2.211
a,84227,0.000,0.000,36.000,0.000,4.131,0.067,0.045,-1.035,2.204,9.367,2.201
a,84231,0.000,0.000,36.000,0.000,4.131,0.067,0.045,-1.249,2.224,9.333,2.198
a,84235,0.000,0.000,36.000,0.000,4.043,0.037,0.014,0.400,2.204,9.377,2.180
a,84240,0.000,0.000,36.000,0.000,4.131,0.159,-0.047,-0.532,2.204,9.309,2.203
a,84243,0.000,0.000,36.000,0.000,4.043,-0.131,-0.001,-0.303,2.210,9.297,2.211
a,84247,0.000,0.000,36.000,0.000,4.087,-0.024,0.060,0.461,2.218,9.346,2.188
a,84252,0.000,0.000,36.000,0.000,4.043,-0.009,0.075,1.010,2.224,9.293,2.217
a,84255,0.000,0.000,36.000,0.000,4.087,-0.147,-0.169,-0.898,2.198,9.337,2.186
a,84259,0.000,0.000,36.000,0.000,4.043,0.082,-0.169,0.171,2.234,9.317,2.188
a,84263,0.000,0.000,36.000,0.000,3.999,-0.024,0.045,0.079,2.215,9.365,2.188
a,84267,0.000,0.000,36.000,0.000,4.087,-0.131,-0.062,0.018,2.201,9.357,2.213
a,84271,0.000,0.000,36.000,0.000,4.087,-0.024,0.167,0.568,2.209,9.345,2.219
a,84275,0.000,0.000,36.000,0.000,4.087,0.082,0.167,0.339,2.217,9.343,2.191
a,84279,0.000,0.000,36.000,0.000,4.087,0.189,-0.123,0.064,2.215,9.348,2.224
a,84283,0.000,0.000,36.000,0.000,4.087,-0.024,0.014,0.461,2.203,9.335,2.200
a,84288,0.000,0.000,36.000,0.000,4.087,0.082,-0.001,-0.211,2.219,9.346,2.206
a,84292,0.000,0.000,36.000,0.000,4.087,0.021,0.258,-0.654,2.233,9.340,2.182
a,84295,0.000,0.000,36.000,0.000,3.955,-0.009,-0.108,1.728,2.217,9.346,2.242
a,84299,0.000,0.000,36.000,0.000,4.087,0.021,-0.169,-0.791,2.215,9.339,2.204
a,84303,0.000,0.000,36.000,0.000,3.999,-0.131,-0.215,0.354,2.230,9.322,2.206
a,84307,0.000,0.000,36.000,0.000,4.043,-0.040,-0.001,-0.898,2.218,9.363,2.213
a,84312,0.000,0.000,36.000,0.000,3.955,-0.070,-0.230,0.186,2.215,9.364,2.182
a,84316,0.000,0.000,36.000,0.000,4.087,0.174,-0.215,0.064,2.224,9.327,2.186
a,84319,0.000,0.000,36.000,0.000,3.999,0.235,-0.047,-0.868,2.215,9.351,2.224
a,84323,0.000,0.000,36.000,0.000,4.043,-0.040,0.060,-0.745,2.224,9.349,2.180
a,84327,0.000,0.000,36.000,0.000,4.131,-0.040,0.014,-0.150,2.219,9.339,2.195
a,84331,0.000,0.000,36.000,0.000,4.043,-0.253,-0.108,-0.639,2.203,9.351,2.191
a,84335,0.000,0.000,36.000,0.000,4.087,-0.147,-0.230,-0.684,2.209,9.373,2.201
a,84340,0.000,0.000,36.000,0.000,4.131,-0.131,0.167,-0.364,2.222,9.335,2.204
a,84343,0.000,0.000,36.000,0.000,4.087,0.037,0.182,1.285,2.209,9.348,2.206
a,84348,0.000,0.000,36.000,0.000,4.131,0.067,-0.200,0.445,2.225,9.373,2.234
a,84351,0.000,0.000,36.000,0.000,4.131,-0.192,-0.276,-0.196,2.215,9.319,2.211
a,84355,0.000,0.000,36.000,0.000,4.043,0.082,0.106,0.110,2.212,9.369,2.227
a,84359,0.000,0.000,36.000,0.000,3.999,0.067,-0.062,-0.486,2.230,9.330,2.200
a,84363,0.000,0.000,36.000,0.000,4.087,-0.131,-0.047,-0.364,2.210,9.305,2.235
a,84367,0.000,0.000,36.000,0.000,3.999,-0.131,0.014,0.720,2.217,9.354,2.215
a,84371,0.000,0.000,36.000,0.000,4.043,-0.070,-0.123,-0.410,2.218,9.354,2.227
a,84375,0.000,0.000,36.000,0.000,4.131,0.281,0.014,0.003,2.212,9.351,2.201
a,84379,0.000,0.000,36.000,0.000,4.131,0.037,-0.138,0.232,2.241,9.369,2.206
a,84383,0.000,0.000,36.000,0.000,4.043,0.082,-0.062,0.003,2.204,9.328,2.185
a,84387,0.000,0.000,36.000,0.000,4.043,0.082,0.152,-0.318,2.224,9.367,2.211
a,84391,0.000,0.000,36.000,0.000,4.043,0.082,0.136,1.820,2.210,9.358,2.189
a,84395,0.000,0.000,36.000,0.000,4.087,0.144,0.121,0.445,2.222,9.343,2.191
a,84399,0.000,0.000,36.000,0.000,4.131,0.037,0.152,-0.410,2.215,9.336,2.200
a,84404,0.000,0.000,36.000,0.000,4.043,0.037,0.014,0.186,2.217,9.359,2.204
a,84407,0.000,0.000,36.000,0.000,4.043,-0.024,0.213,-0.425,2.209,9.351,2.221
a,84411,0.000,0.000,36.000,0.000,3.999,-0.223,0.014,0.949,2.240,9.351,2.204
a,84415,0.000,0.000,36.000,0.000,4.043,0.082,0.121,-0.104,2.222,9.342,2.185
a,84419,0.000,0.000,36.000,0.000,3.999,0.082,0.075,0.339,2.233,9.325,2.192
a,84423,0.000,0.000,36.000,0.000,4.131,0.144,-0.215,-0.043,2.188,9.335,2.200
a,84427,0.000,0.000,36.000,0.000,4.087,0.021,-0.047,0.125,2.209,9.337,2.225
a,84431,0.000,0.000,36.000,0.000,4.087,0.082,-0.047,0.339,2.204,9.325,2.204
a,84435,0.000,0.000,36.000,0.000,4.043,-0.131,0.167,0.507,2.210,9.352,2.204
a,84440,0.000,0.000,36.000,0.000,4.043,-0.024,0.121,-0.196,2.210,9.359,2.209
a,84443,0.000,0.000,36.000,0.000,4.087,0.098,0.411,1.423,2.243,9.339,2.219
a,84447,0.000,0.000,36.000,0.000,4.131,-0.131,0.121,-0.028,2.241,9.346,2.194
a,84451,0.000,0.000,36.000,0.000,3.955,-0.024,-0.047,0.781,2.206,9.336,2.215
a,84455,0.000,0.000,36.000,0.000,4.087,-0.070,-0.108,0.232,2.259,9.346,2.201
a,84460,0.000,0.000,36.000,0.000,4.043,0.021,-0.169,-0.898,2.215,9.351,2.192
a,84464,0.000,0.000,36.000,0.000,4.087,-0.040,0.167,-1.341,2.222,9.353,2.195
a,84468,0.000,0.000,36.000,0.000,4.043,0.144,0.014,0.003,2.222,9.359,2.163
a,84471,0.000,0.000,36.000,0.000,4.175,0.082,0.029,1.056,2.228,9.328,2.195
a,84475,0.000,0.000,36.000,0.000,4.087,0.037,0.167,0.613,2.219,9.354,2.215
a,84479,0.000,0.000,36.000,0.000,4.087,0.082,0.106,-0.318,2.212,9.346,2.223
a,84483,0.000,0.000,36.000,0.000,4.087,-0.085,-0.062,-0.516,2.188,9.346,2.201
a,84488,0.000,0.000,36.000,0.000,3.999,-0.131,0.243,0.216,2.209,9.331,2.209
a,84492,0.000,0.000,36.000,0.000,4.131,0.082,0.045,0.003,2.222,9.336,2.185
a,84495,0.000,0.000,36.000,0.000,4.087,0.067,0.121,-0.211,2.212,9.345,2.211
a,84500,0.000,0.000,36.000,0.000,4.087,-0.131,-0.123,0.018,2.201,9.337,2.201
a,84503,0.000,0.000,36.000,0.000,4.043,0.021,-0.108,-0.471,2.234,9.342,2.180
a,84507,0.000,0.000,36.000,0.000,4.043,-0.147,0.106,-0.745,2.230,9.318,2.217
a,84511,0.000,0.000,36.000,0.000,4.131,-0.024,0.243,0.598,2.222,9.354,2.209
a,84515,0.000,0.000,36.000,0.000,4.087,-0.131,0.213,-0.318,2.219,9.365,2.201
a,84519,0.000,0.000,36.000,0.000,4.087,-0.009,-0.047,1.010,2.222,9.354,2.204
a,84523,0.000,0.000,36.000,0.000,4.131,0.128,-0.123,-1.295,2.233,9.353,2.179
a,84527,0.000,0.000,36.000,0.000,4.131,-0.131,0.167,0.461,2.218,9.311,2.215
a,84531,0.000,0.000,36.000,0.000,3.955,-0.024,-0.123,-0.196,2.204,9.372,2.217
a,84535,0.000,0.000,36.000,0.000,3.955,-0.406,-0.001,-0.028,2.218,9.360,2.182
a,84539,0.000,0.000,36.000,0.000,4.131,-0.147,0.014,0.018,2.234,9.372,2.203
a,84543,0.000,0.000,36.000,0.000,4.175,0.052,0.121,1.285,2.193,9.340,2.194
a,84547,0.000,0.000,36.000,0.000,3.999,-0.284,0.289,1.377,2.235,9.342,2.213
a,84552,0.000,0.000,36.000,0.000,3.999,0.144,-0.032,0.934,2.234,9.323,2.224
a,84555,0.000,0.000,36.000,0.000,4.087,0.006,-0.108,-0.684,2.209,9.351,2.215
a,84559,0.000,0.000,36.000,0.000,4.131,-0.040,0.014,-0.959,2.230,9.342,2.206
a,84563,0.000,0.000,36.000,0.000,4.131,-0.299,0.121,0.781,2.212,9.307,2.229
a,84567,0.000,0.000,36.000,0.000,3.955,0.205,-0.032,1.056,2.230,9.322,2.217
a,84571,0.000,0.000,36.000,0.000,4.087,0.037,0.014,0.568,2.224,9.364,2.206
a,84575,0.000,0.000,36.000,0.000,3.955,0.021,0.060,-0.089,2.225,9.363,2.191
a,84579,0.000,0.000,36.000,0.000,4.043,-0.131,0.243,0.598,2.204,9.353,2.200
a,84583,0.000,0.000,36.000,0.000,4.131,0.159,0.182,1.056,2.215,9.345,2.188
a,84588,0.000,0.000,36.000,0.000,4.043,-0.131,0.060,0.232,2.199,9.333,2.211
a,84592,0.000,0.000,36.000,0.000,4.043,0.082,0.029,0.384,2.212,9.377,2.206
a,84595,0.000,0.000,36.000,0.000,4.087,-0.040,-0.245,0.171,2.194,9.335,2.203
a,84599,0.000,0.000,36.000,0.000,4.131,-0.253,-0.108,-0.577,2.193,9.351,2.175
a,84603,0.000,0.000,36.000,0.000,4.087,-0.131,0.213,0.171,2.209,9.346,2.201
a,84607,0.000,0.000,36.000,0.000,4.043,-0.070,0.213,-0.379,2.218,9.361,2.211
a,84612,0.000,0.000,36.000,0.000,4.175,0.128,-0.123,-0.868,2.218,9.373,2.204
a,84616,0.000,0.000,36.000,0.000,4.087,0.082,-0.108,-0.272,2.228,9.340,2.194
a,84619,0.000,0.000,36.000,0.000,4.087,-0.070,-0.032,0.232,2.217,9.336,2.198
a,84623,0.000,0.000,36.000,0.000,4.131,-0.085,0.106,-0.852,2.204,9.342,2.200
a,84627,0.000,0.000,36.000,0.000,4.131,-0.024,-0.047,0.674,2.225,9.331,2.195
a,84631,0.000,0.000,36.000,0.000,4.131,0.037,0.060,0.461,2.207,9.352,2.229
a,84635,0.000,0.000,36.000,0.000,4.482,0.052,-0.154,-0.913,2.215,9.341,2.211
a,84640,0.000,0.000,36.000,0.000,4.087,0.021,0.014,-0.471,2.203,9.336,2.221
a,84643,0.000,0.000,36.000,0.000,4.043,0.067,0.075,0.278,2.224,9.352,2.209
a,84647,0.000,0.000,36.000,0.000,3.999,-0.040,0.014,-0.684,2.209,9.340,2.229
a,84652,0.000,0.000,36.000,0.000,4.043,-0.024,0.167,0.186,2.234,9.349,2.204
a,84655,0.000,0.000,36.000,0.000,4.043,0.021,-0.154,-0.471,2.215,9.331,2.223
a,84659,0.000,0.000,36.000,0.000,4.043,-0.085,-0.062,-0.639,2.223,9.337,2.192
a,84663,0.000,0.000,36.000,0.000,4.043,-0.040,0.167,0.079,2.204,9.328,2.218
a,84667,0.000,0.000,36.000,0.000,4.131,0.082,-0.154,0.491,2.233,9.349,2.207
a,84671,0.000,0.000,36.000,0.000,4.175,-0.162,0.060,-0.852,2.206,9.359,2.201
a,84675,0.000,0.000,36.000,0.000,4.043,0.037,-0.123,-0.303,2.212,9.343,2.185
a,84679,0.000,0.000,36.000,0.000,4.131,0.037,-0.062,0.125,2.228,9.335,2.209
a,84683,0.000,0.000,36.000,0.000,4.131,0.037,0.014,0.507,2.218,9.358,2.219
a,84687,0.000,0.000,36.000,0.000,4.087,0.082,0.167,0.705,2.199,9.342,2.213
a,84691,0.000,0.000,36.000,0.000,4.087,0.082,0.060,0.278,2.233,9.360,2.192
a,84695,0.000,0.000,36.000,0.000,4.043,0.296,-0.123,-0.425,2.219,9.336,2.204
a,84699,0.000,0.000,36.000,0.000,4.087,0.037,0.289,0.934,2.235,9.345,2.201
a,84704,0.000,0.000,36.000,0.000,4.043,-0.055,0.075,1.346,2.228,9.339,2.223
a,84707,0.000,0.000,36.000,0.000,4.043,0.067,-0.062,-0.913,2.225,9.325,2.186
a,84711,0.000,0.000,36.000,0.000,4.087,-0.085,-0.062,-0.639,2.217,9.354,2.223
a,84715,0.000,0.000,36.000,0.000,4.043,0.144,0.029,0.216,2.215,9.328,2.224
a,84719,0.000,0.000,36.000,0.000,4.131,0.067,-0.047,-0.043,2.212,9.348,2.178
a,84723,0.000,0.000,36.000,0.000,4.043,0.067,-0.108,-0.104,2.224,9.347,2.199
a,84727,0.000,0.000,36.000,0.000,4.131,-0.162,0.167,-0.745,2.201,9.333,2.230
a,84731,0.000,0.000,36.000,0.000,4.043,0.144,-0.047,0.171,2.234,9.334,2.207
a,84735,0.000,0.000,36.000,0.000,4.131,0.128,-0.001,-0.806,2.224,9.325,2.215
a,84740,0.000,0.000,36.000,0.000,4.087,0.021,0.213,-0.532,2.203,9.328,2.219
a,84743,0.000,0.000,36.000,0.000,4.087,-0.024,0.014,0.720,2.218,9.343,2.211
a,84747,0.000,0.000,36.000,0.000,4.087,-0.024,0.045,-0.364,2.212,9.333,2.215
a,84751,0.000,0.000,36.000,0.000,3.999,0.082,0.197,0.965,2.218,9.341,2.215
a,84755,0.000,0.000,36.000,0.000,4.087,0.021,0.014,-0.089,2.230,9.337,2.211
a,84760,0.000,0.000,36.000,0.000,3.955,-0.070,0.075,0.293,2.230,9.348,2.223
a,84764,0.000,0.000,36.000,0.000,4.087,0.021,0.106,-0.898,2.224,9.324,2.201
a,84767,0.000,0.000,36.000,0.000,4.043,0.144,0.213,-0.180,2.213,9.339,2.209
a,84771,0.000,0.000,36.000,0.000,4.131,-0.055,0.121,-0.577,2.203,9.336,2.211
a,84775,0.000,0.000,36.000,0.000,3.999,0.098,0.121,1.102,2.217,9.359,2.180
a,84779,0.000,0.000,36.000,0.000,4.087,0.037,0.014,0.613,2.233,9.367,2.185
a,84783,0.000,0.000,36.000,0.000,4.043,-0.024,0.243,0.995,2.219,9.341,2.184
a,84788,0.000,0.000,36.000,0.000,3.999,-0.024,-0.276,-0.089,2.234,9.352,2.206
a,84792,0.000,0.000,36.000,0.000,4.087,0.067,0.060,-0.318,2.234,9.363,2.205
a,84796,0.000,0.000,36.000,0.000,4.087,0.037,-0.123,-0.150,2.212,9.339,2.179
a,84800,0.000,0.000,36.000,0.000,4.087,0.082,0.014,0.216,2.215,9.331,2.201
a,84804,0.000,0.000,36.000,0.000,4.087,-0.070,0.136,0.674,2.234,9.330,2.200
a,84807,0.000,0.000,36.000,0.000,4.087,0.052,-0.154,-0.593,2.204,9.355,2.191
a,84811,0.000,0.000,36.000,0.000,4.043,-0.085,0.121,0.186,2.228,9.333,2.184
a,84815,0.000,0.000,36.000,0.000,4.087,0.128,-0.062,-0.486,2.215,9.335,2.229
a,84819,0.000,0.000,36.000,0.000,4.043,0.113,-0.047,-0.532,2.224,9.330,2.193
a,84823,0.000,0.000,36.000,0.000,4.087,0.281,0.014,-0.486,2.243,9.349,2.200
a,84827,0.000,0.000,36.000,0.000,4.043,-0.024,0.136,0.507,2.206,9.328,2.201
a,84831,0.000,0.000,36.000,0.000,4.131,0.098,-0.154,1.056,2.201,9.342,2.191
a,84835,0.000,0.000,36.000,0.000,4.043,0.067,-0.123,-0.913,2.234,9.339,2.204
a,84839,0.000,0.000,36.000,0.000,4.087,0.144,0.014,0.491,2.178,9.337,2.211
a,84843,0.000,0.000,36.000,0.000,4.087,0.037,-0.154,-0.257,2.204,9.340,2.188
a,84847,0.000,0.000,36.000,0.000,4.087,0.021,-0.245,0.354,2.212,9.352,2.189
a,84852,0.000,0.000,36.000,0.000,4.087,0.296,-0.261,0.216,2.201,9.335,2.192
a,84855,0.000,0.000,36.000,0.000,4.087,-0.024,0.106,0.186,2.218,9.349,2.179
a,84859,0.000,0.000,36.000,0.000,4.043,-0.009,-0.261,1.392,2.222,9.339,2.236
a,84863,0.000,0.000,36.000,0.000,4.087,-0.070,0.396,0.445,2.222,9.339,2.206
a,84867,0.000,0.000,36.000,0.000,4.087,-0.085,-0.123,-0.745,2.212,9.353,2.204
a,84871,0.000,0.000,36.000,0.000,3.955,0.128,0.060,-0.486,2.233,9.330,2.219
a,84875,0.000,0.000,36.000,0.000,4.087,0.128,0.014,-0.806,2.233,9.354,2.204
a,84879,0.000,0.000,36.000,0.000,4.087,-0.009,0.182,1.178,2.225,9.371,2.211
a,84883,0.000,0.000,36.000,0.000,4.087,-0.223,0.274,0.995,2.204,9.336,2.182
a,84888,0.000,0.000,36.000,0.000,4.043,-0.070,0.274,0.064,2.206,9.313,2.209
a,84892,0.000,0.000,36.000,0.000,3.999,0.037,0.136,0.461,2.206,9.345,2.201
a,84895,0.000,0.000,36.000,0.000,4.043,-0.131,0.213,0.171,2.246,9.348,2.157
a,84899,0.000,0.000,36.000,0.000,4.131,0.037,0.136,1.117,2.224,9.343,2.193
a,84903,0.000,0.000,36.000,0.000,4.043,0.021,-0.123,-1.173,2.241,9.331,2.227
a,84907,0.000,0.000,36.000,0.000,4.043,0.082,0.014,-0.211,2.215,9.340,2.198
a,84912,0.000,0.000,36.000,0.000,4.087,-0.131,0.182,0.461,2.219,9.367,2.207
a,84916,0.000,0.000,36.000,0.000,4.175,-0.070,-0.108,-0.089,2.219,9.324,2.223
a,84919,0.000,0.000,36.000,0.000,4.087,0.037,-0.154,-0.364,2.209,9.330,2.192
a,84923,0.000,0.000,36.000,0.000,3.999,-0.131,0.213,-0.379,2.241,9.335,2.204
a,84927,0.000,0.000,36.000,0.000,4.087,-0.024,0.029,0.293,2.218,9.328,2.198
a,84931,0.000,0.000,36.000,0.000,4.087,0.037,0.243,1.163,2.235,9.353,2.193
a,84935,0.000,0.000,36.000,0.000,3.999,-0.009,-0.154,1.499,2.217,9.342,2.182
a,84940,0.000,0.000,36.000,0.000,4.087,-0.070,-0.001,-0.150,2.206,9.345,2.227
a,84944,0.000,0.000,36.000,0.000,4.043,0.082,0.167,0.445,2.225,9.349,2.204
a,84947,0.000,0.000,36.000,0.000,4.043,-0.147,0.014,-1.341,2.217,9.322,2.209
a,84952,0.000,0.000,36.000,0.000,4.570,-0.253,0.258,-1.035,2.224,9.347,2.215
a,84955,0.000,0.000,36.000,0.000,4.087,0.052,-0.352,1.285,2.206,9.325,2.194
a,84959,0.000,0.000,36.000,0.000,4.087,0.037,0.060,0.354,2.188,9.322,2.194
a,84963,0.000,0.000,36.000,0.000,4.087,-0.085,-0.154,-0.257,2.237,9.328,2.201
a,84967,0.000,0.000,36.000,0.000,4.043,0.037,-0.276,0.079,2.241,9.317,2.192
a,84971,0.000,0.000,36.000,0.000,4.087,0.082,0.167,-0.318,2.217,9.317,2.204
a,84975,0.000,0.000,36.000,0.000,4.043,-0.192,0.060,0.568,2.224,9.340,2.188
a,84979,0.000,0.000,36.000,0.000,4.043,0.159,0.014,1.590,2.228,9.360,2.224
a,84983,0.000,0.000,36.000,0.000,4.087,0.052,-0.093,1.942,2.228,9.357,2.221
a,84987,0.000,0.000,36.000,0.000,3.999,-0.024,-0.001,-0.196,2.219,9.335,2.204
a,84991,0.000,0.000,36.000,0.000,3.999,0.021,0.045,-0.471,2.217,9.340,2.207
a,84996,0.000,0.000,36.000,0.000,4.131,-0.085,-0.001,-1.020,2.230,9.339,2.182
a,84999,0.000,0.000,36.000,0.000,4.087,0.159,-0.108,-0.761,2.222,9.348,2.195
a,85003,0.000,0.000,36.000,0.000,4.043,0.082,0.014,0.552,2.230,9.349,2.221
a,85007,0.000,0.000,36.000,0.000,3.999,-0.238,0.045,-0.303,2.217,9.357,2.206
a,85011,0.000,0.000,36.000,0.000,4.131,0.021,-0.230,-0.516,2.217,9.331,2.195
a,85015,0.000,0.000,36.000,0.000,3.999,0.082,0.106,0.171,2.215,9.340,2.191
a,85019,0.000,0.000,36.000,0.000,4.087,0.021,-0.001,-0.639,2.237,9.315,2.195
a,85023,0.000,0.000,36.000,0.000,3.999,0.220,-0.032,-0.990,2.235,9.360,2.191
a,85027,0.000,0.000,36.000,0.000,3.999,-0.147,-0.001,-0.791,2.204,9.327,2.219
a,85031,0.000,0.000,36.000,0.000,4.043,-0.131,-0.123,-0.303,2.209,9.336,2.206
a,85035,0.000,0.000,36.000,0.000,4.043,-0.040,-0.062,-0.791,2.224,9.354,2.185
a,85040,0.000,0.000,36.000,0.000,4.087,0.037,0.106,-0.150,2.218,9.328,2.211
a,85043,0.000,0.000,36.000,0.000,4.087,-0.055,0.121,-0.898,2.212,9.351,2.206
a,85047,0.000,0.000,36.000,0.000,4.087,0.159,0.136,1.163,2.215,9.340,2.201
a,85051,0.000,0.000,36.000,0.000,4.131,0.037,0.075,0.842,2.224,9.339,2.198
a,85055,0.000,0.000,36.000,0.000,4.043,-0.024,0.121,-0.028,2.209,9.345,2.173
a,85060,0.000,0.000,36.000,0.000,4.087,-0.024,-0.245,0.400,2.206,9.328,2.207
a,85064,0.000,0.000,36.000,0.000,4.131,0.021,-0.261,-0.898,2.225,9.348,2.209
a,85067,0.000,0.000,36.000,0.000,4.131,-0.040,-0.062,-1.127,2.241,9.349,2.192
a,85071,0.000,0.000,36.000,0.000,4.131,0.082,0.014,-0.043,2.224,9.353,2.194
a,85075,0.000,0.000,36.000,0.000,4.043,0.021,0.014,-0.684,2.237,9.339,2.198
a,85079,0.000,0.000,36.000,0.000,4.131,0.021,0.045,-1.020,2.235,9.335,2.195
a,85083,0.000,0.000,36.000,0.000,4.087,0.144,0.029,0.827,2.218,9.340,2.186
a,85088,0.000,0.000,36.000,0.000,4.087,-0.040,0.014,-1.234,2.246,9.346,2.192
a,85092,0.000,0.000,36.000,0.000,4.087,-0.040,-0.001,-1.387,2.233,9.364,2.201
a,85095,0.000,0.000,36.000,0.000,4.043,-0.024,0.228,-0.379,2.217,9.348,2.194
a,85100,0.000,0.000,36.000,0.000,4.131,-0.147,0.045,-0.577,2.222,9.359,2.195
a,85103,0.000,0.000,36.000,0.000,4.131,-0.177,0.289,1.056,2.228,9.359,2.198
a,85107,0.000,0.000,36.000,0.000,4.087,0.174,-0.047,-0.700,2.241,9.340,2.224
a,85111,0.000,0.000,36.000,0.000,4.175,-0.131,-0.230,-0.028,2.222,9.331,2.213
a,85115,0.000,0.000,36.000,0.000,4.043,-0.192,0.045,-0.303,2.219,9.354,2.180
a,85119,0.000,0.000,36.000,0.000,4.043,-0.131,-0.154,0.400,2.246,9.354,2.215
a,85123,0.000,0.000,36.000,0.000,4.043,-0.085,0.060,-0.791,2.210,9.359,2.201
a,85127,0.000,0.000,36.000,0.000,3.999,0.037,0.213,-0.211,2.224,9.331,2.217
a,85131,0.000,0.000,36.000,0.000,4.131,0.037,0.152,0.125,2.218,9.359,2.200
a,85135,0.000,0.000,36.000,0.000,4.087,0.082,-0.001,-0.043,2.222,9.347,2.221
a,85139,0.000,0.000,36.000,0.000,4.087,0.037,0.121,0.354,2.193,9.371,2.206
a,85143,0.000,0.000,36.000,0.000,4.043,0.052,0.136,1.499,2.218,9.369,2.217
a,85147,0.000,0.000,36.000,0.000,4.087,-0.070,0.167,0.507,2.205,9.329,2.213
a,85152,0.000,0.000,36.000,0.000,4.087,0.189,0.014,-0.272,2.199,9.334,2.194
a,85155,0.000,0.000,36.000,0.000,4.087,0.250,-0.001,0.064,2.234,9.342,2.194
a,85159,0.000,0.000,36.000,0.000,4.087,0.128,-0.261,-0.532,2.228,9.330,2.221
a,85163,0.000,0.000,36.000,0.000,4.131,0.082,0.014,0.659,2.215,9.352,2.207
a,85167,0.000,0.000,36.000,0.000,4.131,-0.131,-0.169,-0.257,2.222,9.336,2.191
a,85171,0.000,0.000,36.000,0.000,4.087,0.144,0.167,-0.043,2.217,9.334,2.206
a,85175,0.000,0.000,36.000,0.000,4.131,-0.299,0.014,0.400,2.222,9.359,2.191
a,85179,0.000,0.000,36.000,0.000,4.131,0.189,0.121,0.278,2.203,9.318,2.188
a,85183,0.000,0.000,36.000,0.000,4.087,-0.162,-0.108,-0.516,2.234,9.345,2.199
a,85188,0.000,0.000,36.000,0.000,4.131,0.082,0.274,0.094,2.233,9.354,2.200
a,85192,0.000,0.000,36.000,0.000,4.175,-0.238,-0.093,0.400,2.222,9.334,2.198
a,85195,0.000,0.000,36.000,0.000,4.043,0.052,0.136,1.728,2.209,9.321,2.195
a,85199,0.000,0.000,36.000,0.000,4.087,-0.040,0.152,-1.020,2.217,9.341,2.200
a,85203,0.000,0.000,36.000,0.000,4.087,-0.070,-0.108,-0.196,2.233,9.342,2.186
a,85207,0.000,0.000,36.000,0.000,4.087,-0.024,0.152,-0.257,2.212,9.354,2.182
a,85212,0.000,0.000,36.000,0.000,4.131,-0.040,-0.123,-0.791,2.212,9.348,2.219
a,85216,0.000,0.000,36.000,0.000,4.087,-0.314,0.060,0.186,2.235,9.366,2.182
a,85220,0.000,0.000,36.000,0.000,4.175,0.037,0.243,0.339,2.209,9.371,2.215
a,85223,0.000,0.000,36.000,0.000,4.087,0.006,0.014,-0.959,2.217,9.312,2.201
a,85227,0.000,0.000,36.000,0.000,4.043,0.174,0.274,-0.669,2.233,9.353,2.207
a,85231,0.000,0.000,36.000,0.000,4.087,-0.131,-0.001,-0.257,2.222,9.346,2.207
a,85235,0.000,0.000,36.000,0.000,4.043,0.021,0.045,-1.127,2.218,9.373,2.213
a,85239,0.000,0.000,36.000,0.000,4.131,-0.131,0.121,0.842,2.230,9.353,2.211
a,85244,0.000,0.000,36.000,0.000,4.175,0.144,-0.123,0.171,2.224,9.367,2.204
a,85247,0.000,0.000,36.000,0.000,4.131,0.006,-0.047,-0.639,2.217,9.310,2.206
a,85252,0.000,0.000,36.000,0.000,4.087,-0.085,0.060,-1.127,2.206,9.357,2.209
a,85255,0.000,0.000,36.000,0.000,4.131,-0.024,0.106,0.079,2.249,9.354,2.211
a,85259,0.000,0.000,36.000,0.000,4.043,-0.070,0.274,0.491,2.206,9.333,2.224
a,85263,0.000,0.000,36.000,0.000,4.087,-0.055,0.014,-1.280,2.228,9.355,2.212
a,85267,0.000,0.000,36.000,0.000,4.087,0.052,0.075,-0.501,2.217,9.337,2.182
a,85271,0.000,0.000,36.000,0.000,4.087,-0.070,0.014,0.568,2.215,9.339,2.213
a,85275,0.000,0.000,36.000,0.000,4.087,0.205,-0.215,1.102,2.228,9.364,2.179
a,85279,0.000,0.000,36.000,0.000,4.131,-0.085,0.136,0.400,2.235,9.336,2.199
a,85283,0.000,0.000,36.000,0.000,4.043,-0.070,-0.032,0.232,2.210,9.335,2.200
a,85287,0.000,0.000,36.000,0.000,4.175,0.174,-0.047,-0.043,2.225,9.341,2.211
a,85291,0.000,0.000,36.000,0.000,4.131,-0.147,-0.169,-0.791,2.234,9.327,2.229
a,85295,0.000,0.000,36.000,0.000,4.043,-0.131,0.182,0.720,2.228,9.331,2.188
a,85299,0.000,0.000,36.000,0.000,4.087,-0.253,0.075,0.064,2.209,9.360,2.188
a,85304,0.000,0.000,36.000,0.000,4.131,0.052,0.243,2.033,2.219,9.334,2.217
a,85307,0.000,0.000,36.000,0.000,4.131,-0.070,-0.108,-0.303,2.217,9.336,2.191
a,85311,0.000,0.000,36.000,0.000,4.175,-0.040,0.045,-0.471,2.198,9.348,2.198
a,85315,0.000,0.000,36.000,0.000,3.999,0.082,0.167,0.278,2.209,9.315,2.217
a,85319,0.000,0.000,36.000,0.000,4.087,-0.085,0.045,-0.577,2.251,9.359,2.195
a,85323,0.000,0.000,36.000,0.000,4.087,-0.070,0.029,0.232,2.203,9.348,2.188
a,85327,0.000,0.000,36.000,0.000,4.131,0.082,-0.138,0.598,2.181,9.364,2.206
a,85331,0.000,0.000,36.000,0.000,4.131,0.128,-0.108,-0.593,2.210,9.348,2.194
a,85336,0.000,0.000,36.000,0.000,4.131,0.082,-0.001,0.110,2.217,9.348,2.207
a,85340,0.000,0.000,36.000,0.000,4.087,-0.070,-0.047,-0.196,2.204,9.325,2.179
a,85343,0.000,0.000,36.000,0.000,4.043,-0.177,-0.215,1.285,2.219,9.365,2.195
a,85347,0.000,0.000,36.000,0.000,4.087,-0.131,0.106,-0.089,2.237,9.324,2.204
a,85351,0.000,0.000,36.000,0.000,4.043,0.205,0.243,0.858,2.225,9.364,2.186
a,85355,0.000,0.000,36.000,0.000,4.087,-0.009,0.136,1.239,2.222,9.354,2.186
a,85360,0.000,0.000,36.000,0.000,3.999,0.082,0.014,-0.043,2.218,9.354,2.224
a,85364,0.000,0.000,36.000,0.000,4.131,-0.131,0.136,0.720,2.235,9.365,2.207
a,85367,0.000,0.000,36.000,0.000,3.999,0.128,0.060,-0.532,2.228,9.364,2.219
a,85371,0.000,0.000,36.000,0.000,4.175,-0.024,-0.169,-0.028,2.243,9.340,2.201
a,85375,0.000,0.000,36.000,0.000,4.087,-0.009,-0.215,1.117,2.230,9.345,2.204
a,85379,0.000,0.000,36.000,0.000,3.999,0.098,0.060,1.056,2.199,9.335,2.198
a,85383,0.000,0.000,36.000,0.000,4.087,-0.070,0.045,-0.150,2.206,9.374,2.179
a,85387,0.000,0.000,36.000,0.000,4.043,-0.024,-0.108,-0.028,2.210,9.353,2.195
a,85391,0.000,0.000,36.000,0.000,4.043,0.037,0.060,0.018,2.197,9.353,2.207
a,85395,0.000,0.000,36.000,0.000,4.043,-0.147,-0.001,-1.020,2.210,9.349,2.215
a,85399,0.000,0.000,36.000,0.000,4.087,-0.147,0.228,-0.761,2.225,9.351,2.243
a,85404,0.000,0.000,36.000,0.000,4.043,0.006,-0.154,-0.471,2.228,9.345,2.206
a,85407,0.000,0.000,36.000,0.000,4.087,-0.070,0.014,0.674,2.249,9.367,2.198
a,85412,0.000,0.000,36.000,0.000,4.043,0.006,-0.215,-0.791,2.215,9.343,2.218
a,85416,0.000,0.000,36.000,0.000,4.087,-0.070,0.243,0.384,2.217,9.346,2.198
a,85419,0.000,0.000,36.000,0.000,4.131,-0.040,0.152,-0.898,2.217,9.351,2.209
a,85423,0.000,0.000,36.000,0.000,4.043,-0.192,0.060,0.079,2.203,9.348,2.204
a,85427,0.000,0.000,36.000,0.000,4.131,0.037,0.014,0.186,2.234,9.342,2.223
a,85431,0.000,0.000,36.000,0.000,4.043,0.037,-0.261,0.293,2.240,9.371,2.192
a,85435,0.000,0.000,36.000,0.000,4.043,-0.131,-0.001,0.125,2.201,9.346,2.207
a,85439,0.000,0.000,36.000,0.000,3.999,0.021,-0.062,-0.639,2.209,9.334,2.200
a,85443,0.000,0.000,36.000,0.000,3.999,0.021,-0.169,-0.577,2.218,9.351,2.201
a,85447,0.000,0.000,36.000,0.000,4.043,-0.024,0.335,0.278,2.206,9.349,2.188
a,85451,0.000,0.000,36.000,0.000,4.087,0.189,0.121,-0.272,2.206,9.353,2.198
a,85455,0.000,0.000,36.000,0.000,4.043,-0.131,-0.047,0.461,2.206,9.317,2.213
a,85459,0.000,0.000,36.000,0.000,3.999,-0.208,0.014,-0.471,2.212,9.325,2.217
a,85463,0.000,0.000,36.000,0.000,4.087,0.067,-0.108,-1.035,2.210,9.371,2.215
a,85468,0.000,0.000,36.000,0.000,4.043,-0.223,-0.184,-2.379,2.225,9.310,2.207
a,85471,0.000,0.000,36.000,0.000,4.175,0.082,-0.200,0.445,2.212,9.319,2.188
a,85475,0.000,0.000,36.000,0.000,4.043,-0.024,0.182,0.293,2.206,9.349,2.201
a,85479,0.000,0.000,36.000,0.000,4.087,0.037,-0.047,0.354,2.224,9.322,2.206
a,85483,0.000,0.000,36.000,0.000,4.131,0.082,0.060,0.110,2.219,9.330,2.204
a,85487,0.000,0.000,36.000,0.000,4.131,-0.070,0.320,0.064,2.217,9.318,2.223
a,85491,0.000,0.000,36.000,0.000,4.043,-0.192,-0.154,0.781,2.212,9.357,2.198
a,85495,0.000,0.000,36.000,0.000,4.219,-0.131,0.167,0.613,2.212,9.348,2.207
a,85499,0.000,0.000,36.000,0.000,4.087,-0.192,0.014,0.613,2.234,9.336,2.206
a,85503,0.000,0.000,36.000,0.000,4.087,0.021,0.060,-0.791,2.237,9.310,2.195
a,85507,0.000,0.000,36.000,0.000,3.955,0.067,0.014,-0.593,2.222,9.349,2.186
a,85511,0.000,0.000,36.000,0.000,4.131,-0.131,-0.047,-0.410,2.228,9.363,2.221
a,85515,0.000,0.000,36.000,0.000,4.131,-0.024,0.106,-0.196,2.204,9.351,2.201
a,85519,0.000,0.000,36.000,0.000,4.043,0.021,0.121,-1.234,2.240,9.331,2.204
a,85523,0.000,0.000,36.000,0.000,4.131,-0.131,0.167,-0.150,2.230,9.349,2.219
a,85527,0.000,0.000,36.000,0.000,4.131,0.037,-0.093,0.232,2.206,9.346,2.229
a,85531,0.000,0.000,36.000,0.000,4.043,-0.024,0.121,0.354,2.222,9.331,2.207
a,85535,0.000,0.000,36.000,0.000,4.087,-0.009,0.136,1.453,2.209,9.336,2.201
a,85539,0.000,0.000,36.000,0.000,4.087,-0.024,-0.123,-0.150,2.243,9.335,2.211
a,85543,0.000,0.000,36.000,0.000,4.043,-0.040,-0.062,-0.471,2.225,9.345,2.209
a,85548,0.000,0.000,36.000,0.000,4.131,0.082,0.045,-0.165,2.218,9.342,2.191
a,85551,0.000,0.000,36.000,0.000,4.131,0.037,0.075,0.674,2.218,9.305,2.192
a,85555,0.000,0.000,36.000,0.000,4.043,0.037,-0.169,-0.364,2.206,9.310,2.198
a,85559,0.000,0.000,36.000,0.000,4.131,-0.238,0.228,-0.165,2.217,9.340,2.223
a,85563,0.000,0.000,36.000,0.000,4.043,-0.192,0.274,0.171,2.228,9.340,2.172
a,85567,0.000,0.000,36.000,0.000,4.043,0.037,0.014,-0.410,2.228,9.339,2.215
a,85571,0.000,0.000,36.000,0.000,3.999,0.037,-0.062,-0.303,2.206,9.311,2.198
a,85575,0.000,0.000,36.000,0.000,3.999,-0.055,0.014,1.010,2.218,9.336,2.179
a,85580,0.000,0.000,36.000,0.000,4.131,0.067,-0.016,0.369,2.219,9.340,2.212
a,85583,0.000,0.000,36.000,0.000,4.131,-0.192,-0.123,-0.257,2.197,9.330,2.186
a,85587,0.000,0.000,36.000,0.000,3.999,-0.024,0.014,0.354,2.212,9.363,2.188
a,85591,0.000,0.000,36.000,0.000,4.087,0.250,-0.047,0.064,2.206,9.317,2.200
a,85595,0.000,0.000,36.000,0.000,4.087,-0.131,0.029,0.720,2.209,9.365,2.195
a,85599,0.000,0.000,36.000,0.000,4.087,0.082,-0.108,0.445,2.224,9.337,2.195
a,85603,0.000,0.000,36.000,0.000,4.131,-0.024,-0.047,-0.257,2.212,9.328,2.207
a,85607,0.000,0.000,36.000,0.000,4.087,-0.040,0.045,-0.577,2.212,9.328,2.188
a,85611,0.000,0.000,36.000,0.000,3.999,0.189,-0.047,0.003,2.204,9.316,2.209
a,85615,0.000,0.000,36.000,0.000,4.131,-0.009,-0.047,1.178,2.201,9.313,2.204
a,85619,0.000,0.000,36.000,0.000,4.131,0.006,0.029,-1.768,2.209,9.363,2.198
a,85623,0.000,0.000,36.000,0.000,4.131,0.052,-0.032,-1.097,2.233,9.318,2.211
a,85628,0.000,0.000,36.000,0.000,4.175,-0.131,-0.062,-0.089,2.203,9.357,2.207
a,85631,0.000,0.000,36.000,0.000,4.043,-0.024,-0.093,1.117,2.217,9.333,2.212
a,85635,0.000,0.000,36.000,0.000,4.131,-0.192,0.258,-0.425,2.204,9.319,2.191
a,85639,0.000,0.000,36.000,0.000,4.043,-0.238,0.014,0.125,2.224,9.336,2.195
a,85643,0.000,0.000,36.000,0.000,3.955,0.067,0.167,-0.486,2.228,9.336,2.169
a,85647,0.000,0.000,36.000,0.000,4.526,0.021,0.121,-0.959,2.215,9.345,2.192
a,85651,0.000,0.000,36.000,0.000,4.175,0.037,-0.261,0.720,2.206,9.330,2.180
a,85655,0.000,0.000,36.000,0.000,4.087,-0.024,0.243,1.270,2.222,9.341,2.211
a,85659,0.000,0.000,36.000,0.000,3.999,-0.040,-0.108,-0.150,2.212,9.336,2.209
a,85663,0.000,0.000,36.000,0.000,4.087,0.296,0.075,0.445,2.240,9.351,2.209
a,85667,0.000,0.000,36.000,0.000,4.131,0.189,-0.123,0.064,2.199,9.321,2.207
a,85671,0.000,0.000,36.000,0.000,4.087,0.021,-0.047,0.079,2.201,9.351,2.206
a,85675,0.000,0.000,36.000,0.000,4.087,0.052,-0.032,-0.501,2.228,9.336,2.215
a,85679,0.000,0.000,36.000,0.000,4.131,0.067,-0.154,0.110,2.209,9.336,2.205
a,85684,0.000,0.000,36.000,0.000,4.175,-0.024,-0.108,0.461,2.225,9.363,2.198
a,85688,0.000,0.000,36.000,0.000,4.087,0.021,0.045,-0.639,2.217,9.322,2.200
a,85692,0.000,0.000,36.000,0.000,4.043,-0.070,0.060,-0.150,2.224,9.339,2.201
a,85695,0.000,0.000,36.000,0.000,4.087,0.037,0.152,0.125,2.236,9.330,2.201
a,85699,0.000,0.000,36.000,0.000,4.043,0.021,0.258,-1.295,2.217,9.325,2.219
a,85703,0.000,0.000,36.000,0.000,4.087,-0.131,-0.001,-0.257,2.203,9.349,2.206
a,85707,0.000,0.000,36.000,0.000,4.043,-0.131,-0.001,-0.028,2.222,9.345,2.192
a,85711,0.000,0.000,36.000,0.000,4.131,0.189,0.167,0.278,2.209,9.333,2.209
a,85716,0.000,0.000,36.000,0.000,4.043,-0.223,-0.093,1.178,2.224,9.310,2.191
a,85720,0.000,0.000,36.000,0.000,4.087,-0.009,-0.047,1.499,2.219,9.333,2.223
a,85724,0.000,0.000,36.000,0.000,4.131,-0.055,-0.154,-0.639,2.193,9.353,2.211
a,85727,0.000,0.000,36.000,0.000,4.131,-0.024,0.182,0.400,2.218,9.359,2.192
a,85731,0.000,0.000,36.000,0.000,3.999,-0.085,-0.230,-0.745,2.228,9.325,2.188
a,85735,0.000,0.000,36.000,0.000,4.175,0.021,0.045,-1.341,2.210,9.330,2.195
a,85740,0.000,0.000,36.000,0.000,4.131,-0.162,-0.108,-0.852,2.212,9.330,2.197
a,85743,0.000,0.000,36.000,0.000,4.043,-0.024,0.167,0.293,2.225,9.346,2.198
a,85748,0.000,0.000,36.000,0.000,3.999,0.082,0.442,0.537,2.201,9.331,2.194
a,85751,0.000,0.000,36.000,0.000,3.999,0.296,0.152,0.858,2.237,9.348,2.209
a,85755,0.000,0.000,36.000,0.000,3.999,-0.040,0.121,-0.196,2.209,9.327,2.206
a,85759,0.000,0.000,36.000,0.000,4.043,0.205,0.075,0.873,2.193,9.342,2.185
a,85763,0.000,0.000,36.000,0.000,4.087,-0.055,-0.093,1.010,2.210,9.313,2.192
a,85767,0.000,0.000,36.000,0.000,4.087,0.021,0.106,-0.745,2.193,9.323,2.217
a,85771,0.000,0.000,36.000,0.000,4.087,0.082,0.258,-0.058,2.215,9.304,2.227
a,85775,0.000,0.000,36.000,0.000,4.131,0.037,0.167,0.461,2.219,9.349,2.207
a,85779,0.000,0.000,36.000,0.000,4.043,-0.040,-0.093,-0.211,2.230,9.349,2.209
a,85783,0.000,0.000,36.000,0.000,4.087,0.144,0.045,-0.043,2.206,9.348,2.192
a,85787,0.000,0.000,36.000,0.000,4.131,0.174,-0.169,-0.532,2.222,9.339,2.207
a,85791,0.000,0.000,36.000,0.000,4.131,0.037,-0.062,-0.257,2.217,9.331,2.182
a,85795,0.000,0.000,36.000,0.000,4.131,-0.040,0.152,-0.898,2.215,9.334,2.191
a,85799,0.000,0.000,36.000,0.000,4.087,0.021,-0.047,-0.303,2.230,9.339,2.191
a,85804,0.000,0.000,36.000,0.000,4.131,-0.040,0.014,-0.898,2.230,9.339,2.186
a,85807,0.000,0.000,36.000,0.000,4.043,0.144,0.335,0.583,2.228,9.330,2.204
a,85811,0.000,0.000,36.000,0.000,4.043,0.189,0.014,-0.379,2.228,9.335,2.191
a,85815,0.000,0.000,36.000,0.000,3.955,0.144,0.060,0.339,2.215,9.311,2.215
a,85819,0.000,0.000,36.000,0.000,4.087,0.082,0.182,0.384,2.209,9.316,2.198
a,85823,0.000,0.000,36.000,0.000,4.087,0.113,-0.108,-1.677,2.218,9.345,2.193
a,85827,0.000,0.000,36.000,0.000,4.043,0.144,-0.001,-0.211,2.222,9.319,2.192
a,85831,0.000,0.000,36.000,0.000,4.043,0.159,0.136,0.873,2.193,9.357,2.201
a,85835,0.000,0.000,36.000,0.000,3.999,0.144,0.106,0.171,2.201,9.310,2.194
a,85840,0.000,0.000,36.000,0.000,4.043,-0.024,-0.032,0.400,2.228,9.346,2.213
a,85843,0.000,0.000,36.000,0.000,4.087,0.052,-0.108,-0.974,2.217,9.336,2.209
a,85847,0.000,0.000,36.000,0.000,4.043,-0.024,-0.154,-0.303,2.206,9.306,2.211
a,85851,0.000,0.000,36.000,0.000,4.087,0.189,-0.154,-0.165,2.222,9.371,2.207
a,85855,0.000,0.000,36.000,0.000,3.999,0.037,0.106,-0.150,2.209,9.319,2.227
a,85860,0.000,0.000,36.000,0.000,4.087,-0.024,-0.047,-0.089,2.206,9.319,2.215
a,85864,0.000,0.000,36.000,0.000,4.043,-0.070,0.136,0.461,2.228,9.335,2.215
a,85867,0.000,0.000,36.000,0.000,4.087,0.266,0.228,-0.608,2.206,9.327,2.203
a,85871,0.000,0.000,36.000,0.000,4.087,0.159,-0.154,1.484,2.212,9.304,2.188
a,85875,0.000,0.000,36.000,0.000,4.043,0.082,0.182,0.766,2.222,9.325,2.200
a,85879,0.000,0.000,36.000,0.000,4.131,-0.085,0.060,-0.364,2.233,9.337,2.193
a,85883,0.000,0.000,36.000,0.000,4.175,0.067,-0.047,-0.700,2.215,9.354,2.217
a,85888,0.000,0.000,36.000,0.000,4.087,-0.253,-0.108,-0.471,2.230,9.330,2.201
a,85892,0.000,0.000,36.000,0.000,4.175,0.281,-0.047,-0.318,2.219,9.324,2.218
a,85896,0.000,0.000,36.000,0.000,4.131,-0.131,0.014,-0.150,2.218,9.335,2.204
a,85900,0.000,0.000,36.000,0.000,4.043,0.144,-0.093,0.384,2.215,9.321,2.195
a,85903,0.000,0.000,36.000,0.000,4.043,0.113,0.060,-0.654,2.217,9.365,2.206
a,85907,0.000,0.000,36.000,0.000,4.043,0.037,-0.001,-0.196,2.245,9.348,2.194
a,85911,0.000,0.000,36.000,0.000,4.043,0.082,0.060,-0.425,2.210,9.345,2.204
a,85915,0.000,0.000,36.000,0.000,4.131,0.037,-0.337,-0.150,2.199,9.333,2.186
a,85919,0.000,0.000,36.000,0.000,4.087,-0.024,0.014,-0.196,2.222,9.330,2.219
a,85923,0.000,0.000,36.000,0.000,4.043,-0.040,0.060,-0.639,2.201,9.340,2.204
a,85927,0.000,0.000,36.000,0.000,3.999,0.235,0.167,-0.165,2.199,9.328,2.189
a,85931,0.000,0.000,36.000,0.000,4.131,0.082,0.274,0.201,2.222,9.317,2.207
a,85935,0.000,0.000,36.000,0.000,4.043,-0.040,-0.230,-0.898,2.217,9.365,2.200
a,85939,0.000,0.000,36.000,0.000,4.087,0.037,0.167,-0.028,2.235,9.334,2.198
a,85943,0.000,0.000,36.000,0.000,4.087,-0.192,-0.001,0.018,2.218,9.303,2.176
a,85948,0.000,0.000,36.000,0.000,3.999,0.235,-0.047,-0.318,2.215,9.328,2.201
a,85951,0.000,0.000,36.000,0.000,4.131,-0.055,-0.093,1.346,2.222,9.340,2.223
a,85955,0.000,0.000,36.000,0.000,4.043,-0.024,0.045,0.018,2.224,9.323,2.227
a,85959,0.000,0.000,36.000,0.000,4.131,0.189,-0.108,0.384,2.210,9.336,2.229
a,85963,0.000,0.000,36.000,0.000,3.999,-0.024,-0.001,0.079,2.212,9.331,2.198
a,85967,0.000,0.000,36.000,0.000,3.999,-0.070,0.182,1.071,2.199,9.324,2.209
a,85971,0.000,0.000,36.000,0.000,3.999,0.067,0.045,-0.913,2.230,9.317,2.217
a,85975,0.000,0.000,36.000,0.000,4.087,-0.147,0.060,-1.341,2.224,9.345,2.176
a,85979,0.000,0.000,36.000,0.000,4.087,0.128,-0.001,-0.868,2.218,9.346,2.179
a,85983,0.000,0.000,36.000,0.000,4.043,0.067,0.167,-0.532,2.206,9.357,2.185
a,85987,0.000,0.000,36.000,0.000,4.043,0.144,0.075,0.278,2.210,9.313,2.207
a,85991,0.000,0.000,36.000,0.000,4.087,0.067,-0.093,0.491,2.233,9.309,2.195
a,85996,0.000,0.000,36.000,0.000,4.131,0.037,-0.230,-0.410,2.217,9.351,2.185
a,86000,0.000,0.000,36.000,0.000,4.131,-0.314,0.060,-0.959,2.210,9.335,2.191
a,86003,0.000,0.000,36.000,0.000,4.131,-0.070,0.060,0.720,2.204,9.304,2.201
a,86007,0.000,0.000,36.000,0.000,4.175,0.067,0.014,-0.532,2.217,9.317,2.195
a,86011,0.000,0.000,36.000,0.000,4.131,0.205,-0.047,0.873,2.218,9.346,2.195
a,86015,0.000,0.000,36.000,0.000,4.043,-0.055,0.167,-1.066,2.233,9.333,2.195
a,86020,0.000,0.000,36.000,0.000,4.131,0.082,0.152,0.171,2.234,9.330,2.195
a,86024,0.000,0.000,36.000,0.000,4.043,-0.085,-0.215,-1.387,2.204,9.339,2.215
a,86028,0.000,0.000,36.000,0.000,4.043,0.205,0.289,1.148,2.230,9.330,2.198
a,86031,0.000,0.000,36.000,0.000,4.131,-0.192,-0.108,-0.303,2.224,9.334,2.201
a,86035,0.000,0.000,36.000,0.000,4.043,0.006,-0.108,-0.684,2.219,9.313,2.193
a,86039,0.000,0.000,36.000,0.000,4.087,-0.131,0.106,-0.303,2.210,9.324,2.188
a,86044,0.000,0.000,36.000,0.000,4.131,0.037,0.075,0.293,2.209,9.328,2.186
a,86047,0.000,0.000,36.000,0.000,4.043,-0.070,0.213,-0.379,2.210,9.306,2.195
a,86052,0.000,0.000,36.000,0.000,3.955,0.098,0.121,1.820,2.237,9.325,2.204
a,86055,0.000,0.000,36.000,0.000,4.131,0.037,-0.032,0.354,2.209,9.319,2.213
a,86059,0.000,0.000,36.000,0.000,4.175,-0.024,0.121,0.461,2.197,9.353,2.204
a,86063,0.000,0.000,36.000,0.000,3.999,-0.085,-0.062,-1.173,2.215,9.291,2.195
a,86067,0.000,0.000,36.000,0.000,4.131,-0.116,0.075,1.178,2.210,9.328,2.204
a,86071,0.000,0.000,36.000,0.000,3.955,-0.070,-0.200,0.507,2.218,9.324,2.188
a,86075,0.000,0.000,36.000,0.000,4.131,0.128,-0.047,-0.165,2.210,9.330,2.191
a,86079,0.000,0.000,36.000,0.000,4.043,-0.024,-0.047,0.781,2.249,9.315,2.206
a,86083,0.000,0.000,36.000,0.000,4.131,0.144,-0.215,-0.211,2.215,9.331,2.200
a,86087,0.000,0.000,36.000,0.000,4.087,0.235,-0.154,0.171,2.197,9.313,2.182
a,86091,0.000,0.000,36.000,0.000,4.087,-0.131,-0.093,0.842,2.217,9.324,2.185
a,86095,0.000,0.000,36.000,0.000,4.043,-0.131,-0.093,0.400,2.217,9.345,2.192
a,86099,0.000,0.000,36.000,0.000,4.043,0.037,0.060,0.079,2.228,9.330,2.206
a,86104,0.000,0.000,36.000,0.000,3.999,0.296,0.136,0.278,2.204,9.348,2.207
a,86107,0.000,0.000,36.000,0.000,4.087,0.144,0.121,0.278,2.203,9.334,2.221
a,86111,0.000,0.000,36.000,0.000,4.087,0.067,0.121,-0.532,2.243,9.324,2.213
a,86115,0.000,0.000,36.000,0.000,4.131,-0.055,0.014,0.888,2.225,9.317,2.201
a,86119,0.000,0.000,36.000,0.000,4.043,0.052,-0.032,0.949,2.228,9.328,2.207
a,86123,0.000,0.000,36.000,0.000,3.999,-0.070,0.014,0.354,2.201,9.329,2.192
a,86127,0.000,0.000,36.000,0.000,4.043,0.144,0.014,0.827,2.210,9.325,2.207
a,86131,0.000,0.000,36.000,0.000,4.087,0.037,0.167,0.354,2.207,9.323,2.213
a,86135,0.000,0.000,36.000,0.000,4.043,-0.070,-0.154,-0.150,2.203,9.299,2.194
a,86140,0.000,0.000,36.000,0.000,3.999,-0.131,0.014,0.781,2.203,9.340,2.209
a,86143,0.000,0.000,36.000,0.000,3.999,0.021,0.167,-0.471,2.175,9.354,2.215
a,86147,0.000,0.000,36.000,0.000,4.087,-0.024,-0.108,-0.150,2.218,9.351,2.230
a,86151,0.000,0.000,36.000,0.000,4.131,-0.070,-0.169,0.125,2.212,9.323,2.213
a,86155,0.000,0.000,36.000,0.000,4.043,0.082,0.060,-0.272,2.203,9.330,2.207
a,86160,0.000,0.000,36.000,0.000,4.043,-0.131,0.045,-0.028,2.224,9.331,2.198
a,86163,0.000,0.000,36.000,0.000,4.087,0.037,-0.108,-0.257,2.206,9.354,2.215
a,86168,0.000,0.000,36.000,0.000,4.043,0.082,-0.215,0.216,2.194,9.339,2.211
a,86171,0.000,0.000,36.000,0.000,4.131,-0.085,0.045,-0.745,2.252,9.349,2.191
a,86175,0.000,0.000,36.000,0.000,4.175,0.037,0.167,0.720,2.213,9.347,2.204
a,86179,0.000,0.000,36.000,0.000,3.955,-0.055,-0.016,-1.936,2.222,9.353,2.194
a,86183,0.000,0.000,36.000,0.000,4.087,-0.147,0.182,-0.394,2.235,9.372,2.195
a,86188,0.000,0.000,36.000,0.000,4.043,0.052,-0.047,1.499,2.230,9.348,2.200
a,86192,0.000,0.000,36.000,0.000,4.043,0.128,-0.108,-0.532,2.206,9.353,2.194
a,86195,0.000,0.000,36.000,0.000,3.999,0.067,-0.093,0.445,2.215,9.355,2.182
a,86200,0.000,0.000,36.000,0.000,4.043,-0.040,0.121,-0.684,2.228,9.331,2.198
a,86203,0.000,0.000,36.000,0.000,4.087,-0.040,0.060,-0.745,2.219,9.331,2.213
a,86207,0.000,0.000,36.000,0.000,4.087,-0.070,0.075,0.568,2.222,9.339,2.206
a,86211,0.000,0.000,36.000,0.000,4.087,-0.177,0.136,0.949,2.201,9.349,2.236
a,86215,0.000,0.000,36.000,0.000,3.999,-0.040,0.213,-0.654,2.233,9.383,2.211
a,86219,0.000,0.000,36.000,0.000,3.999,-0.070,0.136,0.232,2.222,9.336,2.192
a,86223,0.000,0.000,36.000,0.000,4.043,0.037,0.121,0.354,2.191,9.317,2.207
a,86227,0.000,0.000,36.000,0.000,4.043,-0.131,-0.123,-0.089,2.206,9.339,2.192
a,86231,0.000,0.000,36.000,0.000,4.043,-0.147,-0.108,-0.639,2.212,9.345,2.200
a,86235,0.000,0.000,36.000,0.000,4.131,-0.070,-0.032,0.232,2.210,9.353,2.200
a,86239,0.000,0.000,36.000,0.000,4.131,0.144,-0.123,-0.379,2.209,9.340,2.195
a,86243,0.000,0.000,36.000,0.000,3.999,0.037,0.106,0.018,2.215,9.349,2.207
a,86247,0.000,0.000,36.000,0.000,3.999,-0.085,-0.108,-1.448,2.215,9.353,2.213
a,86251,0.000,0.000,36.000,0.000,3.955,0.037,0.045,-0.364,2.228,9.330,2.215
a,86256,0.000,0.000,36.000,0.000,4.043,0.128,0.045,-0.486,2.194,9.336,2.200
a,86259,0.000,0.000,36.000,0.000,4.087,0.082,-0.108,0.278,2.206,9.342,2.207
a,86263,0.000,0.000,36.000,0.000,4.087,-0.085,0.106,-1.066,2.222,9.364,2.198
a,86267,0.000,0.000,36.000,0.000,4.131,-0.238,-0.001,-0.410,2.210,9.319,2.223
a,86271,0.000,0.000,36.000,0.000,4.131,0.037,0.121,0.400,2.206,9.343,2.191
a,86275,0.000,0.000,36.000,0.000,4.043,-0.085,0.167,-0.577,2.197,9.340,2.213
a,86279,0.000,0.000,36.000,0.000,4.043,-0.147,-0.154,-0.898,2.217,9.367,2.200
a,86283,0.000,0.000,36.000,0.000,4.175,0.021,-0.001,-0.745,2.230,9.297,2.179
a,86288,0.000,0.000,36.000,0.000,4.087,0.082,0.075,0.598,2.224,9.346,2.192
a,86292,0.000,0.000,36.000,0.000,4.175,0.220,-0.108,-1.249,2.224,9.361,2.203
a,86295,0.000,0.000,36.000,0.000,4.087,-0.070,-0.047,0.125,2.235,9.321,2.204
a,86299,0.000,0.000,36.000,0.000,4.087,-0.238,0.029,0.507,2.230,9.319,2.191
a,86303,0.000,0.000,36.000,0.000,3.999,-0.147,-0.032,0.400,2.230,9.355,2.193
a,86308,0.000,0.000,36.000,0.000,4.043,0.144,-0.123,-0.104,2.241,9.335,2.194
a,86312,0.000,0.000,36.000,0.000,4.131,-0.192,-0.047,0.354,2.215,9.359,2.200
a,86316,0.000,0.000,36.000,0.000,4.043,-0.040,-0.062,-0.791,2.224,9.310,2.194
a,86319,0.000,0.000,36.000,0.000,4.131,0.052,-0.108,0.888,2.222,9.317,2.201
a,86323,0.000,0.000,36.000,0.000,4.043,-0.040,0.121,-0.028,2.187,9.355,2.180
a,86327,0.000,0.000,36.000,0.000,4.043,0.082,-0.047,0.659,2.230,9.339,2.204
a,86331,0.000,0.000,36.000,0.000,4.087,-0.070,0.014,0.400,2.235,9.324,2.229
a,86335,0.000,0.000,36.000,0.000,4.131,0.037,0.121,0.079,2.219,9.335,2.188
a,86340,0.000,0.000,36.000,0.000,4.087,0.082,0.075,0.445,2.224,9.324,2.207
a,86343,0.000,0.000,36.000,0.000,4.087,0.006,0.014,-0.684,2.222,9.334,2.212
a,86348,0.000,0.000,36.000,0.000,4.043,0.174,-0.001,-1.677,2.228,9.325,2.195
a,86352,0.000,0.000,36.000,0.000,4.131,-0.253,-0.200,0.781,2.203,9.327,2.241
a,86355,0.000,0.000,36.000,0.000,4.087,0.037,-0.016,1.652,2.212,9.323,2.197
a,86359,0.000,0.000,36.000,0.000,4.087,-0.101,-0.108,-1.387,2.206,9.310,2.184
a,86363,0.000,0.000,36.000,0.000,4.131,-0.070,0.029,-0.623,2.240,9.343,2.213
a,86367,0.000,0.000,36.000,0.000,4.043,-0.040,-0.169,-0.577,2.225,9.340,2.192
a,86371,0.000,0.000,36.000,0.000,4.131,-0.147,0.014,0.018,2.248,9.333,2.199
a,86375,0.000,0.000,36.000,0.000,4.131,-0.253,0.106,-1.616,2.219,9.319,2.213
a,86379,0.000,0.000,36.000,0.000,3.999,0.067,0.029,0.384,2.230,9.318,2.191
a,86383,0.000,0.000,36.000,0.000,4.087,0.189,0.167,0.278,2.230,9.303,2.182
a,86387,0.000,0.000,36.000,0.000,4.043,0.006,0.014,-0.959,2.228,9.333,2.186
a,86391,0.000,0.000,36.000,0.000,4.131,-0.177,0.121,1.728,2.225,9.311,2.198
a,86395,0.000,0.000,36.000,0.000,4.043,-0.009,0.121,1.881,2.203,9.324,2.179
a,86400,0.000,0.000,36.000,0.000,4.175,-0.024,-0.093,0.613,2.206,9.322,2.204
a,86403,0.000,0.000,36.000,0.000,4.087,0.037,-0.123,-0.364,2.230,9.330,2.195
a,86407,0.000,0.000,36.000,0.000,4.087,0.037,0.060,0.568,2.212,9.306,2.217
a,86411,0.000,0.000,36.000,0.000,3.999,-0.192,-0.047,0.354,2.225,9.309,2.227
a,86415,0.000,0.000,36.000,0.000,4.087,0.037,-0.154,-0.257,2.215,9.336,2.207
a,86419,0.000,0.000,36.000,0.000,4.087,-0.131,0.121,0.354,2.224,9.307,2.206
a,86423,0.000,0.000,36.000,0.000,4.131,-0.024,0.121,0.293,2.222,9.301,2.207
a,86427,0.000,0.000,36.000,0.000,3.999,-0.024,0.014,0.400,2.217,9.307,2.198
a,86431,0.000,0.000,36.000,0.000,4.087,0.082,0.274,0.201,2.217,9.311,2.207
a,86436,0.000,0.000,36.000,0.000,4.087,-0.131,0.045,-0.410,2.217,9.295,2.200
a,86440,0.000,0.000,36.000,0.000,4.043,0.082,-0.108,-0.272,2.215,9.319,2.206
a,86444,0.000,0.000,36.000,0.000,4.087,-0.070,-0.032,0.507,2.225,9.319,2.209
a,86447,0.000,0.000,36.000,0.000,4.043,0.082,-0.123,-0.104,2.234,9.324,2.186
a,86451,0.000,0.000,36.000,0.000,4.087,0.037,0.029,0.232,2.209,9.331,2.195
a,86455,0.000,0.000,36.000,0.000,4.043,0.037,-0.108,0.232,2.219,9.343,2.191
a,86460,0.000,0.000,36.000,0.000,4.175,-0.070,-0.062,-0.364,2.246,9.325,2.192
a,86464,0.000,0.000,36.000,0.000,4.175,-0.070,-0.062,-0.150,2.210,9.339,2.195
a,86468,0.000,0.000,36.000,0.000,4.043,-0.147,-0.123,-1.387,2.240,9.335,2.204
a,86471,0.000,0.000,36.000,0.000,4.043,-0.024,0.121,0.568,2.235,9.371,2.201
a,86475,0.000,0.000,36.000,0.000,4.131,-0.009,0.228,0.873,2.203,9.335,2.201
a,86479,0.000,0.000,36.000,0.000,4.043,0.189,0.152,-0.379,2.206,9.358,2.186
a,86483,0.000,0.000,36.000,0.000,4.087,-0.238,0.014,0.674,2.215,9.346,2.198
a,86488,0.000,0.000,36.000,0.000,4.175,-0.147,0.014,-0.471,2.212,9.292,2.194
a,86492,0.000,0.000,36.000,0.000,4.043,0.021,-0.047,-0.684,2.206,9.317,2.176
a,86495,0.000,0.000,36.000,0.000,4.087,-0.116,0.014,0.949,2.203,9.311,2.204
a,86500,0.000,0.000,36.000,0.000,4.087,-0.055,-0.108,1.239,2.194,9.303,2.211
a,86503,0.000,0.000,36.000,0.000,4.087,-0.040,0.014,-0.410,2.215,9.355,2.184
a,86507,0.000,0.000,36.000,0.000,4.043,0.082,0.121,-0.425,2.215,9.363,2.209
a,86511,0.000,0.000,36.000,0.000,4.043,0.021,0.213,-0.532,2.219,9.336,2.209
a,86515,0.000,0.000,36.000,0.000,3.999,0.144,-0.093,0.384,2.201,9.357,2.207
a,86519,0.000,0.000,36.000,0.000,4.131,0.037,0.014,0.125,2.218,9.342,2.194
a,86523,0.000,0.000,36.000,0.000,4.043,0.037,0.258,0.064,2.210,9.333,2.204
a,86527,0.000,0.000,36.000,0.000,3.999,-0.024,-0.276,-0.303,2.217,9.331,2.186
a,86531,0.000,0.000,36.000,0.000,3.999,0.144,0.228,0.201,2.217,9.328,2.219
a,86535,0.000,0.000,36.000,0.000,4.043,0.052,-0.261,-0.806,2.209,9.316,2.205
a,86539,0.000,0.000,36.000,0.000,4.087,0.037,-0.108,0.568,2.225,9.333,2.179
a,86543,0.000,0.000,36.000,0.000,4.087,-0.040,-0.108,-1.234,2.201,9.348,2.192
a,86547,0.000,0.000,36.000,0.000,4.131,0.052,0.167,0.888,2.225,9.364,2.219
a,86551,0.000,0.000,36.000,0.000,4.043,-0.040,-0.108,-0.577,2.222,9.334,2.207
a,86556,0.000,0.000,36.000,0.000,4.087,0.113,0.014,-1.188,2.219,9.337,2.186
a,86559,0.000,0.000,36.000,0.000,4.087,0.037,0.045,0.186,2.204,9.340,2.176
a,86563,0.000,0.000,36.000,0.000,4.131,0.082,-0.093,0.598,2.218,9.325,2.200
a,86567,0.000,0.000,36.000,0.000,4.087,0.037,0.320,-0.211,2.209,9.335,2.206
a,86571,0.000,0.000,36.000,0.000,4.043,-0.070,-0.093,0.613,2.222,9.317,2.204
a,86575,0.000,0.000,36.000,0.000,4.131,0.144,0.045,-0.211,2.210,9.323,2.188
a,86579,0.000,0.000,36.000,0.000,4.087,0.189,-0.032,0.491,2.225,9.321,2.194
a,86583,0.000,0.000,36.000,0.000,4.043,0.189,0.075,0.552,2.206,9.348,2.200
a,86588,0.000,0.000,36.000,0.000,4.219,-0.360,0.045,-0.516,2.217,9.349,2.200
a,86591,0.000,0.000,36.000,0.000,4.043,-0.040,-0.108,-0.516,2.253,9.336,2.179
a,86595,0.000,0.000,36.000,0.000,4.043,-0.040,-0.001,-1.661,2.224,9.330,2.213
a,86599,0.000,0.000,36.000,0.000,4.087,0.098,0.029,0.934,2.224,9.331,2.195
a,86603,0.000,0.000,36.000,0.000,4.087,0.144,-0.154,0.216,2.213,9.349,2.186
a,86608,0.000,0.000,36.000,0.000,4.175,0.037,-0.001,-0.257,2.203,9.309,2.186
a,86612,0.000,0.000,36.000,0.000,4.087,0.067,-0.230,-0.700,2.209,9.354,2.182
a,86616,0.000,0.000,36.000,0.000,4.131,0.037,-0.200,0.949,2.233,9.327,2.203
a,86619,0.000,0.000,36.000,0.000,4.043,0.082,0.029,0.552,2.246,9.321,2.201
a,86623,0.000,0.000,36.000,0.000,4.087,-0.208,0.121,-0.303,2.234,9.372,2.205
a,86627,0.000,0.000,36.000,0.000,4.043,-0.131,0.045,-0.303,2.209,9.364,2.201
a,86631,0.000,0.000,36.000,0.000,4.087,-0.009,0.167,1.010,2.206,9.352,2.186
a,86635,0.000,0.000,36.000,0.000,4.087,-0.040,0.106,-0.791,2.224,9.317,2.209
a,86639,0.000,0.000,36.000,0.000,4.087,-0.192,-0.230,-0.303,2.218,9.331,2.201
a,86643,0.000,0.000,36.000,0.000,4.131,0.082,0.014,0.278,2.210,9.345,2.213
a,86648,0.000,0.000,36.000,0.000,4.131,-0.055,-0.215,-1.280,2.218,9.373,2.218
a,86652,0.000,0.000,36.000,0.000,4.087,0.037,0.075,0.293,2.225,9.360,2.211
a,86655,0.000,0.000,36.000,0.000,3.999,-0.070,0.014,0.781,2.206,9.366,2.201
a,86659,0.000,0.000,36.000,0.000,4.043,-0.085,0.106,-0.516,2.219,9.342,2.180
a,86664,0.000,0.000,36.000,0.000,4.043,0.067,-0.047,-0.318,2.215,9.333,2.209
a,86667,0.000,0.000,36.000,0.000,3.999,0.037,-0.032,0.720,2.217,9.339,2.215
a,86671,0.000,0.000,36.000,0.000,4.087,-0.040,0.106,-0.898,2.215,9.294,2.191
a,86675,0.000,0.000,36.000,0.000,4.087,-0.085,-0.001,-0.959,2.199,9.339,2.194
a,86679,0.000,0.000,36.000,0.000,4.131,0.144,-0.108,0.598,2.218,9.352,2.211
a,86683,0.000,0.000,36.000,0.000,3.999,-0.070,-0.169,-0.303,2.219,9.321,2.194
a,86687,0.000,0.000,36.000,0.000,4.087,0.037,0.045,-0.303,2.215,9.353,2.213
a,86691,0.000,0.000,36.000,0.000,4.087,-0.131,0.060,-0.257,2.215,9.336,2.209
a,86695,0.000,0.000,36.000,0.000,4.087,0.235,0.213,-0.501,2.199,9.349,2.211
a,86699,0.000,0.000,36.000,0.000,4.131,-0.085,-0.230,-1.234,2.221,9.329,2.217
a,86703,0.000,0.000,36.000,0.000,4.131,-0.253,-0.001,-0.852,2.215,9.328,2.192
a,86708,0.000,0.000,36.000,0.000,4.175,-0.131,-0.001,0.018,2.224,9.357,2.213
a,86711,0.000,0.000,36.000,0.000,4.087,-0.147,0.014,0.186,2.218,9.355,2.205
a,86715,0.000,0.000,36.000,0.000,4.175,0.144,0.167,0.110,2.217,9.342,2.194
a,86719,0.000,0.000,36.000,0.000,4.131,-0.147,-0.123,-0.516,2.215,9.328,2.201
a,86723,0.000,0.000,36.000,0.000,4.043,0.189,0.121,-0.043,2.233,9.369,2.194
a,86727,0.000,0.000,36.000,0.000,3.999,0.037,0.060,0.232,2.230,9.324,2.200
a,86731,0.000,0.000,36.000,0.000,4.087,0.174,0.167,-0.700,2.222,9.316,2.194
a,86735,0.000,0.000,36.000,0.000,4.131,-0.116,0.121,1.728,2.215,9.337,2.180
a,86739,0.000,0.000,36.000,0.000,4.043,0.082,-0.215,0.552,2.201,9.331,2.235
a,86744,0.000,0.000,36.000,0.000,4.087,0.082,-0.123,-0.379,2.209,9.353,2.211
a,86747,0.000,0.000,36.000,0.000,4.131,0.052,0.014,0.949,2.204,9.339,2.198
a,86751,0.000,0.000,36.000,0.000,4.087,-0.024,0.152,-0.257,2.206,9.339,2.213
a,86755,0.000,0.000,36.000,0.000,4.043,-0.024,-0.230,-0.150,2.218,9.335,2.194
a,86759,0.000,0.000,36.000,0.000,4.175,0.250,-0.108,-0.165,2.218,9.324,2.209
a,86764,0.000,0.000,36.000,0.000,4.175,0.082,0.274,-0.287,2.209,9.331,2.185
a,86768,0.000,0.000,36.000,0.000,3.999,0.037,-0.047,0.461,2.225,9.364,2.186
a,86771,0.000,0.000,36.000,0.000,4.087,0.067,-0.062,-0.593,2.230,9.313,2.204
a,86775,0.000,0.000,36.000,0.000,4.175,0.037,-0.215,0.781,2.219,9.348,2.207
a,86779,0.000,0.000,36.000,0.000,4.043,-0.024,0.136,0.842,2.228,9.345,2.211
a,86783,0.000,0.000,36.000,0.000,4.131,0.220,0.014,-1.142,2.219,9.347,2.197
a,86788,0.000,0.000,36.000,0.000,4.175,0.189,0.091,-0.471,2.217,9.339,2.209
a,86791,0.000,0.000,36.000,0.000,4.087,-0.055,0.274,-0.913,2.199,9.333,2.197
a,86796,0.000,0.000,36.000,0.000,4.043,0.128,-0.062,-0.532,2.222,9.336,2.209
a,86800,0.000,0.000,36.000,0.000,4.087,-0.024,0.014,0.461,2.217,9.351,2.188
a,86803,0.000,0.000,36.000,0.000,4.087,-0.009,0.060,1.071,2.206,9.336,2.188
a,86807,0.000,0.000,36.000,0.000,4.087,0.037,0.152,-0.303,2.215,9.329,2.213
a,86811,0.000,0.000,36.000,0.000,4.043,0.037,-0.138,0.354,2.215,9.345,2.195
a,86815,0.000,0.000,36.000,0.000,4.087,-0.208,0.121,0.186,2.233,9.318,2.221
a,86819,0.000,0.000,36.000,0.000,4.043,0.144,-0.001,-0.272,2.206,9.352,2.198
a,86823,0.000,0.000,36.000,0.000,4.087,-0.070,0.060,0.186,2.225,9.357,2.195
a,86827,0.000,0.000,36.000,0.000,4.087,0.067,0.152,-0.486,2.225,9.336,2.195
a,86831,0.000,0.000,36.000,0.000,4.087,0.067,0.060,-0.043,2.219,9.330,2.206
a,86835,0.000,0.000,36.000,0.000,4.131,0.067,-0.047,-0.593,2.234,9.353,2.223
a,86839,0.000,0.000,36.000,0.000,4.043,0.067,0.106,-1.631,2.212,9.337,2.229
a,86843,0.000,0.000,36.000,0.000,3.999,-0.024,-0.001,-0.364,2.204,9.325,2.206
a,86848,0.000,0.000,36.000,0.000,4.131,0.144,-0.169,-0.425,2.198,9.316,2.209
a,86851,0.000,0.000,36.000,0.000,4.087,-0.024,0.014,0.461,2.209,9.336,2.207
a,86855,0.000,0.000,36.000,0.000,4.087,0.082,0.152,0.171,2.228,9.319,2.186
a,86859,0.000,0.000,36.000,0.000,4.043,-0.024,-0.138,1.606,2.222,9.359,2.205
a,86863,0.000,0.000,36.000,0.000,4.087,-0.177,0.060,0.888,2.217,9.335,2.221
a,86867,0.000,0.000,36.000,0.000,4.043,0.128,0.258,-1.051,2.222,9.301,2.200
a,86871,0.000,0.000,36.000,0.000,4.087,-0.055,-0.108,1.453,2.215,9.349,2.204
a,86875,0.000,0.000,36.000,0.000,4.087,-0.131,0.014,0.354,2.209,9.317,2.207
a,86879,0.000,0.000,36.000,0.000,3.999,0.021,-0.230,-0.745,2.233,9.343,2.211
a,86883,0.000,0.000,36.000,0.000,4.043,0.128,0.045,-0.868,2.228,9.342,2.201
a,86888,0.000,0.000,36.000,0.000,4.087,0.052,0.167,1.560,2.212,9.329,2.200
a,86891,0.000,0.000,36.000,0.000,4.087,-0.055,-0.291,-1.829,2.212,9.331,2.207
a,86895,0.000,0.000,36.000,0.000,4.175,-0.147,0.060,-0.577,2.225,9.336,2.200
a,86899,0.000,0.000,36.000,0.000,4.131,-0.085,0.213,-0.654,2.224,9.347,2.192
a,86903,0.000,0.000,36.000,0.000,4.087,0.189,0.014,-0.425,2.224,9.331,2.221
a,86908,0.000,0.000,36.000,0.000,3.999,0.052,0.014,-1.677,2.206,9.324,2.215
a,86912,0.000,0.000,36.000,0.000,3.955,-0.177,-0.108,1.499,2.210,9.335,2.217
a,86916,0.000,0.000,36.000,0.000,4.131,0.052,-0.047,-0.700,2.209,9.328,2.228
a,86919,0.000,0.000,36.000,0.000,4.043,-0.024,0.106,-0.089,2.209,9.357,2.194
a,86923,0.000,0.000,36.000,0.000,3.999,0.159,0.029,0.873,2.224,9.360,2.191
a,86927,0.000,0.000,36.000,0.000,4.087,0.067,-0.062,-0.868,2.210,9.358,2.219
a,86931,0.000,0.000,36.000,0.000,4.087,-0.162,-0.215,-0.852,2.224,9.370,2.188
a,86935,0.000,0.000,36.000,0.000,4.131,-0.070,0.014,-0.150,2.218,9.353,2.213
a,86939,0.000,0.000,36.000,0.000,4.087,0.311,-0.138,1.545,2.217,9.321,2.206
a,86944,0.000,0.000,36.000,0.000,4.131,0.037,0.136,0.293,2.212,9.360,2.204
a,86948,0.000,0.000,36.000,0.000,4.087,-0.147,0.182,0.293,2.218,9.370,2.195
a,86951,0.000,0.000,36.000,0.000,4.131,-0.024,0.014,0.507,2.187,9.321,2.188
a,86956,0.000,0.000,36.000,0.000,4.131,0.021,-0.001,-0.577,2.222,9.335,2.206
a,86959,0.000,0.000,36.000,0.000,4.043,-0.238,-0.032,0.461,2.209,9.339,2.194
a,86963,0.000,0.000,36.000,0.000,4.087,0.082,-0.093,0.552,2.209,9.363,2.215
a,86967,0.000,0.000,36.000,0.000,4.175,-0.192,0.106,0.186,2.193,9.365,2.204
a,86971,0.000,0.000,36.000,0.000,3.999,-0.070,0.060,0.674,2.219,9.360,2.188
a,86975,0.000,0.000,36.000,0.000,3.955,0.144,-0.001,-0.211,2.228,9.354,2.224
a,86979,0.000,0.000,36.000,0.000,4.131,0.037,-0.123,0.125,2.228,9.343,2.204
a,86983,0.000,0.000,36.000,0.000,4.043,-0.147,-0.123,-1.020,2.211,9.367,2.206
a,86987,0.000,0.000,36.000,0.000,4.131,-0.070,0.136,0.461,2.210,9.325,2.198
a,86991,0.000,0.000,36.000,0.000,4.043,0.159,0.014,0.873,2.203,9.349,2.194
a,86995,0.000,0.000,36.000,0.000,4.043,0.067,-0.062,-0.532,2.221,9.324,2.229
a,86999,0.000,0.000,36.000,0.000,4.087,-0.024,0.029,0.568,2.194,9.349,2.217
a,87004,0.000,0.000,36.000,0.000,4.131,0.052,-0.352,1.239,2.225,9.349,2.192
a,87007,0.000,0.000,36.000,0.000,3.955,-0.040,-0.230,-1.173,2.199,9.345,2.198
a,87011,0.000,0.000,36.000,0.000,4.087,0.144,0.136,1.163,2.224,9.334,2.212
a,87015,0.000,0.000,36.000,0.000,4.131,-0.070,-0.047,0.400,2.209,9.351,2.192
a,87019,0.000,0.000,36.000,0.000,4.131,-0.085,0.136,0.568,2.218,9.348,2.225
a,87023,0.000,0.000,36.000,0.000,4.131,-0.024,-0.047,0.568,2.243,9.315,2.219
a,87027,0.000,0.000,36.000,0.000,4.131,0.144,-0.047,-0.165,2.217,9.351,2.191
a,87031,0.000,0.000,36.000,0.000,4.043,0.082,0.106,-0.379,2.215,9.352,2.211
a,87035,0.000,0.000,36.000,0.000,4.087,0.296,-0.154,0.552,2.224,9.360,2.200
a,87040,0.000,0.000,36.000,0.000,4.087,0.159,0.136,0.934,2.222,9.342,2.221
a,87043,0.000,0.000,36.000,0.000,4.131,-0.070,0.167,0.125,2.217,9.348,2.215
a,87048,0.000,0.000,36.000,0.000,4.131,0.052,0.029,0.949,2.246,9.360,2.207
a,87051,0.000,0.000,36.000,0.000,4.131,-0.085,-0.062,-1.066,2.215,9.353,2.217
a,87055,0.000,0.000,36.000,0.000,4.043,0.021,0.060,-0.303,2.237,9.316,2.201
a,87060,0.000,0.000,36.000,0.000,3.999,0.144,-0.001,-0.379,2.193,9.330,2.204
a,87064,0.000,0.000,36.000,0.000,3.999,0.189,-0.047,0.384,2.218,9.331,2.204
a,87068,0.000,0.000,36.000,0.000,3.999,0.037,-0.047,-0.028,2.212,9.359,2.206
a,87071,0.000,0.000,36.000,0.000,3.999,0.082,0.060,0.003,2.204,9.330,2.206
a,87075,0.000,0.000,36.000,0.000,3.999,0.082,-0.062,-0.425,2.217,9.345,2.186
a,87079,0.000,0.000,36.000,0.000,4.087,-0.040,0.014,-0.577,2.233,9.342,2.209
a,87083,0.000,0.000,36.000,0.000,4.043,0.037,0.152,0.018,2.197,9.352,2.229
a,87087,0.000,0.000,36.000,0.000,4.043,-0.024,0.228,-0.104,2.240,9.346,2.188
a,87091,0.000,0.000,36.000,0.000,4.087,0.052,-0.062,0.293,2.215,9.361,2.201
a,87095,0.000,0.000,36.000,0.000,4.131,0.067,-0.047,-1.402,2.209,9.346,2.209
a,87100,0.000,0.000,36.000,0.000,4.043,-0.131,-0.001,-0.257,2.209,9.357,2.206
a,87103,0.000,0.000,36.000,0.000,4.087,-0.192,0.075,0.293,2.204,9.334,2.215
a,87108,0.000,0.000,36.000,0.000,4.087,-0.042,0.153,-0.138,2.217,9.343,2.205
a,87111,0.000,0.000,36.000,0.000,4.175,-0.195,0.275,0.228,2.215,9.328,2.194
a,87115,0.000,0.000,36.000,0.000,4.087,0.065,-0.275,-0.474,2.203,9.391,2.191
a,87119,0.000,0.000,36.000,0.000,3.999,0.187,-0.000,0.503,2.201,9.311,2.227
a,87123,0.000,0.000,36.000,0.000,4.087,0.034,-0.153,0.519,2.224,9.324,2.192
a,87127,0.000,0.000,36.000,0.000,4.043,-0.149,0.153,-0.947,2.203,9.328,2.223
a,87131,0.000,0.000,36.000,0.000,4.043,0.141,-0.183,0.015,2.228,9.319,2.224
a,87135,0.000,0.000,36.000,0.000,4.131,0.278,-0.229,-1.237,2.217,9.379,2.191
a,87139,0.000,0.000,36.000,0.000,4.131,-0.027,0.153,0.793,2.228,9.335,2.213
a,87143,0.000,0.000,36.000,0.000,4.087,0.232,-0.138,-1.344,2.215,9.343,2.180
a,87147,0.000,0.000,36.000,0.000,4.043,-0.088,0.046,-0.138,2.235,9.343,2.186
a,87151,0.000,0.000,36.000,0.000,4.131,0.187,0.015,0.228,2.222,9.349,2.186
a,87155,0.000,0.000,36.000,0.000,3.999,-0.042,-0.061,0.030,2.228,9.347,2.228
a,87160,0.000,0.000,36.000,0.000,4.087,-0.134,-0.061,0.366,2.219,9.353,2.188
a,87163,0.000,0.000,36.000,0.000,4.087,0.187,0.030,0.015,2.221,9.334,2.195
a,87167,0.000,0.000,36.000,0.000,4.087,0.065,-0.168,-0.856,2.233,9.349,2.200
a,87171,0.000,0.000,36.000,0.000,4.087,-0.180,-0.061,1.679,2.201,9.339,2.206
a,87175,0.000,0.000,36.000,0.000,4.043,0.080,-0.076,0.015,2.217,9.325,2.185
a,87179,0.000,0.000,36.000,0.000,3.999,-0.134,-0.153,0.244,2.234,9.357,2.195
a,87183,0.000,0.000,36.000,0.000,4.175,-0.027,-0.076,-0.077,2.199,9.360,2.213
a,87187,0.000,0.000,36.000,0.000,4.087,-0.149,-0.183,-1.222,2.222,9.373,2.185
a,87192,0.000,0.000,36.000,0.000,4.131,0.080,-0.015,0.015,2.225,9.354,2.204
a,87196,0.000,0.000,36.000,0.000,4.087,-0.073,0.030,0.030,2.211,9.345,2.206
a,87199,0.000,0.000,36.000,0.000,4.043,-0.073,-0.168,-0.352,2.233,9.373,2.191
a,87203,0.000,0.000,36.000,0.000,4.087,-0.134,-0.061,-0.245,2.225,9.322,2.201
a,87207,0.000,0.000,36.000,0.000,4.087,0.034,-0.168,0.091,2.204,9.346,2.195
a,87212,0.000,0.000,36.000,0.000,3.999,0.171,-0.046,0.457,2.209,9.336,2.199
a,87216,0.000,0.000,36.000,0.000,4.043,-0.088,0.091,-0.459,2.224,9.364,2.201
a,87220,0.000,0.000,36.000,0.000,4.131,0.187,0.015,0.503,2.206,9.334,2.204
a,87223,0.000,0.000,36.000,0.000,4.131,-0.027,-0.000,0.793,2.224,9.331,2.175
a,87227,0.000,0.000,36.000,0.000,4.087,0.248,0.030,0.076,2.212,9.310,2.215
a,87231,0.000,0.000,36.000,0.000,3.999,-0.027,-0.076,-0.245,2.212,9.333,2.200
a,87235,0.000,0.000,36.000,0.000,4.131,-0.073,0.244,-0.260,2.201,9.354,2.213
a,87240,0.000,0.000,36.000,0.000,4.131,-0.012,0.015,-0.382,2.218,9.349,2.207
a,87243,0.000,0.000,36.000,0.000,4.087,0.034,0.091,0.091,2.254,9.335,2.200
a,87248,0.000,0.000,36.000,0.000,4.043,-0.256,0.091,-0.459,2.204,9.357,2.215
a,87251,0.000,0.000,36.000,0.000,4.087,-0.027,-0.015,-0.138,2.246,9.342,2.186
a,87255,0.000,0.000,36.000,0.000,4.087,-0.195,0.107,0.473,2.204,9.377,2.198
a,87259,0.000,0.000,36.000,0.000,4.087,-0.149,0.046,-1.543,2.212,9.382,2.186
a,87263,0.000,0.000,36.000,0.000,4.043,0.095,0.046,1.007,2.241,9.342,2.206
a,87267,0.000,0.000,36.000,0.000,3.955,-0.119,0.046,0.961,2.230,9.324,2.209
a,87271,0.000,0.000,36.000,0.000,4.043,0.141,-0.015,-0.413,2.219,9.348,2.223
a,87275,0.000,0.000,36.000,0.000,4.043,0.019,-0.107,0.244,2.210,9.355,2.191
a,87279,0.000,0.000,36.000,0.000,4.087,0.034,-0.000,-0.016,2.240,9.359,2.217
a,87283,0.000,0.000,36.000,0.000,4.087,0.141,-0.061,0.457,2.218,9.359,2.207
a,87287,0.000,0.000,36.000,0.000,4.087,0.034,0.046,-0.184,2.233,9.365,2.223
a,87291,0.000,0.000,36.000,0.000,4.131,0.248,-0.168,-0.306,2.219,9.330,2.191
a,87295,0.000,0.000,36.000,0.000,4.614,0.232,0.107,-0.413,2.217,9.327,2.189
a,87300,0.000,0.000,36.000,0.000,4.175,-0.027,-0.046,0.366,2.224,9.360,2.192
a,87303,0.000,0.000,36.000,0.000,4.175,0.049,0.107,-0.962,2.212,9.359,2.212
a,87307,0.000,0.000,36.000,0.000,4.087,-0.042,-0.015,-0.840,2.210,9.359,2.204
a,87311,0.000,0.000,36.000,0.000,4.087,-0.195,-0.000,0.519,2.191,9.354,2.204
a,87315,0.000,0.000,36.000,0.000,4.043,-0.210,-0.015,-0.779,2.199,9.333,2.173
a,87319,0.000,0.000,36.000,0.000,4.087,0.065,-0.244,-0.520,2.241,9.347,2.204
a,87323,0.000,0.000,36.000,0.000,4.131,-0.088,-0.214,0.305,2.228,9.351,2.199
a,87327,0.000,0.000,36.000,0.000,3.999,0.156,-0.000,-0.962,2.212,9.351,2.212
a,87331,0.000,0.000,36.000,0.000,4.131,0.141,0.168,1.007,2.240,9.337,2.195
a,87336,0.000,0.000,36.000,0.000,4.043,-0.073,-0.015,-0.184,2.219,9.334,2.213
a,87340,0.000,0.000,36.000,0.000,4.087,0.080,0.046,0.290,2.227,9.337,2.192
a,87343,0.000,0.000,36.000,0.000,4.131,0.171,-0.015,-1.176,2.210,9.357,2.192
a,87347,0.000,0.000,36.000,0.000,4.043,0.156,-0.000,-1.023,2.203,9.347,2.234
a,87351,0.000,0.000,36.000,0.000,4.043,-0.027,-0.290,-0.291,2.224,9.354,2.195
a,87356,0.000,0.000,36.000,0.000,4.131,0.019,0.091,-0.840,2.234,9.349,2.221
a,87360,0.000,0.000,36.000,0.000,4.131,0.126,0.137,-0.688,2.215,9.359,2.211
a,87364,0.000,0.000,36.000,0.000,4.087,0.294,-0.015,0.122,2.230,9.339,2.195
a,87368,0.000,0.000,36.000,0.000,4.043,-0.302,-0.229,0.580,2.224,9.366,2.198
a,87371,0.000,0.000,36.000,0.000,4.087,-0.149,0.153,0.030,2.215,9.304,2.203
a,87375,0.000,0.000,36.000,0.000,4.131,-0.134,0.030,0.091,2.237,9.353,2.188
a,87379,0.000,0.000,36.000,0.000,4.131,0.003,0.153,-1.008,2.217,9.341,2.191
a,87383,0.000,0.000,36.000,0.000,4.087,-0.012,0.153,1.999,2.209,9.357,2.200
a,87387,0.000,0.000,36.000,0.000,4.043,0.171,0.122,0.351,2.210,9.367,2.217
a,87392,0.000,0.000,36.000,0.000,4.131,-0.073,0.061,0.625,2.219,9.367,2.219
a,87396,0.000,0.000,36.000,0.000,4.131,0.187,-0.015,-0.306,2.219,9.342,2.200
a,87399,0.000,0.000,36.000,0.000,4.131,0.019,-0.122,-0.459,2.233,9.357,2.204
a,87404,0.000,0.000,36.000,0.000,4.131,0.019,-0.000,-0.779,2.199,9.331,2.201
a,87408,0.000,0.000,36.000,0.000,4.131,-0.012,0.122,1.511,2.240,9.342,2.179
a,87411,0.000,0.000,36.000,0.000,4.043,0.248,-0.229,-0.367,2.240,9.336,2.200
a,87415,0.000,0.000,36.000,0.000,4.043,0.187,-0.000,0.839,2.210,9.342,2.195
a,87419,0.000,0.000,36.000,0.000,4.131,-0.195,0.198,0.183,2.233,9.363,2.188
a,87423,0.000,0.000,36.000,0.000,3.999,-0.027,0.046,0.625,2.197,9.345,2.186
a,87427,0.000,0.000,36.000,0.000,4.131,0.049,0.382,1.068,2.234,9.330,2.217
a,87431,0.000,0.000,36.000,0.000,4.131,-0.088,0.061,0.473,2.210,9.343,2.211
a,87435,0.000,0.000,36.000,0.000,4.043,0.171,-0.000,-0.199,2.217,9.341,2.191
a,87439,0.000,0.000,36.000,0.000,3.955,-0.134,-0.015,-0.398,2.233,9.335,2.204
a,87443,0.000,0.000,36.000,0.000,4.043,0.232,0.153,-1.619,2.225,9.335,2.195
a,87447,0.000,0.000,36.000,0.000,4.087,0.095,-0.061,1.068,2.206,9.363,2.213
a,87452,0.000,0.000,36.000,0.000,3.999,-0.134,0.091,-0.184,2.240,9.374,2.182
a,87455,0.000,0.000,36.000,0.000,4.087,0.126,0.137,-0.474,2.224,9.361,2.223
a,87459,0.000,0.000,36.000,0.000,4.043,0.156,0.320,0.870,2.224,9.373,2.198
a,87463,0.000,0.000,36.000,0.000,4.087,-0.027,-0.229,-0.077,2.194,9.369,2.194
a,87467,0.000,0.000,36.000,0.000,4.087,-0.134,-0.000,-0.016,2.219,9.342,2.180
a,87471,0.000,0.000,36.000,0.000,4.043,-0.210,0.046,-0.947,2.215,9.342,2.192
a,87475,0.000,0.000,36.000,0.000,4.043,0.003,-0.061,-0.459,2.199,9.351,2.186
a,87479,0.000,0.000,36.000,0.000,4.087,-0.149,0.198,-0.962,2.243,9.321,2.204
a,87483,0.000,0.000,36.000,0.000,4.087,0.049,0.015,0.900,2.188,9.346,2.213
a,87487,0.000,0.000,36.000,0.000,4.043,-0.027,0.046,0.732,2.201,9.358,2.201
a,87492,0.000,0.000,36.000,0.000,4.087,-0.027,0.229,0.564,2.218,9.336,2.188
a,87495,0.000,0.000,36.000,0.000,4.043,0.278,-0.076,-0.856,2.204,9.364,2.211
a,87499,0.000,0.000,36.000,0.000,4.131,0.095,-0.000,1.114,2.230,9.379,2.185
a,87503,0.000,0.000,36.000,0.000,4.131,-0.134,0.091,-0.138,2.212,9.348,2.204
a,87507,0.000,0.000,36.000,0.000,4.043,0.080,0.122,0.778,2.228,9.348,2.192
a,87512,0.000,0.000,36.000,0.000,4.175,0.141,0.107,-0.260,2.234,9.321,2.200
a,87516,0.000,0.000,36.000,0.000,4.131,0.080,0.046,0.396,2.197,9.347,2.206
a,87519,0.000,0.000,36.000,0.000,4.087,0.049,-0.107,-1.298,2.209,9.341,2.189
a,87523,0.000,0.000,36.000,0.000,4.087,-0.210,-0.122,-0.016,2.204,9.343,2.197
a,87527,0.000,0.000,36.000,0.000,4.043,0.171,-0.290,-0.520,2.209,9.335,2.211
a,87531,0.000,0.000,36.000,0.000,4.043,-0.256,0.153,-1.268,2.224,9.330,2.198
a,87535,0.000,0.000,36.000,0.000,4.131,-0.012,0.015,1.358,2.235,9.359,2.207
a,87540,0.000,0.000,36.000,0.000,3.999,0.080,-0.138,-0.260,2.215,9.328,2.167
a,87543,0.000,0.000,36.000,0.000,4.043,0.034,-0.138,-0.077,2.224,9.345,2.179
a,87548,0.000,0.000,36.000,0.000,4.043,-0.210,0.153,0.030,2.225,9.363,2.215
a,87551,0.000,0.000,36.000,0.000,4.131,-0.088,0.107,-0.947,2.209,9.348,2.186
a,87555,0.000,0.000,36.000,0.000,4.087,0.187,0.091,-0.367,2.215,9.374,2.192
a,87559,0.000,0.000,36.000,0.000,4.087,-0.302,-0.061,0.305,2.217,9.352,2.195
a,87563,0.000,0.000,36.000,0.000,4.043,0.141,0.015,0.396,2.235,9.363,2.194
a,87567,0.000,0.000,36.000,0.000,4.175,0.019,-0.275,-0.565,2.201,9.339,2.194
a,87571,0.000,0.000,36.000,0.000,4.043,0.065,-0.015,-0.794,2.201,9.330,2.180
a,87575,0.000,0.000,36.000,0.000,4.175,0.080,-0.122,0.564,2.222,9.324,2.217
a,87579,0.000,0.000,36.000,0.000,4.087,0.034,-0.275,0.366,2.209,9.369,2.173
a,87583,0.000,0.000,36.000,0.000,4.131,-0.149,-0.076,-0.504,2.204,9.333,2.201
a,87587,0.000,0.000,36.000,0.000,4.043,-0.134,-0.183,0.091,2.203,9.348,2.219
a,87592,0.000,0.000,36.000,0.000,4.043,0.171,0.046,-0.856,2.219,9.340,2.213
a,87595,0.000,0.000,36.000,0.000,4.043,-0.088,0.015,0.412,2.204,9.352,2.224
a,87599,0.000,0.000,36.000,0.000,4.087,-0.027,0.046,-0.077,2.246,9.365,2.200
a,87603,0.000,0.000,36.000,0.000,4.043,-0.088,0.153,0.137,2.197,9.376,2.215
a,87607,0.000,0.000,36.000,0.000,4.087,-0.134,0.091,0.137,2.218,9.349,2.192
a,87611,0.000,0.000,36.000,0.000,3.999,-0.134,-0.244,0.137,2.235,9.360,2.209
a,87615,0.000,0.000,36.000,0.000,4.087,-0.027,-0.000,0.366,2.224,9.364,2.200
a,87619,0.000,0.000,36.000,0.000,4.087,0.003,-0.061,-0.779,2.197,9.353,2.199
a,87623,0.000,0.000,36.000,0.000,4.131,-0.027,-0.183,-0.291,2.206,9.377,2.198
a,87627,0.000,0.000,36.000,0.000,4.087,0.065,-0.138,-0.520,2.199,9.345,2.229
a,87631,0.000,0.000,36.000,0.000,4.087,-0.088,0.046,-0.733,2.219,9.342,2.217
a,87635,0.000,0.000,36.000,0.000,3.911,0.141,-0.336,0.839,2.210,9.351,2.192
a,87640,0.000,0.000,36.000,0.000,4.087,-0.058,-0.122,1.297,2.217,9.373,2.201
a,87643,0.000,0.000,36.000,0.000,4.131,-0.042,0.198,-1.023,2.199,9.359,2.200
a,87647,0.000,0.000,36.000,0.000,4.087,0.065,0.107,0.183,2.225,9.376,2.222
a,87651,0.000,0.000,36.000,0.000,4.043,0.232,-0.076,-0.581,2.225,9.365,2.195
a,87655,0.000,0.000,36.000,0.000,3.955,-0.042,0.046,-0.565,2.228,9.336,2.223
a,87660,0.000,0.000,36.000,0.000,4.131,0.080,-0.168,-0.199,2.194,9.336,2.201
a,87664,0.000,0.000,36.000,0.000,4.087,0.080,0.107,-0.199,2.241,9.353,2.180
a,87667,0.000,0.000,36.000,0.000,4.131,-0.058,0.214,-0.856,2.201,9.334,2.195
a,87671,0.000,0.000,36.000,0.000,3.999,0.126,-0.168,-0.092,2.228,9.343,2.201
a,87675,0.000,0.000,36.000,0.000,4.175,0.034,-0.000,-0.398,2.224,9.330,2.185
a,87679,0.000,0.000,36.000,0.000,4.043,-0.348,0.229,1.282,2.206,9.337,2.203
a,87683,0.000,0.000,36.000,0.000,4.043,0.095,0.061,1.007,2.210,9.331,2.213
a,87688,0.000,0.000,36.000,0.000,3.999,-0.119,0.168,1.022,2.217,9.363,2.201
a,87692,0.000,0.000,36.000,0.000,4.043,-0.149,-0.122,-0.184,2.224,9.373,2.203
a,87695,0.000,0.000,36.000,0.000,4.087,0.294,-0.229,-0.092,2.230,9.330,2.180
a,87700,0.000,0.000,36.000,0.000,4.131,0.217,0.229,-0.504,2.230,9.366,2.217
a,87703,0.000,0.000,36.000,0.000,3.999,0.049,0.168,1.786,2.203,9.367,2.186
a,87707,0.000,0.000,36.000,0.000,4.175,0.126,0.137,-1.619,2.219,9.351,2.198
a,87711,0.000,0.000,36.000,0.000,4.087,-0.042,-0.107,-0.260,2.240,9.307,2.206
a,87715,0.000,0.000,36.000,0.000,4.175,-0.027,-0.061,-0.184,2.201,9.354,2.192
a,87719,0.000,0.000,36.000,0.000,4.043,0.065,0.122,0.839,2.206,9.388,2.201
a,87723,0.000,0.000,36.000,0.000,4.087,0.019,-0.153,0.412,2.203,9.355,2.203
a,87727,0.000,0.000,36.000,0.000,4.043,-0.027,0.091,0.091,2.230,9.336,2.211
a,87731,0.000,0.000,36.000,0.000,4.043,-0.027,-0.015,-0.245,2.248,9.346,2.180
a,87735,0.000,0.000,36.000,0.000,3.999,-0.210,0.091,-0.627,2.237,9.345,2.219
a,87739,0.000,0.000,36.000,0.000,4.087,-0.027,0.259,-0.199,2.217,9.349,2.166
a,87743,0.000,0.000,36.000,0.000,4.131,-0.042,0.046,-1.008,2.215,9.351,2.204
a,87747,0.000,0.000,36.000,0.000,4.087,0.065,-0.367,-0.214,2.209,9.366,2.180
a,87752,0.000,0.000,36.000,0.000,4.087,-0.149,0.061,0.625,2.230,9.358,2.195
a,87755,0.000,0.000,36.000,0.000,4.175,-0.042,-0.138,-0.504,2.224,9.354,2.204
a,87759,0.000,0.000,36.000,0.000,4.131,0.034,0.091,-0.077,2.204,9.348,2.198
a,87763,0.000,0.000,36.000,0.000,4.131,0.080,-0.046,0.839,2.233,9.335,2.169
a,87767,0.000,0.000,36.000,0.000,4.043,-0.027,-0.138,0.030,2.217,9.339,2.200
a,87771,0.000,0.000,36.000,0.000,4.131,0.065,-0.443,-1.237,2.225,9.336,2.198
a,87775,0.000,0.000,36.000,0.000,4.131,0.065,0.091,-1.283,2.235,9.334,2.175
a,87779,0.000,0.000,36.000,0.000,4.131,0.065,0.046,-0.413,2.197,9.334,2.189
a,87783,0.000,0.000,36.000,0.000,4.087,-0.088,0.107,-0.627,2.219,9.345,2.219
a,87788,0.000,0.000,36.000,0.000,4.043,-0.012,0.107,1.893,2.206,9.359,2.211
a,87792,0.000,0.000,36.000,0.000,4.087,0.156,0.244,2.305,2.222,9.339,2.199
a,87795,0.000,0.000,36.000,0.000,4.043,0.126,-0.122,-0.474,2.215,9.371,2.192
a,87799,0.000,0.000,36.000,0.000,4.043,-0.088,0.030,-0.840,2.228,9.354,2.172
a,87803,0.000,0.000,36.000,0.000,4.131,0.171,-0.015,-1.023,2.212,9.330,2.195
a,87808,0.000,0.000,36.000,0.000,3.999,-0.134,-0.107,0.305,2.218,9.325,2.204
a,87812,0.000,0.000,36.000,0.000,4.087,0.141,-0.076,-0.260,2.230,9.345,2.204
a,87816,0.000,0.000,36.000,0.000,4.043,0.065,-0.229,-0.367,2.204,9.348,2.199
a,87819,0.000,0.000,36.000,0.000,3.999,-0.027,-0.061,0.091,2.222,9.342,2.198
a,87823,0.000,0.000,36.000,0.000,4.043,-0.073,-0.061,0.793,2.201,9.324,2.201
a,87827,0.000,0.000,36.000,0.000,4.131,-0.088,0.091,-0.459,2.215,9.354,2.195
a,87831,0.000,0.000,36.000,0.000,4.131,-0.027,-0.122,-0.398,2.230,9.348,2.192
a,87835,0.000,0.000,36.000,0.000,3.999,0.065,-0.076,-0.474,2.222,9.336,2.186
a,87839,0.000,0.000,36.000,0.000,4.043,0.080,0.015,0.290,2.218,9.353,2.209
a,87844,0.000,0.000,36.000,0.000,4.043,-0.149,0.015,0.366,2.217,9.330,2.199
a,87847,0.000,0.000,36.000,0.000,4.175,-0.210,-0.107,0.519,2.218,9.345,2.209
a,87852,0.000,0.000,36.000,0.000,4.087,-0.073,-0.122,0.412,2.217,9.364,2.188
a,87856,0.000,0.000,36.000,0.000,4.087,0.019,-0.061,-1.497,2.222,9.313,2.200
a,87859,0.000,0.000,36.000,0.000,4.131,0.080,-0.061,0.122,2.203,9.325,2.192
a,87863,0.000,0.000,36.000,0.000,4.087,0.034,-0.321,0.244,2.225,9.346,2.198
a,87867,0.000,0.000,36.000,0.000,4.043,-0.134,-0.138,-0.245,2.210,9.346,2.195
a,87871,0.000,0.000,36.000,0.000,4.043,-0.088,-0.122,0.091,2.197,9.353,2.212
a,87875,0.000,0.000,36.000,0.000,4.087,-0.058,0.122,1.297,2.212,9.340,2.213
a,87879,0.000,0.000,36.000,0.000,4.087,0.065,-0.183,-0.520,2.230,9.347,2.204
a,87883,0.000,0.000,36.000,0.000,3.999,0.019,0.030,-0.565,2.224,9.327,2.213
a,87887,0.000,0.000,36.000,0.000,4.087,-0.210,-0.168,-0.459,2.206,9.342,2.219
a,87891,0.000,0.000,36.000,0.000,3.999,0.141,-0.000,-0.306,2.217,9.330,2.230
a,87895,0.000,0.000,36.000,0.000,4.087,-0.027,0.046,0.244,2.228,9.358,2.188
a,87899,0.000,0.000,36.000,0.000,4.087,-0.027,-0.046,1.358,2.206,9.318,2.193
a,87904,0.000,0.000,36.000,0.000,4.043,0.080,-0.122,0.671,2.215,9.336,2.211
a,87907,0.000,0.000,36.000,0.000,3.999,0.080,0.122,0.610,2.212,9.351,2.207
a,87911,0.000,0.000,36.000,0.000,3.999,-0.058,-0.199,-1.817,2.218,9.328,2.191
a,87915,0.000,0.000,36.000,0.000,4.043,0.065,0.107,-0.413,2.218,9.348,2.205
a,87919,0.000,0.000,36.000,0.000,4.043,0.034,0.107,-0.138,2.222,9.345,2.206
a,87923,0.000,0.000,36.000,0.000,4.087,-0.149,0.366,-0.520,2.197,9.346,2.195
a,87927,0.000,0.000,36.000,0.000,4.087,0.034,-0.000,-0.352,2.230,9.310,2.198
a,87931,0.000,0.000,36.000,0.000,4.131,-0.042,-0.061,-0.565,2.219,9.345,2.194
a,87936,0.000,0.000,36.000,0.000,3.999,0.049,0.076,-2.046,2.201,9.313,2.209
a,87940,0.000,0.000,36.000,0.000,4.175,0.034,-0.168,0.473,2.191,9.342,2.224
a,87944,0.000,0.000,36.000,0.000,4.043,-0.042,-0.229,-1.649,2.233,9.313,2.204
a,87947,0.000,0.000,36.000,0.000,4.087,0.141,0.107,0.610,2.197,9.317,2.182
a,87951,0.000,0.000,36.000,0.000,4.087,0.003,0.046,-0.840,2.235,9.324,2.221
a,87955,0.000,0.000,36.000,0.000,4.131,-0.317,-0.122,-0.565,2.201,9.324,2.207
a,87960,0.000,0.000,36.000,0.000,4.131,-0.195,0.214,0.778,2.199,9.337,2.209
a,87964,0.000,0.000,36.000,0.000,4.526,0.248,-0.000,0.290,2.243,9.322,2.206
a,87968,0.000,0.000,36.000,0.000,4.043,0.141,-0.015,-0.092,2.224,9.324,2.211
a,87971,0.000,0.000,36.000,0.000,4.087,-0.027,0.030,-0.184,2.206,9.371,2.223
a,87975,0.000,0.000,36.000,0.000,4.043,0.141,-0.336,-0.092,2.210,9.336,2.201
a,87979,0.000,0.000,36.000,0.000,3.999,0.171,0.198,-1.085,2.223,9.333,2.186
a,87983,0.000,0.000,36.000,0.000,4.131,0.034,0.046,0.366,2.212,9.351,2.201
a,87987,0.000,0.000,36.000,0.000,4.131,0.034,-0.000,-0.291,2.249,9.295,2.186
a,87991,0.000,0.000,36.000,0.000,4.087,-0.134,0.137,-0.352,2.221,9.327,2.204
a,87996,0.000,0.000,36.000,0.000,4.087,-0.012,0.061,1.022,2.255,9.335,2.204
a,88000,0.000,0.000,36.000,0.000,4.087,0.202,-0.168,1.114,2.194,9.331,2.185
a,88003,0.000,0.000,36.000,0.000,4.043,0.034,-0.229,-0.245,2.201,9.354,2.192
a,88008,0.000,0.000,36.000,0.000,4.131,-0.058,-0.168,1.358,2.206,9.328,2.198
a,88011,0.000,0.000,36.000,0.000,4.043,0.065,0.046,-1.176,2.212,9.342,2.215
a,88015,0.000,0.000,36.000,0.000,4.175,0.141,0.107,0.396,2.234,9.347,2.176
a,88019,0.000,0.000,36.000,0.000,4.087,-0.027,-0.000,-0.398,2.204,9.351,2.167
a,88023,0.000,0.000,36.000,0.000,4.087,0.080,0.015,1.007,2.204,9.323,2.188
a,88027,0.000,0.000,36.000,0.000,4.175,-0.134,-0.000,-0.352,2.233,9.335,2.201
a,88031,0.000,0.000,36.000,0.000,4.087,0.080,-0.061,-0.413,2.224,9.349,2.180
a,88035,0.000,0.000,36.000,0.000,4.087,0.065,0.015,0.717,2.209,9.307,2.206
a,88039,0.000,0.000,36.000,0.000,4.043,-0.134,-0.000,0.198,2.217,9.331,2.195
a,88043,0.000,0.000,36.000,0.000,4.087,-0.027,0.214,0.396,2.233,9.342,2.209
a,88047,0.000,0.000,36.000,0.000,4.043,-0.073,0.153,-0.016,2.230,9.348,2.207
a,88051,0.000,0.000,36.000,0.000,4.043,0.080,-0.015,-0.413,2.218,9.353,2.213
a,88055,0.000,0.000,36.000,0.000,4.087,-0.088,-0.214,0.519,2.209,9.307,2.195
a,88060,0.000,0.000,36.000,0.000,4.087,0.095,0.046,1.389,2.204,9.345,2.211
a,88063,0.000,0.000,36.000,0.000,4.131,0.019,0.030,-1.008,2.199,9.311,2.221
a,88067,0.000,0.000,36.000,0.000,4.131,0.019,-0.138,-0.627,2.222,9.303,2.217
a,88071,0.000,0.000,36.000,0.000,4.131,0.080,0.198,-0.321,2.224,9.351,2.192
a,88075,0.000,0.000,36.000,0.000,4.043,0.187,0.046,0.122,2.225,9.340,2.198
a,88079,0.000,0.000,36.000,0.000,4.087,-0.012,0.320,1.068,2.222,9.325,2.191
a,88083,0.000,0.000,36.000,0.000,4.043,0.019,0.153,-0.291,2.219,9.358,2.199
a,88087,0.000,0.000,36.000,0.000,4.043,0.065,-0.046,0.228,2.199,9.363,2.206
a,88092,0.000,0.000,36.000,0.000,4.175,0.080,0.015,0.396,2.240,9.349,2.195
a,88096,0.000,0.000,36.000,0.000,4.043,-0.027,0.015,0.305,2.212,9.339,2.213
a,88099,0.000,0.000,36.000,0.000,4.087,0.171,0.030,-0.749,2.210,9.357,2.201
a,88103,0.000,0.000,36.000,0.000,3.999,0.156,-0.000,0.946,2.228,9.307,2.223
a,88107,0.000,0.000,36.000,0.000,4.087,-0.363,0.183,0.595,2.228,9.358,2.197
a,88112,0.000,0.000,36.000,0.000,4.131,-0.164,0.107,-0.565,2.228,9.305,2.188
a,88116,0.000,0.000,36.000,0.000,4.043,0.080,0.091,-0.153,2.209,9.340,2.188
a,88120,0.000,0.000,36.000,0.000,4.087,-0.088,-0.183,-0.886,2.218,9.325,2.219
a,88123,0.000,0.000,36.000,0.000,4.087,0.034,0.214,0.457,2.228,9.347,2.229
a,88127,0.000,0.000,36.000,0.000,4.043,0.248,-0.168,0.396,2.222,9.348,2.192
a,88131,0.000,0.000,36.000,0.000,4.131,-0.073,0.168,0.625,2.217,9.331,2.191
a,88135,0.000,0.000,36.000,0.000,4.087,0.126,-0.351,-0.520,2.197,9.339,2.182
a,88139,0.000,0.000,36.000,0.000,4.087,-0.134,-0.000,0.091,2.234,9.353,2.206
a,88144,0.000,0.000,36.000,0.000,4.131,0.126,0.030,-0.962,2.234,9.359,2.192
a,88147,0.000,0.000,36.000,0.000,4.043,-0.134,0.091,-0.138,2.219,9.364,2.207
a,88152,0.000,0.000,36.000,0.000,4.131,-0.241,0.046,0.854,2.195,9.316,2.211
a,88155,0.000,0.000,36.000,0.000,4.131,0.019,0.046,-0.565,2.206,9.313,2.200
a,88159,0.000,0.000,36.000,0.000,4.087,-0.088,-0.061,-0.627,2.201,9.340,2.179
a,88163,0.000,0.000,36.000,0.000,4.043,0.034,-0.107,0.793,2.218,9.330,2.201
a,88167,0.000,0.000,36.000,0.000,4.087,-0.027,-0.138,-0.184,2.218,9.351,2.194
a,88171,0.000,0.000,36.000,0.000,4.087,0.019,-0.000,-0.947,2.241,9.328,2.194
a,88175,0.000,0.000,36.000,0.000,4.087,0.034,-0.183,0.137,2.217,9.354,2.194
a,88179,0.000,0.000,36.000,0.000,4.131,0.019,-0.015,-1.008,2.215,9.348,2.206
a,88183,0.000,0.000,36.000,0.000,4.043,-0.226,0.259,1.007,2.206,9.328,2.195
a,88187,0.000,0.000,36.000,0.000,4.087,-0.134,-0.000,-0.398,2.191,9.319,2.211
a,88191,0.000,0.000,36.000,0.000,4.131,0.126,-0.076,-0.520,2.224,9.333,2.219
a,88195,0.000,0.000,36.000,0.000,4.087,0.080,-0.336,0.015,2.197,9.339,2.200
a,88200,0.000,0.000,36.000,0.000,4.043,0.034,0.198,0.122,2.215,9.319,2.207
a,88203,0.000,0.000,36.000,0.000,3.999,0.232,-0.076,-1.390,2.233,9.346,2.198
a,88207,0.000,0.000,36.000,0.000,4.131,-0.119,0.061,1.297,2.201,9.369,2.201
a,88211,0.000,0.000,36.000,0.000,4.131,-0.088,-0.244,-0.504,2.240,9.345,2.198
a,88215,0.000,0.000,36.000,0.000,4.175,0.080,0.153,0.564,2.212,9.354,2.173
a,88219,0.000,0.000,36.000,0.000,4.043,-0.073,-0.015,-0.077,2.222,9.322,2.188
a,88223,0.000,0.000,36.000,0.000,4.043,-0.210,0.030,-1.054,2.210,9.317,2.198
a,88227,0.000,0.000,36.000,0.000,4.131,0.187,0.030,-0.092,2.199,9.303,2.209
a,88231,0.000,0.000,36.000,0.000,4.043,0.065,0.107,-0.367,2.222,9.323,2.201
a,88235,0.000,0.000,36.000,0.000,4.043,0.019,0.122,0.076,2.206,9.358,2.225
a,88240,0.000,0.000,36.000,0.000,4.087,0.034,0.137,-0.077,2.218,9.335,2.180
a,88243,0.000,0.000,36.000,0.000,4.175,-0.027,0.214,0.717,2.217,9.325,2.185
a,88247,0.000,0.000,36.000,0.000,3.999,-0.073,0.061,0.854,2.218,9.325,2.207
a,88251,0.000,0.000,36.000,0.000,4.043,-0.073,0.046,-0.184,2.224,9.322,2.217
a,88255,0.000,0.000,36.000,0.000,4.131,-0.073,0.214,0.351,2.218,9.293,2.188
a,88260,0.000,0.000,36.000,0.000,4.087,-0.073,-0.290,0.030,2.215,9.331,2.185
a,88264,0.000,0.000,36.000,0.000,4.087,-0.027,0.030,-0.016,2.222,9.322,2.217
a,88267,0.000,0.000,36.000,0.000,4.043,-0.073,0.046,0.305,2.179,9.305,2.194
a,88271,0.000,0.000,36.000,0.000,4.087,0.003,-0.214,-0.581,2.218,9.336,2.206
a,88275,0.000,0.000,36.000,0.000,4.043,-0.073,0.153,0.412,2.218,9.303,2.201
a,88280,0.000,0.000,36.000,0.000,4.043,-0.119,-0.061,1.083,2.217,9.301,2.236
a,88283,0.000,0.000,36.000,0.000,4.043,-0.256,-0.015,-1.497,2.212,9.339,2.219
a,88288,0.000,0.000,36.000,0.000,4.131,-0.042,-0.061,-0.672,2.234,9.303,2.195
a,88292,0.000,0.000,36.000,0.000,4.043,-0.088,-0.061,-0.459,2.193,9.299,2.207
a,88295,0.000,0.000,36.000,0.000,3.999,0.065,0.259,-0.382,2.225,9.343,2.201
a,88300,0.000,0.000,36.000,0.000,4.087,-0.042,0.015,0.244,2.204,9.319,2.211
a,88303,0.000,0.000,36.000,0.000,3.999,-0.195,-0.183,-0.138,2.210,9.301,2.192
a,88307,0.000,0.000,36.000,0.000,4.087,0.126,-0.214,0.228,2.222,9.307,2.212
a,88311,0.000,0.000,36.000,0.000,4.087,-0.073,0.030,-0.398,2.212,9.324,2.224
a,88315,0.000,0.000,36.000,0.000,4.087,-0.058,0.122,1.083,2.209,9.336,2.215
a,88319,0.000,0.000,36.000,0.000,4.131,-0.134,0.061,0.412,2.199,9.336,2.191
a,88323,0.000,0.000,36.000,0.000,4.043,-0.088,-0.321,0.412,2.204,9.310,2.218
a,88327,0.000,0.000,36.000,0.000,4.131,-0.149,-0.122,0.091,2.209,9.291,2.195
a,88331,0.000,0.000,36.000,0.000,4.087,-0.195,0.046,0.519,2.210,9.313,2.223
a,88335,0.000,0.000,36.000,0.000,4.043,0.065,-0.076,-0.474,2.230,9.343,2.194
a,88339,0.000,0.000,36.000,0.000,3.955,-0.180,-0.000,1.190,2.218,9.329,2.169
a,88343,0.000,0.000,36.000,0.000,4.087,0.141,-0.076,-0.199,2.193,9.328,2.211
a,88347,0.000,0.000,36.000,0.000,4.131,-0.088,-0.183,-1.222,2.230,9.349,2.198
a,88351,0.000,0.000,36.000,0.000,3.999,0.034,-0.015,0.091,2.205,9.330,2.186
a,88356,0.000,0.000,36.000,0.000,4.043,0.248,0.046,-0.260,2.218,9.319,2.213
a,88359,0.000,0.000,36.000,0.000,4.087,-0.027,-0.015,0.137,2.234,9.339,2.213
a,88363,0.000,0.000,36.000,0.000,4.087,0.080,-0.061,0.396,2.225,9.330,2.207
a,88367,0.000,0.000,36.000,0.000,4.175,0.248,-0.000,0.122,2.210,9.335,2.192
a,88371,0.000,0.000,36.000,0.000,4.043,0.034,-0.000,-0.245,2.218,9.321,2.192
a,88375,0.000,0.000,36.000,0.000,4.131,-0.073,-0.275,-0.291,2.212,9.345,2.223
a,88379,0.000,0.000,36.000,0.000,4.043,-0.302,0.229,0.839,2.222,9.331,2.209
a,88383,0.000,0.000,36.000,0.000,4.131,-0.042,-0.168,-0.077,2.209,9.333,2.201
a,88388,0.000,0.000,36.000,0.000,4.175,-0.042,-0.138,-0.947,2.197,9.305,2.206
a,88391,0.000,0.000,36.000,0.000,4.131,0.034,0.153,0.473,2.219,9.346,2.206
a,88395,0.000,0.000,36.000,0.000,3.999,0.034,0.107,0.412,2.210,9.335,2.200
a,88399,0.000,0.000,36.000,0.000,3.999,-0.088,-0.015,-1.115,2.193,9.335,2.200
a,88403,0.000,0.000,36.000,0.000,4.131,0.187,-0.076,-0.367,2.215,9.337,2.200
a,88408,0.000,0.000,36.000,0.000,4.087,0.187,0.091,0.076,2.230,9.336,2.198
a,88412,0.000,0.000,36.000,0.000,4.175,0.187,-0.336,-0.260,2.212,9.340,2.173
a,88416,0.000,0.000,36.000,0.000,4.043,-0.042,0.030,-1.268,2.225,9.325,2.192
a,88419,0.000,0.000,36.000,0.000,4.043,0.080,-0.229,0.457,2.228,9.339,2.204
a,88423,0.000,0.000,36.000,0.000,4.043,0.080,-0.153,0.457,2.233,9.324,2.206
a,88427,0.000,0.000,36.000,0.000,4.087,-0.256,-0.015,-0.779,2.234,9.321,2.207
a,88431,0.000,0.000,36.000,0.000,4.175,-0.027,0.107,0.244,2.203,9.328,2.201
a,88435,0.000,0.000,36.000,0.000,4.087,0.171,-0.076,-1.130,2.229,9.343,2.207
a,88440,0.000,0.000,36.000,0.000,4.131,0.065,-0.015,-0.581,2.218,9.321,2.176
a,88444,0.000,0.000,36.000,0.000,4.131,-0.073,0.107,0.305,2.194,9.353,2.207
a,88447,0.000,0.000,36.000,0.000,4.087,-0.027,-0.122,0.625,2.230,9.347,2.194
a,88452,0.000,0.000,36.000,0.000,4.043,-0.058,0.122,1.358,2.225,9.336,2.227
a,88455,0.000,0.000,36.000,0.000,4.175,0.080,0.030,-0.092,2.222,9.367,2.195
a,88459,0.000,0.000,36.000,0.000,4.043,-0.149,0.030,-0.886,2.228,9.342,2.188
a,88463,0.000,0.000,36.000,0.000,4.043,-0.027,-0.015,-0.077,2.235,9.357,2.201
a,88467,0.000,0.000,36.000,0.000,4.087,-0.149,0.046,-1.008,2.212,9.346,2.204
a,88471,0.000,0.000,36.000,0.000,4.087,0.080,-0.138,-0.031,2.219,9.345,2.211
a,88475,0.000,0.000,36.000,0.000,4.087,-0.149,0.030,-1.008,2.201,9.329,2.207
a,88479,0.000,0.000,36.000,0.000,4.043,-0.149,0.198,-0.474,2.217,9.360,2.217
a,88483,0.000,0.000,36.000,0.000,4.087,-0.027,0.153,0.519,2.237,9.345,2.198
a,88487,0.000,0.000,36.000,0.000,4.131,0.065,-0.168,-0.901,2.219,9.311,2.201
a,88491,0.000,0.000,36.000,0.000,4.131,-0.073,0.107,0.732,2.233,9.346,2.207
a,88495,0.000,0.000,36.000,0.000,4.131,-0.195,-0.168,0.412,2.222,9.346,2.211
a,88500,0.000,0.000,36.000,0.000,4.043,-0.042,-0.061,-0.672,2.197,9.340,2.206
a,88503,0.000,0.000,36.000,0.000,4.131,0.019,0.107,-0.627,2.212,9.353,2.209
a,88507,0.000,0.000,36.000,0.000,4.131,-0.027,0.137,0.198,2.219,9.328,2.198
a,88511,0.000,0.000,36.000,0.000,4.087,0.065,-0.015,-0.520,2.209,9.321,2.195
a,88515,0.000,0.000,36.000,0.000,4.131,0.187,0.015,0.778,2.224,9.365,2.219
a,88519,0.000,0.000,36.000,0.000,4.131,0.187,0.305,-0.428,2.206,9.317,2.186
a,88523,0.000,0.000,36.000,0.000,4.043,0.080,-0.138,-0.092,2.194,9.343,2.198
a,88527,0.000,0.000,36.000,0.000,4.131,-0.241,0.107,0.519,2.225,9.321,2.221
a,88531,0.000,0.000,36.000,0.000,4.131,0.278,-0.138,-0.642,2.219,9.299,2.217
a,88535,0.000,0.000,36.000,0.000,3.999,0.080,0.030,0.076,2.224,9.318,2.211
a,88540,0.000,0.000,36.000,0.000,4.043,-0.027,-0.000,-0.016,2.219,9.331,2.206
a,88543,0.000,0.000,36.000,0.000,4.131,0.080,0.091,-0.306,2.230,9.322,2.198
a,88547,0.000,0.000,36.000,0.000,4.043,-0.134,0.091,-0.245,2.194,9.322,2.198
a,88551,0.000,0.000,36.000,0.000,4.131,0.065,-0.000,-0.260,2.206,9.341,2.203
a,88555,0.000,0.000,36.000,0.000,4.131,0.080,0.214,0.595,2.199,9.363,2.224
a,88560,0.000,0.000,36.000,0.000,3.955,0.248,0.122,0.290,2.215,9.353,2.192
a,88564,0.000,0.000,36.000,0.000,4.043,-0.210,0.259,-0.520,2.217,9.336,2.224
a,88567,0.000,0.000,36.000,0.000,4.087,-0.195,-0.000,-0.245,2.206,9.335,2.191
a,88571,0.000,0.000,36.000,0.000,4.087,-0.073,-0.122,0.519,2.234,9.361,2.195
a,88575,0.000,0.000,36.000,0.000,4.087,-0.149,-0.138,-0.733,2.199,9.359,2.186
a,88579,0.000,0.000,36.000,0.000,4.087,0.095,0.168,1.496,2.222,9.342,2.221
a,88583,0.000,0.000,36.000,0.000,4.043,-0.134,-0.275,-0.245,2.204,9.346,2.217
a,88588,0.000,0.000,36.000,0.000,3.999,0.080,0.153,0.457,2.213,9.345,2.192
a,88592,0.000,0.000,36.000,0.000,4.043,0.080,0.030,0.076,2.212,9.367,2.160
a,88595,0.000,0.000,36.000,0.000,4.043,-0.088,-0.076,-0.565,2.234,9.365,2.188
a,88600,0.000,0.000,36.000,0.000,4.043,-0.134,0.061,0.732,2.210,9.322,2.215
a,88603,0.000,0.000,36.000,0.000,3.999,0.065,-0.107,0.228,2.228,9.322,2.197
a,88607,0.000,0.000,36.000,0.000,4.043,0.141,-0.061,-0.031,2.210,9.359,2.207
a,88611,0.000,0.000,36.000,0.000,4.087,-0.149,0.259,-0.413,2.228,9.330,2.191
a,88615,0.000,0.000,36.000,0.000,4.087,-0.149,-0.122,-0.672,2.203,9.349,2.219
a,88619,0.000,0.000,36.000,0.000,4.087,-0.042,-0.183,-0.459,2.246,9.325,2.209
a,88623,0.000,0.000,36.000,0.000,4.131,-0.027,-0.229,0.686,2.225,9.364,2.185
a,88627,0.000,0.000,36.000,0.000,4.043,-0.088,-0.183,-0.733,2.230,9.339,2.206
a,88631,0.000,0.000,36.000,0.000,3.999,-0.073,0.015,0.961,2.224,9.330,2.217
a,88635,0.000,0.000,36.000,0.000,4.087,0.034,-0.138,-0.398,2.215,9.345,2.213
a,88639,0.000,0.000,36.000,0.000,4.087,-0.134,-0.076,0.030,2.235,9.325,2.201
a,88643,0.000,0.000,36.000,0.000,4.043,-0.073,0.107,0.030,2.203,9.353,2.209
a,88647,0.000,0.000,36.000,0.000,4.175,0.141,-0.015,-0.092,2.219,9.347,2.201
a,88651,0.000,0.000,36.000,0.000,4.131,-0.042,0.214,-1.023,2.215,9.363,2.200
a,88656,0.000,0.000,36.000,0.000,4.087,0.080,0.091,-0.092,2.222,9.309,2.194
a,88659,0.000,0.000,36.000,0.000,4.087,0.034,-0.076,-0.184,2.217,9.363,2.198
a,88663,0.000,0.000,36.000,0.000,4.087,0.080,0.214,0.488,2.215,9.352,2.235
a,88667,0.000,0.000,36.000,0.000,4.175,0.003,0.137,1.267,2.203,9.329,2.198
a,88671,0.000,0.000,36.000,0.000,4.043,-0.042,-0.015,-0.672,2.219,9.367,2.200
a,88675,0.000,0.000,36.000,0.000,4.087,0.065,-0.275,-0.474,2.228,9.351,2.206
a,88679,0.000,0.000,36.000,0.000,4.131,-0.042,0.091,-0.733,2.210,9.363,2.198
a,88683,0.000,0.000,36.000,0.000,4.175,0.034,0.107,0.244,2.209,9.322,2.198
a,88688,0.000,0.000,36.000,0.000,4.175,-0.149,0.107,-0.398,2.206,9.334,2.197
a,88692,0.000,0.000,36.000,0.000,4.131,0.049,-0.229,0.900,2.217,9.352,2.194
a,88695,0.000,0.000,36.000,0.000,4.087,-0.073,-0.000,0.244,2.199,9.311,2.182
a,88699,0.000,0.000,36.000,0.000,4.131,-0.134,0.046,0.305,2.206,9.339,2.179
a,88703,0.000,0.000,36.000,0.000,4.131,0.034,-0.183,0.091,2.210,9.360,2.201
a,88707,0.000,0.000,36.000,0.000,4.087,0.171,0.030,-1.023,2.219,9.351,2.176
a,88712,0.000,0.000,36.000,0.000,4.087,0.080,0.107,0.503,2.204,9.374,2.213
a,88716,0.000,0.000,36.000,0.000,3.999,0.019,0.030,-0.504,2.234,9.367,2.211
a,88719,0.000,0.000,36.000,0.000,4.087,0.278,0.015,0.457,2.217,9.351,2.186
a,88723,0.000,0.000,36.000,0.000,4.043,0.034,-0.076,-0.138,2.230,9.353,2.182
a,88727,0.000,0.000,36.000,0.000,4.043,-0.073,-0.229,0.519,2.197,9.363,2.209
a,88731,0.000,0.000,36.000,0.000,4.131,-0.134,-0.122,0.137,2.197,9.346,2.180
a,88735,0.000,0.000,36.000,0.000,4.087,0.080,-0.229,-0.260,2.224,9.351,2.188
a,88740,0.000,0.000,36.000,0.000,4.131,-0.073,-0.015,0.137,2.204,9.331,2.201
a,88744,0.000,0.000,36.000,0.000,4.087,-0.042,-0.015,-0.627,2.217,9.345,2.207
a,88748,0.000,0.000,36.000,0.000,4.043,0.065,0.046,-0.581,2.215,9.336,2.180
a,88752,0.000,0.000,36.000,0.000,4.482,0.019,0.091,-0.504,2.233,9.334,2.207
a,88755,0.000,0.000,36.000,0.000,4.087,-0.042,0.214,-0.901,2.215,9.345,2.191
a,88759,0.000,0.000,36.000,0.000,3.999,0.065,-0.076,-1.069,2.227,9.349,2.180
a,88763,0.000,0.000,36.000,0.000,4.087,-0.149,-0.153,0.580,2.204,9.333,2.215
a,88767,0.000,0.000,36.000,0.000,4.043,0.080,-0.000,-0.413,2.204,9.345,2.204
a,88771,0.000,0.000,36.000,0.000,4.087,0.034,0.107,-0.184,2.218,9.346,2.207
a,88775,0.000,0.000,36.000,0.000,4.043,-0.027,-0.122,-0.291,2.199,9.382,2.200
a,88779,0.000,0.000,36.000,0.000,4.043,0.034,-0.168,0.091,2.237,9.346,2.219
a,88783,0.000,0.000,36.000,0.000,4.087,-0.058,-0.000,-0.504,2.234,9.330,2.203
a,88787,0.000,0.000,36.000,0.000,4.087,0.171,-0.122,-0.153,2.241,9.319,2.201
a,88791,0.000,0.000,36.000,0.000,4.131,-0.042,0.137,-0.627,2.209,9.358,2.186
a,88796,0.000,0.000,36.000,0.000,4.131,0.019,-0.015,-0.840,2.215,9.315,2.207
a,88799,0.000,0.000,36.000,0.000,4.087,0.019,-0.000,-0.077,2.210,9.372,2.205
a,88803,0.000,0.000,36.000,0.000,4.087,-0.042,-0.229,-1.008,2.222,9.353,2.206
a,88807,0.000,0.000,36.000,0.000,3.955,-0.027,0.030,-0.184,2.212,9.311,2.219
a,88811,0.000,0.000,36.000,0.000,3.999,0.141,0.198,-0.107,2.228,9.334,2.194
a,88815,0.000,0.000,36.000,0.000,4.043,0.049,-0.275,-0.474,2.188,9.307,2.189
a,88819,0.000,0.000,36.000,0.000,4.131,0.034,0.091,-0.077,2.219,9.328,2.209
a,88823,0.000,0.000,36.000,0.000,4.087,-0.088,0.214,-0.520,2.246,9.342,2.200
a,88827,0.000,0.000,36.000,0.000,4.043,-0.042,0.046,-0.627,2.204,9.349,2.195
a,88831,0.000,0.000,36.000,0.000,4.131,-0.302,-0.076,-0.138,2.191,9.317,2.213
a,88835,0.000,0.000,36.000,0.000,4.175,-0.134,-0.244,-0.352,2.217,9.361,2.179
a,88840,0.000,0.000,36.000,0.000,4.087,0.019,-0.122,-0.565,2.209,9.363,2.180
a,88843,0.000,0.000,36.000,0.000,4.131,-0.073,-0.015,-0.291,2.230,9.346,2.204
a,88847,0.000,0.000,36.000,0.000,4.131,0.187,-0.138,0.183,2.237,9.353,2.219
a,88851,0.000,0.000,36.000,0.000,4.043,-0.088,-0.138,-1.161,2.206,9.310,2.219
a,88855,0.000,0.000,36.000,0.000,4.043,-0.073,-0.107,1.022,2.212,9.373,2.191
a,88860,0.000,0.000,36.000,0.000,4.087,0.126,-0.076,-0.474,2.212,9.334,2.180
a,88864,0.000,0.000,36.000,0.000,3.999,0.232,0.030,-0.688,2.212,9.346,2.195
a,88867,0.000,0.000,36.000,0.000,4.131,0.141,-0.015,-0.306,2.217,9.373,2.206
a,88871,0.000,0.000,36.000,0.000,4.087,0.065,-0.076,-0.794,2.201,9.346,2.213
a,88875,0.000,0.000,36.000,0.000,4.087,0.156,-0.260,1.496,2.228,9.330,2.198
a,88879,0.000,0.000,36.000,0.000,4.043,0.065,0.046,-0.474,2.233,9.317,2.192
a,88883,0.000,0.000,36.000,0.000,4.175,0.019,-0.244,-0.672,2.219,9.330,2.192
a,88887,0.000,0.000,36.000,0.000,4.087,0.049,0.107,-1.451,2.225,9.345,2.205
a,88892,0.000,0.000,36.000,0.000,4.043,-0.271,-0.000,-0.504,2.210,9.367,2.197
a,88895,0.000,0.000,36.000,0.000,4.043,0.126,-0.015,-0.688,2.210,9.339,2.185
a,88900,0.000,0.000,36.000,0.000,4.087,-0.042,0.214,-0.092,2.219,9.323,2.205
a,88904,0.000,0.000,36.000,0.000,3.999,-0.088,-0.122,0.091,2.210,9.341,2.201
a,88907,0.000,0.000,36.000,0.000,3.999,-0.241,0.198,-0.367,2.199,9.295,2.235
a,88911,0.000,0.000,36.000,0.000,4.043,0.080,-0.229,-0.413,2.219,9.346,2.186
a,88915,0.000,0.000,36.000,0.000,4.087,-0.164,-0.168,-0.733,2.225,9.336,2.209
a,88919,0.000,0.000,36.000,0.000,4.043,0.080,0.153,-0.031,2.230,9.336,2.213
a,88923,0.000,0.000,36.000,0.000,4.087,-0.210,-0.168,0.137,2.235,9.353,2.211
a,88927,0.000,0.000,36.000,0.000,3.999,0.034,-0.000,0.305,2.224,9.364,2.200
a,88931,0.000,0.000,36.000,0.000,4.131,0.034,0.214,-0.306,2.219,9.348,2.227
a,88935,0.000,0.000,36.000,0.000,4.131,-0.134,-0.153,0.580,2.230,9.353,2.180
a,88939,0.000,0.000,36.000,0.000,4.175,-0.210,0.091,-0.504,2.219,9.348,2.200
a,88943,0.000,0.000,36.000,0.000,4.131,0.294,-0.122,-0.153,2.222,9.354,2.191
a,88948,0.000,0.000,36.000,0.000,4.131,0.187,0.046,0.564,2.230,9.343,2.201
a,88951,0.000,0.000,36.000,0.000,4.087,-0.073,0.046,0.519,2.225,9.345,2.217
a,88955,0.000,0.000,36.000,0.000,4.043,0.019,-0.000,-0.733,2.222,9.342,2.198
a,88959,0.000,0.000,36.000,0.000,4.087,-0.027,-0.031,0.885,2.222,9.366,2.215
a,88963,0.000,0.000,36.000,0.000,4.087,-0.027,0.107,0.793,2.205,9.345,2.219
a,88967,0.000,0.000,36.000,0.000,4.131,0.187,0.091,-0.092,2.203,9.348,2.198
a,88971,0.000,0.000,36.000,0.000,4.087,0.034,0.015,0.244,2.203,9.363,2.182
a,88975,0.000,0.000,36.000,0.000,4.087,0.095,-0.168,1.007,2.246,9.340,2.206
a,88979,0.000,0.000,36.000,0.000,4.043,-0.088,0.153,-1.222,2.215,9.339,2.215
a,88983,0.000,0.000,36.000,0.000,4.087,-0.073,0.091,0.030,2.184,9.321,2.215
a,88987,0.000,0.000,36.000,0.000,3.999,0.126,-0.168,-0.306,2.204,9.348,2.201
a,88991,0.000,0.000,36.000,0.000,3.999,-0.149,-0.015,-0.627,2.201,9.353,2.200
a,88996,0.000,0.000,36.000,0.000,4.087,-0.195,0.137,0.198,2.218,9.328,2.192
a,89000,0.000,0.000,36.000,0.000,4.087,0.049,0.046,1.999,2.234,9.373,2.180
a,89003,0.000,0.000,36.000,0.000,3.999,0.232,-0.015,-0.474,2.228,9.337,2.204
a,89007,0.000,0.000,36.000,0.000,4.087,-0.134,0.153,-0.245,2.197,9.335,2.201
a,89011,0.000,0.000,36.000,0.000,3.999,-0.210,-0.000,-0.138,2.219,9.361,2.217
a,89015,0.000,0.000,36.000,0.000,4.087,-0.073,0.046,-0.016,2.224,9.321,2.207
a,89020,0.000,0.000,36.000,0.000,4.087,-0.149,0.061,-0.413,2.235,9.337,2.201
a,89024,0.000,0.000,36.000,0.000,4.131,-0.088,0.091,-0.947,2.228,9.343,2.213
a,89028,0.000,0.000,36.000,0.000,4.087,-0.119,-0.061,1.511,2.230,9.330,2.201
a,89031,0.000,0.000,36.000,0.000,3.999,0.141,0.091,-0.260,2.230,9.348,2.217
a,89035,0.000,0.000,36.000,0.000,4.043,-0.195,0.030,-0.245,2.215,9.360,2.195
a,89039,0.000,0.000,36.000,0.000,4.087,-0.027,-0.183,-0.352,2.233,9.323,2.192
a,89044,0.000,0.000,36.000,0.000,3.999,0.248,0.275,1.099,2.219,9.334,2.203
a,89048,0.000,0.000,36.000,0.000,4.087,-0.042,0.015,0.580,2.194,9.333,2.191
a,89051,0.000,0.000,36.000,0.000,4.043,-0.027,-0.061,0.473,2.206,9.353,2.195
a,89056,0.000,0.000,36.000,0.000,4.131,0.080,-0.000,0.778,2.233,9.334,2.198
a,89059,0.000,0.000,36.000,0.000,4.087,0.126,0.046,-1.069,2.219,9.349,2.186
a,89063,0.000,0.000,36.000,0.000,4.131,0.034,-0.168,0.030,2.230,9.319,2.200
a,89067,0.000,0.000,36.000,0.000,3.999,0.065,-0.168,-1.176,2.237,9.374,2.204
a,89071,0.000,0.000,36.000,0.000,4.087,0.049,-0.107,1.190,2.222,9.322,2.191
a,89075,0.000,0.000,36.000,0.000,4.087,0.034,-0.046,0.900,2.225,9.348,2.222
a,89079,0.000,0.000,36.000,0.000,4.131,-0.088,-0.290,-0.733,2.237,9.364,2.194
a,89083,0.000,0.000,36.000,0.000,4.087,-0.073,0.336,0.457,2.219,9.351,2.227
a,89087,0.000,0.000,36.000,0.000,4.131,0.171,0.091,-1.176,2.210,9.372,2.180
a,89091,0.000,0.000,36.000,0.000,4.131,-0.012,0.046,1.679,2.209,9.337,2.209
a,89095,0.000,0.000,36.000,0.000,4.131,-0.073,0.122,0.519,2.215,9.334,2.200
a,89099,0.000,0.000,36.000,0.000,4.043,0.080,-0.122,-0.153,2.218,9.357,2.198
a,89103,0.000,0.000,36.000,0.000,4.087,-0.042,-0.290,-0.504,2.237,9.346,2.206
a,89108,0.000,0.000,36.000,0.000,4.175,-0.073,0.122,0.686,2.206,9.354,2.221
a,89111,0.000,0.000,36.000,0.000,4.131,0.065,0.091,-0.749,2.215,9.357,2.198
a,89115,0.000,0.000,36.000,0.000,4.043,-0.073,-0.275,-0.245,2.197,9.353,2.227
a,89119,0.000,0.000,36.000,0.000,4.087,0.065,-0.183,-0.794,2.206,9.342,2.217
a,89123,0.000,0.000,36.000,0.000,4.043,0.065,-0.122,-0.306,2.224,9.384,2.205
a,89127,0.000,0.000,36.000,0.000,4.043,-0.195,0.320,-0.031,2.233,9.354,2.207
a,89131,0.000,0.000,36.000,0.000,4.175,-0.195,-0.168,0.854,2.224,9.335,2.207
a,89135,0.000,0.000,36.000,0.000,4.175,-0.088,0.214,-1.512,2.219,9.345,2.192
a,89140,0.000,0.000,36.000,0.000,4.043,0.003,-0.122,-0.672,2.215,9.352,2.189
a,89143,0.000,0.000,36.000,0.000,4.043,0.141,-0.000,-0.306,2.191,9.364,2.191
a,89147,0.000,0.000,36.000,0.000,4.043,-0.241,-0.000,-0.245,2.222,9.367,2.191
a,89151,0.000,0.000,36.000,0.000,4.087,-0.088,-0.107,0.580,2.228,9.334,2.193
a,89155,0.000,0.000,36.000,0.000,4.087,-0.195,0.061,0.305,2.212,9.331,2.191
a,89160,0.000,0.000,36.000,0.000,4.043,-0.195,-0.061,-0.077,2.225,9.331,2.221
a,89164,0.000,0.000,36.000,0.000,4.175,-0.027,0.030,-0.398,2.219,9.336,2.223
a,89167,0.000,0.000,36.000,0.000,4.087,0.248,0.015,0.396,2.235,9.330,2.201
a,89171,0.000,0.000,36.000,0.000,4.043,-0.058,-0.168,0.900,2.204,9.328,2.185
a,89175,0.000,0.000,36.000,0.000,4.043,0.034,0.107,0.473,2.199,9.342,2.198
a,89179,0.000,0.000,36.000,0.000,4.043,-0.027,-0.138,-0.352,2.230,9.316,2.227
a,89183,0.000,0.000,36.000,0.000,4.043,0.019,0.091,-1.436,2.199,9.321,2.209
a,89188,0.000,0.000,36.000,0.000,4.087,-0.042,0.091,-0.840,2.230,9.351,2.207
a,89192,0.000,0.000,36.000,0.000,4.131,-0.027,-0.015,0.091,2.224,9.325,2.209
a,89195,0.000,0.000,36.000,0.000,4.043,-0.210,-0.138,-0.779,2.197,9.329,2.230
a,89200,0.000,0.000,36.000,0.000,3.999,-0.241,0.122,0.412,2.218,9.345,2.198
a,89203,0.000,0.000,36.000,0.000,4.087,0.141,-0.229,-0.092,2.210,9.342,2.194
a,89207,0.000,0.000,36.000,0.000,4.043,-0.256,-0.000,0.030,2.194,9.334,2.201
a,89211,0.000,0.000,36.000,0.000,4.131,0.141,0.214,-0.428,2.243,9.330,2.192
a,89215,0.000,0.000,36.000,0.000,4.087,-0.027,0.122,0.625,2.222,9.321,2.200
a,89219,0.000,0.000,36.000,0.000,4.131,-0.073,0.244,-0.153,2.210,9.331,2.201
a,89223,0.000,0.000,36.000,0.000,4.131,0.019,-0.000,-0.672,2.217,9.334,2.182
a,89227,0.000,0.000,36.000,0.000,4.131,-0.103,0.336,-0.489,2.204,9.351,2.205
a,89231,0.000,0.000,36.000,0.000,4.043,-0.134,-0.061,-0.184,2.228,9.331,2.206
a,89235,0.000,0.000,36.000,0.000,4.131,0.034,-0.275,-0.398,2.235,9.353,2.211
a,89239,0.000,0.000,36.000,0.000,4.043,-0.134,-0.000,-0.138,2.206,9.374,2.217
a,89244,0.000,0.000,36.000,0.000,4.131,0.049,-0.199,-2.046,2.230,9.342,2.201
a,89247,0.000,0.000,36.000,0.000,4.570,0.095,0.046,1.557,2.210,9.354,2.198
a,89251,0.000,0.000,36.000,0.000,4.087,0.034,0.015,0.519,2.199,9.359,2.207
a,89255,0.000,0.000,36.000,0.000,4.175,-0.073,0.015,0.366,2.210,9.313,2.207
a,89259,0.000,0.000,36.000,0.000,4.087,0.080,-0.015,-0.306,2.224,9.300,2.221
a,89263,0.000,0.000,36.000,0.000,4.087,-0.012,0.015,1.465,2.224,9.319,2.191
a,89267,0.000,0.000,36.000,0.000,4.131,-0.073,0.107,0.732,2.219,9.325,2.206
a,89271,0.000,0.000,36.000,0.000,3.999,-0.042,0.168,0.305,2.222,9.322,2.195
a,89275,0.000,0.000,36.000,0.000,4.087,-0.088,0.137,-0.779,2.204,9.331,2.201
a,89279,0.000,0.000,36.000,0.000,4.087,-0.134,-0.122,-0.352,2.215,9.353,2.204
a,89283,0.000,0.000,36.000,0.000,4.043,0.019,0.168,0.580,2.199,9.373,2.230
a,89288,0.000,0.000,36.000,0.000,4.131,0.034,0.046,0.686,2.228,9.313,2.172
a,89291,0.000,0.000,36.000,0.000,4.087,-0.042,-0.000,-0.398,2.241,9.337,2.205
a,89295,0.000,0.000,36.000,0.000,4.087,0.065,0.137,-0.581,2.224,9.340,2.195
a,89300,0.000,0.000,36.000,0.000,4.043,0.141,0.030,0.076,2.210,9.345,2.207
a,89303,0.000,0.000,36.000,0.000,4.087,-0.073,-0.046,0.625,2.203,9.353,2.204
a,89307,0.000,0.000,36.000,0.000,4.043,0.034,-0.076,-0.291,2.224,9.351,2.180
a,89312,0.000,0.000,36.000,0.000,4.087,0.065,-0.076,-0.901,2.233,9.352,2.201
a,89316,0.000,0.000,36.000,0.000,4.043,0.126,-0.183,-1.069,2.199,9.319,2.194
a,89320,0.000,0.000,36.000,0.000,4.087,0.080,0.030,-0.092,2.219,9.354,2.198
a,89323,0.000,0.000,36.000,0.000,4.043,0.095,-0.260,1.236,2.233,9.360,2.192
a,89327,0.000,0.000,36.000,0.000,4.087,-0.058,-0.046,-0.856,2.218,9.322,2.201
a,89331,0.000,0.000,36.000,0.000,4.087,-0.042,-0.122,-0.565,2.225,9.348,2.209
a,89335,0.000,0.000,36.000,0.000,3.999,0.263,0.107,1.343,2.217,9.348,2.200
a,89340,0.000,0.000,36.000,0.000,4.043,-0.088,-0.000,-0.245,2.201,9.327,2.195
a,89343,0.000,0.000,36.000,0.000,4.131,-0.256,-0.046,0.244,2.217,9.333,2.176
a,89348,0.000,0.000,36.000,0.000,4.043,-0.195,-0.244,-0.184,2.210,9.363,2.206
a,89351,0.000,0.000,36.000,0.000,4.131,-0.103,-0.000,-1.008,2.233,9.358,2.195
a,89355,0.000,0.000,36.000,0.000,4.087,0.171,0.168,0.091,2.201,9.366,2.176
a,89359,0.000,0.000,36.000,0.000,4.087,-0.134,0.030,0.137,2.206,9.357,2.213
a,89363,0.000,0.000,36.000,0.000,4.131,-0.027,-0.046,1.404,2.235,9.361,2.189
a,89367,0.000,0.000,36.000,0.000,4.043,0.171,-0.290,-0.520,2.215,9.351,2.195
a,89371,0.000,0.000,36.000,0.000,4.087,0.080,-0.168,-0.367,2.215,9.325,2.192
a,89375,0.000,0.000,36.000,0.000,4.043,-0.073,-0.046,0.412,2.217,9.325,2.172
a,89379,0.000,0.000,36.000,0.000,4.087,0.110,-0.229,-1.023,2.222,9.370,2.191
a,89383,0.000,0.000,36.000,0.000,4.087,0.309,-0.000,1.450,2.209,9.340,2.206
a,89387,0.000,0.000,36.000,0.000,4.087,0.095,-0.168,0.946,2.237,9.317,2.215
a,89391,0.000,0.000,36.000,0.000,4.087,0.019,-0.061,-0.565,2.228,9.348,2.191
a,89395,0.000,0.000,36.000,0.000,4.043,-0.027,-0.153,0.580,2.193,9.339,2.213
a,89400,0.000,0.000,36.000,0.000,4.043,0.187,0.153,0.564,2.206,9.373,2.198
a,89403,0.000,0.000,36.000,0.000,4.131,0.034,-0.275,0.137,2.217,9.325,2.182
a,89407,0.000,0.000,36.000,0.000,4.087,-0.027,0.046,0.137,2.225,9.351,2.209
a,89411,0.000,0.000,36.000,0.000,4.043,0.034,0.015,0.366,2.206,9.357,2.182
a,89415,0.000,0.000,36.000,0.000,4.087,0.141,0.137,0.992,2.215,9.292,2.205
a,89419,0.000,0.000,36.000,0.000,4.043,0.187,0.046,-0.031,2.230,9.328,2.194
a,89423,0.000,0.000,36.000,0.000,4.087,-0.027,-0.046,0.305,2.222,9.317,2.204
a,89427,0.000,0.000,36.000,0.000,4.131,-0.027,-0.076,-0.016,2.209,9.348,2.207
a,89431,0.000,0.000,36.000,0.000,4.087,0.034,0.198,0.183,2.204,9.335,2.217
a,89436,0.000,0.000,36.000,0.000,4.043,-0.012,-0.107,0.900,2.230,9.353,2.217
a,89440,0.000,0.000,36.000,0.000,4.043,0.156,-0.122,-0.856,2.225,9.373,2.225
a,89444,0.000,0.000,36.000,0.000,4.043,0.065,-0.061,-0.031,2.197,9.361,2.184
a,89447,0.000,0.000,36.000,0.000,4.043,-0.027,-0.076,-0.352,2.228,9.337,2.224
a,89451,0.000,0.000,36.000,0.000,4.087,0.019,0.015,0.732,2.228,9.343,2.197
a,89455,0.000,0.000,36.000,0.000,4.087,-0.134,0.015,0.244,2.224,9.348,2.201
a,89460,0.000,0.000,36.000,0.000,3.999,0.080,-0.290,-0.367,2.210,9.309,2.230
a,89464,0.000,0.000,36.000,0.000,4.043,0.080,0.046,0.122,2.219,9.360,2.211
a,89468,0.000,0.000,36.000,0.000,4.043,-0.348,-0.076,0.198,2.217,9.346,2.204
a,89471,0.000,0.000,36.000,0.000,4.043,0.034,0.046,0.137,2.235,9.339,2.201
a,89475,0.000,0.000,36.000,0.000,4.087,-0.393,0.046,1.129,2.228,9.392,2.240
a,89479,0.000,0.000,36.000,0.000,4.131,0.080,-0.107,1.175,2.212,9.319,2.203
a,89483,0.000,0.000,36.000,0.000,4.087,0.065,-0.061,-0.031,2.225,9.341,2.201
a,89487,0.000,0.000,36.000,0.000,4.087,-0.088,0.214,-0.092,2.201,9.370,2.191
a,89492,0.000,0.000,36.000,0.000,4.131,-0.012,0.153,0.900,2.204,9.361,2.201
a,89495,0.000,0.000,36.000,0.000,4.087,0.019,0.153,0.137,2.234,9.328,2.195
a,89500,0.000,0.000,36.000,0.000,4.131,-0.134,-0.000,-0.184,2.218,9.340,2.194
a,89503,0.000,0.000,36.000,0.000,4.131,-0.073,-0.153,0.244,2.212,9.331,2.192
a,89507,0.000,0.000,36.000,0.000,4.087,0.065,-0.244,-1.665,2.209,9.331,2.201
a,89511,0.000,0.000,36.000,0.000,4.043,-0.027,0.046,-0.077,2.234,9.345,2.217
a,89515,0.000,0.000,36.000,0.000,4.043,0.065,-0.153,0.351,2.225,9.373,2.186
a,89519,0.000,0.000,36.000,0.000,3.999,-0.256,0.107,-0.291,2.230,9.361,2.184
a,89523,0.000,0.000,36.000,0.000,4.087,-0.119,0.168,1.190,2.201,9.346,2.224
a,89527,0.000,0.000,36.000,0.000,3.999,-0.134,0.168,0.580,2.217,9.330,2.217
a,89531,0.000,0.000,36.000,0.000,4.131,0.141,-0.000,0.503,2.228,9.354,2.194
a,89535,0.000,0.000,36.000,0.000,4.087,-0.088,0.030,-0.733,2.230,9.339,2.209
a,89539,0.000,0.000,36.000,0.000,4.043,0.019,-0.229,-1.375,2.219,9.319,2.223
a,89543,0.000,0.000,36.000,0.000,4.043,0.095,0.259,1.099,2.210,9.349,2.195
a,89547,0.000,0.000,36.000,0.000,4.087,-0.088,0.214,-0.642,2.212,9.324,2.204
a,89551,0.000,0.000,36.000,0.000,4.131,0.080,-0.015,-0.306,2.212,9.374,2.207
a,89556,0.000,0.000,36.000,0.000,4.043,0.187,-0.000,0.183,2.234,9.322,2.188
a,89559,0.000,0.000,36.000,0.000,4.043,0.034,-0.000,0.625,2.203,9.366,2.217
a,89563,0.000,0.000,36.000,0.000,4.131,-0.134,-0.000,0.580,2.235,9.334,2.215
a,89567,0.000,0.000,36.000,0.000,4.043,-0.042,-0.336,-0.077,2.218,9.319,2.217
a,89571,0.000,0.000,36.000,0.000,4.131,-0.256,-0.168,-0.352,2.209,9.361,2.197
a,89575,0.000,0.000,36.000,0.000,4.087,0.171,-0.046,0.396,2.248,9.348,2.206
a,89579,0.000,0.000,36.000,0.000,4.087,0.065,0.229,0.442,2.204,9.345,2.189
a,89583,0.000,0.000,36.000,0.000,4.131,-0.134,0.107,0.519,2.209,9.343,2.186
a,89588,0.000,0.000,36.000,0.000,4.087,-0.042,-0.229,-0.245,2.224,9.367,2.197
a,89591,0.000,0.000,36.000,0.000,3.999,-0.012,0.046,1.358,2.224,9.303,2.185
a,89595,0.000,0.000,36.000,0.000,4.087,-0.256,-0.138,-0.459,2.233,9.346,2.194
a,89599,0.000,0.000,36.000,0.000,4.087,-0.210,-0.000,-0.138,2.219,9.348,2.217
a,89603,0.000,0.000,36.000,0.000,3.999,-0.073,0.091,-0.245,2.203,9.357,2.198
a,89608,0.000,0.000,36.000,0.000,4.131,0.049,0.015,-2.001,2.215,9.353,2.207
a,89612,0.000,0.000,36.000,0.000,4.043,0.034,-0.061,0.030,2.203,9.354,2.211
a,89616,0.000,0.000,36.000,0.000,4.131,-0.210,-0.122,-0.077,2.194,9.372,2.206
a,89619,0.000,0.000,36.000,0.000,3.999,0.019,-0.076,-0.672,2.224,9.339,2.188
a,89623,0.000,0.000,36.000,0.000,4.131,0.034,0.046,0.686,2.199,9.378,2.180
a,89627,0.000,0.000,36.000,0.000,4.087,-0.088,0.137,-0.565,2.218,9.340,2.192
a,89631,0.000,0.000,36.000,0.000,4.087,0.034,0.061,0.366,2.212,9.367,2.188
a,89635,0.000,0.000,36.000,0.000,4.131,0.141,-0.015,-0.306,2.230,9.346,2.204
a,89640,0.000,0.000,36.000,0.000,4.043,0.080,-0.183,-0.367,2.204,9.363,2.207
a,89644,0.000,0.000,36.000,0.000,4.087,0.187,-0.046,0.396,2.210,9.336,2.188
a,89647,0.000,0.000,36.000,0.000,4.131,-0.226,-0.000,-0.672,2.204,9.359,2.205
a,89652,0.000,0.000,36.000,0.000,4.087,-0.073,0.137,0.030,2.203,9.325,2.213
a,89655,0.000,0.000,36.000,0.000,4.043,-0.027,-0.046,0.305,2.219,9.348,2.204
a,89659,0.000,0.000,36.000,0.000,3.999,-0.164,-0.122,-0.733,2.199,9.334,2.212
a,89663,0.000,0.000,36.000,0.000,4.043,0.065,-0.061,-0.367,2.228,9.355,2.215
a,89667,0.000,0.000,36.000,0.000,4.087,0.049,0.015,1.129,2.209,9.316,2.179
a,89671,0.000,0.000,36.000,0.000,4.526,-0.317,0.061,0.732,2.209,9.343,2.195
a,89675,0.000,0.000,36.000,0.000,4.131,0.019,-0.061,-0.565,2.209,9.351,2.166
a,89679,0.000,0.000,36.000,0.000,4.043,-0.134,-0.168,0.137,2.206,9.348,2.201
a,89683,0.000,0.000,36.000,0.000,4.131,-0.042,0.214,-0.520,2.212,9.335,2.211
a,89687,0.000,0.000,36.000,0.000,4.087,0.187,0.015,0.290,2.219,9.354,2.204
a,89691,0.000,0.000,36.000,0.000,4.131,0.034,-0.015,-0.291,2.228,9.367,2.195
a,89695,0.000,0.000,36.000,0.000,4.087,-0.073,-0.046,0.732,2.218,9.359,2.195
a,89699,0.000,0.000,36.000,0.000,4.131,0.034,-0.122,0.030,2.199,9.339,2.182
a,89703,0.000,0.000,36.000,0.000,4.043,0.339,-0.000,-0.260,2.218,9.347,2.215
a,89707,0.000,0.000,36.000,0.000,4.087,-0.195,-0.229,0.854,2.235,9.342,2.207
a,89712,0.000,0.000,36.000,0.000,4.043,-0.195,-0.076,0.198,2.211,9.352,2.213
a,89715,0.000,0.000,36.000,0.000,4.043,0.065,-0.229,-0.153,2.215,9.353,2.195
a,89719,0.000,0.000,36.000,0.000,4.131,0.034,-0.214,0.625,2.218,9.339,2.209
a,89723,0.000,0.000,36.000,0.000,4.043,-0.042,-0.122,-0.733,2.199,9.346,2.195
a,89727,0.000,0.000,36.000,0.000,3.999,0.202,0.168,1.557,2.224,9.365,2.194
a,89731,0.000,0.000,36.000,0.000,4.087,-0.164,0.214,-1.176,2.197,9.370,2.215
a,89735,0.000,0.000,36.000,0.000,4.043,0.110,-0.229,-1.237,2.209,9.355,2.176
a,89740,0.000,0.000,36.000,0.000,3.999,-0.134,-0.290,-0.016,2.233,9.357,2.194
a,89743,0.000,0.000,36.000,0.000,4.175,0.065,-0.214,-0.321,2.219,9.340,2.199
a,89747,0.000,0.000,36.000,0.000,3.911,0.080,-0.168,0.122,2.209,9.353,2.224
a,89751,0.000,0.000,36.000,0.000,4.043,-0.027,-0.000,-0.398,2.217,9.371,2.200
a,89755,0.000,0.000,36.000,0.000,4.043,0.019,-0.000,-0.886,2.212,9.349,2.223
a,89760,0.000,0.000,36.000,0.000,4.043,-0.058,-0.275,-1.604,2.204,9.327,2.191
a,89764,0.000,0.000,36.000,0.000,3.999,-0.317,-0.046,0.854,2.215,9.355,2.201
a,89768,0.000,0.000,36.000,0.000,4.087,-0.027,-0.107,0.366,2.215,9.365,2.207
a,89771,0.000,0.000,36.000,0.000,4.087,0.080,-0.244,-0.199,2.215,9.363,2.209
a,89775,0.000,0.000,36.000,0.000,4.087,-0.042,0.137,-0.627,2.204,9.345,2.172
a,89779,0.000,0.000,36.000,0.000,4.087,0.141,-0.168,0.457,2.235,9.317,2.209
a,89783,0.000,0.000,36.000,0.000,4.087,-0.073,0.137,-0.184,2.215,9.378,2.182
a,89788,0.000,0.000,36.000,0.000,4.087,0.080,0.015,0.564,2.219,9.342,2.194
a,89792,0.000,0.000,36.000,0.000,4.087,0.080,0.153,-0.031,2.210,9.371,2.186
a,89795,0.000,0.000,36.000,0.000,4.175,-0.027,-0.015,-0.184,2.225,9.325,2.200
a,89800,0.000,0.000,36.000,0.000,4.087,-0.195,-0.290,0.198,2.191,9.334,2.206
a,89803,0.000,0.000,36.000,0.000,4.131,-0.027,0.198,-0.031,2.215,9.349,2.180
a,89807,0.000,0.000,36.000,0.000,4.570,0.034,0.015,0.366,2.193,9.371,2.195
a,89811,0.000,0.000,36.000,0.000,4.043,-0.073,0.061,0.473,2.218,9.325,2.204
a,89815,0.000,0.000,36.000,0.000,4.175,-0.088,0.137,0.228,2.217,9.329,2.217
a,89819,0.000,0.000,36.000,0.000,4.043,-0.103,-0.000,-0.459,2.201,9.347,2.206
a,89823,0.000,0.000,36.000,0.000,4.043,0.080,-0.290,0.015,2.234,9.342,2.211
a,89827,0.000,0.000,36.000,0.000,4.087,-0.134,-0.015,-0.138,2.206,9.311,2.213
a,89831,0.000,0.000,36.000,0.000,4.482,-0.149,0.046,-1.008,2.235,9.348,2.200
a,89835,0.000,0.000,36.000,0.000,4.087,0.065,-0.015,-1.237,2.233,9.331,2.209
a,89839,0.000,0.000,36.000,0.000,4.043,-0.073,-0.122,0.519,2.225,9.331,2.195
a,89843,0.000,0.000,36.000,0.000,4.131,-0.073,-0.244,0.091,2.194,9.347,2.209
a,89847,0.000,0.000,36.000,0.000,4.087,-0.027,0.382,0.351,2.209,9.348,2.198
a,89852,0.000,0.000,36.000,0.000,4.043,0.202,0.168,0.946,2.225,9.346,2.186
a,89855,0.000,0.000,36.000,0.000,3.999,0.141,0.137,-0.092,2.224,9.340,2.194
a,89859,0.000,0.000,36.000,0.000,4.087,-0.088,-0.015,-0.459,2.219,9.342,2.192
a,89863,0.000,0.000,36.000,0.000,4.087,0.080,-0.458,0.076,2.234,9.359,2.198
a,89867,0.000,0.000,36.000,0.000,4.087,-0.073,0.122,0.244,2.217,9.339,2.182
a,89871,0.000,0.000,36.000,0.000,4.131,0.080,0.153,0.610,2.218,9.364,2.180
a,89875,0.000,0.000,36.000,0.000,4.087,-0.073,-0.168,0.473,2.225,9.342,2.204
a,89879,0.000,0.000,36.000,0.000,4.087,0.049,-0.046,1.740,2.218,9.346,2.175
a,89883,0.000,0.000,36.000,0.000,4.043,-0.088,-0.000,-0.398,2.218,9.353,2.191
a,89888,0.000,0.000,36.000,0.000,4.087,-0.027,-0.046,0.244,2.210,9.346,2.207
a,89891,0.000,0.000,36.000,0.000,4.087,0.187,0.137,1.053,2.209,9.327,2.209
a,89895,0.000,0.000,36.000,0.000,4.131,0.019,0.183,0.763,2.210,9.354,2.221
a,89899,0.000,0.000,36.000,0.000,3.999,0.034,-0.168,0.091,2.219,9.345,2.213
a,89903,0.000,0.000,36.000,0.000,4.131,0.003,0.153,-0.459,2.212,9.359,2.209
a,89908,0.000,0.000,36.000,0.000,4.087,-0.073,-0.168,-0.245,2.217,9.371,2.188
a,89912,0.000,0.000,36.000,0.000,3.999,-0.164,0.259,-0.749,2.215,9.319,2.209
a,89915,0.000,0.000,36.000,0.000,4.131,-0.088,0.153,-0.840,2.217,9.342,2.200
a,89919,0.000,0.000,36.000,0.000,4.087,0.080,0.320,0.060,2.212,9.363,2.229
a,89923,0.000,0.000,36.000,0.000,4.087,0.034,-0.138,-0.291,2.218,9.340,2.207
a,89927,0.000,0.000,36.000,0.000,4.087,0.034,-0.076,0.030,2.209,9.325,2.200
a,89931,0.000,0.000,36.000,0.000,4.087,-0.027,0.137,-0.077,2.209,9.329,2.237
a,89936,0.000,0.000,36.000,0.000,4.087,0.034,0.137,0.091,2.201,9.316,2.249
a,89940,0.000,0.000,36.000,0.000,4.043,0.080,-0.183,-0.153,2.212,9.331,2.198
a,89944,0.000,0.000,36.000,0.000,4.043,-0.027,-0.061,0.366,2.217,9.334,2.192
a,89947,0.000,0.000,36.000,0.000,4.087,0.034,0.168,0.412,2.218,9.359,2.211
a,89952,0.000,0.000,36.000,0.000,4.087,0.187,-0.000,0.503,2.235,9.373,2.195
a,89955,0.000,0.000,36.000,0.000,4.043,-0.210,-0.122,-1.222,2.206,9.322,2.213
a,89959,0.000,0.000,36.000,0.000,4.043,0.171,-0.000,-0.581,2.230,9.311,2.186
a,89963,0.000,0.000,36.000,0.000,4.131,0.065,-0.214,0.396,2.248,9.363,2.182
a,89967,0.000,0.000,36.000,0.000,4.087,0.248,-0.107,0.290,2.199,9.346,2.206
a,89971,0.000,0.000,36.000,0.000,4.175,0.034,0.320,0.457,2.219,9.359,2.188
a,89975,0.000,0.000,36.000,0.000,4.087,-0.134,-0.061,-0.138,2.233,9.359,2.213
a,89979,0.000,0.000,36.000,0.000,3.955,-0.058,0.214,-1.069,2.217,9.336,2.205
a,89983,0.000,0.000,36.000,0.000,4.131,-0.073,0.122,0.854,2.222,9.346,2.194
a,89987,0.000,0.000,36.000,0.000,4.131,0.126,0.015,-0.169,2.219,9.354,2.205
a,89991,0.000,0.000,36.000,0.000,4.175,0.034,-0.076,0.030,2.203,9.325,2.207
a,89996,0.000,0.000,36.000,0.000,4.043,-0.027,-0.000,0.305,2.209,9.340,2.206
a,89999,0.000,0.000,36.000,0.000,4.131,0.171,-0.183,-1.023,2.209,9.359,2.207
a,90003,0.000,0.000,36.000,0.000,4.175,0.126,0.122,0.717,2.210,9.337,2.231
a,90007,0.000,0.000,36.000,0.000,4.043,-0.088,-0.107,0.625,2.230,9.341,2.167
a,90011,0.000,0.000,36.000,0.000,4.131,-0.088,0.153,-0.840,2.203,9.359,2.209
a,90015,0.000,0.000,36.000,0.000,4.043,-0.195,-0.076,-0.291,2.212,9.380,2.195
a,90019,0.000,0.000,36.000,0.000,4.087,0.049,-0.107,-0.596,2.224,9.333,2.206
a,90023,0.000,0.000,36.000,0.000,4.087,-0.012,0.061,1.022,2.219,9.331,2.206
a,90027,0.000,0.000,36.000,0.000,3.999,-0.256,0.107,-0.565,2.217,9.367,2.188
a,90031,0.000,0.000,36.000,0.000,4.131,0.171,0.244,-0.764,2.219,9.369,2.198
a,90036,0.000,0.000,36.000,0.000,4.043,-0.088,-0.122,-0.352,2.203,9.355,2.203
a,90040,0.000,0.000,36.000,0.000,3.999,0.034,-0.168,0.030,2.217,9.360,2.204
a,90043,0.000,0.000,36.000,0.000,4.043,-0.027,0.091,-0.245,2.222,9.351,2.192
a,90047,0.000,0.000,36.000,0.000,4.043,-0.317,-0.000,-0.291,2.218,9.316,2.217
a,90051,0.000,0.000,36.000,0.000,4.087,-0.027,0.046,0.091,2.234,9.342,2.188
a,90055,0.000,0.000,36.000,0.000,4.175,0.080,0.122,0.671,2.215,9.330,2.229
a,90060,0.000,0.000,36.000,0.000,4.087,0.080,0.030,-0.153,2.204,9.319,2.191
a,90064,0.000,0.000,36.000,0.000,4.087,0.187,-0.214,0.396,2.222,9.348,2.191
a,90067,0.000,0.000,36.000,0.000,4.043,0.034,-0.183,-0.398,2.219,9.328,2.195
a,90071,0.000,0.000,36.000,0.000,4.175,0.034,-0.000,0.412,2.230,9.354,2.206
a,90075,0.000,0.000,36.000,0.000,4.043,0.019,-0.000,-1.115,2.234,9.378,2.204
a,90079,0.000,0.000,36.000,0.000,4.087,-0.073,0.091,-0.138,2.233,9.347,2.182
a,90083,0.000,0.000,36.000,0.000,4.131,0.080,0.214,0.060,2.199,9.330,2.198
a,90088,0.000,0.000,36.000,0.000,4.043,0.049,0.046,1.129,2.222,9.340,2.201
a,90091,0.000,0.000,36.000,0.000,4.043,-0.027,0.030,-0.016,2.210,9.313,2.207
a,90096,0.000,0.000,36.000,0.000,4.087,0.070,-0.052,-0.752,2.222,9.374,2.200
a,90099,0.000,0.000,36.000,0.000,3.999,0.055,-0.052,-0.539,2.233,9.343,2.215
a,90103,0.000,0.000,36.000,0.000,4.043,0.146,0.116,0.438,2.203,9.339,2.192
a,90107,0.000,0.000,36.000,0.000,4.175,-0.251,0.101,-1.012,2.215,9.377,2.206
a,90111,0.000,0.000,36.000,0.000,4.087,-0.083,-0.067,-0.737,2.224,9.347,2.213
a,90115,0.000,0.000,36.000,0.000,3.999,-0.022,0.009,0.515,2.237,9.376,2.206
a,90119,0.000,0.000,36.000,0.000,3.999,0.024,0.116,-0.844,2.215,9.339,2.195
a,90123,0.000,0.000,36.000,0.000,4.043,-0.144,-0.098,0.347,2.194,9.347,2.189
a,90127,0.000,0.000,36.000,0.000,4.131,-0.007,0.055,0.942,2.217,9.364,2.188
a,90131,0.000,0.000,36.000,0.000,4.043,0.085,-0.159,0.545,2.234,9.343,2.194
a,90135,0.000,0.000,36.000,0.000,4.131,0.024,-0.235,-0.523,2.222,9.346,2.206
a,90139,0.000,0.000,36.000,0.000,4.043,0.177,-0.067,-0.920,2.210,9.354,2.219
a,90143,0.000,0.000,36.000,0.000,4.043,-0.190,0.040,0.179,2.222,9.378,2.223
a,90147,0.000,0.000,36.000,0.000,4.087,-0.236,-0.006,0.133,2.210,9.354,2.211
a,90152,0.000,0.000,36.000,0.000,4.087,0.085,0.070,0.438,2.210,9.321,2.188
a,90155,0.000,0.000,36.000,0.000,4.043,-0.129,-0.235,-0.035,2.204,9.348,2.194
a,90159,0.000,0.000,36.000,0.000,4.175,-0.205,-0.006,-0.966,2.212,9.336,2.188
a,90164,0.000,0.000,36.000,0.000,4.087,-0.083,-0.128,-0.417,2.225,9.364,2.175
a,90167,0.000,0.000,36.000,0.000,4.043,-0.022,0.009,0.896,2.217,9.351,2.191
a,90171,0.000,0.000,36.000,0.000,4.131,-0.037,-0.113,-0.462,2.228,9.348,2.194
a,90175,0.000,0.000,36.000,0.000,4.087,-0.159,-0.113,-0.737,2.224,9.323,2.205
a,90179,0.000,0.000,36.000,0.000,4.043,-0.022,0.116,-0.096,2.197,9.325,2.227
a,90183,0.000,0.000,36.000,0.000,4.087,0.070,-0.052,-0.264,2.218,9.355,2.224
a,90187,0.000,0.000,36.000,0.000,3.955,0.253,0.025,0.331,2.222,9.321,2.191
a,90191,0.000,0.000,36.000,0.000,4.131,0.055,-0.052,-0.646,2.210,9.334,2.221
a,90196,0.000,0.000,36.000,0.000,3.999,0.024,0.254,-0.814,2.233,9.346,2.194
a,90200,0.000,0.000,36.000,0.000,4.131,-0.190,-0.052,-0.142,2.186,9.328,2.207
a,90204,0.000,0.000,36.000,0.000,4.087,-0.129,0.025,0.515,2.215,9.354,2.217
a,90207,0.000,0.000,36.000,0.000,4.131,-0.037,0.070,0.454,2.206,9.336,2.211
a,90211,0.000,0.000,36.000,0.000,4.043,0.039,0.025,0.454,2.230,9.351,2.192
a,90215,0.000,0.000,36.000,0.000,4.043,-0.144,0.055,0.026,2.209,9.345,2.188
a,90220,0.000,0.000,36.000,0.000,4.131,0.024,-0.036,0.622,2.246,9.347,2.205
a,90224,0.000,0.000,36.000,0.000,4.087,-0.129,-0.159,0.072,2.215,9.310,2.229
a,90227,0.000,0.000,36.000,0.000,4.131,0.192,-0.098,0.881,2.219,9.349,2.224
a,90232,0.000,0.000,36.000,0.000,4.043,-0.068,-0.113,0.026,2.203,9.342,2.163
a,90235,0.000,0.000,36.000,0.000,3.999,-0.022,0.101,0.072,2.203,9.333,2.213
a,90239,0.000,0.000,36.000,0.000,4.131,0.085,-0.036,0.393,2.218,9.377,2.215
a,90244,0.000,0.000,36.000,0.000,4.043,0.085,-0.067,-0.111,2.212,9.353,2.211
a,90247,0.000,0.000,36.000,0.000,4.043,-0.007,0.009,1.553,2.201,9.333,2.192
a,90251,0.000,0.000,36.000,0.000,4.043,0.055,0.025,1.507,2.225,9.360,2.215
a,90255,0.000,0.000,36.000,0.000,4.087,0.024,0.116,-0.035,2.210,9.353,2.217
a,90259,0.000,0.000,36.000,0.000,3.999,0.131,-0.113,-0.111,2.215,9.348,2.199
a,90263,0.000,0.000,36.000,0.000,4.131,0.100,0.009,1.049,2.233,9.367,2.211
a,90267,0.000,0.000,36.000,0.000,4.043,-0.159,0.070,-1.409,2.235,9.311,2.218
a,90271,0.000,0.000,36.000,0.000,4.526,-0.022,-0.052,0.072,2.233,9.340,2.194
a,90275,0.000,0.000,36.000,0.000,4.087,0.070,-0.052,-1.134,2.206,9.334,2.185
a,90279,0.000,0.000,36.000,0.000,4.043,-0.022,0.116,0.286,2.204,9.339,2.201
a,90283,0.000,0.000,36.000,0.000,4.087,0.024,0.009,0.133,2.233,9.348,2.195
a,90287,0.000,0.000,36.000,0.000,4.087,0.085,0.055,0.225,2.219,9.336,2.223
a,90291,0.000,0.000,36.000,0.000,4.175,-0.037,0.116,-0.737,2.197,9.357,2.192
a,90296,0.000,0.000,36.000,0.000,4.043,-0.297,0.131,0.835,2.212,9.365,2.215
a,90300,0.000,0.000,36.000,0.000,4.043,0.055,0.238,1.278,2.228,9.328,2.206
a,90303,0.000,0.000,36.000,0.000,4.087,0.055,0.055,-0.707,2.222,9.324,2.206
a,90307,0.000,0.000,36.000,0.000,3.999,-0.068,-0.006,-0.096,2.225,9.351,2.201
a,90311,0.000,0.000,36.000,0.000,4.131,0.100,0.025,1.644,2.212,9.317,2.207
a,90316,0.000,0.000,36.000,0.000,4.043,-0.052,0.101,-1.882,2.212,9.369,2.180
a,90319,0.000,0.000,36.000,0.000,3.999,-0.129,0.101,-0.035,2.217,9.358,2.229
a,90323,0.000,0.000,36.000,0.000,3.999,-0.083,0.162,-0.585,2.206,9.348,2.206
a,90327,0.000,0.000,36.000,0.000,4.175,-0.068,-0.128,0.179,2.225,9.345,2.186
a,90332,0.000,0.000,36.000,0.000,4.043,0.070,-0.113,-0.325,2.217,9.313,2.178
a,90335,0.000,0.000,36.000,0.000,3.999,-0.022,-0.036,0.515,2.204,9.331,2.236
a,90339,0.000,0.000,36.000,0.000,3.999,-0.129,0.055,0.835,2.212,9.322,2.191
a,90343,0.000,0.000,36.000,0.000,4.131,0.100,0.055,0.927,2.228,9.335,2.211
a,90347,0.000,0.000,36.000,0.000,4.131,-0.083,0.009,-0.737,2.215,9.331,2.215
a,90351,0.000,0.000,36.000,0.000,4.087,0.009,0.223,-0.432,2.228,9.355,2.211
a,90355,0.000,0.000,36.000,0.000,4.087,-0.083,0.116,-1.073,2.217,9.330,2.217
a,90359,0.000,0.000,36.000,0.000,4.131,0.085,-0.159,0.713,2.240,9.346,2.198
a,90363,0.000,0.000,36.000,0.000,4.043,-0.190,-0.113,-0.096,2.243,9.319,2.215
a,90367,0.000,0.000,36.000,0.000,4.043,-0.022,-0.052,0.179,2.204,9.354,2.201
a,90371,0.000,0.000,36.000,0.000,4.087,-0.022,-0.036,0.286,2.203,9.351,2.198
a,90375,0.000,0.000,36.000,0.000,4.087,0.192,-0.128,-0.218,2.210,9.357,2.201
a,90379,0.000,0.000,36.000,0.000,4.087,-0.022,-0.052,0.286,2.225,9.353,2.188
a,90383,0.000,0.000,36.000,0.000,4.175,-0.022,0.055,0.774,2.224,9.333,2.200
a,90387,0.000,0.000,36.000,0.000,4.087,0.024,-0.113,-1.012,2.225,9.378,2.198
a,90392,0.000,0.000,36.000,0.000,4.043,0.039,0.208,-0.111,2.219,9.342,2.194
a,90396,0.000,0.000,36.000,0.000,4.043,-0.205,-0.220,-1.180,2.233,9.339,2.206
a,90399,0.000,0.000,36.000,0.000,4.087,0.085,0.055,0.011,2.225,9.330,2.217
a,90403,0.000,0.000,36.000,0.000,4.043,0.100,0.131,1.538,2.228,9.357,2.192
a,90407,0.000,0.000,36.000,0.000,4.087,0.039,-0.113,0.179,2.215,9.331,2.198
a,90412,0.000,0.000,36.000,0.000,4.087,0.085,0.055,-0.325,2.210,9.317,2.217
a,90416,0.000,0.000,36.000,0.000,4.043,0.131,0.177,0.270,2.225,9.358,2.186
a,90419,0.000,0.000,36.000,0.000,4.131,0.131,-0.067,-0.478,2.237,9.340,2.204
a,90423,0.000,0.000,36.000,0.000,4.043,0.039,0.116,-0.356,2.197,9.325,2.172
a,90427,0.000,0.000,36.000,0.000,4.043,-0.083,0.162,-0.523,2.210,9.373,2.215
a,90431,0.000,0.000,36.000,0.000,4.043,0.039,0.055,-0.096,2.224,9.345,2.167
a,90435,0.000,0.000,36.000,0.000,4.043,-0.022,0.055,0.667,2.222,9.342,2.201
a,90440,0.000,0.000,36.000,0.000,4.087,-0.205,0.269,-0.371,2.210,9.352,2.191
a,90444,0.000,0.000,36.000,0.000,4.087,-0.022,0.238,0.270,2.225,9.359,2.206
a,90447,0.000,0.000,36.000,0.000,4.131,-0.052,0.177,1.064,2.235,9.342,2.206
a,90452,0.000,0.000,36.000,0.000,4.043,0.100,0.025,1.767,2.222,9.325,2.186
a,90455,0.000,0.000,36.000,0.000,4.131,0.070,-0.174,-0.539,2.230,9.335,2.201
a,90459,0.000,0.000,36.000,0.000,4.087,0.039,-0.220,-0.096,2.222,9.359,2.206
a,90463,0.000,0.000,36.000,0.000,4.087,0.024,0.040,-1.012,2.218,9.349,2.194
a,90467,0.000,0.000,36.000,0.000,4.043,0.039,-0.052,0.835,2.222,9.331,2.191
a,90471,0.000,0.000,36.000,0.000,4.087,-0.068,0.131,0.408,2.228,9.339,2.191
a,90475,0.000,0.000,36.000,0.000,4.087,0.024,0.055,-0.203,2.210,9.345,2.218
a,90479,0.000,0.000,36.000,0.000,4.043,0.039,-0.036,0.667,2.206,9.331,2.186
a,90483,0.000,0.000,36.000,0.000,4.043,-0.129,0.040,0.133,2.215,9.336,2.182
a,90487,0.000,0.000,36.000,0.000,4.043,0.070,-0.128,-0.646,2.243,9.347,2.195
a,90491,0.000,0.000,36.000,0.000,3.999,-0.083,0.254,-1.241,2.199,9.347,2.204
a,90496,0.000,0.000,36.000,0.000,4.043,-0.174,-0.098,1.339,2.228,9.373,2.198
a,90499,0.000,0.000,36.000,0.000,4.043,0.192,0.055,-0.111,2.203,9.353,2.204
a,90503,0.000,0.000,36.000,0.000,4.131,0.070,0.040,-0.859,2.204,9.334,2.186
a,90507,0.000,0.000,36.000,0.000,4.087,-0.144,-0.052,-1.180,2.233,9.336,2.191
a,90511,0.000,0.000,36.000,0.000,4.131,-0.083,-0.052,-0.096,2.194,9.322,2.201
a,90515,0.000,0.000,36.000,0.000,4.087,0.039,0.269,0.652,2.243,9.322,2.217
a,90519,0.000,0.000,36.000,0.000,3.955,0.085,-0.098,0.545,2.222,9.339,2.209
a,90523,0.000,0.000,36.000,0.000,3.955,0.238,0.254,-0.554,2.215,9.330,2.211
a,90527,0.000,0.000,36.000,0.000,3.955,-0.022,-0.159,-0.096,2.224,9.336,2.200
a,90531,0.000,0.000,36.000,0.000,4.043,0.085,-0.159,0.118,2.210,9.330,2.200
a,90536,0.000,0.000,36.000,0.000,4.043,-0.037,-0.128,-0.417,2.212,9.324,2.198
a,90540,0.000,0.000,36.000,0.000,4.043,-0.129,-0.052,-0.096,2.217,9.330,2.206
a,90543,0.000,0.000,36.000,0.000,4.043,-0.037,0.040,-1.119,2.206,9.313,2.211
a,90547,0.000,0.000,36.000,0.000,4.043,-0.129,-0.052,0.774,2.217,9.328,2.223
a,90551,0.000,0.000,36.000,0.000,4.087,-0.205,-0.067,-0.691,2.217,9.315,2.211
a,90555,0.000,0.000,36.000,0.000,4.087,-0.159,0.055,-1.012,2.233,9.301,2.201
a,90560,0.000,0.000,36.000,0.000,4.087,0.192,-0.174,-0.371,2.203,9.335,2.204
a,90564,0.000,0.000,36.000,0.000,4.087,-0.037,0.116,-0.417,2.228,9.336,2.206
a,90567,0.000,0.000,36.000,0.000,4.087,0.024,0.055,-0.249,2.201,9.334,2.234
a,90571,0.000,0.000,36.000,0.000,4.131,0.070,0.040,-0.432,2.203,9.325,2.217
a,90575,0.000,0.000,36.000,0.000,4.043,-0.037,0.055,-0.203,2.197,9.316,2.211
a,90579,0.000,0.000,36.000,0.000,4.131,0.192,0.009,0.545,2.240,9.306,2.201
a,90583,0.000,0.000,36.000,0.000,4.043,-0.144,-0.159,0.026,2.218,9.327,2.221
a,90587,0.000,0.000,36.000,0.000,4.087,-0.068,0.162,0.026,2.203,9.317,2.201
a,90592,0.000,0.000,36.000,0.000,4.043,-0.113,-0.098,1.125,2.243,9.310,2.200
a,90595,0.000,0.000,36.000,0.000,4.087,-0.037,0.040,-1.394,2.234,9.324,2.194
a,90599,0.000,0.000,36.000,0.000,3.999,-0.022,0.009,0.835,2.233,9.301,2.215
a,90604,0.000,0.000,36.000,0.000,4.043,0.039,0.055,0.133,2.233,9.342,2.217
a,90607,0.000,0.000,36.000,0.000,3.999,0.039,0.269,0.331,2.228,9.336,2.207
a,90611,0.000,0.000,36.000,0.000,4.043,0.024,-0.006,-0.417,2.193,9.330,2.198
a,90615,0.000,0.000,36.000,0.000,4.087,0.238,0.116,-0.478,2.230,9.324,2.207
a,90619,0.000,0.000,36.000,0.000,4.087,0.192,0.330,0.316,2.210,9.336,2.172
a,90623,0.000,0.000,36.000,0.000,4.131,0.131,-0.174,-0.646,2.217,9.324,2.206
a,90627,0.000,0.000,36.000,0.000,4.043,0.024,0.101,-0.691,2.230,9.365,2.209
a,90631,0.000,0.000,36.000,0.000,4.043,0.039,-0.220,0.347,2.210,9.336,2.209
a,90635,0.000,0.000,36.000,0.000,4.087,-0.129,-0.052,0.072,2.224,9.310,2.201
a,90639,0.000,0.000,36.000,0.000,4.043,-0.068,0.101,0.179,2.218,9.313,2.204
a,90643,0.000,0.000,36.000,0.000,4.043,-0.037,-0.174,-0.585,2.234,9.349,2.195
a,90647,0.000,0.000,36.000,0.000,4.087,-0.083,0.162,-1.226,2.203,9.360,2.191
a,90652,0.000,0.000,36.000,0.000,4.043,0.192,-0.006,-0.157,2.199,9.357,2.195
a,90655,0.000,0.000,36.000,0.000,4.131,0.085,0.116,0.225,2.233,9.321,2.198
a,90659,0.000,0.000,36.000,0.000,4.043,-0.113,0.131,1.171,2.222,9.346,2.191
a,90663,0.000,0.000,36.000,0.000,4.043,-0.144,0.223,0.011,2.212,9.330,2.201
a,90667,0.000,0.000,36.000,0.000,4.043,0.070,0.055,-0.752,2.233,9.331,2.179
a,90671,0.000,0.000,36.000,0.000,4.131,-0.022,0.055,0.774,2.203,9.359,2.179
a,90675,0.000,0.000,36.000,0.000,4.131,0.070,0.101,-0.432,2.194,9.321,2.233
a,90679,0.000,0.000,36.000,0.000,4.087,0.039,-0.098,0.515,2.224,9.336,2.209
a,90683,0.000,0.000,36.000,0.000,4.175,-0.205,0.055,-0.737,2.203,9.317,2.209
a,90688,0.000,0.000,36.000,0.000,4.175,0.253,0.223,0.484,2.212,9.329,2.204
a,90692,0.000,0.000,36.000,0.000,4.043,-0.190,0.284,0.820,2.225,9.317,2.191
a,90695,0.000,0.000,36.000,0.000,4.043,-0.068,-0.250,0.515,2.188,9.367,2.206
a,90699,0.000,0.000,36.000,0.000,4.131,0.238,0.009,-0.478,2.209,9.340,2.207
a,90703,0.000,0.000,36.000,0.000,4.043,0.070,0.009,-0.325,2.224,9.336,2.199
a,90707,0.000,0.000,36.000,0.000,4.131,-0.068,-0.128,-0.096,2.224,9.334,2.213
a,90712,0.000,0.000,36.000,0.000,4.087,-0.022,-0.006,-0.096,2.230,9.330,2.191
a,90715,0.000,0.000,36.000,0.000,4.043,-0.083,0.147,-0.417,2.210,9.325,2.185
a,90720,0.000,0.000,36.000,0.000,4.087,-0.068,-0.067,0.133,2.206,9.336,2.209
a,90723,0.000,0.000,36.000,0.000,4.087,0.024,-0.281,-0.630,2.217,9.352,2.206
a,90727,0.000,0.000,36.000,0.000,4.043,0.024,0.055,-0.844,2.204,9.349,2.209
a,90731,0.000,0.000,36.000,0.000,4.131,0.192,-0.052,0.331,2.204,9.328,2.198
a,90735,0.000,0.000,36.000,0.000,3.955,0.146,-0.113,0.759,2.215,9.330,2.201
a,90739,0.000,0.000,36.000,0.000,4.131,-0.144,-0.006,-0.630,2.206,9.335,2.213
a,90744,0.000,0.000,36.000,0.000,4.087,-0.129,0.009,0.454,2.201,9.307,2.219
a,90747,0.000,0.000,36.000,0.000,3.999,0.238,0.055,0.057,2.237,9.351,2.189
a,90752,0.000,0.000,36.000,0.000,4.175,-0.022,0.040,0.133,2.212,9.351,2.206
a,90755,0.000,0.000,36.000,0.000,4.043,0.100,0.177,1.049,2.206,9.359,2.200
a,90759,0.000,0.000,36.000,0.000,4.043,0.146,0.040,-0.050,2.218,9.342,2.194
a,90763,0.000,0.000,36.000,0.000,4.087,0.085,-0.006,0.164,2.234,9.316,2.223
a,90767,0.000,0.000,36.000,0.000,4.043,0.024,0.040,0.331,2.199,9.335,2.211
a,90771,0.000,0.000,36.000,0.000,3.999,0.039,0.009,0.515,2.209,9.357,2.217
a,90775,0.000,0.000,36.000,0.000,4.043,-0.022,0.238,0.438,2.233,9.339,2.195
a,90779,0.000,0.000,36.000,0.000,4.087,-0.129,0.040,0.133,2.234,9.340,2.200
a,90783,0.000,0.000,36.000,0.000,4.087,-0.068,0.116,-0.142,2.212,9.351,2.192
a,90787,0.000,0.000,36.000,0.000,4.175,-0.190,0.177,0.896,2.246,9.330,2.213
a,90791,0.000,0.000,36.000,0.000,4.175,0.085,0.162,0.118,2.206,9.346,2.194
a,90795,0.000,0.000,36.000,0.000,4.131,0.085,-0.098,0.545,2.249,9.349,2.219
a,90799,0.000,0.000,36.000,0.000,4.131,-0.022,-0.067,-0.142,2.209,9.336,2.206
a,90804,0.000,0.000,36.000,0.000,4.043,-0.159,0.162,-1.012,2.233,9.348,2.182
a,90807,0.000,0.000,36.000,0.000,3.999,0.116,-0.052,-0.600,2.218,9.351,2.206
a,90811,0.000,0.000,36.000,0.000,4.043,0.039,0.101,-0.310,2.222,9.322,2.213
a,90815,0.000,0.000,36.000,0.000,4.087,0.055,-0.143,1.232,2.222,9.324,2.215
a,90819,0.000,0.000,36.000,0.000,4.087,0.039,-0.067,0.072,2.225,9.358,2.209
a,90823,0.000,0.000,36.000,0.000,4.043,0.085,0.040,0.057,2.209,9.342,2.207
a,90827,0.000,0.000,36.000,0.000,4.087,0.177,-0.128,-0.752,2.215,9.365,2.195
a,90831,0.000,0.000,36.000,0.000,3.999,0.070,0.040,-1.470,2.210,9.342,2.213
a,90835,0.000,0.000,36.000,0.000,4.131,0.161,-0.052,1.812,2.215,9.343,2.201
a,90840,0.000,0.000,36.000,0.000,4.131,-0.068,-0.220,0.622,2.217,9.313,2.206
a,90843,0.000,0.000,36.000,0.000,4.043,-0.037,-0.052,-0.630,2.212,9.335,2.215
a,90847,0.000,0.000,36.000,0.000,4.043,-0.022,-0.036,0.728,2.243,9.348,2.188
a,90851,0.000,0.000,36.000,0.000,3.999,0.024,0.009,0.026,2.193,9.328,2.212
a,90855,0.000,0.000,36.000,0.000,4.043,0.146,-0.006,-0.111,2.209,9.316,2.223
a,90860,0.000,0.000,36.000,0.000,4.131,-0.205,-0.052,-0.142,2.217,9.330,2.205
a,90864,0.000,0.000,36.000,0.000,4.087,-0.068,0.162,0.133,2.225,9.324,2.194
a,90867,0.000,0.000,36.000,0.000,4.131,0.131,-0.128,-1.516,2.240,9.345,2.201
a,90871,0.000,0.000,36.000,0.000,3.955,0.039,-0.128,0.072,2.204,9.319,2.219
a,90875,0.000,0.000,36.000,0.000,4.087,0.238,-0.220,-0.707,2.201,9.316,2.188
a,90879,0.000,0.000,36.000,0.000,4.087,-0.037,-0.220,-0.798,2.199,9.336,2.192
a,90883,0.000,0.000,36.000,0.000,4.087,-0.083,-0.006,-1.180,2.217,9.349,2.221
a,90888,0.000,0.000,36.000,0.000,4.043,0.085,0.055,0.499,2.201,9.342,2.211
a,90892,0.000,0.000,36.000,0.000,4.087,0.131,-0.128,-0.752,2.203,9.329,2.186
a,90895,0.000,0.000,36.000,0.000,4.043,0.161,0.009,1.538,2.210,9.345,2.201
a,90900,0.000,0.000,36.000,0.000,4.087,-0.007,0.223,0.927,2.215,9.330,2.211
a,90903,0.000,0.000,36.000,0.000,4.043,-0.037,-0.067,-1.073,2.240,9.364,2.215
a,90907,0.000,0.000,36.000,0.000,4.131,0.085,0.315,0.041,2.197,9.329,2.215
a,90911,0.000,0.000,36.000,0.000,4.175,0.238,-0.052,0.164,2.225,9.343,2.191
a,90915,0.000,0.000,36.000,0.000,4.087,-0.068,-0.159,0.667,2.235,9.353,2.211
a,90919,0.000,0.000,36.000,0.000,4.087,0.131,-0.266,0.118,2.206,9.341,2.217
a,90923,0.000,0.000,36.000,0.000,4.087,-0.251,0.101,-0.585,2.212,9.334,2.236
a,90927,0.000,0.000,36.000,0.000,4.087,-0.129,-0.052,0.728,2.228,9.346,2.209
a,90931,0.000,0.000,36.000,0.000,4.043,0.085,-0.067,-0.157,2.192,9.358,2.213
a,90935,0.000,0.000,36.000,0.000,4.043,-0.037,-0.159,-0.523,2.233,9.359,2.213
a,90939,0.000,0.000,36.000,0.000,4.087,-0.022,0.101,0.133,2.224,9.342,2.230
a,90943,0.000,0.000,36.000,0.000,3.999,-0.037,-0.006,-0.798,2.218,9.358,2.213
a,90948,0.000,0.000,36.000,0.000,4.087,0.009,0.009,-0.844,2.219,9.345,2.201
a,90951,0.000,0.000,36.000,0.000,4.087,-0.083,0.162,-0.203,2.230,9.328,2.182
a,90955,0.000,0.000,36.000,0.000,3.999,0.039,0.131,0.774,2.194,9.349,2.201
a,90959,0.000,0.000,36.000,0.000,3.999,-0.037,0.116,0.240,2.217,9.339,2.203
a,90963,0.000,0.000,36.000,0.000,4.043,0.055,-0.159,1.339,2.188,9.333,2.195
a,90967,0.000,0.000,36.000,0.000,3.999,-0.068,-0.006,-0.310,2.235,9.335,2.194
a,90971,0.000,0.000,36.000,0.000,4.087,0.039,-0.067,-0.310,2.212,9.321,2.169
a,90975,0.000,0.000,36.000,0.000,4.087,-0.037,-0.159,-0.630,2.203,9.328,2.211
a,90979,0.000,0.000,36.000,0.000,4.131,-0.236,-0.220,0.835,2.222,9.337,2.209
a,90983,0.000,0.000,36.000,0.000,3.955,0.039,0.391,0.713,2.203,9.317,2.188
a,90988,0.000,0.000,36.000,0.000,4.131,0.192,0.101,0.057,2.215,9.341,2.179
a,90991,0.000,0.000,36.000,0.000,4.131,0.192,-0.174,0.011,2.230,9.360,2.191
a,90995,0.000,0.000,36.000,0.000,4.043,0.039,0.116,0.774,2.203,9.325,2.217
a,90999,0.000,0.000,36.000,0.000,4.087,0.039,0.101,0.179,2.218,9.371,2.221
a,91003,0.000,0.000,36.000,0.000,4.043,-0.205,-0.220,-0.523,2.222,9.325,2.198
a,91008,0.000,0.000,36.000,0.000,4.087,-0.037,0.055,-1.073,2.224,9.299,2.195
a,91012,0.000,0.000,36.000,0.000,3.999,0.360,-0.220,0.331,2.233,9.369,2.204
a,91016,0.000,0.000,36.000,0.000,4.131,0.146,-0.174,0.118,2.210,9.340,2.194
a,91019,0.000,0.000,36.000,0.000,4.043,0.039,0.025,0.835,2.217,9.354,2.206
a,91023,0.000,0.000,36.000,0.000,3.955,-0.022,0.009,0.667,2.234,9.335,2.240
a,91027,0.000,0.000,36.000,0.000,4.175,-0.190,-0.113,0.133,2.217,9.345,2.219
a,91031,0.000,0.000,36.000,0.000,4.131,-0.068,0.162,0.179,2.203,9.345,2.207
a,91035,0.000,0.000,36.000,0.000,4.043,-0.159,0.162,-0.523,2.217,9.355,2.206
a,91040,0.000,0.000,36.000,0.000,4.087,0.177,0.070,0.713,2.215,9.322,2.195
a,91043,0.000,0.000,36.000,0.000,4.131,0.131,0.162,-0.325,2.215,9.347,2.186
a,91048,0.000,0.000,36.000,0.000,4.087,0.039,0.162,0.286,2.225,9.349,2.191
a,91052,0.000,0.000,36.000,0.000,3.999,-0.083,0.040,-1.562,2.228,9.336,2.223
a,91055,0.000,0.000,36.000,0.000,4.087,0.024,-0.067,-0.844,2.230,9.357,2.204
a,91059,0.000,0.000,36.000,0.000,4.131,-0.129,-0.159,0.454,2.225,9.354,2.194
a,91063,0.000,0.000,36.000,0.000,4.043,0.146,0.009,0.393,2.204,9.340,2.198
a,91067,0.000,0.000,36.000,0.000,4.043,-0.144,-0.067,-0.905,2.224,9.340,2.201
a,91071,0.000,0.000,36.000,0.000,4.131,0.039,-0.266,0.622,2.228,9.317,2.201
a,91075,0.000,0.000,36.000,0.000,4.175,0.039,0.147,0.179,2.218,9.328,2.215
a,91079,0.000,0.000,36.000,0.000,4.087,0.100,-0.098,1.110,2.225,9.360,2.200
a,91083,0.000,0.000,36.000,0.000,4.087,-0.068,0.116,0.835,2.227,9.347,2.221
a,91087,0.000,0.000,36.000,0.000,4.087,-0.129,0.101,-0.203,2.206,9.357,2.219
a,91091,0.000,0.000,36.000,0.000,4.043,0.116,0.055,-1.027,2.206,9.339,2.199
a,91095,0.000,0.000,36.000,0.000,4.087,-0.236,-0.113,0.347,2.224,9.342,2.198
a,91099,0.000,0.000,36.000,0.000,3.999,-0.358,0.208,-1.241,2.228,9.364,2.175
a,91103,0.000,0.000,36.000,0.000,4.131,-0.083,0.055,-0.417,2.228,9.328,2.200
a,91108,0.000,0.000,36.000,0.000,4.087,0.085,-0.052,0.331,2.219,9.324,2.217
a,91111,0.000,0.000,36.000,0.000,3.999,0.070,0.009,-0.478,2.218,9.354,2.217
a,91115,0.000,0.000,36.000,0.000,4.175,-0.068,-0.342,-0.310,2.210,9.335,2.200
a,91119,0.000,0.000,36.000,0.000,3.999,0.131,-0.174,-0.752,2.217,9.315,2.200
a,91123,0.000,0.000,36.000,0.000,4.087,0.024,-0.113,-0.523,2.218,9.325,2.200
a,91127,0.000,0.000,36.000,0.000,4.087,-0.144,-0.128,-1.226,2.228,9.354,2.204
a,91131,0.000,0.000,36.000,0.000,4.087,0.085,0.116,0.652,2.228,9.351,2.217
a,91135,0.000,0.000,36.000,0.000,4.087,-0.174,-0.113,1.125,2.240,9.323,2.201
a,91140,0.000,0.000,36.000,0.000,4.219,0.070,-0.113,-0.157,2.210,9.309,2.186
a,91144,0.000,0.000,36.000,0.000,4.175,-0.037,-0.113,-0.417,2.197,9.374,2.209
a,91147,0.000,0.000,36.000,0.000,4.131,0.024,-0.220,0.072,2.235,9.363,2.199
a,91151,0.000,0.000,36.000,0.000,3.999,0.253,0.101,-0.325,2.212,9.335,2.221
a,91155,0.000,0.000,36.000,0.000,4.043,0.085,0.208,-0.386,2.209,9.345,2.213
a,91160,0.000,0.000,36.000,0.000,4.043,-0.236,0.055,0.408,2.241,9.357,2.185
a,91164,0.000,0.000,36.000,0.000,4.087,0.085,-0.036,0.499,2.224,9.340,2.200
a,91168,0.000,0.000,36.000,0.000,4.131,0.238,-0.006,-0.707,2.217,9.352,2.192
a,91171,0.000,0.000,36.000,0.000,4.131,0.055,0.055,-0.981,2.234,9.347,2.197
a,91175,0.000,0.000,36.000,0.000,4.087,-0.022,0.147,0.179,2.215,9.349,2.201
a,91179,0.000,0.000,36.000,0.000,4.043,-0.022,-0.174,-0.096,2.225,9.342,2.200
a,91183,0.000,0.000,36.000,0.000,4.087,0.085,-0.052,0.118,2.222,9.349,2.211
a,91188,0.000,0.000,36.000,0.000,3.999,-0.037,-0.052,-0.844,2.233,9.374,2.207
a,91192,0.000,0.000,36.000,0.000,4.131,-0.083,-0.266,-1.455,2.228,9.325,2.211
a,91195,0.000,0.000,36.000,0.000,3.999,0.100,0.055,1.385,2.215,9.347,2.206
a,91200,0.000,0.000,36.000,0.000,4.131,-0.037,-0.159,-0.966,2.210,9.364,2.195
a,91203,0.000,0.000,36.000,0.000,4.087,0.039,-0.067,-0.096,2.204,9.334,2.211
a,91207,0.000,0.000,36.000,0.000,4.043,-0.083,0.101,-1.333,2.237,9.354,2.201
a,91211,0.000,0.000,36.000,0.000,3.999,0.253,0.009,0.652,2.217,9.340,2.221
a,91215,0.000,0.000,36.000,0.000,4.087,0.177,-0.052,0.118,2.235,9.351,2.186
a,91219,0.000,0.000,36.000,0.000,4.131,0.146,-0.113,0.759,2.230,9.364,2.219
a,91223,0.000,0.000,36.000,0.000,4.087,0.116,0.162,-0.707,2.241,9.355,2.188
a,91227,0.000,0.000,36.000,0.000,4.131,0.146,0.101,0.057,2.228,9.349,2.219
a,91231,0.000,0.000,36.000,0.000,3.999,0.131,0.116,0.118,2.209,9.352,2.206
a,91235,0.000,0.000,36.000,0.000,3.999,0.055,0.116,1.003,2.209,9.346,2.195
a,91239,0.000,0.000,36.000,0.000,4.131,0.039,-0.036,0.774,2.246,9.382,2.219
a,91243,0.000,0.000,36.000,0.000,4.087,-0.236,0.177,0.408,2.218,9.367,2.207
a,91248,0.000,0.000,36.000,0.000,4.043,-0.037,-0.067,-0.966,2.219,9.373,2.198
a,91251,0.000,0.000,36.000,0.000,4.087,-0.144,0.055,0.133,2.210,9.339,2.206
a,91255,0.000,0.000,36.000,0.000,3.999,-0.068,0.025,0.622,2.201,9.360,2.206
a,91259,0.000,0.000,36.000,0.000,4.087,0.177,-0.159,-0.814,2.199,9.328,2.219
a,91263,0.000,0.000,36.000,0.000,4.087,-0.068,0.223,0.652,2.217,9.316,2.207
a,91267,0.000,0.000,36.000,0.000,4.043,0.070,-0.113,-0.264,2.241,9.333,2.205
a,91271,0.000,0.000,36.000,0.000,4.087,0.192,-0.113,0.331,2.222,9.340,2.195
a,91275,0.000,0.000,36.000,0.000,4.087,-0.205,0.040,0.499,2.217,9.355,2.186
a,91279,0.000,0.000,36.000,0.000,4.087,-0.052,0.131,1.064,2.225,9.364,2.204
a,91283,0.000,0.000,36.000,0.000,4.131,-0.068,0.238,0.499,2.218,9.346,2.204
a,91288,0.000,0.000,36.000,0.000,4.175,0.131,0.131,0.499,2.225,9.328,2.195
a,91292,0.000,0.000,36.000,0.000,4.043,-0.159,0.162,-1.012,2.209,9.358,2.197
a,91295,0.000,0.000,36.000,0.000,4.043,-0.068,0.009,0.286,2.221,9.345,2.195
a,91299,0.000,0.000,36.000,0.000,4.043,-0.129,0.101,0.026,2.210,9.357,2.182
a,91303,0.000,0.000,36.000,0.000,3.999,-0.144,0.040,-0.462,2.203,9.340,2.192
a,91307,0.000,0.000,36.000,0.000,4.087,-0.037,0.009,-1.287,2.209,9.359,2.209
a,91312,0.000,0.000,36.000,0.000,4.087,0.192,-0.113,-0.264,2.218,9.360,2.195
a,91316,0.000,0.000,36.000,0.000,4.043,-0.007,0.025,1.339,2.209,9.379,2.204
a,91319,0.000,0.000,36.000,0.000,4.043,0.146,-0.159,0.331,2.219,9.328,2.213
a,91323,0.000,0.000,36.000,0.000,4.131,-0.205,0.147,-0.462,2.215,9.340,2.176
a,91327,0.000,0.000,36.000,0.000,4.131,-0.022,0.009,0.560,2.217,9.336,2.209
a,91331,0.000,0.000,36.000,0.000,4.087,-0.022,-0.052,0.515,2.225,9.360,2.198
a,91335,0.000,0.000,36.000,0.000,4.087,-0.037,-0.174,-1.073,2.230,9.374,2.215
a,91340,0.000,0.000,36.000,0.000,4.043,0.085,-0.220,-0.111,2.203,9.351,2.206
a,91343,0.000,0.000,36.000,0.000,4.043,0.070,-0.006,-0.707,2.215,9.330,2.182
a,91348,0.000,0.000,36.000,0.000,4.087,0.039,0.055,-0.142,2.212,9.342,2.213
a,91351,0.000,0.000,36.000,0.000,4.087,-0.022,-0.128,-0.249,2.222,9.357,2.182
a,91355,0.000,0.000,36.000,0.000,4.131,-0.022,0.116,0.133,2.204,9.339,2.207
a,91359,0.000,0.000,36.000,0.000,4.087,0.039,-0.128,0.072,2.215,9.325,2.185
a,91363,0.000,0.000,36.000,0.000,4.043,0.100,-0.036,1.431,2.181,9.357,2.209
a,91367,0.000,0.000,36.000,0.000,4.043,-0.129,-0.036,0.408,2.199,9.371,2.207
a,91371,0.000,0.000,36.000,0.000,4.043,0.070,-0.006,-0.539,2.218,9.336,2.211
a,91375,0.000,0.000,36.000,0.000,4.087,0.070,-0.006,-0.646,2.230,9.328,2.217
a,91379,0.000,0.000,36.000,0.000,4.087,-0.037,-0.113,-0.585,2.255,9.342,2.200
a,91383,0.000,0.000,36.000,0.000,4.131,-0.037,0.040,-0.585,2.236,9.355,2.198
a,91387,0.000,0.000,36.000,0.000,3.999,0.055,0.223,-0.493,2.230,9.372,2.201
a,91391,0.000,0.000,36.000,0.000,4.087,0.024,-0.006,-0.844,2.230,9.331,2.201
a,91395,0.000,0.000,36.000,0.000,4.131,-0.068,0.223,0.225,2.217,9.371,2.185
a,91399,0.000,0.000,36.000,0.000,4.131,0.039,0.025,0.515,2.265,9.377,2.215
a,91404,0.000,0.000,36.000,0.000,3.999,-0.022,0.101,0.240,2.234,9.331,2.206
a,91407,0.000,0.000,36.000,0.000,4.131,-0.083,0.101,-0.585,2.209,9.345,2.204
a,91411,0.000,0.000,36.000,0.000,4.043,0.085,0.131,0.927,2.225,9.348,2.188
a,91415,0.000,0.000,36.000,0.000,4.043,-0.129,-0.052,-0.142,2.217,9.360,2.213
a,91419,0.000,0.000,36.000,0.000,4.043,-0.037,0.208,-0.432,2.209,9.354,2.215
a,91423,0.000,0.000,36.000,0.000,4.087,-0.083,0.162,0.240,2.197,9.372,2.206
a,91427,0.000,0.000,36.000,0.000,3.955,-0.037,-0.052,-0.844,2.225,9.351,2.201
a,91431,0.000,0.000,36.000,0.000,4.043,0.024,-0.235,-0.523,2.248,9.352,2.200
a,91436,0.000,0.000,36.000,0.000,4.043,0.024,-0.067,-0.737,2.219,9.354,2.223
a,91440,0.000,0.000,36.000,0.000,4.087,-0.037,-0.067,-0.462,2.209,9.359,2.219
a,91444,0.000,0.000,36.000,0.000,4.087,-0.007,0.070,1.400,2.222,9.365,2.191
a,91447,0.000,0.000,36.000,0.000,4.131,0.192,0.177,0.881,2.233,9.336,2.200
a,91452,0.000,0.000,36.000,0.000,4.087,0.085,0.009,0.652,2.204,9.377,2.194
a,91455,0.000,0.000,36.000,0.000,4.043,-0.068,0.101,0.133,2.224,9.363,2.194
a,91459,0.000,0.000,36.000,0.000,4.131,-0.022,0.025,0.408,2.240,9.334,2.186
a,91464,0.000,0.000,36.000,0.000,4.043,0.192,0.009,0.881,2.204,9.346,2.207
a,91468,0.000,0.000,36.000,0.000,4.043,0.100,0.055,0.927,2.204,9.359,2.182
a,91471,0.000,0.000,36.000,0.000,4.087,0.100,0.055,1.049,2.218,9.358,2.209
a,91475,0.000,0.000,36.000,0.000,4.087,-0.144,-0.128,-0.691,2.204,9.349,2.201
a,91479,0.000,0.000,36.000,0.000,4.087,0.039,-0.067,-0.203,2.224,9.351,2.204
a,91483,0.000,0.000,36.000,0.000,4.043,0.085,-0.159,0.652,2.203,9.357,2.221
a,91487,0.000,0.000,36.000,0.000,4.087,0.146,-0.128,-0.157,2.241,9.347,2.192
a,91491,0.000,0.000,36.000,0.000,4.175,-0.129,-0.036,0.347,2.194,9.348,2.200
a,91495,0.000,0.000,36.000,0.000,4.043,0.070,0.162,-1.577,2.224,9.371,2.207
a,91500,0.000,0.000,36.000,0.000,4.131,-0.037,-0.174,-0.966,2.218,9.349,2.206
a,91504,0.000,0.000,36.000,0.000,4.131,-0.129,0.147,0.179,2.203,9.316,2.209
a,91507,0.000,0.000,36.000,0.000,4.131,-0.251,0.147,-0.585,2.233,9.351,2.191
a,91512,0.000,0.000,36.000,0.000,3.999,-0.037,0.009,0.026,2.218,9.330,2.217
a,91515,0.000,0.000,36.000,0.000,4.131,-0.129,-0.159,0.240,2.218,9.335,2.209
a,91519,0.000,0.000,36.000,0.000,4.043,0.085,0.009,0.331,2.218,9.349,2.195
a,91523,0.000,0.000,36.000,0.000,4.043,0.161,-0.113,1.156,2.209,9.353,2.191
a,91527,0.000,0.000,36.000,0.000,4.087,-0.144,-0.067,-1.119,2.228,9.342,2.219
a,91531,0.000,0.000,36.000,0.000,4.087,0.207,0.223,1.034,2.218,9.373,2.186
a,91535,0.000,0.000,36.000,0.000,4.043,0.024,0.055,-0.630,2.201,9.313,2.211
a,91539,0.000,0.000,36.000,0.000,4.043,-0.022,0.025,0.408,2.215,9.342,2.201
a,91543,0.000,0.000,36.000,0.000,4.131,-0.205,0.055,-0.844,2.233,9.324,2.213
a,91547,0.000,0.000,36.000,0.000,4.043,0.039,0.009,0.515,2.222,9.353,2.219
a,91551,0.000,0.000,36.000,0.000,4.131,0.039,0.238,0.393,2.230,9.319,2.198
a,91555,0.000,0.000,36.000,0.000,4.131,0.055,0.055,-1.134,2.234,9.358,2.188
a,91560,0.000,0.000,36.000,0.000,4.131,-0.022,0.040,0.072,2.222,9.347,2.211
a,91563,0.000,0.000,36.000,0.000,3.999,-0.022,0.009,-0.203,2.197,9.359,2.201
a,91567,0.000,0.000,36.000,0.000,3.999,0.131,-0.006,-0.600,2.235,9.322,2.204
a,91571,0.000,0.000,36.000,0.000,4.087,-0.037,-0.220,-0.798,2.212,9.346,2.204
a,91575,0.000,0.000,36.000,0.000,3.999,-0.068,-0.113,0.026,2.197,9.346,2.213
a,91579,0.000,0.000,36.000,0.000,4.043,0.207,0.070,0.988,2.215,9.346,2.207
a,91583,0.000,0.000,36.000,0.000,4.131,0.085,-0.006,-0.050,2.217,9.345,2.217
a,91588,0.000,0.000,36.000,0.000,3.999,0.009,0.055,-0.844,2.248,9.351,2.188
a,91591,0.000,0.000,36.000,0.000,4.087,0.024,0.055,-0.691,2.218,9.346,2.224
a,91595,0.000,0.000,36.000,0.000,4.043,-0.052,-0.036,0.942,2.222,9.360,2.206
a,91599,0.000,0.000,36.000,0.000,4.131,-0.129,-0.006,0.072,2.217,9.331,2.186
a,91603,0.000,0.000,36.000,0.000,3.999,-0.236,-0.006,0.072,2.199,9.342,2.215
a,91608,0.000,0.000,36.000,0.000,4.131,0.070,-0.372,-0.264,2.210,9.367,2.184
a,91612,0.000,0.000,36.000,0.000,3.999,0.039,-0.098,1.125,2.206,9.366,2.195
a,91615,0.000,0.000,36.000,0.000,3.999,0.055,0.009,-0.539,2.197,9.345,2.173
a,91619,0.000,0.000,36.000,0.000,4.087,0.024,-0.036,0.667,2.217,9.323,2.209
a,91623,0.000,0.000,36.000,0.000,3.999,0.192,-0.052,0.331,2.225,9.339,2.201
a,91627,0.000,0.000,36.000,0.000,4.043,0.070,-0.159,-0.111,2.218,9.351,2.203
a,91631,0.000,0.000,36.000,0.000,4.131,0.070,0.208,-1.256,2.225,9.353,2.182
a,91635,0.000,0.000,36.000,0.000,4.043,0.146,-0.113,-0.111,2.228,9.363,2.191
a,91640,0.000,0.000,36.000,0.000,4.087,0.177,-0.052,-0.646,2.219,9.348,2.235
a,91643,0.000,0.000,36.000,0.000,4.043,0.085,-0.113,0.438,2.218,9.324,2.221
a,91647,0.000,0.000,36.000,0.000,4.043,-0.068,0.070,1.171,2.201,9.353,2.199
a,91652,0.000,0.000,36.000,0.000,4.087,-0.236,-0.067,0.026,2.212,9.340,2.201
a,91655,0.000,0.000,36.000,0.000,4.087,-0.037,0.116,-0.356,2.240,9.322,2.217
a,91659,0.000,0.000,36.000,0.000,4.175,0.207,-0.052,1.538,2.204,9.351,2.209
a,91663,0.000,0.000,36.000,0.000,4.175,-0.037,-0.052,0.133,2.204,9.337,2.189
a,91667,0.000,0.000,36.000,0.000,4.087,0.146,0.254,0.102,2.248,9.357,2.201
a,91671,0.000,0.000,36.000,0.000,4.087,-0.129,-0.143,0.454,2.224,9.348,2.209
a,91675,0.000,0.000,36.000,0.000,4.043,0.024,0.055,-0.356,2.203,9.334,2.205
a,91679,0.000,0.000,36.000,0.000,4.087,-0.022,-0.128,0.133,2.211,9.359,2.198
a,91683,0.000,0.000,36.000,0.000,4.131,-0.022,-0.006,-0.356,2.218,9.331,2.195
a,91687,0.000,0.000,36.000,0.000,4.087,0.131,-0.098,0.820,2.204,9.370,2.174
a,91691,0.000,0.000,36.000,0.000,4.043,0.146,0.009,0.164,2.212,9.345,2.206
a,91695,0.000,0.000,36.000,0.000,3.999,0.024,0.147,-0.585,2.215,9.349,2.179
a,91699,0.000,0.000,36.000,0.000,4.087,-0.007,0.055,1.660,2.199,9.353,2.192
a,91704,0.000,0.000,36.000,0.000,4.131,-0.037,0.070,0.560,2.230,9.351,2.212
a,91707,0.000,0.000,36.000,0.000,4.131,0.085,0.238,0.316,2.209,9.353,2.195
a,91711,0.000,0.000,36.000,0.000,4.043,0.070,-0.067,-1.409,2.228,9.353,2.213
a,91715,0.000,0.000,36.000,0.000,4.043,-0.129,-0.174,-0.203,2.206,9.331,2.233
a,91719,0.000,0.000,36.000,0.000,4.043,0.039,0.162,0.133,2.225,9.342,2.211
a,91723,0.000,0.000,36.000,0.000,4.131,0.024,-0.327,0.240,2.240,9.365,2.197
a,91727,0.000,0.000,36.000,0.000,4.175,0.055,0.116,-0.920,2.212,9.351,2.197
a,91731,0.000,0.000,36.000,0.000,4.043,0.085,-0.067,-0.218,2.237,9.357,2.194
a,91736,0.000,0.000,36.000,0.000,4.087,-0.022,0.223,0.164,2.204,9.357,2.217
a,91740,0.000,0.000,36.000,0.000,4.043,0.085,-0.128,0.118,2.225,9.364,2.201
a,91743,0.000,0.000,36.000,0.000,3.999,0.055,0.177,1.232,2.255,9.330,2.201
a,91747,0.000,0.000,36.000,0.000,4.087,0.192,-0.128,0.225,2.218,9.342,2.191
a,91751,0.000,0.000,36.000,0.000,4.131,0.024,0.101,-0.630,2.209,9.323,2.200
a,91755,0.000,0.000,36.000,0.000,4.043,0.024,0.009,0.072,2.235,9.337,2.215
a,91760,0.000,0.000,36.000,0.000,4.131,0.024,0.009,-0.585,2.203,9.324,2.204
a,91764,0.000,0.000,36.000,0.000,4.131,-0.007,0.116,1.339,2.206,9.334,2.198
a,91767,0.000,0.000,36.000,0.000,4.043,0.085,-0.113,-0.325,2.218,9.353,2.195
a,91771,0.000,0.000,36.000,0.000,4.087,0.100,-0.052,1.217,2.219,9.335,2.211
a,91775,0.000,0.000,36.000,0.000,4.087,0.024,-0.098,0.835,2.218,9.370,2.201
a,91779,0.000,0.000,36.000,0.000,4.043,-0.083,-0.220,-0.249,2.234,9.370,2.215
a,91783,0.000,0.000,36.000,0.000,4.087,-0.129,0.055,-0.249,2.204,9.334,2.204
a,91788,0.000,0.000,36.000,0.000,3.999,-0.007,0.009,1.125,2.218,9.331,2.204
a,91792,0.000,0.000,36.000,0.000,4.043,-0.007,0.055,1.171,2.230,9.325,2.194
a,91795,0.000,0.000,36.000,0.000,4.087,0.070,0.040,0.637,2.219,9.318,2.193
a,91800,0.000,0.000,36.000,0.000,4.087,-0.113,-0.143,1.064,2.194,9.364,2.198
a,91803,0.000,0.000,36.000,0.000,4.087,0.085,0.162,0.393,2.206,9.342,2.207
a,91807,0.000,0.000,36.000,0.000,4.043,0.039,-0.067,-0.203,2.210,9.378,2.209
a,91811,0.000,0.000,36.000,0.000,4.043,0.024,-0.067,-0.630,2.241,9.364,2.207
a,91815,0.000,0.000,36.000,0.000,4.175,-0.068,0.269,0.499,2.212,9.358,2.207
a,91819,0.000,0.000,36.000,0.000,3.999,-0.068,-0.128,-0.356,2.212,9.346,2.179
a,91823,0.000,0.000,36.000,0.000,4.131,0.085,0.254,-0.172,2.230,9.328,2.217
a,91827,0.000,0.000,36.000,0.000,4.131,-0.129,0.101,0.072,2.201,9.331,2.191
a,91831,0.000,0.000,36.000,0.000,4.043,0.131,-0.266,-1.302,2.197,9.357,2.191
a,91835,0.000,0.000,36.000,0.000,4.087,0.024,-0.052,-0.737,2.203,9.363,2.223
a,91839,0.000,0.000,36.000,0.000,4.043,-0.022,-0.159,0.515,2.206,9.342,2.206
a,91844,0.000,0.000,36.000,0.000,4.087,-0.037,-0.006,-0.737,2.233,9.334,2.200
a,91847,0.000,0.000,36.000,0.000,4.131,-0.129,0.116,0.240,2.228,9.349,2.221
a,91851,0.000,0.000,36.000,0.000,4.087,0.024,-0.113,0.026,2.219,9.361,2.191
a,91855,0.000,0.000,36.000,0.000,4.087,-0.129,0.055,-0.096,2.210,9.357,2.192
a,91859,0.000,0.000,36.000,0.000,4.043,0.070,-0.067,-1.348,2.240,9.327,2.224
a,91863,0.000,0.000,36.000,0.000,4.087,-0.022,-0.174,-0.249,2.233,9.311,2.223
a,91867,0.000,0.000,36.000,0.000,4.087,-0.205,-0.235,-1.333,2.228,9.354,2.206
a,91871,0.000,0.000,36.000,0.000,4.043,-0.022,0.315,0.225,2.210,9.352,2.194
a,91875,0.000,0.000,36.000,0.000,4.131,0.100,-0.220,0.988,2.240,9.371,2.209
a,91879,0.000,0.000,36.000,0.000,4.043,0.039,0.162,0.560,2.219,9.379,2.194
a,91883,0.000,0.000,36.000,0.000,4.131,0.146,0.101,0.011,2.217,9.354,2.219
a,91888,0.000,0.000,36.000,0.000,3.999,-0.129,0.009,0.560,2.224,9.360,2.201
a,91891,0.000,0.000,36.000,0.000,4.131,-0.144,0.009,-0.096,2.210,9.341,2.221
a,91895,0.000,0.000,36.000,0.000,4.131,0.116,0.055,-0.859,2.222,9.355,2.193
a,91899,0.000,0.000,36.000,0.000,4.087,0.146,-0.220,-0.371,2.215,9.351,2.200
a,91903,0.000,0.000,36.000,0.000,4.043,0.070,-0.235,-0.646,2.228,9.346,2.213
a,91908,0.000,0.000,36.000,0.000,4.131,0.024,-0.235,-0.462,2.212,9.361,2.191
a,91912,0.000,0.000,36.000,0.000,4.175,-0.007,-0.220,1.125,2.241,9.349,2.195
a,91915,0.000,0.000,36.000,0.000,4.087,0.024,-0.235,-0.462,2.207,9.347,2.204
a,91919,0.000,0.000,36.000,0.000,4.131,0.024,-0.036,0.057,2.219,9.360,2.178
a,91923,0.000,0.000,36.000,0.000,4.175,0.161,0.009,-0.432,2.222,9.366,2.201
a,91927,0.000,0.000,36.000,0.000,4.087,-0.083,-0.006,-1.012,2.204,9.354,2.192
a,91931,0.000,0.000,36.000,0.000,4.087,-0.022,-0.159,0.133,2.212,9.359,2.200
a,91936,0.000,0.000,36.000,0.000,4.087,-0.068,0.009,-0.142,2.209,9.359,2.213
a,91940,0.000,0.000,36.000,0.000,3.999,0.192,0.101,0.164,2.217,9.343,2.175
a,91943,0.000,0.000,36.000,0.000,4.131,-0.144,0.055,-0.462,2.234,9.345,2.215
a,91948,0.000,0.000,36.000,0.000,4.131,-0.083,0.131,0.515,2.222,9.348,2.199
a,91952,0.000,0.000,36.000,0.000,4.087,-0.022,0.101,-0.356,2.228,9.371,2.195
a,91955,0.000,0.000,36.000,0.000,4.131,-0.129,-0.006,0.072,2.212,9.305,2.213
a,91959,0.000,0.000,36.000,0.000,4.043,0.070,-0.052,-0.859,2.210,9.346,2.204
a,91963,0.000,0.000,36.000,0.000,4.087,0.024,0.055,-0.905,2.219,9.360,2.209
a,91967,0.000,0.000,36.000,0.000,4.043,-0.022,0.055,0.774,2.224,9.342,2.204
a,91971,0.000,0.000,36.000,0.000,4.131,0.024,0.055,-0.035,2.228,9.351,2.206
a,91975,0.000,0.000,36.000,0.000,4.087,-0.022,0.254,-0.111,2.224,9.360,2.217
a,91979,0.000,0.000,36.000,0.000,3.999,-0.083,-0.098,0.347,2.206,9.353,2.211
a,91983,0.000,0.000,36.000,0.000,4.131,0.070,0.147,0.484,2.197,9.352,2.205
a,91987,0.000,0.000,36.000,0.000,4.087,0.024,0.116,0.026,2.203,9.347,2.206
a,91991,0.000,0.000,36.000,0.000,3.999,0.146,0.040,0.057,2.212,9.339,2.175
a,91996,0.000,0.000,36.000,0.000,4.131,-0.037,0.055,-0.691,2.251,9.324,2.206
a,91999,0.000,0.000,36.000,0.000,4.043,-0.022,0.131,0.347,2.225,9.324,2.191
a,92003,0.000,0.000,36.000,0.000,4.175,0.192,0.070,0.393,2.201,9.322,2.198
a,92007,0.000,0.000,36.000,0.000,4.043,-0.129,0.055,0.347,2.224,9.346,2.219
a,92011,0.000,0.000,36.000,0.000,4.087,-0.129,-0.143,0.515,2.225,9.367,2.211
a,92015,0.000,0.000,36.000,0.000,4.131,-0.037,0.147,-1.012,2.225,9.348,2.186
a,92019,0.000,0.000,36.000,0.000,4.087,0.024,-0.174,-0.630,2.240,9.373,2.204
a,92023,0.000,0.000,36.000,0.000,4.087,-0.129,0.009,-0.310,2.230,9.331,2.213
a,92027,0.000,0.000,36.000,0.000,4.087,0.177,-0.052,-0.539,2.215,9.342,2.172
a,92031,0.000,0.000,36.000,0.000,3.999,-0.113,-0.036,1.064,2.217,9.353,2.209
a,92035,0.000,0.000,36.000,0.000,4.131,0.146,-0.113,0.225,2.204,9.346,2.204
a,92040,0.000,0.000,36.000,0.000,3.999,0.024,-0.052,-0.585,2.212,9.346,2.198
a,92043,0.000,0.000,36.000,0.000,4.043,-0.037,0.055,-1.180,2.237,9.340,2.188
a,92047,0.000,0.000,36.000,0.000,4.131,0.131,0.009,-0.325,2.203,9.339,2.206
a,92051,0.000,0.000,36.000,0.000,4.043,0.070,-0.036,0.209,2.206,9.351,2.193
a,92055,0.000,0.000,36.000,0.000,4.175,0.039,-0.006,0.133,2.206,9.348,2.211
a,92060,0.000,0.000,36.000,0.000,4.087,0.070,-0.174,-0.646,2.201,9.328,2.211
a,92063,0.000,0.000,36.000,0.000,4.131,0.039,0.116,0.240,2.248,9.322,2.182
a,92067,0.000,0.000,36.000,0.000,4.043,0.085,0.162,0.057,2.206,9.319,2.194
a,92071,0.000,0.000,36.000,0.000,4.087,-0.007,0.223,0.988,2.225,9.342,2.200
a,92076,0.000,0.000,36.000,0.000,4.131,0.039,-0.128,-0.356,2.235,9.364,2.206
a,92079,0.000,0.000,36.000,0.000,3.955,-0.007,0.009,1.339,2.225,9.336,2.213
a,92083,0.000,0.000,36.000,0.000,4.043,-0.037,0.009,-1.119,2.219,9.353,2.211
a,92088,0.000,0.000,36.000,0.000,4.131,-0.022,-0.159,0.515,2.215,9.313,2.185
a,92092,0.000,0.000,36.000,0.000,4.087,-0.052,0.055,-0.905,2.215,9.341,2.203
a,92095,0.000,0.000,36.000,0.000,4.131,-0.129,-0.159,0.026,2.209,9.345,2.229
a,92100,0.000,0.000,36.000,0.000,4.087,-0.083,-0.052,-0.310,2.201,9.307,2.203
a,92103,0.000,0.000,36.000,0.000,4.131,0.070,0.208,-0.615,2.206,9.331,2.206
a,92107,0.000,0.000,36.000,0.000,4.043,0.039,-0.052,-0.142,2.215,9.353,2.182
a,92111,0.000,0.000,36.000,0.000,4.087,-0.007,0.116,0.942,2.235,9.322,2.206
a,92115,0.000,0.000,36.000,0.000,4.087,0.039,0.040,-0.356,2.219,9.339,2.229
a,92119,0.000,0.000,36.000,0.000,4.087,-0.297,0.025,0.515,2.218,9.340,2.209
a,92123,0.000,0.000,36.000,0.000,4.043,0.070,-0.052,-0.325,2.222,9.334,2.189
a,92127,0.000,0.000,36.000,0.000,4.131,0.024,0.116,-0.462,2.222,9.299,2.200
a,92131,0.000,0.000,36.000,0.000,4.087,-0.297,0.147,0.026,2.233,9.343,2.219
a,92135,0.000,0.000,36.000,0.000,4.043,0.039,0.040,0.133,2.212,9.299,2.224
a,92140,0.000,0.000,36.000,0.000,3.955,-0.190,-0.036,0.728,2.224,9.348,2.206
a,92143,0.000,0.000,36.000,0.000,4.043,0.146,0.223,0.041,2.222,9.306,2.198
a,92147,0.000,0.000,36.000,0.000,4.175,0.100,0.025,1.767,2.233,9.336,2.200
a,92151,0.000,0.000,36.000,0.000,4.087,0.085,-0.006,-0.264,2.248,9.327,2.215
a,92155,0.000,0.000,36.000,0.000,4.131,-0.312,-0.113,0.133,2.218,9.345,2.212
a,92159,0.000,0.000,36.000,0.000,4.087,0.039,0.055,-0.035,2.219,9.324,2.213
a,92163,0.000,0.000,36.000,0.000,4.087,-0.052,0.009,-1.012,2.194,9.299,2.191
a,92167,0.000,0.000,36.000,0.000,4.043,-0.068,-0.159,-0.035,2.209,9.311,2.200
a,92171,0.000,0.000,36.000,0.000,4.131,0.177,-0.433,-0.752,2.253,9.321,2.182
a,92175,0.000,0.000,36.000,0.000,4.131,0.024,0.009,-0.737,2.230,9.345,2.201
a,92179,0.000,0.000,36.000,0.000,4.087,0.024,-0.113,-0.737,2.217,9.299,2.217
a,92183,0.000,0.000,36.000,0.000,4.131,0.039,-0.052,-0.356,2.217,9.345,2.201
a,92188,0.000,0.000,36.000,0.000,3.955,0.039,0.055,0.026,2.225,9.307,2.182
a,92192,0.000,0.000,36.000,0.000,4.131,-0.068,0.040,0.240,2.217,9.327,2.206
a,92195,0.000,0.000,36.000,0.000,4.131,-0.068,0.177,0.560,2.209,9.321,2.194
a,92199,0.000,0.000,36.000,0.000,4.131,-0.037,0.070,0.560,2.218,9.345,2.191
a,92203,0.000,0.000,36.000,0.000,4.087,-0.113,-0.113,1.446,2.186,9.324,2.206
a,92207,0.000,0.000,36.000,0.000,4.175,-0.190,-0.174,-0.035,2.212,9.347,2.215
a,92212,0.000,0.000,36.000,0.000,3.999,-0.052,-0.159,1.064,2.237,9.340,2.186
a,92216,0.000,0.000,36.000,0.000,4.043,0.146,-0.128,0.057,2.228,9.345,2.175
a,92219,0.000,0.000,36.000,0.000,4.087,0.070,0.162,0.057,2.228,9.352,2.180
a,92223,0.000,0.000,36.000,0.000,4.131,0.177,-0.006,-0.981,2.212,9.307,2.211
a,92227,0.000,0.000,36.000,0.000,4.043,0.192,-0.143,0.545,2.199,9.330,2.211
a,92231,0.000,0.000,36.000,0.000,3.999,0.070,-0.159,-0.646,2.225,9.328,2.224
a,92235,0.000,0.000,36.000,0.000,4.131,0.192,-0.067,0.164,2.205,9.330,2.217
a,92240,0.000,0.000,36.000,0.000,4.131,0.039,-0.174,-0.310,2.209,9.345,2.194
a,92243,0.000,0.000,36.000,0.000,4.043,0.039,-0.113,-0.142,2.218,9.328,2.204
a,92248,0.000,0.000,36.000,0.000,4.175,0.268,-0.098,-0.997,2.215,9.335,2.205
a,92251,0.000,0.000,36.000,0.000,4.087,-0.236,0.101,0.026,2.234,9.340,2.195
a,92255,0.000,0.000,36.000,0.000,4.043,-0.236,0.040,-0.035,2.212,9.322,2.201
a,92259,0.000,0.000,36.000,0.000,4.043,-0.144,0.330,-0.539,2.219,9.328,2.198
a,92263,0.000,0.000,36.000,0.000,4.043,-0.129,0.055,0.072,2.228,9.336,2.198
a,92267,0.000,0.000,36.000,0.000,4.087,-0.174,0.055,1.003,2.210,9.335,2.200
a,92271,0.000,0.000,36.000,0.000,4.043,0.085,-0.250,0.927,2.234,9.352,2.191
a,92275,0.000,0.000,36.000,0.000,4.087,-0.129,-0.235,-0.356,2.204,9.339,2.207
a,92279,0.000,0.000,36.000,0.000,4.043,-0.174,0.116,1.171,2.204,9.331,2.206
a,92283,0.000,0.000,36.000,0.000,4.087,-0.068,0.009,-0.142,2.217,9.348,2.227
a,92287,0.000,0.000,36.000,0.000,4.043,-0.022,-0.220,0.515,2.201,9.367,2.213
a,92292,0.000,0.000,36.000,0.000,3.955,-0.022,0.055,0.286,2.193,9.351,2.198
a,92295,0.000,0.000,36.000,0.000,3.999,-0.037,-0.281,-0.691,2.201,9.345,2.191
a,92299,0.000,0.000,36.000,0.000,4.131,0.238,0.040,-0.432,2.206,9.357,2.191
a,92303,0.000,0.000,36.000,0.000,3.999,0.085,-0.006,0.011,2.224,9.328,2.185
a,92307,0.000,0.000,36.000,0.000,3.999,-0.052,-0.098,-0.752,2.235,9.378,2.206
a,92311,0.000,0.000,36.000,0.000,4.087,0.177,-0.159,-1.302,2.210,9.348,2.230
a,92315,0.000,0.000,36.000,0.000,4.131,-0.113,-0.052,1.171,2.243,9.354,2.204
a,92319,0.000,0.000,36.000,0.000,3.999,-0.052,0.055,-1.012,2.224,9.341,2.197
a,92323,0.000,0.000,36.000,0.000,4.043,0.070,-0.235,-1.409,2.210,9.311,2.201
a,92327,0.000,0.000,36.000,0.000,4.087,-0.129,-0.327,0.026,2.228,9.345,2.200
a,92331,0.000,0.000,36.000,0.000,3.955,0.238,-0.052,-0.859,2.217,9.345,2.227
a,92336,0.000,0.000,36.000,0.000,4.043,-0.022,0.101,-0.356,2.230,9.360,2.229
a,92340,0.000,0.000,36.000,0.000,4.043,-0.022,0.147,0.240,2.228,9.340,2.215
a,92343,0.000,0.000,36.000,0.000,4.131,-0.022,-0.159,0.515,2.224,9.331,2.185
a,92347,0.000,0.000,36.000,0.000,4.131,0.070,0.162,-0.600,2.225,9.342,2.206
a,92351,0.000,0.000,36.000,0.000,4.043,-0.052,0.116,1.400,2.218,9.324,2.227
a,92355,0.000,0.000,36.000,0.000,4.043,0.085,-0.006,-0.218,2.212,9.331,2.195
a,92360,0.000,0.000,36.000,0.000,4.087,-0.174,0.162,1.171,2.212,9.331,2.198
a,92364,0.000,0.000,36.000,0.000,4.087,0.116,-0.052,-0.432,2.203,9.351,2.203
a,92368,0.000,0.000,36.000,0.000,4.043,0.024,-0.174,-1.073,2.217,9.328,2.207
a,92371,0.000,0.000,36.000,0.000,4.087,0.024,-0.174,-1.287,2.229,9.353,2.191
a,92375,0.000,0.000,36.000,0.000,4.043,0.268,0.238,0.973,2.212,9.365,2.192
a,92379,0.000,0.000,36.000,0.000,4.087,0.070,-0.281,-0.859,2.188,9.351,2.211
a,92383,0.000,0.000,36.000,0.000,4.087,0.070,0.116,-1.241,2.233,9.328,2.191
a,92387,0.000,0.000,36.000,0.000,4.087,-0.129,0.101,-0.096,2.209,9.331,2.204
a,92392,0.000,0.000,36.000,0.000,4.087,-0.159,0.009,-0.905,2.218,9.352,2.203
a,92395,0.000,0.000,36.000,0.000,4.131,0.009,0.055,-0.844,2.217,9.379,2.206
a,92400,0.000,0.000,36.000,0.000,4.131,0.070,-0.235,-0.478,2.224,9.371,2.200
a,92403,0.000,0.000,36.000,0.000,4.131,0.039,0.040,-0.203,2.230,9.351,2.217
a,92407,0.000,0.000,36.000,0.000,4.043,0.100,0.177,1.156,2.197,9.365,2.206
a,92411,0.000,0.000,36.000,0.000,4.087,-0.037,-0.266,0.240,2.219,9.337,2.201
a,92415,0.000,0.000,36.000,0.000,4.087,0.024,-0.174,-0.585,2.222,9.351,2.215
a,92419,0.000,0.000,36.000,0.000,4.131,-0.022,-0.098,0.286,2.210,9.349,2.207
a,92423,0.000,0.000,36.000,0.000,4.043,-0.022,0.116,0.454,2.234,9.315,2.213
a,92427,0.000,0.000,36.000,0.000,4.043,-0.190,0.116,0.347,2.225,9.328,2.209
a,92431,0.000,0.000,36.000,0.000,4.087,-0.037,-0.266,-0.966,2.215,9.335,2.191
a,92435,0.000,0.000,36.000,0.000,4.087,-0.037,0.162,-1.180,2.209,9.373,2.192
a,92439,0.000,0.000,36.000,0.000,4.131,0.146,0.055,0.225,2.209,9.357,2.198
a,92443,0.000,0.000,36.000,0.000,4.087,-0.037,-0.006,-1.287,2.218,9.337,2.186
a,92447,0.000,0.000,36.000,0.000,4.087,-0.129,-0.006,-0.203,2.215,9.357,2.215
a,92452,0.000,0.000,36.000,0.000,4.131,-0.312,0.116,-0.798,2.201,9.342,2.224
a,92455,0.000,0.000,36.000,0.000,4.175,0.039,-0.052,-0.142,2.210,9.339,2.201
a,92459,0.000,0.000,36.000,0.000,3.999,0.039,-0.143,0.347,2.197,9.336,2.213
a,92463,0.000,0.000,36.000,0.000,4.087,-0.083,0.131,0.347,2.204,9.334,2.195
a,92467,0.000,0.000,36.000,0.000,4.131,0.131,-0.235,-0.981,2.217,9.322,2.204
a,92471,0.000,0.000,36.000,0.000,4.131,0.039,0.254,0.057,2.222,9.335,2.206
a,92475,0.000,0.000,36.000,0.000,4.043,0.085,-0.113,-0.111,2.204,9.313,2.206
a,92479,0.000,0.000,36.000,0.000,4.087,0.085,0.223,0.148,2.215,9.359,2.223
a,92483,0.000,0.000,36.000,0.000,4.087,0.070,-0.098,0.820,2.218,9.334,2.209
a,92487,0.000,0.000,36.000,0.000,3.999,-0.068,-0.128,-0.142,2.228,9.331,2.198
a,92491,0.000,0.000,36.000,0.000,4.087,0.039,-0.159,0.133,2.204,9.363,2.229
a,92495,0.000,0.000,36.000,0.000,4.043,0.070,-0.159,-0.539,2.233,9.371,2.219
a,92500,0.000,0.000,36.000,0.000,4.087,0.024,0.238,0.270,2.181,9.359,2.221
a,92504,0.000,0.000,36.000,0.000,4.087,0.070,-0.128,-0.539,2.222,9.358,2.204
a,92507,0.000,0.000,36.000,0.000,4.087,-0.022,-0.113,-0.310,2.219,9.354,2.185
a,92511,0.000,0.000,36.000,0.000,3.999,0.192,0.086,1.629,2.210,9.317,2.199
a,92515,0.000,0.000,36.000,0.000,4.131,-0.052,0.025,1.889,2.209,9.331,2.198
a,92519,0.000,0.000,36.000,0.000,4.087,-0.068,0.101,0.072,2.219,9.287,2.204
a,92523,0.000,0.000,36.000,0.000,4.087,0.192,0.116,0.331,2.199,9.321,2.191
a,92528,0.000,0.000,36.000,0.000,4.087,0.024,-0.052,-0.417,2.234,9.348,2.194
a,92532,0.000,0.000,36.000,0.000,4.087,-0.052,0.009,-0.417,2.217,9.343,2.203
a,92535,0.000,0.000,36.000,0.000,4.131,0.070,-0.052,0.118,2.215,9.339,2.195
a,92539,0.000,0.000,36.000,0.000,3.999,0.055,-0.052,-1.027,2.203,9.348,2.212
a,92543,0.000,0.000,36.000,0.000,4.087,-0.281,0.177,1.828,2.203,9.305,2.211
a,92547,0.000,0.000,36.000,0.000,4.087,0.039,0.070,0.454,2.201,9.322,2.180
a,92551,0.000,0.000,36.000,0.000,3.999,-0.129,0.147,0.133,2.212,9.351,2.180
a,92555,0.000,0.000,36.000,0.000,4.087,0.131,0.238,-0.401,2.218,9.351,2.217
a,92559,0.000,0.000,36.000,0.000,4.087,-0.007,0.116,1.721,2.209,9.349,2.201
a,92563,0.000,0.000,36.000,0.000,4.087,-0.129,-0.052,0.072,2.210,9.348,2.207
a,92567,0.000,0.000,36.000,0.000,4.087,-0.190,0.009,0.347,2.222,9.346,2.213
a,92571,0.000,0.000,36.000,0.000,4.175,-0.144,-0.052,-1.180,2.203,9.349,2.200
a,92575,0.000,0.000,36.000,0.000,4.087,-0.190,0.025,0.896,2.199,9.336,2.191
a,92579,0.000,0.000,36.000,0.000,4.087,0.024,-0.128,-0.691,2.210,9.328,2.215
a,92583,0.000,0.000,36.000,0.000,4.131,0.055,0.116,1.721,2.210,9.329,2.219
a,92588,0.000,0.000,36.000,0.000,4.087,-0.052,-0.052,1.446,2.194,9.311,2.201
a,92591,0.000,0.000,36.000,0.000,4.087,-0.037,-0.220,-0.630,2.212,9.321,2.206
a,92595,0.000,0.000,36.000,0.000,4.087,0.039,0.009,-0.035,2.215,9.328,2.204
a,92599,0.000,0.000,36.000,0.000,3.999,-0.098,-0.082,-1.714,2.234,9.349,2.201
a,92604,0.000,0.000,36.000,0.000,4.087,-0.236,0.177,0.347,2.224,9.345,2.191
a,92608,0.000,0.000,36.000,0.000,4.131,0.222,-0.266,-1.195,2.199,9.345,2.188
a,92611,0.000,0.000,36.000,0.000,4.131,0.039,-0.159,0.179,2.206,9.330,2.221
a,92615,0.000,0.000,36.000,0.000,4.043,0.039,-0.006,0.240,2.224,9.336,2.188
a,92619,0.000,0.000,36.000,0.000,4.043,0.055,0.025,1.064,2.209,9.331,2.230
a,92623,0.000,0.000,36.000,0.000,4.131,-0.236,-0.159,0.347,2.210,9.312,2.221
a,92627,0.000,0.000,36.000,0.000,4.043,0.055,0.162,0.942,2.204,9.349,2.198
a,92631,0.000,0.000,36.000,0.000,4.087,-0.083,0.009,-0.737,2.228,9.354,2.200
a,92635,0.000,0.000,36.000,0.000,4.087,0.146,0.116,-0.050,2.217,9.346,2.217
a,92640,0.000,0.000,36.000,0.000,3.999,0.085,0.238,0.255,2.219,9.325,2.198
a,92643,0.000,0.000,36.000,0.000,4.043,0.039,0.040,-0.142,2.217,9.346,2.213
a,92648,0.000,0.000,36.000,0.000,4.175,-0.068,-0.143,0.942,2.203,9.351,2.221
a,92651,0.000,0.000,36.000,0.000,4.043,-0.083,0.070,0.728,2.246,9.353,2.206
a,92655,0.000,0.000,36.000,0.000,4.087,0.024,-0.174,-1.333,2.234,9.343,2.217
a,92659,0.000,0.000,36.000,0.000,4.175,0.039,-0.174,0.133,2.222,9.357,2.182
a,92663,0.000,0.000,36.000,0.000,4.087,0.009,-0.052,-1.226,2.230,9.316,2.191
a,92667,0.000,0.000,36.000,0.000,4.131,0.131,-0.220,-1.027,2.206,9.364,2.209
a,92671,0.000,0.000,36.000,0.000,4.131,0.085,-0.159,0.759,2.217,9.342,2.186
a,92675,0.000,0.000,36.000,0.000,4.087,0.131,-0.067,-0.478,2.197,9.353,2.198
a,92679,0.000,0.000,36.000,0.000,4.087,0.253,0.101,-0.371,2.234,9.349,2.213
a,92683,0.000,0.000,36.000,0.000,4.131,0.131,-0.052,0.225,2.230,9.345,2.206
a,92687,0.000,0.000,36.000,0.000,4.043,0.039,-0.113,-0.142,2.210,9.324,2.227
a,92692,0.000,0.000,36.000,0.000,3.999,-0.037,0.070,0.774,2.184,9.358,2.201
a,92695,0.000,0.000,36.000,0.000,4.043,-0.083,-0.067,-0.691,2.218,9.340,2.186
a,92699,0.000,0.000,36.000,0.000,4.087,-0.068,0.055,0.774,2.194,9.351,2.200
a,92703,0.000,0.000,36.000,0.000,4.043,0.131,-0.220,-0.707,2.225,9.374,2.207
a,92707,0.000,0.000,36.000,0.000,4.131,0.070,-0.006,-0.432,2.225,9.351,2.195
a,92711,0.000,0.000,36.000,0.000,4.087,0.039,-0.052,-0.096,2.225,9.328,2.217
a,92715,0.000,0.000,36.000,0.000,4.087,0.024,-0.067,-0.523,2.224,9.349,2.198
a,92719,0.000,0.000,36.000,0.000,4.087,-0.358,-0.006,-1.226,2.218,9.329,2.201
a,92723,0.000,0.000,36.000,0.000,4.131,0.024,-0.113,-0.523,2.217,9.345,2.195
a,92727,0.000,0.000,36.000,0.000,3.999,0.070,-0.036,0.606,2.225,9.363,2.195
a,92731,0.000,0.000,36.000,0.000,4.043,-0.068,-0.174,0.133,2.233,9.335,2.188
a,92736,0.000,0.000,36.000,0.000,4.043,-0.236,0.254,-0.157,2.224,9.325,2.200
a,92740,0.000,0.000,36.000,0.000,4.087,0.070,-0.006,-0.646,2.206,9.334,2.217
a,92743,0.000,0.000,36.000,0.000,4.131,0.024,0.009,-0.523,2.218,9.330,2.198
a,92747,0.000,0.000,36.000,0.000,4.087,-0.068,-0.052,0.515,2.222,9.349,2.180
a,92751,0.000,0.000,36.000,0.000,4.043,-0.129,0.055,0.515,2.225,9.357,2.198
a,92755,0.000,0.000,36.000,0.000,4.087,0.085,0.437,0.102,2.218,9.311,2.201
a,92760,0.000,0.000,36.000,0.000,4.131,0.192,0.025,1.278,2.230,9.348,2.199
a,92764,0.000,0.000,36.000,0.000,4.043,0.146,0.009,0.820,2.203,9.325,2.192
a,92767,0.000,0.000,36.000,0.000,4.131,0.085,-0.067,0.118,2.193,9.313,2.191
a,92771,0.000,0.000,36.000,0.000,4.087,-0.205,-0.113,-0.249,2.237,9.328,2.199
a,92775,0.000,0.000,36.000,0.000,4.087,-0.022,-0.143,0.560,2.217,9.340,2.200
a,92779,0.000,0.000,36.000,0.000,3.999,-0.068,-0.052,0.072,2.219,9.330,2.185
a,92783,0.000,0.000,36.000,0.000,4.131,-0.022,-0.036,0.347,2.237,9.316,2.194
a,92788,0.000,0.000,36.000,0.000,4.087,0.055,0.223,1.110,2.210,9.319,2.204
a,92791,0.000,0.000,36.000,0.000,4.043,-0.144,0.009,-0.462,2.204,9.311,2.198
a,92796,0.000,0.000,36.000,0.000,4.131,-0.129,0.116,-0.142,2.224,9.322,2.237
a,92799,0.000,0.000,36.000,0.000,4.131,0.024,0.131,0.515,2.199,9.305,2.212
a,92803,0.000,0.000,36.000,0.000,4.087,-0.083,-0.281,-0.798,2.210,9.322,2.230
a,92807,0.000,0.000,36.000,0.000,3.999,-0.236,-0.036,1.064,2.179,9.337,2.186
a,92811,0.000,0.000,36.000,0.000,4.087,-0.022,-0.220,0.560,2.210,9.337,2.194
a,92815,0.000,0.000,36.000,0.000,4.175,-0.190,0.147,-0.310,2.224,9.337,2.213
a,92819,0.000,0.000,36.000,0.000,4.131,-0.083,-0.220,-0.462,2.218,9.331,2.172
a,92823,0.000,0.000,36.000,0.000,4.131,0.085,-0.204,1.538,2.204,9.339,2.197
a,92827,0.000,0.000,36.000,0.000,4.175,-0.083,0.055,-0.844,2.188,9.330,2.211
a,92831,0.000,0.000,36.000,0.000,4.175,0.070,-0.113,0.011,2.222,9.351,2.199
a,92835,0.000,0.000,36.000,0.000,4.087,0.039,0.101,-0.203,2.203,9.334,2.219
a,92839,0.000,0.000,36.000,0.000,4.131,0.070,0.040,-0.752,2.197,9.322,2.194
a,92844,0.000,0.000,36.000,0.000,3.999,-0.190,0.147,0.026,2.217,9.335,2.198
a,92847,0.000,0.000,36.000,0.000,4.087,-0.037,0.101,-0.462,2.210,9.361,2.194
a,92851,0.000,0.000,36.000,0.000,4.087,-0.205,-0.128,-1.012,2.246,9.322,2.201
a,92855,0.000,0.000,36.000,0.000,4.087,0.131,-0.036,0.759,2.215,9.324,2.205
a,92859,0.000,0.000,36.000,0.000,4.043,-0.007,0.009,1.125,2.224,9.365,2.192
a,92863,0.000,0.000,36.000,0.000,4.175,-0.022,0.055,0.622,2.193,9.329,2.192
a,92867,0.000,0.000,36.000,0.000,3.999,0.039,-0.159,0.133,2.224,9.336,2.191
a,92871,0.000,0.000,36.000,0.000,4.087,0.131,0.055,0.164,2.215,9.327,2.203
a,92875,0.000,0.000,36.000,0.000,4.131,-0.022,0.009,-0.249,2.203,9.349,2.211
a,92879,0.000,0.000,36.000,0.000,4.131,0.024,-0.006,-1.012,2.228,9.348,2.195
a,92883,0.000,0.000,36.000,0.000,4.131,-0.236,0.040,0.240,2.218,9.324,2.221
a,92888,0.000,0.000,36.000,0.000,4.087,-0.098,-0.220,-0.798,2.203,9.333,2.212
a,92891,0.000,0.000,36.000,0.000,4.131,-0.037,-0.067,-0.630,2.209,9.339,2.186
a,92895,0.000,0.000,36.000,0.000,4.043,0.100,-0.372,1.278,2.215,9.334,2.206
a,92899,0.000,0.000,36.000,0.000,4.087,-0.083,0.055,0.133,2.209,9.347,2.203
a,92903,0.000,0.000,36.000,0.000,3.999,-0.037,-0.098,0.728,2.197,9.347,2.211
a,92908,0.000,0.000,36.000,0.000,4.087,0.131,-0.036,0.041,2.215,9.322,2.199
a,92912,0.000,0.000,36.000,0.000,4.043,-0.022,0.055,0.026,2.228,9.348,2.194
a,92915,0.000,0.000,36.000,0.000,4.131,-0.190,0.040,-0.249,2.194,9.364,2.194
a,92919,0.000,0.000,36.000,0.000,4.131,-0.174,-0.159,1.232,2.219,9.324,2.192
a,92923,0.000,0.000,36.000,0.000,4.087,-0.022,0.131,0.835,2.206,9.316,2.204
a,92927,0.000,0.000,36.000,0.000,4.087,0.024,0.055,0.133,2.197,9.352,2.218
a,92931,0.000,0.000,36.000,0.000,4.043,-0.022,-0.281,-0.203,2.215,9.325,2.215
a,92936,0.000,0.000,36.000,0.000,4.131,0.024,-0.128,-0.585,2.218,9.354,2.200
a,92940,0.000,0.000,36.000,0.000,3.999,0.024,0.162,-0.523,2.212,9.295,2.188
a,92944,0.000,0.000,36.000,0.000,3.999,0.100,-0.036,1.049,2.228,9.353,2.194
a,92948,0.000,0.000,36.000,0.000,4.087,-0.068,0.009,0.622,2.233,9.322,2.200
a,92952,0.000,0.000,36.000,0.000,4.087,0.177,0.101,-0.707,2.237,9.352,2.201
a,92955,0.000,0.000,36.000,0.000,3.999,-0.220,0.070,-0.539,2.219,9.321,2.199
a,92959,0.000,0.000,36.000,0.000,4.043,-0.022,-0.113,0.240,2.224,9.351,2.188
a,92963,0.000,0.000,36.000,0.000,3.999,-0.068,-0.067,0.133,2.224,9.307,2.207
a,92967,0.000,0.000,36.000,0.000,4.043,0.039,-0.174,-0.035,2.203,9.348,2.200
a,92971,0.000,0.000,36.000,0.000,4.087,0.085,0.223,0.484,2.209,9.361,2.223
a,92975,0.000,0.000,36.000,0.000,4.087,0.024,-0.052,-0.966,2.215,9.354,2.186
a,92979,0.000,0.000,36.000,0.000,4.087,-0.129,-0.128,-0.142,2.217,9.334,2.186
a,92983,0.000,0.000,36.000,0.000,4.131,-0.266,-0.266,-0.462,2.225,9.312,2.206
a,92987,0.000,0.000,36.000,0.000,4.043,-0.007,0.116,1.003,2.224,9.349,2.206
a,92991,0.000,0.000,36.000,0.000,4.131,-0.144,-0.128,-0.417,2.212,9.365,2.219
a,92996,0.000,0.000,36.000,0.000,4.043,-0.205,-0.266,-0.523,2.212,9.336,2.200
a,92999,0.000,0.000,36.000,0.000,4.043,0.085,0.330,0.744,2.199,9.329,2.219
a,93003,0.000,0.000,36.000,0.000,4.087,0.192,0.116,0.164,2.217,9.322,2.204
a,93007,0.000,0.000,36.000,0.000,4.087,0.024,-0.067,-0.798,2.219,9.348,2.211
a,93011,0.000,0.000,36.000,0.000,4.175,0.009,-0.113,-1.287,2.225,9.361,2.199
a,93015,0.000,0.000,36.000,0.000,4.087,-0.068,-0.067,-0.096,2.215,9.340,2.211
a,93019,0.000,0.000,36.000,0.000,3.999,-0.190,0.116,0.179,2.210,9.331,2.207
a,93023,0.000,0.000,36.000,0.000,4.087,0.085,0.116,-0.325,2.215,9.374,2.186
a,93027,0.000,0.000,36.000,0.000,4.087,0.070,0.162,0.118,2.194,9.336,2.224
a,93031,0.000,0.000,36.000,0.000,4.175,0.100,0.055,1.049,2.225,9.340,2.209
a,93035,0.000,0.000,36.000,0.000,4.131,-0.144,-0.006,-0.417,2.217,9.331,2.207
a,93040,0.000,0.000,36.000,0.000,4.087,0.039,-0.113,0.179,2.194,9.334,2.182
a,93043,0.000,0.000,36.000,0.000,4.087,0.055,0.070,1.553,2.224,9.335,2.186
a,93047,0.000,0.000,36.000,0.000,4.087,0.039,0.162,0.560,2.217,9.345,2.217
a,93051,0.000,0.000,36.000,0.000,4.087,0.192,0.025,0.331,2.217,9.306,2.201
a,93055,0.000,0.000,36.000,0.000,4.087,-0.236,0.101,0.133,2.215,9.367,2.209
a,93060,0.000,0.000,36.000,0.000,4.043,0.039,0.009,0.515,2.222,9.346,2.201
a,93064,0.000,0.000,36.000,0.000,4.043,0.085,0.040,-0.111,2.204,9.333,2.191
a,93067,0.000,0.000,36.000,0.000,4.087,0.100,0.162,1.217,2.246,9.363,2.192
a,93071,0.000,0.000,36.000,0.000,4.087,0.039,0.009,0.179,2.243,9.324,2.180
a,93075,0.000,0.000,36.000,0.000,4.087,-0.144,-0.052,-0.417,2.201,9.336,2.219
a,93079,0.000,0.000,36.000,0.000,3.999,-0.205,0.101,-0.462,2.234,9.335,2.211
a,93083,0.000,0.000,36.000,0.000,3.955,0.039,-0.174,-0.142,2.224,9.342,2.215
a,93088,0.000,0.000,36.000,0.000,4.131,-0.083,-0.067,-0.417,2.204,9.357,2.219
a,93092,0.000,0.000,36.000,0.000,4.043,-0.083,0.162,-0.310,2.222,9.367,2.195
a,93095,0.000,0.000,36.000,0.000,4.087,-0.191,-0.141,0.446,2.206,9.319,2.230
a,93100,0.000,0.000,36.000,0.000,4.175,-0.053,-0.217,0.996,2.217,9.357,2.194
a,93103,0.000,0.000,36.000,0.000,4.043,-0.191,-0.049,0.278,2.212,9.367,2.191
a,93107,0.000,0.000,36.000,0.000,4.043,-0.023,0.012,0.446,2.217,9.303,2.215
a,93111,0.000,0.000,36.000,0.000,4.087,0.084,-0.095,0.385,2.212,9.322,2.217
a,93115,0.000,0.000,36.000,0.000,4.087,-0.130,-0.049,0.019,2.212,9.357,2.191
a,93119,0.000,0.000,36.000,0.000,3.999,0.069,0.027,0.492,2.219,9.336,2.186
a,93123,0.000,0.000,36.000,0.000,4.175,-0.130,0.058,-0.256,2.233,9.349,2.200
a,93127,0.000,0.000,36.000,0.000,4.043,0.038,-0.156,0.828,2.219,9.324,2.201
a,93131,0.000,0.000,36.000,0.000,3.955,-0.130,0.103,-0.256,2.228,9.335,2.200
a,93135,0.000,0.000,36.000,0.000,4.131,0.191,0.058,0.049,2.215,9.359,2.200
a,93139,0.000,0.000,36.000,0.000,3.999,0.038,0.058,-0.210,2.209,9.348,2.211
a,93143,0.000,0.000,36.000,0.000,4.175,0.160,0.241,1.027,2.206,9.334,2.211
a,93148,0.000,0.000,36.000,0.000,3.999,0.084,0.042,0.111,2.213,9.345,2.206
a,93151,0.000,0.000,36.000,0.000,4.087,-0.069,0.012,0.446,2.215,9.352,2.204
a,93155,0.000,0.000,36.000,0.000,4.043,0.023,0.088,0.645,2.204,9.347,2.203
a,93159,0.000,0.000,36.000,0.000,4.087,-0.023,0.134,0.767,2.219,9.357,2.192
a,93163,0.000,0.000,36.000,0.000,4.043,-0.008,0.027,1.286,2.210,9.311,2.201
a,93167,0.000,0.000,36.000,0.000,3.999,0.252,-0.156,0.111,2.246,9.354,2.207
a,93171,0.000,0.000,36.000,0.000,4.043,-0.069,0.058,0.660,2.233,9.322,2.201
a,93175,0.000,0.000,36.000,0.000,4.087,0.084,0.180,0.706,2.194,9.324,2.211
a,93179,0.000,0.000,36.000,0.000,4.087,0.084,-0.049,0.431,2.234,9.369,2.206
a,93183,0.000,0.000,36.000,0.000,4.043,-0.069,-0.065,-0.210,2.223,9.316,2.204
a,93188,0.000,0.000,36.000,0.000,4.087,0.069,0.012,0.111,2.197,9.358,2.197
a,93192,0.000,0.000,36.000,0.000,4.043,-0.191,0.012,0.660,2.259,9.325,2.198
a,93195,0.000,0.000,36.000,0.000,4.219,0.084,0.164,0.217,2.212,9.287,2.194
a,93199,0.000,0.000,36.000,0.000,4.131,0.206,0.027,1.530,2.212,9.369,2.195
a,93203,0.000,0.000,36.000,0.000,4.087,-0.191,0.012,0.767,2.209,9.353,2.192
a,93207,0.000,0.000,36.000,0.000,4.087,-0.023,0.042,0.065,2.191,9.349,2.195
a,93212,0.000,0.000,36.000,0.000,4.131,-0.130,-0.110,0.767,2.210,9.337,2.207
a,93216,0.000,0.000,36.000,0.000,4.131,-0.023,-0.171,0.172,2.193,9.354,2.195
a,93220,0.000,0.000,36.000,0.000,4.043,0.145,0.210,-0.347,2.219,9.357,2.207
a,93223,0.000,0.000,36.000,0.000,4.087,-0.023,0.058,-0.210,2.217,9.334,2.198
a,93227,0.000,0.000,36.000,0.000,4.131,-0.175,0.058,0.935,2.218,9.339,2.209
a,93231,0.000,0.000,36.000,0.000,3.999,0.069,-0.049,-0.760,2.204,9.339,2.198
a,93235,0.000,0.000,36.000,0.000,4.043,0.038,-0.263,-0.317,2.234,9.339,2.200
a,93240,0.000,0.000,36.000,0.000,3.999,-0.099,0.164,-0.699,2.217,9.352,2.209
a,93243,0.000,0.000,36.000,0.000,4.131,0.084,0.042,-0.378,2.203,9.325,2.194
a,93248,0.000,0.000,36.000,0.000,4.043,-0.160,-0.049,-0.805,2.194,9.312,2.221
a,93251,0.000,0.000,36.000,0.000,4.087,-0.252,-0.034,0.508,2.209,9.355,2.195
a,93255,0.000,0.000,36.000,0.000,4.087,-0.069,0.271,0.752,2.219,9.364,2.195
a,93259,0.000,0.000,36.000,0.000,4.087,-0.023,-0.324,-0.363,2.235,9.303,2.200
a,93263,0.000,0.000,36.000,0.000,4.131,-0.191,-0.003,-0.317,2.224,9.340,2.186
a,93267,0.000,0.000,36.000,0.000,3.999,-0.298,0.058,0.126,2.209,9.351,2.198
a,93271,0.000,0.000,36.000,0.000,3.999,0.099,-0.049,1.485,2.228,9.357,2.211
a,93275,0.000,0.000,36.000,0.000,4.087,-0.191,0.058,0.553,2.209,9.322,2.201
a,93279,0.000,0.000,36.000,0.000,4.043,0.023,-0.065,-0.638,2.217,9.336,2.195
a,93283,0.000,0.000,36.000,0.000,4.087,-0.023,-0.171,0.019,2.228,9.336,2.209
a,93287,0.000,0.000,36.000,0.000,4.087,-0.237,0.119,0.278,2.204,9.353,2.207
a,93291,0.000,0.000,36.000,0.000,4.087,0.206,-0.141,0.981,2.212,9.349,2.213
a,93295,0.000,0.000,36.000,0.000,4.175,0.130,-0.049,0.217,2.225,9.313,2.197
a,93300,0.000,0.000,36.000,0.000,4.043,-0.023,-0.126,0.172,2.225,9.351,2.219
a,93303,0.000,0.000,36.000,0.000,4.043,0.130,-0.126,-0.439,2.222,9.290,2.195
a,93307,0.000,0.000,36.000,0.000,4.087,-0.023,0.012,0.508,2.210,9.316,2.217
a,93311,0.000,0.000,36.000,0.000,4.087,0.038,-0.126,0.126,2.230,9.329,2.246
a,93315,0.000,0.000,36.000,0.000,4.087,-0.130,0.149,-0.149,2.224,9.360,2.194
a,93319,0.000,0.000,36.000,0.000,4.043,0.038,-0.171,0.126,2.230,9.345,2.186
a,93323,0.000,0.000,36.000,0.000,4.043,-0.069,0.073,0.660,2.218,9.336,2.188
a,93327,0.000,0.000,36.000,0.000,4.131,0.084,-0.126,-0.225,2.210,9.335,2.209
a,93331,0.000,0.000,36.000,0.000,4.087,0.130,0.042,-0.714,2.228,9.345,2.213
a,93335,0.000,0.000,36.000,0.000,4.043,-0.008,0.058,1.546,2.228,9.346,2.200
a,93340,0.000,0.000,36.000,0.000,4.043,0.038,0.226,0.049,2.217,9.319,2.215
a,93344,0.000,0.000,36.000,0.000,4.087,-0.069,-0.232,-0.317,2.222,9.340,2.185
a,93347,0.000,0.000,36.000,0.000,4.087,0.084,-0.202,0.538,2.225,9.373,2.179
a,93351,0.000,0.000,36.000,0.000,4.043,0.069,-0.049,0.111,2.201,9.318,2.199
a,93355,0.000,0.000,36.000,0.000,4.087,0.084,0.164,-0.332,2.217,9.353,2.211
a,93359,0.000,0.000,36.000,0.000,4.087,0.084,0.073,0.263,2.203,9.340,2.195
a,93364,0.000,0.000,36.000,0.000,4.131,0.054,-0.034,1.118,2.206,9.349,2.207
a,93368,0.000,0.000,36.000,0.000,4.087,-0.069,-0.049,0.401,2.215,9.307,2.188
a,93371,0.000,0.000,36.000,0.000,3.999,0.267,0.012,-1.202,2.230,9.343,2.209
a,93375,0.000,0.000,36.000,0.000,4.131,0.145,-0.049,0.263,2.228,9.323,2.215
a,93379,0.000,0.000,36.000,0.000,4.087,0.038,0.027,0.660,2.235,9.339,2.188
a,93383,0.000,0.000,36.000,0.000,4.043,-0.130,0.012,-0.256,2.203,9.365,2.180
a,93388,0.000,0.000,36.000,0.000,4.043,-0.023,-0.095,0.446,2.235,9.348,2.192
a,93392,0.000,0.000,36.000,0.000,4.131,0.084,0.119,0.217,2.248,9.354,2.206
a,93395,0.000,0.000,36.000,0.000,4.043,0.054,0.134,1.393,2.222,9.335,2.209
a,93400,0.000,0.000,36.000,0.000,4.087,-0.023,-0.065,-0.256,2.222,9.328,2.198
a,93404,0.000,0.000,36.000,0.000,4.131,-0.084,0.226,-0.607,2.218,9.360,2.195
a,93407,0.000,0.000,36.000,0.000,4.043,0.023,0.134,0.660,2.222,9.336,2.201
a,93411,0.000,0.000,36.000,0.000,4.087,0.008,0.119,-0.912,2.212,9.358,2.211
a,93415,0.000,0.000,36.000,0.000,4.043,-0.023,0.058,0.065,2.179,9.364,2.217
a,93419,0.000,0.000,36.000,0.000,4.087,0.145,-0.065,0.156,2.219,9.318,2.194
a,93423,0.000,0.000,36.000,0.000,4.043,-0.084,0.058,-0.805,2.241,9.345,2.195
a,93427,0.000,0.000,36.000,0.000,4.131,-0.130,0.027,0.278,2.233,9.349,2.213
a,93431,0.000,0.000,36.000,0.000,4.131,-0.023,0.012,-0.210,2.237,9.359,2.173
a,93435,0.000,0.000,36.000,0.000,4.087,-0.084,-0.110,-0.638,2.203,9.377,2.186
a,93439,0.000,0.000,36.000,0.000,4.043,-0.130,0.103,-0.042,2.228,9.385,2.192
a,93443,0.000,0.000,36.000,0.000,4.131,0.237,0.119,-0.378,2.218,9.345,2.182
a,93447,0.000,0.000,36.000,0.000,4.043,-0.130,0.134,1.118,2.206,9.352,2.241
a,93452,0.000,0.000,36.000,0.000,4.087,-0.038,0.042,-0.592,2.206,9.334,2.206
a,93455,0.000,0.000,36.000,0.000,4.131,0.130,-0.110,0.049,2.224,9.377,2.205
a,93459,0.000,0.000,36.000,0.000,4.043,0.176,0.119,-0.225,2.219,9.358,2.203
a,93463,0.000,0.000,36.000,0.000,4.043,0.054,0.012,-0.439,2.193,9.330,2.199
a,93467,0.000,0.000,36.000,0.000,4.043,-0.038,0.012,0.172,2.212,9.376,2.197
a,93471,0.000,0.000,36.000,0.000,3.999,0.191,0.012,-0.225,2.212,9.316,2.209
a,93475,0.000,0.000,36.000,0.000,3.999,-0.038,0.210,-0.607,2.218,9.369,2.185
a,93479,0.000,0.000,36.000,0.000,4.043,0.038,-0.202,0.721,2.218,9.349,2.186
a,93483,0.000,0.000,36.000,0.000,4.087,-0.023,-0.065,-0.103,2.218,9.342,2.188
a,93488,0.000,0.000,36.000,0.000,4.087,0.145,0.027,0.263,2.209,9.316,2.213
a,93491,0.000,0.000,36.000,0.000,4.043,-0.084,-0.156,-0.210,2.233,9.323,2.217
a,93495,0.000,0.000,36.000,0.000,4.087,0.115,0.012,-1.202,2.203,9.316,2.201
a,93500,0.000,0.000,36.000,0.000,3.999,0.054,-0.156,-0.714,2.215,9.353,2.195
a,93503,0.000,0.000,36.000,0.000,4.043,-0.130,0.149,0.065,2.234,9.325,2.195
a,93508,0.000,0.000,36.000,0.000,4.087,0.099,-0.049,0.920,2.203,9.311,2.195
a,93512,0.000,0.000,36.000,0.000,4.087,-0.084,-0.171,-1.401,2.217,9.322,2.209
a,93516,0.000,0.000,36.000,0.000,4.087,0.038,0.241,0.645,2.193,9.353,2.191
a,93519,0.000,0.000,36.000,0.000,4.131,-0.038,0.042,-0.470,2.210,9.322,2.207
a,93523,0.000,0.000,36.000,0.000,4.087,-0.053,-0.034,1.607,2.215,9.340,2.209
a,93527,0.000,0.000,36.000,0.000,4.043,-0.191,0.058,0.721,2.222,9.331,2.217
a,93531,0.000,0.000,36.000,0.000,4.219,0.084,-0.049,0.706,2.222,9.347,2.213
a,93535,0.000,0.000,36.000,0.000,4.087,0.023,-0.095,0.049,2.209,9.329,2.199
a,93540,0.000,0.000,36.000,0.000,4.087,0.023,-0.171,-0.638,2.203,9.331,2.180
a,93543,0.000,0.000,36.000,0.000,3.999,0.191,0.119,-0.271,2.217,9.353,2.207
a,93548,0.000,0.000,36.000,0.000,4.131,-0.038,0.058,-0.912,2.225,9.325,2.213
a,93551,0.000,0.000,36.000,0.000,4.131,0.160,-0.217,1.210,2.222,9.319,2.182
a,93555,0.000,0.000,36.000,0.000,4.043,0.054,0.164,0.935,2.241,9.348,2.186
a,93559,0.000,0.000,36.000,0.000,4.087,0.008,0.271,-0.760,2.228,9.316,2.217
a,93563,0.000,0.000,36.000,0.000,4.131,-0.069,-0.003,0.126,2.209,9.357,2.215
a,93567,0.000,0.000,36.000,0.000,4.087,0.038,0.256,0.217,2.217,9.365,2.191
a,93571,0.000,0.000,36.000,0.000,4.043,0.176,0.058,0.004,2.193,9.313,2.231
a,93575,0.000,0.000,36.000,0.000,4.175,-0.191,0.027,0.614,2.233,9.346,2.224
a,93579,0.000,0.000,36.000,0.000,3.999,-0.008,0.409,1.637,2.233,9.328,2.200
a,93583,0.000,0.000,36.000,0.000,3.999,0.069,0.149,1.332,2.230,9.349,2.194
a,93587,0.000,0.000,36.000,0.000,4.131,0.176,0.103,-0.653,2.240,9.349,2.221
a,93591,0.000,0.000,36.000,0.000,4.087,-0.130,0.073,0.401,2.212,9.339,2.200
a,93596,0.000,0.000,36.000,0.000,4.087,0.145,0.287,0.691,2.235,9.357,2.194
a,93599,0.000,0.000,36.000,0.000,3.999,0.191,-0.156,-0.057,2.206,9.331,2.207
a,93603,0.000,0.000,36.000,0.000,4.131,0.099,-0.034,1.103,2.217,9.317,2.217
a,93607,0.000,0.000,36.000,0.000,4.087,-0.145,-0.003,-0.973,2.222,9.323,2.188
a,93611,0.000,0.000,36.000,0.000,4.087,-0.252,0.042,-0.592,2.233,9.330,2.198
a,93615,0.000,0.000,36.000,0.000,4.043,-0.053,0.073,1.118,2.218,9.319,2.191
a,93619,0.000,0.000,36.000,0.000,4.043,0.283,0.012,-0.118,2.194,9.316,2.195
a,93623,0.000,0.000,36.000,0.000,4.043,0.084,0.012,0.431,2.215,9.342,2.206
a,93627,0.000,0.000,36.000,0.000,4.131,-0.145,0.210,-1.584,2.219,9.325,2.219
a,93631,0.000,0.000,36.000,0.000,4.043,-0.084,0.119,-0.531,2.217,9.351,2.191
a,93635,0.000,0.000,36.000,0.000,4.131,-0.191,-0.095,0.340,2.224,9.339,2.219
a,93640,0.000,0.000,36.000,0.000,4.131,-0.069,-0.110,0.233,2.199,9.322,2.217
a,93643,0.000,0.000,36.000,0.000,4.131,0.160,-0.049,1.424,2.235,9.318,2.209
a,93647,0.000,0.000,36.000,0.000,4.087,-0.038,-0.065,-0.592,2.218,9.340,2.198
a,93651,0.000,0.000,36.000,0.000,4.043,0.054,0.058,-0.760,2.194,9.345,2.205
a,93655,0.000,0.000,36.000,0.000,4.043,0.099,0.226,0.966,2.248,9.348,2.200
a,93660,0.000,0.000,36.000,0.000,3.999,0.023,0.119,0.019,2.218,9.330,2.215
a,93664,0.000,0.000,36.000,0.000,4.131,0.099,0.012,1.149,2.204,9.335,2.194
a,93667,0.000,0.000,36.000,0.000,4.043,-0.023,0.042,-0.256,2.210,9.324,2.219
a,93671,0.000,0.000,36.000,0.000,4.131,0.069,-0.126,-0.653,2.215,9.335,2.206
a,93675,0.000,0.000,36.000,0.000,3.999,0.069,-0.126,-0.928,2.219,9.323,2.191
a,93679,0.000,0.000,36.000,0.000,4.087,-0.084,0.012,0.172,2.224,9.345,2.212
a,93683,0.000,0.000,36.000,0.000,3.999,0.191,-0.110,0.263,2.230,9.303,2.207
a,93688,0.000,0.000,36.000,0.000,4.131,0.084,-0.003,0.004,2.194,9.340,2.206
a,93692,0.000,0.000,36.000,0.000,4.131,0.038,0.119,-0.149,2.212,9.342,2.221
a,93696,0.000,0.000,36.000,0.000,4.570,-0.130,0.073,1.546,2.199,9.334,2.195
a,93700,0.000,0.000,36.000,0.000,4.087,-0.084,0.058,0.126,2.237,9.337,2.203
a,93703,0.000,0.000,36.000,0.000,4.043,-0.084,0.134,0.721,2.228,9.299,2.201
a,93707,0.000,0.000,36.000,0.000,4.087,-0.130,-0.003,-0.042,2.222,9.324,2.201
a,93711,0.000,0.000,36.000,0.000,4.131,-0.023,0.042,0.126,2.228,9.346,2.213
a,93715,0.000,0.000,36.000,0.000,4.043,0.176,-0.217,-0.057,2.209,9.337,2.191
a,93719,0.000,0.000,36.000,0.000,4.087,0.145,-0.110,0.156,2.217,9.351,2.207
a,93723,0.000,0.000,36.000,0.000,3.999,-0.206,0.103,-0.851,2.218,9.313,2.186
a,93727,0.000,0.000,36.000,0.000,4.043,-0.191,0.012,0.553,2.217,9.322,2.207
a,93731,0.000,0.000,36.000,0.000,4.131,-0.069,-0.110,0.278,2.219,9.357,2.194
a,93735,0.000,0.000,36.000,0.000,4.131,0.176,-0.202,-0.393,2.215,9.319,2.222
a,93739,0.000,0.000,36.000,0.000,4.087,-0.008,0.226,1.424,2.222,9.363,2.215
a,93743,0.000,0.000,36.000,0.000,4.043,-0.130,-0.049,0.401,2.219,9.324,2.192
a,93747,0.000,0.000,36.000,0.000,4.043,-0.023,0.103,-0.256,2.222,9.330,2.217
a,93752,0.000,0.000,36.000,0.000,4.131,-0.023,0.119,0.401,2.209,9.323,2.204
a,93755,0.000,0.000,36.000,0.000,4.087,0.191,-0.110,0.431,2.223,9.348,2.195
a,93759,0.000,0.000,36.000,0.000,4.087,-0.069,0.042,-0.210,2.209,9.347,2.195
a,93763,0.000,0.000,36.000,0.000,4.087,-0.191,-0.171,0.126,2.217,9.345,2.204
a,93767,0.000,0.000,36.000,0.000,4.087,-0.099,-0.156,-0.744,2.228,9.363,2.228
a,93771,0.000,0.000,36.000,0.000,3.999,-0.069,-0.049,0.019,2.235,9.330,2.200
a,93775,0.000,0.000,36.000,0.000,4.043,-0.038,0.226,-0.118,2.218,9.341,2.206
a,93779,0.000,0.000,36.000,0.000,4.131,0.038,0.012,0.767,2.241,9.322,2.211
a,93783,0.000,0.000,36.000,0.000,4.087,0.054,0.134,1.286,2.206,9.353,2.186
a,93788,0.000,0.000,36.000,0.000,3.955,-0.038,-0.065,-0.638,2.222,9.348,2.204
a,93792,0.000,0.000,36.000,0.000,4.043,-0.343,-0.156,-0.149,2.228,9.328,2.185
a,93795,0.000,0.000,36.000,0.000,4.087,-0.160,0.226,-0.485,2.199,9.309,2.205
a,93799,0.000,0.000,36.000,0.000,4.087,0.038,0.241,0.538,2.219,9.335,2.227
a,93803,0.000,0.000,36.000,0.000,4.043,-0.191,0.241,0.492,2.230,9.340,2.217
a,93808,0.000,0.000,36.000,0.000,4.131,0.023,-0.003,-0.531,2.209,9.329,2.213
a,93812,0.000,0.000,36.000,0.000,4.043,-0.023,-0.126,0.065,2.222,9.339,2.200
a,93816,0.000,0.000,36.000,0.000,4.043,0.145,0.134,0.874,2.203,9.301,2.198
a,93820,0.000,0.000,36.000,0.000,4.087,-0.084,0.012,-0.256,2.237,9.327,2.203
a,93823,0.000,0.000,36.000,0.000,4.043,0.084,0.149,-0.225,2.228,9.328,2.209
a,93827,0.000,0.000,36.000,0.000,4.131,0.084,0.149,0.156,2.210,9.339,2.195
a,93831,0.000,0.000,36.000,0.000,4.043,0.084,-0.049,0.217,2.228,9.335,2.221
a,93835,0.000,0.000,36.000,0.000,4.131,-0.038,0.134,0.614,2.197,9.319,2.197
a,93839,0.000,0.000,36.000,0.000,4.175,-0.130,0.012,0.508,2.203,9.318,2.198
a,93843,0.000,0.000,36.000,0.000,4.131,0.252,0.058,0.874,2.215,9.347,2.180
a,93847,0.000,0.000,36.000,0.000,4.175,0.023,-0.156,-0.424,2.210,9.324,2.194
a,93852,0.000,0.000,36.000,0.000,4.131,0.023,-0.126,-0.973,2.235,9.310,2.209
a,93856,0.000,0.000,36.000,0.000,4.131,-0.023,0.119,0.340,2.219,9.319,2.180
a,93859,0.000,0.000,36.000,0.000,4.043,-0.023,0.164,0.446,2.228,9.331,2.207
a,93864,0.000,0.000,36.000,0.000,4.131,0.099,0.058,1.210,2.217,9.325,2.204
a,93867,0.000,0.000,36.000,0.000,4.043,-0.038,-0.065,-0.912,2.218,9.293,2.207
a,93871,0.000,0.000,36.000,0.000,4.087,-0.069,-0.126,0.019,2.207,9.335,2.175
a,93875,0.000,0.000,36.000,0.000,4.043,-0.084,-0.049,-1.187,2.209,9.325,2.221
a,93879,0.000,0.000,36.000,0.000,4.087,-0.114,0.058,1.500,2.217,9.324,2.219
a,93883,0.000,0.000,36.000,0.000,4.131,0.145,0.042,-0.332,2.218,9.339,2.235
a,93887,0.000,0.000,36.000,0.000,4.043,0.038,-0.263,0.721,2.235,9.339,2.200
a,93891,0.000,0.000,36.000,0.000,4.131,-0.237,0.180,0.828,2.219,9.334,2.191
a,93895,0.000,0.000,36.000,0.000,4.087,-0.298,0.226,-0.332,2.204,9.324,2.192
a,93899,0.000,0.000,36.000,0.000,4.131,0.023,-0.156,-0.317,2.209,9.327,2.205
a,93903,0.000,0.000,36.000,0.000,4.087,0.191,-0.217,0.599,2.225,9.321,2.211
a,93907,0.000,0.000,36.000,0.000,4.043,-0.221,0.226,-0.485,2.241,9.324,2.209
a,93911,0.000,0.000,36.000,0.000,4.043,-0.145,0.103,-0.973,2.204,9.331,2.180
a,93916,0.000,0.000,36.000,0.000,4.087,-0.145,0.073,0.767,2.219,9.324,2.222
a,93919,0.000,0.000,36.000,0.000,4.175,0.038,0.256,-0.118,2.248,9.337,2.229
a,93923,0.000,0.000,36.000,0.000,4.087,-0.023,0.164,0.767,2.186,9.328,2.211
a,93927,0.000,0.000,36.000,0.000,4.087,0.023,-0.278,-0.699,2.224,9.351,2.194
a,93931,0.000,0.000,36.000,0.000,3.955,-0.038,0.027,0.508,2.212,9.363,2.206
a,93935,0.000,0.000,36.000,0.000,4.087,0.252,-0.232,0.217,2.209,9.301,2.213
a,93939,0.000,0.000,36.000,0.000,4.131,0.099,0.164,1.271,2.199,9.287,2.191
a,93944,0.000,0.000,36.000,0.000,4.087,-0.038,-0.217,0.172,2.209,9.355,2.193
a,93947,0.000,0.000,36.000,0.000,3.999,0.084,0.073,0.385,2.206,9.351,2.207
a,93951,0.000,0.000,36.000,0.000,4.087,-0.130,0.073,0.401,2.209,9.311,2.188
a,93955,0.000,0.000,36.000,0.000,3.999,0.084,-0.095,0.263,2.212,9.354,2.191
a,93960,0.000,0.000,36.000,0.000,4.043,0.069,0.180,-0.302,2.210,9.337,2.209
a,93964,0.000,0.000,36.000,0.000,4.087,0.084,0.271,0.202,2.203,9.357,2.186
a,93968,0.000,0.000,36.000,0.000,4.175,0.023,0.012,-1.126,2.218,9.331,2.194
a,93971,0.000,0.000,36.000,0.000,3.999,-0.130,-0.049,0.340,2.211,9.343,2.194
a,93975,0.000,0.000,36.000,0.000,4.043,-0.175,-0.065,0.462,2.223,9.324,2.215
a,93979,0.000,0.000,36.000,0.000,4.087,-0.069,0.134,0.660,2.241,9.336,2.201
a,93983,0.000,0.000,36.000,0.000,4.087,-0.023,0.119,-0.256,2.199,9.348,2.195
a,93988,0.000,0.000,36.000,0.000,3.999,-0.206,-0.126,-0.744,2.233,9.325,2.206
a,93991,0.000,0.000,36.000,0.000,4.043,0.084,-0.065,0.004,2.240,9.347,2.224
a,93996,0.000,0.000,36.000,0.000,4.131,-0.069,0.058,-0.256,2.212,9.363,2.179
a,93999,0.000,0.000,36.000,0.000,4.087,-0.130,-0.003,0.126,2.225,9.351,2.204
a,94003,0.000,0.000,36.000,0.000,4.087,-0.069,-0.049,0.508,2.210,9.351,2.207
a,94007,0.000,0.000,36.000,0.000,4.087,-0.069,0.058,-0.256,2.215,9.334,2.227
a,94011,0.000,0.000,36.000,0.000,4.087,0.054,0.119,1.775,2.201,9.325,2.211
a,94015,0.000,0.000,36.000,0.000,4.131,0.069,-0.003,-0.546,2.209,9.318,2.200
a,94019,0.000,0.000,36.000,0.000,4.087,0.069,-0.156,-0.653,2.219,9.364,2.198
a,94023,0.000,0.000,36.000,0.000,4.087,-0.237,0.012,0.828,2.210,9.333,2.180
a,94027,0.000,0.000,36.000,0.000,4.131,-0.023,-0.049,0.767,2.225,9.322,2.200
a,94031,0.000,0.000,36.000,0.000,4.526,-0.053,0.119,-0.744,2.246,9.351,2.201
a,94035,0.000,0.000,36.000,0.000,3.999,0.038,0.058,-0.317,2.193,9.348,2.194
a,94039,0.000,0.000,36.000,0.000,4.043,0.130,-0.171,-0.607,2.212,9.309,2.219
a,94043,0.000,0.000,36.000,0.000,4.087,-0.069,0.164,0.721,2.225,9.340,2.191
a,94048,0.000,0.000,36.000,0.000,4.087,-0.069,0.042,0.233,2.230,9.331,2.200
a,94051,0.000,0.000,36.000,0.000,4.131,0.130,0.256,-0.622,2.222,9.349,2.198
a,94055,0.000,0.000,36.000,0.000,4.131,-0.343,-0.003,0.065,2.235,9.349,2.223
a,94059,0.000,0.000,36.000,0.000,4.087,0.145,-0.110,0.538,2.222,9.347,2.209
a,94063,0.000,0.000,36.000,0.000,3.999,-0.084,-0.049,-0.851,2.215,9.354,2.179
a,94067,0.000,0.000,36.000,0.000,4.131,-0.130,0.256,-0.118,2.204,9.336,2.237
a,94071,0.000,0.000,36.000,0.000,4.043,-0.023,0.027,0.660,2.199,9.349,2.217
a,94075,0.000,0.000,36.000,0.000,4.087,-0.053,0.012,-0.638,2.248,9.358,2.199
a,94079,0.000,0.000,36.000,0.000,4.043,0.160,-0.049,0.920,2.212,9.312,2.207
a,94083,0.000,0.000,36.000,0.000,4.043,-0.038,0.119,0.065,2.224,9.334,2.180
a,94088,0.000,0.000,36.000,0.000,4.131,0.237,-0.110,-0.271,2.230,9.343,2.221
a,94092,0.000,0.000,36.000,0.000,4.175,0.145,-0.171,-0.332,2.218,9.360,2.198
a,94095,0.000,0.000,36.000,0.000,4.043,-0.130,0.149,-0.103,2.224,9.340,2.204
a,94099,0.000,0.000,36.000,0.000,4.087,0.130,-0.003,-0.989,2.209,9.328,2.209
a,94103,0.000,0.000,36.000,0.000,4.043,-0.145,0.073,0.721,2.209,9.367,2.218
a,94107,0.000,0.000,36.000,0.000,4.043,0.145,-0.171,0.004,2.217,9.339,2.213
a,94112,0.000,0.000,36.000,0.000,4.131,-0.084,-0.126,-0.531,2.221,9.345,2.192
a,94116,0.000,0.000,36.000,0.000,4.087,0.344,0.012,-0.821,2.212,9.359,2.206
a,94119,0.000,0.000,36.000,0.000,4.175,-0.069,0.012,-0.149,2.218,9.348,2.207
a,94123,0.000,0.000,36.000,0.000,4.131,-0.069,0.042,-0.042,2.234,9.342,2.204
a,94127,0.000,0.000,36.000,0.000,4.043,0.099,-0.095,1.424,2.209,9.354,2.194
a,94131,0.000,0.000,36.000,0.000,4.131,0.252,-0.385,-0.225,2.203,9.354,2.207
a,94135,0.000,0.000,36.000,0.000,4.087,-0.023,-0.095,0.553,2.222,9.340,2.204
a,94140,0.000,0.000,36.000,0.000,4.087,0.237,0.027,0.538,2.209,9.361,2.217
a,94144,0.000,0.000,36.000,0.000,4.131,-0.023,0.103,-0.103,2.225,9.342,2.229
a,94147,0.000,0.000,36.000,0.000,4.043,-0.023,-0.141,0.935,2.199,9.351,2.197
a,94152,0.000,0.000,36.000,0.000,3.999,0.008,0.058,-0.531,2.194,9.336,2.221
a,94155,0.000,0.000,36.000,0.000,4.043,0.038,0.042,-0.149,2.222,9.299,2.206
a,94159,0.000,0.000,36.000,0.000,3.999,-0.023,0.103,-0.256,2.230,9.318,2.204
a,94163,0.000,0.000,36.000,0.000,4.087,0.038,0.409,0.492,2.209,9.334,2.198
a,94167,0.000,0.000,36.000,0.000,4.131,-0.084,-0.156,-0.592,2.218,9.345,2.211
a,94171,0.000,0.000,36.000,0.000,3.999,0.038,-0.003,0.233,2.228,9.334,2.185
a,94175,0.000,0.000,36.000,0.000,4.131,-0.053,-0.019,-1.844,2.237,9.324,2.191
a,94179,0.000,0.000,36.000,0.000,4.087,0.038,-0.065,-0.103,2.217,9.336,2.204
a,94183,0.000,0.000,36.000,0.000,4.131,0.145,-0.049,0.538,2.217,9.331,2.175
a,94187,0.000,0.000,36.000,0.000,4.570,0.130,-0.110,-1.141,2.197,9.339,2.209
a,94191,0.000,0.000,36.000,0.000,4.043,-0.069,0.103,0.126,2.191,9.349,2.200
a,94195,0.000,0.000,36.000,0.000,4.131,-0.130,0.226,0.156,2.217,9.342,2.182
a,94199,0.000,0.000,36.000,0.000,4.131,-0.069,0.058,-0.317,2.218,9.354,2.191
a,94204,0.000,0.000,36.000,0.000,3.955,-0.053,0.058,0.996,2.204,9.335,2.219
a,94207,0.000,0.000,36.000,0.000,4.087,-0.114,0.119,1.225,2.217,9.335,2.206
a,94211,0.000,0.000,36.000,0.000,4.131,-0.237,-0.156,0.019,2.203,9.346,2.227
a,94215,0.000,0.000,36.000,0.000,4.087,0.206,0.073,1.210,2.201,9.359,2.179
a,94219,0.000,0.000,36.000,0.000,3.955,-0.008,0.027,1.118,2.215,9.348,2.188
a,94223,0.000,0.000,36.000,0.000,4.043,-0.206,0.058,-0.638,2.212,9.336,2.186
a,94227,0.000,0.000,36.000,0.000,4.087,0.160,-0.049,0.920,2.217,9.353,2.211
a,94231,0.000,0.000,36.000,0.000,4.087,0.023,-0.065,-0.973,2.222,9.339,2.206
a,94236,0.000,0.000,36.000,0.000,4.087,0.084,-0.126,0.156,2.204,9.343,2.175
a,94240,0.000,0.000,36.000,0.000,4.087,0.206,0.180,1.530,2.206,9.346,2.207
a,94243,0.000,0.000,36.000,0.000,4.043,0.069,0.149,-0.439,2.219,9.336,2.204
a,94247,0.000,0.000,36.000,0.000,4.131,0.191,-0.065,0.217,2.199,9.349,2.217
a,94251,0.000,0.000,36.000,0.000,4.131,-0.099,-0.110,-1.294,2.210,9.348,2.234
a,94255,0.000,0.000,36.000,0.000,4.087,-0.191,-0.049,0.553,2.209,9.321,2.186
a,94260,0.000,0.000,36.000,0.000,4.087,0.099,-0.095,1.103,2.228,9.335,2.194
a,94264,0.000,0.000,36.000,0.000,4.175,0.069,-0.003,-0.607,2.218,9.354,2.192
a,94267,0.000,0.000,36.000,0.000,4.131,0.084,0.134,0.706,2.228,9.364,2.200
a,94271,0.000,0.000,36.000,0.000,4.043,0.252,-0.110,0.217,2.215,9.346,2.204
a,94275,0.000,0.000,36.000,0.000,4.043,0.176,-0.049,-0.760,2.217,9.357,2.198
a,94279,0.000,0.000,36.000,0.000,4.087,0.206,-0.263,1.485,2.218,9.337,2.201
a,94283,0.000,0.000,36.000,0.000,4.175,0.084,0.271,0.202,2.201,9.340,2.188
a,94288,0.000,0.000,36.000,0.000,4.043,0.084,-0.110,0.706,2.249,9.351,2.188
a,94291,0.000,0.000,36.000,0.000,4.043,-0.206,-0.126,-1.126,2.209,9.354,2.221
a,94296,0.000,0.000,36.000,0.000,4.043,0.176,0.027,0.645,2.224,9.352,2.182
a,94299,0.000,0.000,36.000,0.000,4.043,-0.114,-0.034,1.164,2.194,9.346,2.209
a,94303,0.000,0.000,36.000,0.000,4.131,0.023,0.042,-1.080,2.233,9.310,2.206
a,94307,0.000,0.000,36.000,0.000,4.131,0.054,0.119,-0.714,2.246,9.343,2.195
a,94311,0.000,0.000,36.000,0.000,4.131,0.069,-0.003,-1.355,2.201,9.331,2.185
a,94315,0.000,0.000,36.000,0.000,4.043,-0.298,-0.049,-0.042,2.219,9.349,2.185
a,94319,0.000,0.000,36.000,0.000,4.087,0.084,-0.003,0.004,2.243,9.365,2.198
a,94323,0.000,0.000,36.000,0.000,4.043,-0.069,-0.156,0.767,2.215,9.353,2.209
a,94327,0.000,0.000,36.000,0.000,3.955,0.038,-0.003,-0.149,2.224,9.335,2.195
a,94331,0.000,0.000,36.000,0.000,4.087,-0.237,-0.171,-0.363,2.233,9.379,2.192
a,94335,0.000,0.000,36.000,0.000,4.043,0.145,-0.110,-0.271,2.219,9.328,2.188
a,94339,0.000,0.000,36.000,0.000,4.175,0.069,-0.110,-1.691,2.228,9.367,2.188
a,94344,0.000,0.000,36.000,0.000,4.043,0.145,-0.065,-0.057,2.218,9.361,2.217
a,94347,0.000,0.000,36.000,0.000,4.043,0.038,0.042,0.172,2.230,9.342,2.217
a,94351,0.000,0.000,36.000,0.000,4.087,0.069,-0.156,-1.034,2.209,9.346,2.224
a,94355,0.000,0.000,36.000,0.000,4.087,0.069,0.012,-0.607,2.224,9.345,2.192
a,94359,0.000,0.000,36.000,0.000,4.043,0.054,-0.141,1.653,2.224,9.364,2.194
a,94363,0.000,0.000,36.000,0.000,4.087,-0.023,-0.065,0.126,2.224,9.357,2.207
a,94367,0.000,0.000,36.000,0.000,4.043,0.145,-0.110,0.263,2.210,9.336,2.215
a,94371,0.000,0.000,36.000,0.000,4.043,0.145,0.058,-0.271,2.187,9.351,2.200
a,94375,0.000,0.000,36.000,0.000,4.043,-0.069,0.058,0.828,2.230,9.334,2.215
a,94379,0.000,0.000,36.000,0.000,4.087,0.237,-0.232,-0.546,2.240,9.342,2.211
a,94384,0.000,0.000,36.000,0.000,4.131,0.069,0.119,-0.485,2.215,9.348,2.185
a,94388,0.000,0.000,36.000,0.000,4.131,-0.084,-0.110,-1.019,2.210,9.365,2.211
a,94392,0.000,0.000,36.000,0.000,4.087,0.176,0.134,0.095,2.217,9.337,2.191
a,94396,0.000,0.000,36.000,0.000,4.131,0.084,0.027,0.431,2.225,9.328,2.192
a,94399,0.000,0.000,36.000,0.000,4.087,0.023,-0.232,-0.744,2.210,9.335,2.194
a,94403,0.000,0.000,36.000,0.000,4.087,0.084,-0.126,-0.378,2.205,9.310,2.201
a,94407,0.000,0.000,36.000,0.000,4.087,0.069,-0.049,-0.118,2.215,9.330,2.195
a,94411,0.000,0.000,36.000,0.000,4.087,0.084,-0.065,-0.332,2.224,9.345,2.219
a,94416,0.000,0.000,36.000,0.000,4.043,-0.069,0.058,0.614,2.199,9.328,2.200
a,94420,0.000,0.075,36.000,0.075,4.131,-0.023,-0.110,0.614,2.237,9.371,2.206
a,94424,0.000,0.151,36.000,0.151,4.043,-0.191,-0.065,-0.042,2.197,9.316,2.194
a,94427,0.000,0.226,36.000,0.226,4.131,-0.084,0.073,0.446,2.224,9.339,2.199
a,94431,0.000,0.302,36.000,0.302,4.087,0.145,-0.156,-0.378,2.233,9.349,2.215
a,94435,0.000,0.377,36.000,0.377,4.043,0.084,0.134,0.706,2.225,9.353,2.207
a,94440,0.000,0.453,36.000,0.453,4.087,-0.130,0.119,0.278,2.212,9.345,2.211
a,94444,0.000,0.529,36.000,0.529,4.131,0.084,0.027,0.263,2.225,9.360,2.206
a,94447,0.000,0.604,36.000,0.604,4.087,-0.237,0.134,0.721,2.212,9.340,2.209
a,94452,0.000,0.680,36.000,0.680,4.087,0.099,0.164,1.424,2.219,9.357,2.224
a,94455,0.000,0.755,36.000,0.755,4.043,0.084,0.012,-0.378,2.201,9.316,2.194
a,94459,0.000,0.831,36.000,0.831,4.131,-0.069,-0.110,-0.210,2.206,9.342,2.219
a,94463,0.000,0.907,36.000,0.907,3.999,-0.023,-0.065,-0.363,2.221,9.366,2.201
a,94467,0.000,0.982,36.000,0.982,4.087,0.145,0.027,1.103,2.217,9.324,2.212
a,94471,0.000,1.058,36.000,1.058,4.043,0.145,0.012,-0.164,2.224,9.354,2.191
a,94475,0.000,1.134,36.000,1.134,4.087,-0.038,0.103,-0.592,2.203,9.333,2.219
a,94479,0.000,1.209,36.000,1.209,3.999,0.038,-0.065,-0.042,2.224,9.358,2.219
a,94483,0.000,1.285,36.000,1.285,4.087,-0.053,0.058,-1.126,2.233,9.367,2.212
a,94487,0.000,1.360,36.000,1.360,4.087,0.145,-0.110,0.263,2.215,9.328,2.200
a,94491,0.000,1.436,36.000,1.436,3.999,0.145,0.058,0.263,2.233,9.351,2.198
a,94496,0.000,1.512,36.000,1.512,4.043,-0.145,-0.065,-0.531,2.203,9.329,2.213
a,94500,0.000,1.587,36.000,1.587,4.087,-0.069,-0.110,0.553,2.201,9.334,2.200
a,94503,0.000,1.662,36.000,1.662,4.175,-0.053,0.012,-0.973,2.215,9.355,2.193
a,94507,0.000,1.738,36.000,1.738,4.087,-0.023,0.042,-0.317,2.210,9.364,2.213
a,94511,0.000,1.813,36.000,1.813,4.043,0.038,0.042,-0.149,2.199,9.359,2.179
a,94515,0.000,1.888,36.000,1.888,4.087,0.038,-0.217,-0.042,2.212,9.360,2.206
a,94519,0.000,1.964,36.000,1.964,4.175,0.145,-0.080,1.256,2.215,9.376,2.188
a,94523,0.000,2.039,36.000,2.039,4.131,0.160,0.027,1.637,2.217,9.301,2.182
a,94527,0.000,2.114,36.000,2.114,4.175,0.069,-0.065,-1.096,2.218,9.360,2.207
a,94531,0.000,2.189,36.000,2.189,4.087,-0.069,0.012,-0.317,2.234,9.316,2.206
a,94535,0.000,2.264,36.000,2.264,4.087,0.069,0.012,-0.485,2.217,9.349,2.201
a,94539,0.000,2.339,36.000,2.339,4.175,-0.023,-0.065,-0.256,2.229,9.312,2.215
a,94544,0.000,2.413,36.000,2.413,4.175,-0.130,-0.217,0.401,2.251,9.378,2.224
a,94547,0.000,2.488,36.000,2.488,4.131,0.145,0.149,-0.271,2.115,9.349,2.230
a,94551,0.000,2.562,36.000,2.562,4.614,0.267,0.271,-0.622,2.179,9.312,2.288
a,94555,0.000,2.637,36.000,2.637,4.702,0.344,0.103,-1.141,2.358,9.406,2.061
a,94559,0.000,2.711,36.000,2.711,4.614,-0.069,-0.660,0.034,2.280,9.324,2.154
a,94563,0.000,2.785,36.000,2.785,4.702,-0.145,-0.492,-0.805,2.191,9.363,2.204
a,94567,0.000,2.860,36.000,2.860,4.658,0.130,-0.217,-0.118,2.100,9.348,2.203
a,94572,0.000,2.933,36.000,2.933,4.702,0.084,0.546,0.202,2.166,9.345,2.229
a,94576,0.000,3.007,36.000,3.007,4.702,-0.038,-0.110,-0.805,2.292,9.378,2.150
a,94580,0.000,3.081,36.000,3.081,4.746,-0.298,-0.935,0.248,2.230,9.365,2.209
a,94583,0.000,3.155,36.000,3.155,5.186,-0.023,0.271,-0.225,2.041,9.293,2.284
a,94588,0.000,3.228,36.000,3.228,5.405,0.237,0.592,-0.943,2.199,9.369,2.172
a,94591,0.000,3.301,36.000,3.301,5.405,0.145,0.546,0.691,2.218,9.369,2.211
a,94596,0.000,3.375,36.000,3.375,5.317,-0.038,-0.324,-0.363,2.374,9.365,2.154
a,94599,0.000,3.448,36.000,3.448,5.317,-0.527,-0.981,-0.515,2.296,9.427,2.175
a,94603,0.000,3.520,36.000,3.520,5.361,0.054,0.134,1.164,2.022,9.297,2.271
a,94607,0.000,3.593,36.000,3.593,5.361,0.191,0.714,-0.073,2.173,9.369,2.219
a,94611,0.000,3.665,36.000,3.665,7.339,0.069,0.180,0.324,2.172,9.316,2.252
a,94615,0.000,3.738,36.000,3.738,5.405,-0.145,-0.706,-0.302,2.308,9.420,2.221
a,94619,0.000,3.810,36.000,3.810,5.449,-0.359,-0.431,0.126,2.259,9.337,2.157
a,94623,0.000,3.882,36.000,3.882,5.537,-0.130,0.058,0.126,2.100,9.349,2.194
a,94627,0.000,3.954,36.000,3.954,5.889,0.145,0.546,0.095,2.224,9.345,2.240
a,94631,0.000,4.025,36.000,4.025,5.977,-0.084,-0.370,-0.973,2.272,9.367,2.182
a,94635,0.000,4.097,36.000,4.097,6.064,-0.145,-0.385,-0.531,2.132,9.373,2.242
a,94639,0.000,4.168,36.000,4.168,6.108,-0.023,0.226,-0.378,2.119,9.383,2.261
a,94643,0.000,4.239,36.000,4.239,6.152,0.084,0.226,0.477,2.233,9.352,2.176
a,94647,0.000,4.309,36.000,4.309,6.064,0.420,0.134,0.492,2.225,9.365,2.143
a,94652,0.000,4.380,36.000,4.380,6.108,-0.420,-0.736,0.675,2.355,9.439,2.201
a,94655,0.000,4.450,36.000,4.450,6.152,-0.145,-0.599,-0.958,2.121,9.319,2.191
a,94659,0.000,4.520,36.000,4.520,6.152,0.130,0.439,-1.218,2.103,9.359,2.215
a,94663,0.000,4.590,36.000,4.590,6.064,0.084,0.409,1.622,2.257,9.336,2.254
a,94667,0.000,4.660,36.000,4.660,6.152,0.084,0.241,0.630,2.280,9.342,2.144
a,94671,0.000,4.729,36.000,4.729,6.108,-0.237,-0.721,0.080,2.334,9.365,2.186
a,94675,0.000,4.798,36.000,4.798,6.152,0.054,-0.324,-1.309,2.121,9.330,2.225
a,94679,0.000,4.867,36.000,4.867,6.152,0.176,0.424,-0.943,2.172,9.330,2.267
a,94683,0.000,4.936,36.000,4.936,6.196,-0.023,0.027,0.828,2.215,9.389,2.200
a,94688,0.000,5.004,36.000,5.004,6.284,0.191,0.210,-0.073,2.251,9.343,2.221
a,94692,0.000,5.072,36.000,5.072,6.636,-0.237,-0.553,-0.134,2.346,9.360,2.071
a,94695,0.000,5.140,36.000,5.140,6.680,-0.130,-0.339,-0.210,2.191,9.414,2.213
a,94699,0.000,5.208,36.000,5.208,10.283,0.145,0.439,0.584,2.060,9.328,2.294
a,94703,0.000,5.275,36.000,5.275,6.899,0.191,-0.156,-0.057,2.328,9.407,2.204
a,94707,0.000,5.342,36.000,5.342,6.855,0.038,-0.263,-0.256,2.253,9.416,2.157
a,94711,0.000,5.408,36.000,5.408,6.855,-0.206,-0.278,-1.340,2.235,9.379,2.265
a,94716,0.000,5.475,36.000,5.475,6.943,0.023,-0.065,-0.744,2.170,9.366,2.258
a,94720,0.000,5.541,36.000,5.541,6.987,0.298,0.210,-0.073,2.126,9.331,2.176
a,94723,0.000,5.607,36.000,5.607,10.195,-0.084,-0.217,-0.363,2.253,9.382,2.205
a,94727,0.000,5.672,36.000,5.672,7.559,0.145,0.226,-0.180,2.212,9.353,2.194
a,94731,0.000,5.737,36.000,5.737,7.559,0.069,-0.126,-0.607,2.178,9.385,2.198
a,94736,0.000,5.802,36.000,5.802,7.559,0.023,-0.156,-0.042,2.237,9.333,2.237
a,94739,0.000,5.867,36.000,5.867,7.603,0.023,-0.278,-0.699,2.253,9.313,2.175
a,94743,0.000,5.931,36.000,5.931,7.646,-0.084,-0.126,-0.744,2.243,9.334,2.195
a,94747,0.000,5.995,36.000,5.995,7.559,0.038,0.149,-0.149,2.156,9.351,2.242
a,94751,0.000,6.058,36.000,6.058,7.559,0.191,0.058,-0.378,2.222,9.349,2.186
a,94755,0.000,6.121,36.000,6.121,7.515,-0.237,0.241,0.431,2.255,9.363,2.185
a,94759,0.000,6.184,36.000,6.184,7.559,0.191,-0.538,0.828,2.175,9.377,2.215
a,94763,0.000,6.247,36.000,6.247,7.690,0.176,-0.049,0.004,2.170,9.351,2.243
a,94767,0.000,6.309,36.000,6.309,7.646,0.344,0.317,-0.729,2.179,9.267,2.166
a,94771,0.000,6.371,36.000,6.371,8.086,-0.084,0.317,-0.821,2.266,9.385,2.157
a,94775,0.000,6.432,36.000,6.432,8.086,-0.511,-0.584,0.569,2.209,9.321,2.237
a,94780,0.000,6.493,36.000,6.493,8.086,-0.084,0.058,-0.912,2.193,9.310,2.230
a,94784,0.000,6.554,36.000,6.554,8.086,-0.114,0.332,1.637,2.217,9.388,2.052
a,94788,0.000,6.614,36.000,6.614,8.086,0.191,0.287,0.523,2.257,9.357,2.224
a,94791,0.000,6.674,36.000,6.674,8.130,-0.267,-0.309,-0.653,2.308,9.370,2.201
a,94798,0.000,6.733,36.000,6.733,8.130,0.054,0.058,-0.546,2.082,9.273,2.283
a,94799,0.000,6.792,36.000,6.792,16.523,0.313,0.729,1.195,2.121,9.311,2.217
a,94804,0.000,6.851,36.000,6.851,8.262,0.542,0.714,0.966,2.380,9.166,2.148
a,94807,0.000,6.909,36.000,6.909,8.394,0.191,0.119,0.599,2.219,9.359,2.134
a,94811,0.000,6.967,36.000,6.967,8.350,-0.237,-0.141,0.614,2.255,9.313,2.227
a,94815,0.000,7.025,36.000,7.025,8.789,0.069,0.164,-0.485,2.187,9.295,2.217
a,94819,0.000,7.082,36.000,7.082,8.789,0.084,0.012,0.004,2.237,9.345,2.200
a,94823,0.000,7.138,36.000,7.138,8.789,0.038,0.058,-0.103,2.237,9.363,2.160
a,94828,0.000,7.195,36.000,7.195,8.789,-0.069,-0.049,-0.363,2.124,9.359,2.271
a,94831,0.000,7.250,36.000,7.250,8.789,0.084,0.653,0.477,2.160,9.310,2.267
a,94835,0.000,7.306,36.000,7.306,8.789,0.023,0.271,-0.164,2.243,9.347,2.085
a,94840,0.000,7.361,36.000,7.361,8.789,0.023,-0.049,0.126,2.184,9.287,2.234
a,94843,0.000,7.415,36.000,7.415,8.833,-0.191,-0.431,-0.149,2.297,9.389,2.207
a,94847,0.000,7.469,36.000,7.469,12.612,-0.023,-0.614,-0.302,2.217,9.353,2.134
a,94851,0.000,7.523,36.000,7.523,8.877,-0.084,0.103,-0.699,2.039,9.354,2.224
a,94855,0.000,7.576,36.000,7.576,8.833,0.191,0.516,1.027,2.225,9.309,2.265
a,94859,0.000,7.628,36.000,7.628,8.833,-0.023,0.393,0.263,2.290,9.339,2.115
a,94863,0.000,7.680,36.000,7.680,8.833,-0.298,-0.477,0.172,2.280,9.391,2.175
a,94867,0.000,7.732,36.000,7.732,12.524,-0.160,-0.599,-0.683,2.166,9.363,2.294
a,94871,0.000,7.783,36.000,7.783,8.877,0.038,0.653,0.111,1.923,9.351,2.235
a,94875,0.000,7.834,36.000,7.834,9.580,0.298,0.531,-0.347,2.364,9.339,2.194
a,94879,0.000,7.884,36.000,7.884,9.448,-0.328,0.271,-0.439,2.286,9.291,2.120
a,94883,0.000,7.934,36.000,7.934,9.141,-0.206,-0.538,-0.424,2.178,9.340,2.240
a,94888,0.000,7.983,36.000,7.983,9.580,-0.175,-0.217,1.500,2.148,9.293,2.312
a,94892,0.000,8.032,36.000,8.032,9.668,0.191,0.806,-0.180,2.069,9.317,2.179
a,94895,0.000,8.080,36.000,8.080,9.624,0.038,0.745,0.004,2.235,9.408,2.169
a,94899,0.000,8.128,36.000,8.128,9.624,0.176,-0.003,-1.096,2.265,9.330,2.206
a,94903,0.000,8.175,36.000,8.175,9.536,-0.191,-0.736,0.675,2.292,9.394,2.150
a,94908,0.000,8.222,36.000,8.222,9.668,-0.313,-0.355,0.614,2.184,9.352,2.211
a,94912,0.000,8.268,36.000,8.268,9.756,0.145,0.271,0.416,2.103,9.330,2.237
a,94915,0.000,8.314,36.000,8.314,9.712,0.176,0.302,0.233,2.253,9.383,2.215
a,94920,0.000,8.359,36.000,8.359,9.712,-0.084,-0.156,-0.256,2.284,9.348,2.170
a,94923,0.000,8.404,36.000,8.404,9.712,-0.145,-0.461,0.278,2.277,9.345,2.173
a,94927,0.000,8.448,36.000,8.448,9.712,-0.069,-0.278,0.172,2.124,9.360,2.248
a,94931,0.000,8.492,36.000,8.492,9.756,0.130,0.439,0.141,2.126,9.330,2.288
a,94935,0.000,8.535,36.000,8.535,9.800,0.191,0.638,0.034,2.248,9.360,2.176
a,94939,0.000,8.577,36.000,8.577,10.195,0.054,-0.324,-0.867,2.327,9.402,2.182
a,94943,0.000,8.619,36.000,8.619,10.283,-0.084,-0.141,0.767,2.218,9.309,2.263
a,94947,0.000,8.660,36.000,8.660,10.283,-0.023,0.073,0.401,2.217,9.354,2.122
a,94951,0.000,8.701,36.000,8.701,10.239,-0.023,0.409,0.599,2.140,9.336,2.274
a,94955,0.000,8.742,36.000,8.742,10.327,-0.053,0.332,-1.248,2.249,9.319,2.162
a,94960,0.000,8.781,36.000,8.781,10.239,-0.038,-0.049,-1.019,2.261,9.349,2.161
a,94963,0.000,8.820,36.000,8.820,10.327,0.084,-0.217,0.385,2.160,9.358,2.215
a,94967,0.000,8.859,36.000,8.859,10.283,0.084,0.058,-0.118,2.248,9.357,2.217
a,94971,0.000,8.897,36.000,8.897,10.195,-0.145,0.378,-0.653,2.060,9.303,2.269
a,94976,0.000,8.934,36.000,8.934,10.327,0.283,0.271,-1.050,2.233,9.346,2.182
a,94979,0.000,8.971,36.000,8.971,10.327,-0.099,-0.187,-1.722,2.166,9.330,2.207
a,94983,0.000,9.007,36.000,9.007,10.371,0.084,0.119,-0.164,2.201,9.364,2.249
a,94987,0.000,9.043,36.000,9.043,10.459,-0.038,-0.141,0.828,2.146,9.316,2.189
a,94991,0.000,9.078,36.000,9.078,10.415,-0.114,-0.217,1.057,2.219,9.331,2.191
a,94995,0.000,9.112,36.000,9.112,10.327,0.191,0.012,-0.332,2.188,9.305,2.173
a,94999,0.000,9.146,36.000,9.146,10.459,-0.023,-0.232,0.019,2.203,9.383,2.229
a,95003,0.000,9.179,36.000,9.179,10.415,0.038,0.058,0.828,2.193,9.354,2.258
a,95007,0.000,9.212,36.000,9.212,10.415,0.145,0.103,-0.057,2.187,9.357,2.169
a,95011,0.000,9.244,36.000,9.244,12.437,-0.008,-0.110,0.935,2.249,9.418,2.230
a,95015,0.000,9.275,36.000,9.275,10.415,-0.191,-0.095,0.889,2.166,9.316,2.229
a,95019,0.000,9.306,36.000,9.306,10.503,0.420,0.332,-0.286,2.230,9.313,2.237
a,95023,0.000,9.336,36.000,9.336,10.503,-0.175,0.164,1.332,2.131,9.383,2.132
a,95028,0.000,9.366,36.000,9.366,10.854,0.176,-0.019,0.248,2.212,9.341,2.246
a,95032,0.000,9.395,36.000,9.395,10.942,-0.038,0.226,0.049,2.215,9.370,2.145
a,95035,0.000,9.423,36.000,9.423,10.942,0.130,-0.065,-0.653,2.243,9.339,2.206
a,95039,0.000,9.450,36.000,9.450,10.986,-0.130,-0.217,0.446,2.212,9.336,2.235
a,95043,0.000,9.477,36.000,9.477,10.942,0.054,0.012,-1.523,2.162,9.358,2.215
a,95047,0.000,9.504,36.000,9.504,10.547,0.084,0.256,1.118,2.222,9.335,2.234
a,95051,0.000,9.529,36.000,9.529,10.898,-0.038,0.012,-0.973,2.210,9.342,2.169
a,95055,0.000,9.554,36.000,9.554,10.898,0.176,0.134,-0.180,2.224,9.361,2.195
a,95059,0.000,9.579,36.000,9.579,15.073,-0.008,-0.324,1.118,2.236,9.333,2.206
a,95063,0.000,9.603,36.000,9.603,10.503,0.145,-0.034,0.492,2.224,9.306,2.176
a,95067,0.000,9.626,36.000,9.626,10.898,0.115,0.500,-0.668,2.156,9.267,2.205
a,95071,0.000,9.648,36.000,9.648,10.898,-0.206,-0.034,-0.164,2.175,9.366,2.263
a,95075,0.000,9.670,36.000,9.670,10.986,0.069,-0.171,-0.439,2.217,9.335,2.248
a,95079,0.000,9.691,36.000,9.691,11.118,-0.130,0.088,0.920,2.191,9.341,2.203
a,95083,0.000,9.711,36.000,9.711,11.118,-0.191,0.119,0.401,2.280,9.345,2.185
a,95087,0.000,9.731,36.000,9.731,11.162,0.084,0.103,-0.118,2.252,9.312,2.128
a,95092,0.000,9.750,36.000,9.750,11.118,0.054,0.119,-1.034,2.265,9.372,2.189
a,95096,0.000,9.768,36.000,9.768,11.118,-0.114,-0.370,0.996,2.253,9.339,2.213
a,95099,0.000,9.786,36.000,9.786,11.162,-0.130,-0.156,0.553,2.204,9.346,2.201
a,95103,0.000,9.803,36.000,9.803,11.206,0.084,0.241,0.416,2.150,9.373,2.182
a,95107,0.000,9.819,36.000,9.819,11.162,0.191,0.317,0.034,2.230,9.316,2.219
a,95111,0.000,9.835,36.000,9.835,11.206,-0.038,0.027,0.889,2.271,9.363,2.157
a,95115,0.000,9.850,36.000,9.850,11.118,-0.175,-0.095,0.996,2.253,9.371,2.191
a,95119,0.000,9.864,36.000,9.864,11.162,0.054,-0.110,-1.202,2.172,9.347,2.240
a,95123,0.000,9.878,36.000,9.878,11.162,-0.069,0.042,-0.256,2.188,9.330,2.204
a,95128,0.000,9.890,36.000,9.890,11.074,0.313,0.180,1.103,2.251,9.319,2.213
a,95132,0.000,9.903,36.000,9.903,11.074,0.023,-0.324,-0.470,2.240,9.364,2.180
a,95135,0.000,9.914,36.000,9.914,11.030,-0.038,-0.171,-1.080,2.217,9.373,2.227
a,95139,0.000,9.925,36.000,9.925,11.074,0.191,0.180,1.591,2.168,9.355,2.231
a,95143,0.000,9.935,36.000,9.935,11.118,-0.130,0.393,0.599,2.210,9.335,2.191
a,95147,0.000,9.944,36.000,9.944,11.074,0.069,0.012,-0.332,2.240,9.367,2.191
a,95151,0.000,9.953,36.000,9.953,11.162,0.069,-0.263,0.156,2.253,9.328,2.199
a,95155,0.000,9.961,36.000,9.961,11.162,0.038,-0.034,0.401,2.193,9.324,2.215
a,95159,0.000,9.968,36.000,9.968,11.118,-0.023,0.256,-0.225,2.172,9.324,2.233
a,95163,0.000,9.974,36.000,9.974,11.118,0.283,0.317,-1.004,2.230,9.339,2.211
a,95167,0.000,9.980,36.000,9.980,11.118,-0.023,-0.355,0.721,2.203,9.334,2.185
a,95171,0.000,9.985,36.000,9.985,11.162,0.145,0.210,-0.073,2.194,9.328,2.221
a,95175,0.000,9.989,36.000,9.989,11.118,-0.023,0.226,0.431,2.215,9.324,2.173
a,95179,0.000,9.993,36.000,9.993,11.206,-0.130,-0.355,0.278,2.259,9.359,2.213
a,95184,0.000,9.996,36.000,9.996,11.118,0.084,-0.110,0.324,2.204,9.324,2.188
a,95187,0.000,9.998,36.000,9.998,12.524,0.084,-0.049,-0.164,2.172,9.345,2.185
a,95191,0.000,9.999,36.000,9.999,11.162,0.130,0.042,-1.630,2.134,9.317,2.255
a,95195,0.000,10.000,36.000,10.000,11.118,-0.038,0.210,-0.714,2.288,9.318,2.192
a,95200,0.000,10.000,36.000,10.000,11.250,-0.130,-0.065,-0.103,2.297,9.336,2.157
a,95204,0.000,9.999,36.000,9.999,11.602,0.023,-0.034,0.278,2.162,9.448,2.222
a,95207,0.000,9.998,36.000,9.998,11.602,-0.053,-0.477,0.996,2.264,9.347,2.235
a,95211,0.000,9.995,36.000,9.995,11.558,-0.008,0.073,0.935,2.157,9.339,2.204
a,95215,0.000,9.992,36.000,9.992,11.602,-0.145,0.226,-0.378,2.206,9.345,2.167
a,95219,0.000,9.988,36.000,9.988,11.602,0.038,0.027,0.721,2.259,9.322,2.219
a,95224,0.000,9.984,36.000,9.984,11.602,-0.206,-0.171,-1.233,2.217,9.353,2.198
a,95228,0.000,9.979,36.000,9.979,11.602,0.038,-0.171,0.019,2.218,9.363,2.204
a,95231,0.000,9.973,36.000,9.973,11.558,0.145,-0.003,0.217,2.201,9.318,2.219
a,95235,0.000,9.966,36.000,9.966,11.602,-0.252,0.164,0.172,2.235,9.355,2.197
a,95240,0.000,9.959,36.000,9.959,11.162,-0.069,-0.217,0.172,2.261,9.364,2.211
a,95244,0.000,9.950,36.000,9.950,11.646,-0.038,-0.126,-0.531,2.204,9.336,2.204
a,95248,0.000,9.941,36.000,9.941,11.250,-0.023,0.134,0.401,2.212,9.363,2.219
a,95252,0.000,9.932,36.000,9.932,11.250,-0.023,-0.065,0.065,2.187,9.329,2.229
a,95255,0.000,9.921,36.000,9.921,11.602,-0.053,0.058,-0.531,2.237,9.365,2.197
a,95259,0.000,9.910,36.000,9.910,11.602,-0.069,-0.110,0.614,2.249,9.360,2.192
a,95263,0.000,9.898,36.000,9.898,11.206,0.038,0.103,0.233,2.193,9.323,2.223
a,95267,0.000,9.885,36.000,9.885,11.250,0.084,0.012,0.263,2.203,9.334,2.207
a,95271,0.000,9.872,36.000,9.872,11.558,0.038,0.042,-0.149,2.206,9.340,2.204
a,95275,0.000,9.858,36.000,9.858,11.602,-0.191,-0.126,-0.210,2.230,9.331,2.200
a,95279,0.000,9.843,36.000,9.843,11.602,-0.038,-0.034,-0.057,2.234,9.317,2.203
a,95283,0.000,9.827,36.000,9.827,11.602,-0.343,-0.156,0.172,2.210,9.346,2.198
a,95287,0.000,9.811,36.000,9.811,11.558,-0.069,0.119,0.614,2.213,9.337,2.213
a,95292,0.000,9.793,36.000,9.793,11.206,0.176,-0.049,-0.118,2.255,9.363,2.217
a,95295,0.000,9.775,36.000,9.775,11.250,-0.038,-0.095,-0.332,2.230,9.354,2.203
a,95299,0.000,9.757,36.000,9.757,11.206,0.191,0.134,0.324,2.212,9.365,2.211
a,95303,0.000,9.737,36.000,9.737,11.602,0.054,0.027,1.820,2.240,9.349,2.194
a,95307,0.000,9.717,36.000,9.717,11.602,0.298,-0.202,1.042,2.199,9.339,2.218
a,95311,0.000,9.696,36.000,9.696,11.602,-0.084,-0.156,-0.317,2.237,9.358,2.170
a,95315,0.000,9.674,36.000,9.674,11.602,-0.130,-0.126,0.065,2.219,9.354,2.213
a,95319,0.000,9.652,36.000,9.652,11.250,-0.145,0.134,-0.332,2.204,9.372,2.199
a,95323,0.000,9.629,36.000,9.629,11.206,-0.191,0.042,-0.042,2.193,9.354,2.201
a,95327,0.000,9.605,36.000,9.605,11.602,-0.145,0.134,0.049,2.228,9.329,2.201
a,95331,0.000,9.580,36.000,9.580,11.250,0.084,-0.049,0.111,2.234,9.363,2.195
a,95335,0.000,9.555,36.000,9.555,11.162,0.023,0.027,0.156,2.215,9.343,2.205
a,95340,0.000,9.528,36.000,9.528,11.602,-0.252,0.073,0.553,2.194,9.330,2.215
a,95344,0.000,9.501,36.000,9.501,11.646,-0.023,0.119,-0.317,2.217,9.322,2.219
a,95347,0.000,9.474,36.000,9.474,11.602,-0.145,0.119,-0.042,2.228,9.355,2.201
a,95351,0.000,9.445,36.000,9.445,11.602,-0.038,-0.003,-0.531,2.225,9.334,2.217
a,95355,0.000,9.416,36.000,9.416,11.250,0.237,-0.034,0.492,2.210,9.376,2.212
a,95359,0.000,9.386,36.000,9.386,11.602,0.038,0.103,0.172,2.228,9.364,2.186
a,95363,0.000,9.355,36.000,9.355,11.206,0.038,0.058,0.019,2.206,9.360,2.204
a,95367,0.000,9.324,36.000,9.324,11.250,-0.084,0.073,-0.118,2.235,9.372,2.193
a,95372,0.000,9.292,36.000,9.292,11.646,-0.069,-0.095,0.278,2.235,9.306,2.194
a,95376,0.000,9.259,36.000,9.259,11.602,0.283,-0.202,0.706,2.218,9.348,2.182
a,95379,0.000,9.225,36.000,9.225,11.162,-0.099,0.058,-0.531,2.224,9.361,2.205
a,95383,0.000,9.191,36.000,9.191,11.206,-0.084,-0.156,-0.531,2.203,9.357,2.191
a,95388,0.000,9.155,36.000,9.155,11.206,-0.267,0.058,-0.973,2.243,9.339,2.193
a,95392,0.000,9.120,36.000,9.120,11.162,-0.038,-0.156,-0.256,2.219,9.328,2.195
a,95396,0.000,9.083,36.000,9.083,11.206,0.008,0.027,-0.760,2.209,9.321,2.193
a,95400,0.000,9.046,36.000,9.046,11.162,-0.038,-0.095,0.446,2.199,9.316,2.203
a,95403,0.000,9.007,36.000,9.007,11.206,0.084,-0.049,0.217,2.264,9.319,2.204
a,95407,0.000,8.969,36.000,8.969,11.558,0.023,0.042,-0.470,2.235,9.348,2.200
a,95411,0.000,8.929,36.000,8.929,11.602,0.038,-0.171,0.019,2.209,9.336,2.217
a,95415,0.000,8.889,36.000,8.889,11.689,-0.008,0.164,1.118,2.215,9.348,2.198
a,95419,0.000,8.848,36.000,8.848,11.602,0.038,0.073,0.614,2.237,9.360,2.201
a,95423,0.000,8.806,36.000,8.806,11.206,0.145,-0.110,0.324,2.237,9.357,2.201
a,95427,0.000,8.764,36.000,8.764,11.250,-0.175,0.180,0.935,2.225,9.365,2.188
a,95431,0.000,8.720,36.000,8.720,11.602,0.145,-0.095,0.385,2.222,9.359,2.207
a,95435,0.000,8.677,36.000,8.677,11.602,-0.069,-0.141,0.889,2.209,9.357,2.194
a,95439,0.000,8.632,36.000,8.632,11.602,0.145,0.058,0.111,2.224,9.339,2.207
a,95443,0.000,8.587,36.000,8.587,11.602,-0.069,0.058,-0.363,2.212,9.346,2.206
a,95447,0.000,8.541,36.000,8.541,11.602,0.069,-0.156,-0.546,2.257,9.345,2.221
a,95452,0.000,8.494,36.000,8.494,11.602,0.191,-0.003,0.111,2.218,9.325,2.186
a,95455,0.000,8.446,36.000,8.446,11.558,0.023,-0.156,-0.531,2.215,9.357,2.209
a,95459,0.000,8.398,36.000,8.398,11.689,0.054,0.012,-0.821,2.235,9.345,2.234
a,95463,0.000,8.349,36.000,8.349,11.602,0.084,-0.156,-0.271,2.234,9.349,2.201
a,95467,0.000,8.300,36.000,8.300,11.602,0.084,-0.049,0.645,2.233,9.361,2.215
a,95471,0.000,8.249,36.000,8.249,11.250,-0.130,0.012,0.278,2.218,9.346,2.215
a,95475,0.000,8.199,36.000,8.199,11.206,0.267,-0.110,-0.546,2.193,9.351,2.195
a,95479,0.000,8.147,36.000,8.147,11.558,0.054,-0.095,1.225,2.206,9.340,2.204
a,95483,0.000,8.095,36.000,8.095,11.250,-0.130,-0.126,-0.363,2.225,9.342,2.217
a,95487,0.000,8.042,36.000,8.042,11.250,0.145,0.241,0.248,2.199,9.348,2.209
a,95491,0.000,7.988,36.000,7.988,11.206,0.084,0.027,0.752,2.224,9.359,2.201
a,95495,0.000,7.933,36.000,7.933,11.602,0.145,-0.110,0.492,2.210,9.364,2.209
a,95500,0.000,7.878,36.000,7.878,11.250,0.130,0.012,-1.141,2.206,9.348,2.194
a,95504,0.000,7.823,36.000,7.823,11.602,0.038,-0.110,0.553,2.240,9.360,2.201
a,95507,0.000,7.766,36.000,7.766,11.206,-0.191,0.149,-0.149,2.199,9.351,2.185
a,95511,0.000,7.709,36.000,7.709,11.602,0.038,0.226,0.049,2.219,9.346,2.211
a,95515,0.000,7.651,36.000,7.651,11.206,-0.084,-0.217,-0.363,2.225,9.339,2.193
a,95519,0.000,7.593,36.000,7.593,11.206,0.008,0.164,-0.470,2.243,9.318,2.215
a,95523,0.000,7.534,36.000,7.534,11.118,0.145,-0.263,0.492,2.318,9.365,2.180
a,95527,0.000,7.474,36.000,7.474,11.206,0.023,-0.355,0.614,2.241,9.353,2.176
a,95532,0.000,7.414,36.000,7.414,11.558,0.069,-0.126,-0.867,2.156,9.300,2.259
a,95536,0.000,7.353,36.000,7.353,11.602,-0.023,0.714,-0.164,2.139,9.335,2.237
a,95539,0.000,7.291,36.000,7.291,11.602,-0.053,0.058,-0.638,2.280,9.281,2.162
a,95543,0.000,7.229,36.000,7.229,11.602,-0.023,-0.217,0.172,2.318,9.378,2.121
a,95547,0.000,7.166,36.000,7.166,11.206,-0.038,-0.248,0.156,2.191,9.366,2.203
a,95551,0.000,7.103,36.000,7.103,11.602,0.176,0.271,-0.622,2.173,9.328,2.264
a,95555,0.000,7.038,36.000,7.038,11.162,-0.084,0.439,-0.928,2.217,9.373,2.160
a,95559,0.000,6.974,36.000,6.974,11.602,0.130,0.012,-0.485,2.217,9.379,2.201
a,95563,0.000,6.908,36.000,6.908,11.558,0.023,0.058,-0.103,2.274,9.284,2.188
a,95567,0.000,6.842,36.000,6.842,10.986,-0.008,0.058,1.607,2.261,9.313,2.140
a,95571,0.000,6.776,36.000,6.776,10.898,0.038,-0.263,0.508,2.197,9.270,2.243
a,95575,0.000,6.708,36.000,6.708,10.459,-0.145,-0.660,-0.683,2.346,9.407,2.253
a,95579,0.000,6.640,36.000,6.640,10.415,-0.069,0.226,0.217,2.166,9.282,2.176
a,95583,0.000,6.572,36.000,6.572,10.327,0.527,0.806,-0.180,2.210,9.486,2.175
a,95588,0.000,6.503,36.000,6.503,10.327,-0.084,0.210,-0.546,2.234,9.377,2.167
a,95591,0.000,6.433,36.000,6.433,10.195,-0.130,-0.568,0.935,2.290,9.349,2.237
a,95595,0.000,6.363,36.000,6.363,10.239,-0.298,-0.446,0.233,2.163,9.351,2.132
a,95599,0.000,6.292,36.000,6.292,10.151,0.267,0.714,1.133,2.070,9.327,2.204
a,95604,0.000,6.221,36.000,6.221,10.195,0.176,0.226,-0.180,2.312,9.380,2.228
a,95608,0.000,6.149,36.000,6.149,10.151,-0.145,-0.324,-0.363,2.288,9.351,2.199
a,95612,0.000,6.077,36.000,6.077,9.800,0.191,-0.431,-0.057,2.217,9.374,2.191
a,95615,0.000,6.004,36.000,6.004,9.756,0.206,-0.248,0.981,2.168,9.351,2.206
a,95619,0.000,5.930,36.000,5.930,10.239,0.145,0.500,0.370,2.110,9.323,2.243
a,95623,0.000,5.856,36.000,5.856,9.756,0.038,0.317,-0.118,2.235,9.442,2.161
a,95627,0.000,5.781,36.000,5.781,9.668,-0.114,-0.523,1.057,2.357,9.403,2.179
a,95631,0.000,5.706,36.000,5.706,9.580,-0.069,-0.385,-0.149,2.168,9.359,2.185
a,95636,0.000,5.630,36.000,5.630,9.668,0.176,-0.049,-1.034,2.128,9.330,2.236
a,95640,0.000,5.554,36.000,5.554,13.052,0.038,0.485,-0.118,2.178,9.336,2.209
a,95643,0.000,5.477,36.000,5.477,9.536,0.038,0.226,-0.057,2.274,9.412,2.182
a,95648,0.000,5.400,36.000,5.400,9.492,-0.328,-0.843,-1.706,2.303,9.342,2.221
a,95652,0.000,5.322,36.000,5.322,9.492,-0.237,-0.278,0.019,2.181,9.315,2.207
a,95656,0.000,5.244,36.000,5.244,9.492,0.084,0.348,0.859,2.100,9.353,2.237
a,95659,0.000,5.165,36.000,5.165,9.448,-0.069,0.867,0.004,2.172,9.327,2.200
a,95663,0.000,5.086,36.000,5.086,9.492,-0.023,0.119,0.065,2.324,9.382,2.172
a,95667,0.000,5.006,36.000,5.006,9.492,-0.313,-0.385,-1.340,2.321,9.383,2.169
a,95671,0.000,4.926,36.000,4.926,9.448,0.023,-0.431,-0.851,2.144,9.330,2.236
a,95675,0.000,4.845,36.000,4.845,9.536,0.298,0.516,0.370,2.116,9.359,2.248
a,95679,0.000,4.764,36.000,4.764,9.580,0.145,0.424,0.095,2.237,9.349,2.207
a,95683,0.000,4.682,36.000,4.682,9.580,-0.069,-0.202,0.660,2.306,9.377,2.185
a,95687,0.000,4.600,36.000,4.600,12.393,-0.206,-0.385,-0.699,2.249,9.414,2.217
a,95691,0.000,4.517,36.000,4.517,9.492,-0.023,-0.156,0.233,2.181,9.400,2.219
a,95695,0.000,4.434,36.000,4.434,9.053,-0.023,-0.003,-0.042,2.181,9.400,2.219
a,95700,0.000,4.351,36.000,4.351,8.833,-0.023,0.500,0.431,2.184,9.317,2.233
a,95703,0.000,4.267,36.000,4.267,8.877,-0.130,-0.126,-0.363,2.197,9.324,2.173
a,95707,0.000,4.183,36.000,4.183,8.789,-0.206,-0.156,0.233,2.277,9.358,2.201
a,95711,0.000,4.098,36.000,4.098,8.394,-0.084,-0.049,-0.531,2.194,9.351,2.192
a,95716,0.000,4.013,36.000,4.013,8.174,0.191,0.516,0.630,2.076,9.278,2.200
a,95719,0.000,3.927,36.000,3.927,8.042,0.084,0.424,0.095,2.261,9.454,2.243
a,95723,0.000,3.841,36.000,3.841,7.690,-0.023,-0.614,-0.088,2.450,9.410,2.167
a,95727,0.000,3.755,36.000,3.755,7.559,-0.206,-0.797,-0.317,2.241,9.351,2.195
a,95731,0.000,3.668,36.000,3.668,7.515,-0.084,0.012,0.172,2.035,9.309,2.278
a,95735,0.000,3.581,36.000,3.581,7.559,0.283,1.310,-0.149,2.137,9.312,2.218
a,95739,0.000,3.494,36.000,3.494,7.559,-0.175,0.332,1.149,2.319,9.376,2.143
a,95744,0.000,3.406,36.000,3.406,7.559,-0.404,-0.736,1.408,2.357,9.390,2.155
a,95747,0.000,3.318,36.000,3.318,7.559,-0.206,-0.706,-0.683,2.163,9.334,2.237
a,95752,0.000,3.229,36.000,3.229,7.427,-0.023,0.638,-0.057,2.035,9.306,2.272
a,95756,0.000,3.140,36.000,3.140,7.471,-0.038,0.317,-1.034,2.292,9.422,2.185
a,95759,0.000,3.051,36.000,3.051,10.459,-0.023,-0.171,0.126,2.279,9.374,2.154
a,95763,0.000,2.962,36.000,2.962,6.899,-0.069,-0.263,0.278,2.265,9.377,2.175
a,95767,0.000,2.872,36.000,2.872,6.899,0.069,-0.049,-0.928,2.166,9.364,2.180
a,95772,0.000,2.782,36.000,2.782,6.899,0.191,0.714,-0.073,2.139,9.364,2.235
a,95776,0.000,2.691,36.000,2.691,6.943,-0.023,0.164,0.126,2.234,9.295,2.213
a,95780,0.000,2.600,36.000,2.600,6.987,0.023,-0.263,-1.401,2.266,9.305,2.154
a,95783,0.000,2.509,36.000,2.509,6.812,-0.023,-0.431,0.614,2.233,9.279,2.186
a,95788,0.000,2.418,36.000,2.418,6.768,0.038,-0.309,0.401,2.186,9.303,2.230
a,95792,0.000,2.326,36.000,2.326,6.768,0.145,0.500,-0.347,2.131,9.311,2.233
a,95796,0.000,2.234,36.000,2.234,6.724,-0.038,-0.110,-0.699,2.265,9.369,2.200
a,95800,0.000,2.142,36.000,2.142,6.328,0.145,0.149,-0.271,2.296,9.339,2.201
a,95803,0.000,2.050,36.000,2.050,6.196,-0.252,-0.171,-0.531,2.259,9.385,2.169
a,95807,0.000,1.957,36.000,1.957,6.152,0.023,-0.217,-1.187,2.225,9.342,2.255
a,95811,0.000,1.864,36.000,1.864,6.152,0.405,0.531,-0.500,2.097,9.299,2.209
a,95815,0.000,1.771,36.000,1.771,6.021,-0.084,0.149,-0.912,2.162,9.315,2.258
a,95819,0.000,1.678,36.000,1.678,5.493,-0.191,-0.523,0.508,2.520,9.392,2.204
a,95823,0.000,1.584,36.000,1.584,5.361,-0.359,-0.553,-1.111,2.181,9.305,2.115
a,95827,0.000,1.491,36.000,1.491,5.229,-0.023,0.332,0.752,2.035,9.342,2.313
a,95831,0.000,1.397,36.000,1.397,4.878,0.359,0.821,-0.073,2.175,9.303,2.242
a,95835,0.000,1.303,36.000,1.303,4.922,0.023,0.317,-0.928,2.337,9.385,2.099
a,95840,0.000,1.208,36.000,1.208,4.922,-0.191,-0.584,1.072,2.280,9.373,2.170
a,95843,0.000,1.114,36.000,1.114,4.878,0.038,-0.431,0.019,2.170,9.274,2.252
a,95847,0.000,1.019,36.000,1.019,5.273,0.084,0.393,-0.241,2.069,9.339,2.246
a,95851,0.000,0.924,36.000,0.924,4.922,0.298,0.653,-0.012,2.210,9.339,2.217
a,95855,0.000,0.830,36.000,0.830,5.273,0.069,-0.217,-1.096,2.333,9.391,2.157
a,95859,0.000,0.734,36.000,0.734,4.834,-0.237,-0.416,0.767,2.266,9.371,2.194
a,95863,0.000,0.639,36.000,0.639,5.273,-0.298,-0.095,0.553,2.155,9.339,2.219
a,95867,0.000,0.544,36.000,0.544,4.746,0.145,0.836,0.737,2.155,9.316,2.207
a,95871,0.000,0.449,36.000,0.449,4.702,0.084,0.531,-0.241,2.172,9.377,2.206
a,95875,0.000,0.353,36.000,0.353,4.570,-0.588,-0.858,-0.454,2.435,9.418,2.186
a,95879,0.000,0.257,36.000,0.257,4.658,-0.404,-0.843,0.294,2.181,9.360,2.233
a,95883,0.000,0.162,36.000,0.162,4.570,-0.038,0.378,-1.141,2.033,9.363,2.271
a,95888,0.000,0.066,36.000,0.066,8.130,0.359,1.096,-0.149,2.186,9.305,2.261
a,95891,0.000,-0.030,36.000,-0.030,4.526,0.298,0.149,-0.057,2.368,9.357,2.099
a,95895,0.000,-0.126,36.000,-0.126,4.131,-0.160,-0.538,-0.744,2.302,9.433,2.132
a,95899,0.000,-0.222,36.000,-0.222,4.087,-0.466,-1.225,0.904,2.168,9.334,2.298
a,95903,0.000,-0.318,36.000,-0.318,4.131,0.191,0.393,0.859,2.031,9.250,2.303
a,95907,0.000,-0.414,36.000,-0.414,4.087,0.573,1.294,0.126,2.152,9.351,2.167
a,95912,0.000,-0.510,36.000,-0.510,4.131,-0.084,-0.003,-0.638,2.393,9.374,2.151
a,95916,0.000,-0.606,36.000,-0.606,3.955,-0.252,-0.981,-0.027,2.388,9.420,2.186
a,95920,0.000,-0.702,36.000,-0.702,6.724,-0.237,-0.523,0.278,2.126,9.293,2.138
a,95923,0.000,-0.798,36.000,-0.798,3.516,-0.252,-0.217,-0.149,2.059,9.345,2.297
a,95927,0.000,-0.894,36.000,-0.894,3.384,0.450,0.897,-0.210,2.234,9.179,2.270
a,95931,0.000,-0.990,36.000,-0.990,3.428,0.038,0.119,0.126,2.370,9.488,1.981
a,95935,0.000,-1.086,36.000,-1.086,3.340,-0.420,-1.347,-0.180,2.319,9.366,2.263
a,95940,0.000,-1.182,36.000,-1.182,3.340,-0.175,-0.309,1.057,2.124,9.295,2.283
a,95944,0.000,-1.278,36.000,-1.278,3.340,0.359,0.760,-0.286,2.066,9.303,2.236
a,95947,0.000,-1.374,36.000,-1.374,3.252,0.038,0.775,1.530,2.249,9.366,2.189
a,95952,0.000,-1.470,36.000,-1.470,3.296,0.038,-0.232,-0.103,2.350,9.307,2.194
a,95955,0.000,-1.566,36.000,-1.566,3.208,-0.206,-0.645,-0.515,2.241,9.322,2.176
a,95959,0.000,-1.661,36.000,-1.661,3.208,-0.053,0.180,-0.622,2.017,9.268,2.231
a,95963,0.000,-1.757,36.000,-1.757,2.769,0.283,0.455,0.737,2.328,9.345,2.218
a,95967,0.000,-1.852,36.000,-1.852,2.593,-0.069,0.073,0.614,2.191,9.316,2.121
a,95971,0.000,-1.948,36.000,-1.948,2.505,0.084,-0.263,0.538,2.280,9.364,2.221
a,95975,0.000,-2.043,36.000,-2.043,2.549,-0.130,-0.416,0.278,2.184,9.322,2.223
a,95979,0.000,-2.138,36.000,-2.138,2.461,0.160,0.439,-0.500,2.115,9.341,2.224
a,95983,0.000,-2.233,36.000,-2.233,2.593,0.038,0.119,0.233,2.230,9.330,2.213
a,95987,0.000,-2.328,36.000,-2.328,3.120,-0.130,0.271,-0.378,2.246,9.301,2.198
a,95991,0.000,-2.422,36.000,-2.422,4.658,-0.145,-0.049,0.126,2.272,9.333,2.084
a,95995,0.000,-2.517,36.000,-2.517,2.021,0.038,0.119,-0.256,2.162,9.205,2.134
a,96000,0.000,-2.611,36.000,-2.611,2.021,-0.466,-1.210,-0.790,2.424,9.465,2.255
a,96003,0.000,-2.705,36.000,-2.705,1.890,-0.023,-0.110,-0.317,2.142,9.306,2.286
a,96007,0.000,-2.799,36.000,-2.799,1.758,0.084,0.531,0.202,2.150,9.367,2.182
a,96011,0.000,-2.893,36.000,-2.893,1.406,0.191,0.317,-0.393,2.253,9.373,2.207
a,96015,0.000,-2.986,36.000,-2.986,1.758,-0.023,-0.110,0.660,2.274,9.340,2.188
a,96019,0.000,-3.080,36.000,-3.080,1.758,-0.237,-0.416,0.553,2.290,9.367,2.186
a,96023,0.000,-3.173,36.000,-3.173,1.406,-0.084,0.012,0.233,2.124,9.305,2.240
a,96027,0.000,-3.266,36.000,-3.266,1.406,0.344,0.439,-0.775,2.228,9.363,2.176
a,96031,0.000,-3.358,36.000,-3.358,1.143,0.084,0.027,1.530,2.357,9.382,2.125
a,96035,0.000,-3.450,36.000,-3.450,1.143,-0.023,-0.232,-0.210,2.255,9.339,2.200
a,96040,0.000,-3.542,36.000,-3.542,0.703,-0.114,-0.309,1.057,2.235,9.374,2.194
a,96044,0.000,-3.634,36.000,-3.634,1.055,0.191,0.226,0.477,2.139,9.331,2.223
a,96047,0.000,-3.725,36.000,-3.725,1.099,0.038,0.348,0.324,2.199,9.364,2.207
a,96051,0.000,-3.817,36.000,-3.817,0.703,0.008,0.012,-1.019,2.290,9.343,2.195
a,96055,0.000,-3.907,36.000,-3.907,0.703,0.176,-0.263,-1.355,2.271,9.330,2.182
a,96060,0.000,-3.998,36.000,-3.998,0.659,-0.069,-0.461,0.660,2.218,9.367,2.201
a,96063,0.000,-4.088,36.000,-4.088,0.571,0.145,0.256,0.202,2.179,9.305,2.179
a,96068,0.000,-4.178,36.000,-4.178,0.439,-0.130,-0.095,0.278,2.321,9.336,2.071
a,96072,0.000,-4.267,36.000,-4.267,0.483,-0.130,-0.385,-0.363,2.284,9.321,2.211
a,96076,0.000,-4.357,36.000,-4.357,0.527,-0.191,-0.156,-0.149,2.106,9.311,2.301
a,96079,0.000,-4.445,36.000,-4.445,0.396,0.618,0.409,-0.149,2.170,9.384,2.203
a,96083,0.000,-4.534,36.000,-4.534,0.352,0.084,0.607,0.798,2.115,9.347,2.195
a,96088,0.000,-4.622,36.000,-4.622,-0.132,-0.023,-0.553,0.034,2.370,9.367,2.243
a,96091,0.000,-4.709,36.000,-4.709,0.352,-0.298,-0.996,0.141,2.308,9.378,2.109
a,96096,0.000,-4.796,36.000,-4.796,-0.044,-0.026,0.604,-0.417,2.017,9.357,2.201
a,96100,0.000,-4.883,36.000,-4.883,-0.132,0.248,0.711,0.056,2.228,9.373,2.274
a,96103,0.000,-4.970,36.000,-4.970,3.208,0.019,0.329,-0.371,2.257,9.355,2.145
a,96107,0.000,-5.055,36.000,-5.055,-0.132,-0.133,-0.602,-0.066,2.280,9.306,2.204
a,96111,0.000,-5.141,36.000,-5.141,-0.308,-0.347,-0.327,-0.402,2.162,9.316,2.240
a,96115,0.000,-5.226,36.000,-5.226,-0.264,0.248,0.222,-0.432,2.186,9.397,2.217
a,96119,0.000,-5.311,36.000,-5.311,-0.791,-0.103,0.054,-0.783,2.269,9.409,2.142
a,96123,0.000,-5.395,36.000,-5.395,-0.923,0.248,0.237,1.094,2.253,9.324,2.218
a,96127,0.000,-5.478,36.000,-5.478,-1.011,-0.042,-0.037,0.239,2.219,9.337,2.149
a,96131,0.000,-5.561,36.000,-5.561,-0.967,-0.179,-0.434,1.247,2.237,9.369,2.198
a,96135,0.000,-5.644,36.000,-5.644,-1.011,0.172,0.543,-1.089,2.097,9.291,2.253
a,96140,0.000,-5.726,36.000,-5.726,-0.923,-0.148,0.161,-0.188,2.286,9.347,2.206
a,96143,0.000,-5.808,36.000,-5.808,-0.879,-0.148,-0.373,0.194,2.272,9.330,2.195
a,96147,0.000,-5.889,36.000,-5.889,-0.923,0.035,-0.221,0.362,2.219,9.301,2.179
a,96151,0.000,-5.969,36.000,-5.969,-1.011,-0.072,-0.221,-0.249,2.225,9.317,2.235
a,96155,0.000,-6.049,36.000,-6.049,-0.967,0.279,0.543,-0.921,2.126,9.295,2.243
a,96159,0.000,-6.129,36.000,-6.129,-1.450,-0.042,0.131,0.300,2.349,9.431,2.113
a,96163,0.000,-6.208,36.000,-6.208,-1.494,-0.072,-0.144,0.621,2.297,9.442,2.151
a,96167,0.000,-6.286,36.000,-6.286,-1.494,0.126,-0.312,0.285,2.210,9.290,2.253
a,96171,0.000,-6.364,36.000,-6.364,-1.494,-0.148,-0.221,-0.402,2.079,9.316,2.307
a,96175,0.000,-6.441,36.000,-6.441,-1.450,0.279,1.031,0.148,2.094,9.273,2.240
a,96179,0.000,-6.517,36.000,-6.517,-1.626,-0.057,0.054,1.079,2.377,9.430,2.100
a,96183,0.000,-6.593,36.000,-6.593,-1.626,-0.026,-0.068,-0.295,2.234,9.334,2.200
a,96188,0.000,-6.668,36.000,-6.668,-1.582,-0.210,-0.846,0.865,2.277,9.386,2.294
a,96192,0.000,-6.743,36.000,-6.743,-1.670,-0.240,-0.495,-0.356,2.178,9.348,2.163
a,96195,0.000,-6.817,36.000,-6.817,-1.758,0.462,0.726,0.545,2.057,9.345,2.230
a,96199,0.000,-6.891,36.000,-6.891,-1.670,-0.042,0.283,-0.280,2.355,9.426,2.167
a,96203,0.000,-6.963,36.000,-6.963,-1.626,-0.072,-0.419,0.362,2.282,9.349,2.278
a,96207,0.000,-7.035,36.000,-7.035,-2.109,0.416,0.115,0.713,2.150,9.353,2.148
a,96211,0.000,-7.107,36.000,-7.107,-2.197,-0.026,0.131,0.239,2.059,9.357,2.274
a,96216,0.000,-7.178,36.000,-7.178,-2.197,0.294,-0.007,-0.417,2.346,9.306,2.242
a,96220,0.000,-7.248,36.000,-7.248,-2.417,-0.347,-0.251,0.682,2.271,9.383,2.087
a,96224,0.000,-7.317,36.000,-7.317,-2.505,-0.057,-0.419,0.896,2.212,9.328,2.240
a,96227,0.000,-7.386,36.000,-7.386,-2.505,0.126,0.604,-0.051,2.178,9.293,2.174
a,96231,0.000,-7.453,36.000,-7.453,-2.856,-0.347,0.054,0.575,2.267,9.391,2.160
a,96235,0.000,-7.521,36.000,-7.521,-2.461,0.294,0.329,-0.051,2.181,9.236,2.267
a,96240,0.000,-7.587,36.000,-7.587,-2.856,0.035,0.176,0.468,2.280,9.340,2.180
a,96243,0.000,-7.653,36.000,-7.653,-2.505,-0.301,-0.159,-0.356,2.212,9.349,2.194
a,96248,0.000,-7.718,36.000,-7.718,-2.373,0.081,0.008,-0.371,2.203,9.287,2.185
a,96251,0.000,-7.782,36.000,-7.782,-2.812,0.187,0.115,0.224,2.272,9.345,2.204
a,96255,0.000,-7.846,36.000,-7.846,-2.505,0.035,-0.175,0.133,2.178,9.331,2.221
a,96259,0.000,-7.908,36.000,-7.908,-2.461,0.019,0.222,-0.035,2.210,9.327,2.203
a,96263,0.000,-7.970,36.000,-7.970,-2.900,0.126,0.131,0.346,2.279,9.401,2.170
a,96267,0.000,-8.031,36.000,-8.031,-2.944,-0.026,0.100,-0.020,2.178,9.233,2.213
a,96271,0.000,-8.092,36.000,-8.092,-2.988,-0.026,-0.068,0.026,2.222,9.303,2.192
a,96275,0.000,-8.151,36.000,-8.151,-3.076,-0.133,-0.175,0.133,2.160,9.376,2.223
a,96279,0.000,-8.210,36.000,-8.210,-3.164,0.065,-0.159,-1.028,2.224,9.369,2.204
a,96283,0.000,-8.268,36.000,-8.268,-3.120,-0.133,-0.388,-0.295,2.215,9.285,2.188
a,96287,0.000,-8.325,36.000,-8.325,-3.208,0.172,0.207,-0.707,2.146,9.330,2.167
a,96291,0.000,-8.381,36.000,-8.381,-3.735,0.340,0.344,0.377,2.225,9.291,2.178
a,96296,0.000,-8.437,36.000,-8.437,-3.735,-0.408,-0.663,0.148,2.358,9.367,2.207
a,96299,0.000,-8.491,36.000,-8.491,-3.691,-0.087,-0.159,-0.402,2.187,9.298,2.254
a,96303,0.000,-8.545,36.000,-8.545,-3.691,0.172,0.482,-1.471,2.152,9.318,2.166
a,96307,0.000,-8.598,36.000,-8.598,-3.647,-0.026,0.436,0.071,2.217,9.339,2.223
a,96311,0.000,-8.650,36.000,-8.650,-3.779,0.065,0.008,0.071,2.241,9.334,2.195
a,96315,0.000,-8.701,36.000,-8.701,-3.735,-0.026,-0.358,0.362,2.279,9.336,2.134
a,96319,0.000,-8.751,36.000,-8.751,-3.735,-0.087,-0.251,0.575,2.163,9.324,2.224
a,96323,0.000,-8.800,36.000,-8.800,-3.647,-0.026,0.253,-0.035,2.184,9.316,2.215
a,96327,0.000,-8.849,36.000,-8.849,-3.735,0.050,0.329,0.942,2.246,9.353,2.195
a,96331,0.000,-8.896,36.000,-8.896,-3.735,0.081,0.008,-0.417,2.248,9.346,2.182
a,96335,0.000,-8.943,36.000,-8.943,-3.647,0.172,-0.388,-0.585,2.272,9.363,2.188
a,96340,0.000,-8.988,36.000,-8.988,-3.691,0.065,0.161,-1.242,2.163,9.313,2.237
a,96344,0.000,-9.033,36.000,-9.033,-3.779,0.294,0.314,0.056,2.222,9.403,2.186
a,96348,0.000,-9.077,36.000,-9.077,-3.911,0.035,0.146,-0.020,2.303,9.348,2.137
a,96351,0.000,-9.120,36.000,-9.120,-4.263,-0.255,-0.388,-1.119,2.243,9.345,2.221
a,96355,0.000,-9.162,36.000,-9.162,-3.867,-0.118,-0.358,1.186,2.194,9.328,2.236
a,96360,0.000,-9.203,36.000,-9.203,-4.263,0.172,0.436,-0.814,2.094,9.303,2.235
a,96363,0.000,-9.243,36.000,-9.243,-3.911,0.203,0.543,1.217,2.253,9.365,2.195
a,96368,0.000,-9.282,36.000,-9.282,-3.867,-0.148,-0.114,-0.677,2.321,9.373,2.166
a,96371,0.000,-9.320,36.000,-9.320,-3.911,-0.271,-0.404,-1.990,2.199,9.360,2.185
a,96376,0.000,-9.357,36.000,-9.357,-4.307,0.172,-0.358,0.560,2.269,9.388,2.206
a,96380,0.000,-9.393,36.000,-9.393,-4.307,0.004,0.497,-0.906,2.156,9.305,2.180
a,96383,0.000,-9.428,36.000,-9.428,-2.505,0.142,0.390,0.163,2.193,9.369,2.175
a,96388,0.000,-9.462,36.000,-9.462,-4.526,-0.530,-0.877,-0.829,2.327,9.366,2.255
a,96391,0.000,-9.496,36.000,-9.496,-4.614,-0.148,-0.388,-1.226,2.199,9.293,2.160
a,96396,0.000,-9.528,36.000,-9.528,-4.570,-0.347,-0.602,0.697,2.277,9.414,2.185
a,96399,0.000,-9.559,36.000,-9.559,-4.526,0.294,0.268,-0.432,2.064,9.282,2.303
a,96403,0.000,-9.589,36.000,-9.589,-4.922,0.172,0.543,-0.921,2.225,9.321,2.167
a,96407,0.000,-9.618,36.000,-9.618,-4.526,-0.255,-0.480,-0.570,2.405,9.371,2.143
a,96411,0.000,-9.646,36.000,-9.646,-4.526,-0.164,-0.541,-0.951,2.172,9.310,2.212
a,96415,0.000,-9.673,36.000,-9.673,-4.570,0.081,0.024,0.560,2.203,9.379,2.201
a,96419,0.000,-9.699,36.000,-9.699,-4.614,-0.087,0.054,-0.570,2.134,9.353,2.242
a,96423,0.000,-9.724,36.000,-9.724,-4.482,0.325,0.253,-1.913,2.219,9.373,2.195
a,96427,0.000,-9.748,36.000,-9.748,-4.570,0.035,-0.526,0.621,2.349,9.360,2.169
a,96431,0.000,-9.771,36.000,-9.771,-4.526,-0.301,-0.114,0.575,2.217,9.335,2.206
a,96435,0.000,-9.792,36.000,-9.792,-4.922,0.035,0.115,0.514,2.157,9.311,2.227
a,96439,0.000,-9.813,36.000,-9.813,-4.526,-0.133,0.375,0.071,2.173,9.347,2.223
a,96443,0.000,-9.833,36.000,-9.833,-4.570,-0.011,0.390,1.110,2.243,9.357,2.176
a,96447,0.000,-9.851,36.000,-9.851,-4.526,-0.255,-0.617,-0.722,2.308,9.353,2.169
a,96452,0.000,-9.869,36.000,-9.869,-4.658,0.065,-0.266,-0.585,2.170,9.322,2.211
a,96455,0.000,-9.885,36.000,-9.885,-4.570,-0.026,0.344,0.560,2.155,9.328,2.217
a,96459,0.000,-9.901,36.000,-9.901,-4.526,0.187,0.008,-0.417,2.222,9.322,2.192
a,96463,0.000,-9.915,36.000,-9.915,-4.570,0.142,-0.221,0.178,2.259,9.342,2.185
a,96467,0.000,-9.928,36.000,-9.928,-4.570,0.065,-0.327,-1.348,2.257,9.367,2.175
a,96471,0.000,-9.940,36.000,-9.940,-4.570,0.248,0.100,-0.264,2.162,9.323,2.221
a,96475,0.000,-9.951,36.000,-9.951,-4.526,0.187,0.237,0.591,2.172,9.335,2.198
a,96479,0.000,-9.961,36.000,-9.961,-4.570,0.142,0.222,0.591,2.237,9.349,2.201
a,96483,0.000,-9.970,36.000,-9.970,-4.482,0.065,-0.175,-0.524,2.258,9.341,2.172
a,96487,0.000,-9.977,36.000,-9.977,-4.570,-0.042,-0.327,-0.188,2.230,9.353,2.188
a,96491,0.000,-9.984,36.000,-9.984,-4.482,0.142,0.008,0.071,2.156,9.287,2.224
a,96496,0.000,-9.989,36.000,-9.989,-4.570,-0.026,0.482,-0.371,2.191,9.349,2.227
a,96500,0.000,-9.994,36.000,-9.994,-4.570,-0.026,0.115,-0.356,2.271,9.369,2.173
a,96503,0.000,-9.997,36.000,-9.997,-4.570,0.142,-0.053,0.285,2.237,9.316,2.182
a,96507,0.000,-9.999,36.000,-9.999,-4.570,-0.026,-0.388,-0.402,2.266,9.377,2.182
a,96511,0.000,-10.000,36.000,-10.000,-4.614,-0.042,0.146,-1.012,2.172,9.360,2.206
a,96515,0.000,-10.000,36.000,-10.000,-4.966,0.019,-0.068,-0.509,2.224,9.361,2.186
a,96519,0.000,-9.998,36.000,-9.998,-1.714,0.035,-0.114,0.133,2.271,9.299,2.224
a,96523,0.000,-9.996,36.000,-9.996,-5.010,-0.148,-0.053,0.194,2.203,9.376,2.174
a,96528,0.000,-9.993,36.000,-9.993,-5.010,-0.087,-0.312,0.071,2.217,9.376,2.211
a,96532,0.000,-9.988,36.000,-9.988,-5.054,0.081,0.161,0.346,2.187,9.292,2.201
a,96536,0.000,-9.982,36.000,-9.982,-4.966,0.172,0.283,0.270,2.184,9.339,2.193
a,96539,0.000,-9.975,36.000,-9.975,-5.054,0.065,-0.175,-0.799,2.279,9.336,2.192
a,96543,0.000,-9.967,36.000,-9.967,-5.010,-0.087,-0.450,-1.654,2.253,9.299,2.179
a,96547,0.000,-9.958,36.000,-9.958,-5.098,-0.148,-0.282,-0.951,2.173,9.339,2.211
a,96551,0.000,-9.947,36.000,-9.947,-5.010,0.019,0.115,-0.356,2.188,9.316,2.246
a,96555,0.000,-9.936,36.000,-9.936,-5.098,0.233,0.436,-0.539,2.240,9.345,2.209
a,96559,0.000,-9.923,36.000,-9.923,-5.054,-0.194,-0.098,0.621,2.280,9.346,2.179
a,96563,0.000,-9.909,36.000,-9.909,-5.054,-0.026,-0.266,-0.356,2.237,9.319,2.182
a,96567,0.000,-9.894,36.000,-9.894,-5.054,0.172,0.161,-0.906,2.186,9.340,2.229
a,96571,0.000,-9.878,36.000,-9.878,-5.054,-0.042,0.253,-1.394,2.193,9.306,2.213
a,96575,0.000,-9.861,36.000,-9.861,-5.098,0.035,0.070,0.514,2.233,9.339,2.179
a,96579,0.000,-9.843,36.000,-9.843,-5.142,0.065,-0.159,-0.371,2.261,9.361,2.215
a,96583,0.000,-9.823,36.000,-9.823,-5.054,0.019,-0.144,-0.203,2.212,9.364,2.201
a,96587,0.000,-9.803,36.000,-9.803,-5.054,-0.042,0.039,-0.890,2.193,9.346,2.215
a,96592,0.000,-9.781,36.000,-9.781,-5.142,-0.042,0.070,0.362,2.218,9.353,2.168
a,96596,0.000,-9.758,36.000,-9.758,-5.054,-0.164,0.115,-0.509,2.277,9.348,2.199
a,96599,0.000,-9.734,36.000,-9.734,-5.054,-0.240,-0.205,0.682,2.259,9.349,2.198
a,96603,0.000,-9.709,36.000,-9.709,-5.098,-0.118,-0.114,1.079,2.184,9.335,2.204
a,96607,0.000,-9.682,36.000,-9.682,-5.098,0.294,0.161,0.010,2.197,9.339,2.195
a,96612,0.000,-9.655,36.000,-9.655,-5.098,-0.042,0.146,-1.333,2.240,9.306,2.195
a,96616,0.000,-9.626,36.000,-9.626,-5.098,-0.133,0.146,-0.188,2.237,9.369,2.201
a,96620,0.000,-9.596,36.000,-9.596,-5.054,0.081,-0.480,0.224,2.234,9.372,2.215
a,96623,0.000,-9.565,36.000,-9.565,-5.054,0.050,-0.221,1.079,2.211,9.363,2.236
a,96627,0.000,-9.533,36.000,-9.533,-5.054,-0.240,0.390,0.713,2.199,9.346,2.215
a,96631,0.000,-9.500,36.000,-9.500,-5.098,-0.042,0.008,0.087,2.228,9.353,2.182
a,96635,0.000,-9.466,36.000,-9.466,-5.098,-0.133,-0.175,0.194,2.249,9.354,2.195
a,96640,0.000,-9.430,36.000,-9.430,-5.098,-0.210,-0.098,0.362,2.218,9.334,2.199
a,96643,0.000,-9.393,36.000,-9.393,-4.966,0.035,0.115,0.850,2.188,9.331,2.194
a,96648,0.000,-9.356,36.000,-9.356,-5.010,-0.072,-0.053,-0.356,2.210,9.316,2.188
a,96651,0.000,-9.317,36.000,-9.317,-5.010,-0.133,0.008,0.407,2.225,9.325,2.209
a,96655,0.000,-9.277,36.000,-9.277,-5.054,-0.133,0.008,-0.356,2.251,9.321,2.194
a,96659,0.000,-9.236,36.000,-9.236,-5.098,-0.072,-0.007,-0.188,2.199,9.343,2.198
a,96663,0.000,-9.194,36.000,-9.194,-4.658,-0.072,0.146,0.133,2.193,9.339,2.198
a,96667,0.000,-9.150,36.000,-9.150,-5.010,0.081,0.008,-0.158,2.218,9.328,2.185
a,96671,0.000,-9.106,36.000,-9.106,-5.054,0.096,0.283,0.926,2.251,9.336,2.209
a,96675,0.000,-9.060,36.000,-9.060,-5.054,0.081,0.008,0.606,2.243,9.325,2.200
a,96679,0.000,-9.013,36.000,-9.013,-5.010,-0.072,-0.114,0.789,2.210,9.333,2.233
a,96683,0.000,-8.966,36.000,-8.966,-5.010,0.126,-0.114,-0.692,2.199,9.325,2.206
a,96687,0.000,-8.917,36.000,-8.917,-5.098,0.111,0.161,-1.348,2.237,9.348,2.205
a,96691,0.000,-8.867,36.000,-8.867,-5.054,-0.072,0.008,-0.020,2.215,9.345,2.191
a,96695,0.000,-8.816,36.000,-8.816,-5.010,0.019,-0.266,-0.463,2.228,9.364,2.192
a,96700,0.000,-8.764,36.000,-8.764,-4.966,0.248,0.039,-0.310,2.182,9.333,2.198
a,96703,0.000,-8.710,36.000,-8.710,-5.054,-0.057,-0.053,-0.570,2.210,9.352,2.205
a,96707,0.000,-8.656,36.000,-8.656,-5.054,0.035,0.054,0.300,2.237,9.342,2.192
a,96711,0.000,-8.601,36.000,-8.601,-5.010,-0.194,-0.068,0.133,2.218,9.340,2.195
a,96715,0.000,-8.544,36.000,-8.544,-5.010,-0.072,0.146,0.026,2.234,9.325,2.223
a,96719,0.000,-8.487,36.000,-8.487,-5.010,0.142,-0.068,-0.096,2.218,9.347,2.207
a,96723,0.000,-8.428,36.000,-8.428,-5.010,-0.042,0.054,-0.356,2.219,9.327,2.191
a,96727,0.000,-8.369,36.000,-8.369,-5.098,0.019,-0.175,-0.677,2.233,9.337,2.194
a,96731,0.000,-8.308,36.000,-8.308,-5.010,0.035,-0.114,0.407,2.233,9.348,2.194
a,96735,0.000,-8.246,36.000,-8.246,-5.098,0.019,0.161,-0.509,2.204,9.336,2.213
a,96740,0.000,-8.183,36.000,-8.183,-5.054,0.081,0.008,-0.371,2.224,9.331,2.211
a,96743,0.000,-8.120,36.000,-8.120,-5.054,-0.072,-0.037,0.468,2.210,9.331,2.209
a,96747,0.000,-8.055,36.000,-8.055,-5.010,-0.087,-0.282,-0.783,2.253,9.373,2.194
a,96751,0.000,-7.989,36.000,-7.989,-5.054,-0.072,-0.205,0.362,2.235,9.334,2.204
a,96755,0.000,-7.922,36.000,-7.922,-4.614,-0.072,0.100,0.026,2.197,9.325,2.191
a,96759,0.000,-7.854,36.000,-7.854,-5.098,-0.072,0.253,-0.035,2.199,9.334,2.230
a,96764,0.000,-7.785,36.000,-7.785,-5.054,-0.026,0.008,0.514,2.228,9.334,2.186
a,96768,0.000,-7.715,36.000,-7.715,-5.054,0.187,-0.129,-0.371,2.222,9.367,2.200
a,96772,0.000,-7.645,36.000,-7.645,-4.966,-0.042,-0.236,-0.783,2.209,9.349,2.209
a,96775,0.000,-7.573,36.000,-7.573,-4.966,0.019,0.024,0.362,2.197,9.359,2.221
a,96779,0.000,-7.500,36.000,-7.500,-5.010,0.126,-0.114,-1.028,2.248,9.336,2.213
a,96783,0.000,-7.426,36.000,-7.426,-3.164,0.050,0.161,1.018,2.166,9.321,2.236
a,96788,0.000,-7.351,36.000,-7.351,-5.054,-0.103,-0.327,-0.845,2.217,9.388,2.195
a,96791,0.000,-7.276,36.000,-7.276,-5.010,0.065,0.237,2.316,2.212,9.311,2.229
a,96796,0.000,-7.199,36.000,-7.199,-5.010,0.050,0.070,1.247,2.297,9.345,2.128
a,96800,0.000,-7.121,36.000,-7.121,-4.966,0.019,-0.144,0.514,2.455,9.242,2.215
a,96803,0.000,-7.043,36.000,-7.043,-4.438,0.035,-0.068,-0.356,2.064,9.304,2.122
a,96807,0.000,-6.963,36.000,-6.963,-4.966,0.279,0.589,-0.661,2.148,9.322,2.292
a,96811,0.000,-6.883,36.000,-6.883,-4.482,0.294,0.329,0.163,2.319,9.311,2.221
a,96815,0.000,-6.802,36.000,-6.802,-4.438,-0.240,-0.495,-0.188,2.362,9.470,2.161
a,96819,0.000,-6.720,36.000,-6.720,-2.461,0.172,-0.450,-0.906,2.201,9.329,2.236
a,96823,0.000,-6.637,36.000,-6.637,-3.867,0.187,-0.221,0.499,2.160,9.331,2.198
a,96827,0.000,-6.553,36.000,-6.553,-3.647,0.248,0.436,0.758,2.219,9.339,2.248
a,96831,0.000,-6.468,36.000,-6.468,-3.691,0.035,0.161,-0.356,2.319,9.371,2.185
a,96835,0.000,-6.382,36.000,-6.382,-3.691,-0.026,-0.556,-0.341,2.288,9.365,2.128
a,96839,0.000,-6.296,36.000,-6.296,-3.735,-0.087,-0.388,-1.012,2.186,9.357,2.236
a,96843,0.000,-6.208,36.000,-6.208,-3.691,0.142,0.253,0.056,2.150,9.315,2.233
a,96847,0.000,-6.120,36.000,-6.120,-3.779,0.050,0.436,1.232,2.206,9.360,2.194
a,96851,0.000,-6.031,36.000,-6.031,-3.691,0.065,-0.266,-0.264,2.188,9.322,2.193
a,96856,0.000,-5.941,36.000,-5.941,-3.604,0.142,-0.434,0.560,2.172,9.371,2.264
a,96859,0.000,-5.850,36.000,-5.850,-3.164,0.126,-0.129,-0.478,2.109,9.328,2.211
a,96863,0.000,-5.759,36.000,-5.759,-3.208,0.035,0.451,0.224,2.148,9.319,2.269
a,96867,0.000,-5.667,36.000,-5.667,-3.164,0.035,0.268,0.774,2.274,9.325,2.144
a,96871,0.000,-5.574,36.000,-5.574,-3.120,-0.362,-0.434,-0.356,2.179,9.396,2.174
a,96875,0.000,-5.480,36.000,-5.480,-3.076,-0.194,-0.221,-0.188,2.237,9.321,2.258
a,96879,0.000,-5.385,36.000,-5.385,-2.417,-0.240,0.115,-0.188,2.137,9.373,2.194
a,96883,0.000,-5.290,36.000,-5.290,-1.011,0.187,0.375,-0.432,2.157,9.328,2.269
a,96888,0.000,-5.194,36.000,-5.194,-1.450,-0.210,0.008,-0.463,2.264,9.403,2.150
a,96891,0.000,-5.097,36.000,-5.097,-2.549,-0.210,-0.450,-0.463,2.228,9.395,2.200
a,96895,0.000,-5.000,36.000,-5.000,-2.461,-0.179,0.176,1.018,1.945,9.262,2.215
a,96899,0.000,-4.902,36.000,-4.902,-2.417,0.019,0.161,-0.020,2.261,9.345,2.188
a,96903,0.000,-4.803,36.000,-4.803,-2.241,0.035,0.726,0.499,2.204,9.295,2.077
a,96907,0.000,-4.703,36.000,-4.703,-2.241,0.050,-0.053,-1.180,2.272,9.386,2.188
a,96912,0.000,-4.603,36.000,-4.603,-2.285,-0.362,-0.648,-0.448,2.308,9.379,2.229
a,96916,0.000,-4.502,36.000,-4.502,-2.329,-0.072,0.222,0.071,2.053,9.335,2.198
a,96920,0.000,-4.401,36.000,-4.401,-2.285,0.019,0.268,-1.074,2.249,9.389,2.204
a,96923,0.000,-4.299,36.000,-4.299,-2.197,0.203,0.054,1.232,2.156,9.324,2.252
a,96927,0.000,-4.196,36.000,-4.196,-2.241,-0.148,-0.175,-1.608,2.223,9.305,2.198
a,96931,0.000,-4.093,36.000,-4.093,2.505,-0.377,-0.602,-0.936,2.255,9.376,2.170
a,96936,0.000,-3.989,36.000,-3.989,-1.670,-0.133,0.237,1.110,2.072,9.334,2.222
a,96940,0.000,-3.884,36.000,-3.884,-1.670,0.050,0.329,1.003,2.328,9.364,2.194
a,96944,0.000,-3.779,36.000,-3.779,-1.626,-0.210,-0.007,-1.119,2.079,9.346,2.163
a,96947,0.000,-3.673,36.000,-3.673,-1.538,0.248,-0.129,-0.371,2.273,9.386,2.243
a,96952,0.000,-3.567,36.000,-3.567,-1.450,-0.316,-0.175,-1.379,2.241,9.373,2.160
a,96955,0.000,-3.460,36.000,-3.460,1.318,0.294,0.329,0.652,1.913,9.426,2.351
a,96959,0.000,-3.353,36.000,-3.353,-0.439,0.035,0.390,0.285,2.382,9.245,2.227
a,96963,0.000,-3.245,36.000,-3.245,-0.308,0.187,-0.037,0.453,2.203,9.427,2.144
a,96967,0.000,-3.137,36.000,-3.137,-0.308,0.035,-0.007,-0.188,2.224,9.321,2.151
a,96971,0.000,-3.028,36.000,-3.028,-0.220,-0.347,-0.556,-0.066,2.282,9.321,2.215
a,96975,0.000,-2.919,36.000,-2.919,-0.176,0.264,0.115,-0.478,2.079,9.298,2.266
a,96979,0.000,-2.809,36.000,-2.809,-0.308,-0.133,0.161,0.850,2.243,9.367,2.169
a,96983,0.000,-2.699,36.000,-2.699,-0.176,0.172,0.008,-0.753,2.188,9.303,2.229
a,96987,0.000,-2.589,36.000,-2.589,-0.220,-0.042,0.237,0.713,2.222,9.327,2.182
a,96991,0.000,-2.478,36.000,-2.478,-0.308,-0.087,-0.175,-0.463,2.319,9.361,2.182
a,96995,0.000,-2.366,36.000,-2.366,1.318,0.187,0.115,0.224,2.132,9.278,2.237
a,97000,0.000,-2.255,36.000,-2.255,-0.132,-0.148,-0.114,-0.463,2.210,9.363,2.185
a,97003,0.000,-2.143,36.000,-2.143,-0.176,0.340,0.314,-0.493,2.140,9.254,2.229
a,97007,0.000,-2.030,36.000,-2.030,-0.176,0.157,0.390,1.094,2.152,9.335,2.175
a,97011,0.000,-1.917,36.000,-1.917,0.000,0.081,-0.495,-0.158,2.301,9.348,2.213
a,97015,0.000,-1.804,36.000,-1.804,0.483,-0.087,-0.159,-0.295,2.181,9.394,2.215
a,97019,0.000,-1.691,36.000,-1.691,0.571,-0.042,-0.037,0.468,2.132,9.372,2.237
a,97023,0.000,-1.577,36.000,-1.577,1.187,0.187,0.329,0.331,2.145,9.337,2.252
a,97027,0.000,-1.463,36.000,-1.463,1.758,0.172,0.253,-0.539,2.264,9.342,2.145
a,97031,0.000,-1.349,36.000,-1.349,1.362,0.035,-0.053,-0.188,2.204,9.339,2.145
a,97035,0.000,-1.234,36.000,-1.234,1.846,-0.148,-0.251,0.728,2.243,9.328,2.254
a,97040,0.000,-1.119,36.000,-1.119,1.802,-0.042,-0.037,0.407,2.222,9.312,2.253
a,97043,0.000,-1.004,36.000,-1.004,1.846,0.126,0.008,-0.692,2.128,9.335,2.180
a,97047,0.000,-0.889,36.000,-0.889,1.846,0.172,0.283,0.438,2.209,9.352,2.217
a,97051,0.000,-0.774,36.000,-0.774,1.934,0.081,0.329,-0.219,2.240,9.345,2.223
a,97055,0.000,-0.658,36.000,-0.658,1.802,-0.072,-0.388,0.087,2.230,9.377,2.175
a,97059,0.000,-0.542,36.000,-0.542,1.802,-0.301,-0.236,0.026,2.233,9.354,2.201
a,97064,0.000,-0.426,36.000,-0.426,1.802,0.019,0.070,0.239,2.172,9.336,2.225
a,97068,0.000,-0.310,36.000,-0.310,1.758,0.142,0.176,0.499,2.225,9.400,2.227
a,97072,0.000,-0.194,36.000,-0.194,1.934,0.035,0.070,0.789,2.186,9.367,2.206
a,97075,0.000,-0.078,36.000,-0.078,1.802,-0.148,0.115,-0.295,2.206,9.359,2.228
a,97079,0.000,0.038,36.000,0.038,1.890,0.248,-0.114,-0.096,2.233,9.293,2.230
a,97083,0.000,0.155,36.000,0.155,1.934,0.126,0.192,0.316,2.121,9.355,2.186
a,97088,0.000,0.271,36.000,0.271,2.461,-0.072,-0.144,0.514,2.313,9.357,2.201
a,97092,0.000,0.388,36.000,0.388,2.461,-0.240,0.131,0.728,2.076,9.342,2.173
a,97095,0.000,0.504,36.000,0.504,2.549,0.065,0.161,-0.478,2.204,9.357,2.237
a,97100,0.000,0.621,36.000,0.621,2.549,-0.011,0.390,1.064,2.162,9.319,2.204
a,97103,0.000,0.737,36.000,0.737,2.725,0.019,0.253,-0.585,2.108,9.403,2.230
a,97107,0.000,0.854,36.000,0.854,2.769,-0.087,-0.037,0.514,2.328,9.377,2.224
a,97111,0.000,0.970,36.000,0.970,3.120,0.035,-0.037,0.682,2.187,9.330,2.166
a,97115,0.000,1.087,36.000,1.087,2.769,-0.042,-0.282,-0.783,2.215,9.379,2.191
a,97119,0.000,1.203,36.000,1.203,3.164,-0.133,-0.312,0.957,2.217,9.299,2.249
a,97123,0.000,1.319,36.000,1.319,3.164,-0.026,-0.053,0.362,2.119,9.342,2.249
a,97127,0.000,1.436,36.000,1.436,3.252,0.081,0.115,0.117,2.277,9.324,2.112
a,97131,0.000,1.552,36.000,1.552,3.340,0.142,0.253,-0.051,2.203,9.303,2.213
a,97135,0.000,1.667,36.000,1.667,3.340,0.065,-0.221,-1.135,2.212,9.365,2.191
a,97139,0.000,1.783,36.000,1.783,3.428,-0.194,-0.053,0.789,2.203,9.305,2.235
a,97143,0.000,1.899,36.000,1.899,3.428,0.142,0.268,0.270,2.144,9.337,2.201
a,97147,0.000,2.014,36.000,2.014,3.867,-0.179,-0.159,1.186,2.218,9.378,2.211
a,97152,0.000,2.129,36.000,2.129,3.999,0.096,0.237,1.537,2.110,9.311,2.253
a,97155,0.000,2.244,36.000,2.244,4.087,0.035,0.054,-0.020,2.288,9.340,2.198
a,97159,0.000,2.359,36.000,2.359,4.087,0.019,-0.129,-0.845,2.257,9.353,2.132
a,97163,0.000,2.473,36.000,2.473,4.219,0.142,0.161,-0.264,2.193,9.377,2.180
a,97167,0.000,2.588,36.000,2.588,4.175,-0.347,-0.282,0.133,2.292,9.357,2.224
a,97171,0.000,2.701,36.000,2.701,4.570,0.065,-0.221,-0.906,2.219,9.306,2.186
a,97175,0.000,2.815,36.000,2.815,4.570,-0.133,-0.266,-0.081,2.156,9.340,2.200
a,97179,0.000,2.928,36.000,2.928,4.658,0.126,0.558,0.591,2.140,9.284,2.291
a,97183,0.000,3.041,36.000,3.041,4.746,0.279,0.497,-0.280,2.197,9.339,2.182
a,97187,0.000,3.154,36.000,3.154,4.878,-0.026,-0.327,0.133,2.288,9.420,2.175
a,97192,0.000,3.266,36.000,3.266,5.361,-0.408,-0.450,0.133,2.173,9.392,2.224
a,97196,0.000,3.378,36.000,3.378,5.537,0.096,0.268,0.926,1.981,9.379,2.283
a,97199,0.000,3.489,36.000,3.489,5.977,0.248,0.528,1.079,2.296,9.294,2.197
a,97203,0.000,3.600,36.000,3.600,5.977,0.157,0.405,1.217,2.204,9.316,2.093
a,97207,0.000,3.711,36.000,3.711,6.021,0.126,-0.434,-1.730,2.328,9.324,2.207
a,97211,0.000,3.821,36.000,3.821,6.108,-0.225,-0.984,1.262,2.286,9.377,2.180
a,97215,0.000,3.931,36.000,3.931,6.021,0.172,0.482,-0.707,2.006,9.303,2.249
a,97220,0.000,4.040,36.000,4.040,6.064,0.081,0.512,0.484,2.251,9.378,2.179
a,97224,0.000,4.149,36.000,4.149,6.021,0.340,0.467,0.316,2.194,9.292,2.240
a,97228,0.000,4.257,36.000,4.257,6.021,-0.210,-0.541,-0.631,2.313,9.388,2.112
a,97231,0.000,4.364,36.000,4.364,6.021,-0.301,-0.633,0.865,2.249,9.330,2.242
a,97235,0.000,4.471,36.000,4.471,6.064,0.340,0.283,0.209,2.045,9.312,2.224
a,97240,0.000,4.578,36.000,4.578,5.977,0.279,0.390,0.102,2.272,9.333,2.215
a,97243,0.000,4.684,36.000,4.684,5.977,-0.194,0.039,0.194,2.280,9.360,2.185
a,97248,0.000,4.789,36.000,4.789,6.021,-0.148,-0.617,-1.364,2.269,9.365,2.166
a,97251,0.000,4.894,36.000,4.894,6.064,-0.240,-0.053,0.407,2.212,9.353,2.233
a,97255,0.000,4.998,36.000,4.998,6.064,-0.026,0.268,0.453,2.048,9.274,2.264
a,97259,0.000,5.101,36.000,5.101,6.108,0.248,0.421,-0.387,2.308,9.331,2.223
a,97263,0.000,5.204,36.000,5.204,6.768,-0.301,0.161,0.575,2.327,9.363,2.119
a,97267,0.000,5.306,36.000,5.306,6.592,-0.210,-0.373,-1.547,2.212,9.335,2.188
a,97271,0.000,5.408,36.000,5.408,6.328,-0.072,-0.312,1.507,2.166,9.319,2.278
a,97275,0.000,5.508,36.000,5.508,6.768,-0.133,0.054,-0.081,2.160,9.365,2.219
a,97279,0.000,5.608,36.000,5.608,6.855,-0.240,0.253,-0.203,2.088,9.407,2.194
a,97283,0.000,5.707,36.000,5.707,6.899,0.065,0.008,0.010,2.395,9.355,2.282
a,97287,0.000,5.806,36.000,5.806,7.690,-0.347,-0.114,-0.081,2.277,9.321,2.128
a,97292,0.000,5.903,36.000,5.903,11.030,-0.148,-0.129,-0.845,2.152,9.292,2.156
a,97296,0.000,6.000,36.000,6.000,7.603,-0.072,-0.053,-0.081,2.186,9.353,2.272
a,97300,0.000,6.096,36.000,6.096,8.042,0.203,0.344,1.583,2.069,9.408,2.258
a,97304,0.000,6.191,36.000,6.191,8.218,0.187,-0.037,0.667,2.188,9.547,2.195
a,97307,0.000,6.286,36.000,6.286,8.745,0.004,-0.053,-1.012,2.288,9.269,2.191
a,97311,0.000,6.379,36.000,6.379,8.438,0.019,0.176,0.239,2.157,9.353,2.155
a,97315,0.000,6.472,36.000,6.472,8.745,-0.026,-0.236,-0.188,2.237,9.328,2.278
a,97319,0.000,6.564,36.000,6.564,8.394,0.035,-0.327,0.239,2.225,9.297,2.201
a,97323,0.000,6.655,36.000,6.655,8.789,0.081,-0.373,0.392,2.191,9.369,2.175
a,97327,0.000,6.745,36.000,6.745,8.745,-0.042,0.115,-0.081,2.209,9.339,2.215
a,97331,0.000,6.834,36.000,6.834,8.789,0.019,0.558,0.713,2.206,9.301,2.234
a,97335,0.000,6.922,36.000,6.922,8.745,0.050,0.161,-1.074,2.240,9.390,2.161
a,97340,0.000,7.009,36.000,7.009,8.789,0.019,-0.358,0.300,2.225,9.313,2.211
a,97344,0.000,7.095,36.000,7.095,8.789,-0.103,-0.053,-0.677,2.199,9.322,2.206
a,97347,0.000,7.180,36.000,7.180,8.394,0.157,-0.053,0.942,2.188,9.335,2.221
a,97351,0.000,7.264,36.000,7.264,8.745,-0.072,-0.236,-0.356,2.264,9.380,2.206
a,97355,0.000,7.347,36.000,7.347,10.854,0.081,0.054,-0.158,2.132,9.385,2.169
a,97359,0.000,7.429,36.000,7.429,8.921,0.096,0.131,1.003,2.160,9.346,2.312
a,97363,0.000,7.510,36.000,7.510,8.965,-0.042,-0.068,-0.570,2.334,9.295,2.116
a,97367,0.000,7.590,36.000,7.590,8.921,-0.210,-0.373,0.194,2.272,9.298,2.096
a,97372,0.000,7.669,36.000,7.669,8.965,0.050,0.237,1.278,2.082,9.351,2.265
a,97376,0.000,7.747,36.000,7.747,9.097,-0.133,-0.144,0.789,2.240,9.394,2.258
a,97379,0.000,7.824,36.000,7.824,9.053,-0.301,0.207,0.117,2.116,9.418,2.157
a,97383,0.000,7.899,36.000,7.899,9.580,0.340,0.451,0.377,2.059,9.367,2.320
a,97388,0.000,7.974,36.000,7.974,9.668,0.187,-0.098,0.606,2.452,9.319,2.161
a,97392,0.000,8.047,36.000,8.047,9.756,-0.164,0.054,-0.845,2.152,9.345,2.122
a,97395,0.000,8.119,36.000,8.119,10.195,-0.072,-0.465,0.896,2.265,9.467,2.309
a,97400,0.000,8.190,36.000,8.190,10.195,0.233,0.115,-1.074,2.222,9.206,2.233
a,97403,0.000,8.260,36.000,8.260,10.239,-0.148,-0.373,-0.509,2.201,9.464,2.075
a,97407,0.000,8.328,36.000,8.328,10.239,-0.347,-0.175,-0.142,2.189,9.323,2.278
a,97411,0.000,8.396,36.000,8.396,10.283,0.248,0.329,0.484,2.137,9.251,2.235
a,97415,0.000,8.462,36.000,8.462,10.195,-0.148,-0.053,-0.142,2.284,9.408,2.122
a,97419,0.000,8.527,36.000,8.527,10.195,0.142,0.054,0.392,2.209,9.303,2.243
a,97423,0.000,8.590,36.000,8.590,10.195,0.035,-0.175,-0.295,2.248,9.371,2.185
a,97427,0.000,8.653,36.000,8.653,10.239,-0.133,-0.282,0.026,2.191,9.329,2.224
a,97431,0.000,8.714,36.000,8.714,10.195,0.294,0.451,0.652,2.144,9.317,2.223
a,97435,0.000,8.774,36.000,8.774,10.195,0.187,0.024,0.285,2.264,9.371,2.186
a,97439,0.000,8.832,36.000,8.832,10.195,0.081,-0.007,0.117,2.234,9.325,2.200
a,97443,0.000,8.889,36.000,8.889,10.239,0.187,-0.266,-0.158,2.160,9.351,2.227
a,97447,0.000,8.945,36.000,8.945,10.239,-0.042,0.100,-0.509,2.203,9.352,2.233
a,97452,0.000,9.000,36.000,9.000,10.415,0.340,0.329,-0.982,2.194,9.306,2.176
a,97455,0.000,9.053,36.000,9.053,10.415,-0.057,-0.053,1.400,2.269,9.388,2.185
a,97459,0.000,9.105,36.000,9.105,10.371,0.096,-0.053,1.110,2.224,9.364,2.278
a,97463,0.000,9.156,36.000,9.156,10.415,0.035,-0.266,-0.402,2.259,9.324,2.132
a,97467,0.000,9.205,36.000,9.205,10.503,-0.072,-0.495,-0.020,2.212,9.363,2.261
a,97471,0.000,9.252,36.000,9.252,10.854,0.416,0.589,0.056,2.115,9.383,2.303
a,97475,0.000,9.299,36.000,9.299,10.986,-0.026,0.268,-0.371,2.178,9.382,2.209
a,97479,0.000,9.344,36.000,9.344,10.942,0.279,-0.114,-0.096,2.370,9.301,2.178
a,97483,0.000,9.387,36.000,9.387,11.074,0.172,-0.556,-0.783,2.186,9.406,2.064
a,97487,0.000,9.429,36.000,9.429,11.030,-0.347,-0.343,-0.081,2.241,9.389,2.336
a,97491,0.000,9.470,36.000,9.470,11.074,0.172,0.115,0.071,2.197,9.319,2.243
a,97495,0.000,9.509,36.000,9.509,11.074,-0.133,0.024,0.575,2.266,9.379,2.119
a,97500,0.000,9.547,36.000,9.547,11.162,0.050,-0.205,0.957,2.168,9.363,2.233
a,97504,0.000,9.584,36.000,9.584,11.074,0.355,0.253,-0.051,2.217,9.306,2.219
a,97507,0.000,9.618,36.000,9.618,11.162,0.065,-0.144,2.331,2.266,9.400,2.144
a,97511,0.000,9.652,36.000,9.652,11.074,-0.042,-0.236,-1.501,2.212,9.371,2.207
a,97515,0.000,9.684,36.000,9.684,11.074,-0.133,0.008,0.575,2.234,9.346,2.230
a,97519,0.000,9.714,36.000,9.714,11.162,0.081,0.008,0.453,2.179,9.373,2.236
a,97523,0.000,9.743,36.000,9.743,11.030,0.081,0.375,-0.005,2.188,9.345,2.206
a,97528,0.000,9.771,36.000,9.771,11.074,0.019,-0.205,0.621,2.306,9.352,2.162
a,97532,0.000,9.796,36.000,9.796,11.118,-0.072,-0.114,-0.020,2.212,9.354,2.215
a,97536,0.000,9.821,36.000,9.821,11.074,-0.103,-0.221,-0.890,2.203,9.323,2.199
a,97539,0.000,9.844,36.000,9.844,11.074,0.279,0.054,0.178,2.233,9.339,2.197
a,97543,0.000,9.865,36.000,9.865,11.030,0.081,0.268,0.163,2.194,9.328,2.217
a,97547,0.000,9.885,36.000,9.885,11.074,0.019,0.070,0.239,2.290,9.352,2.189
a,97551,0.000,9.903,36.000,9.903,11.074,-0.072,-0.205,0.575,2.217,9.353,2.206
a,97555,0.000,9.920,36.000,9.920,11.514,-0.042,-0.114,-1.012,2.197,9.331,2.221
a,97559,0.000,9.935,36.000,9.935,11.118,-0.087,-0.068,-0.890,2.132,9.310,2.230
a,97563,0.000,9.948,36.000,9.948,11.162,0.310,0.665,1.094,2.206,9.274,2.230
a,97567,0.000,9.960,36.000,9.960,11.206,0.035,0.146,0.026,2.271,9.336,2.112
a,97571,0.000,9.971,36.000,9.971,11.558,-0.194,-0.373,0.362,2.163,9.374,2.227
a,97575,0.000,9.980,36.000,9.980,11.206,0.019,-0.053,-0.295,2.248,9.363,2.236
a,97579,0.000,9.987,36.000,9.987,11.250,-0.072,-0.007,0.087,2.217,9.360,2.161
a,97583,0.000,9.993,36.000,9.993,11.602,-0.087,0.237,0.606,2.144,9.388,2.184
a,97588,0.000,9.997,36.000,9.997,11.162,-0.026,0.131,0.728,2.264,9.339,2.217
a,97591,0.000,9.999,36.000,9.999,11.558,-0.042,0.008,-1.333,2.241,9.346,2.191
a,97596,0.000,10.000,36.000,10.000,11.162,-0.194,0.161,0.362,2.212,9.331,2.204
a,97599,0.000,9.999,36.000,9.999,11.602,0.126,0.070,0.835,2.234,9.353,2.205
a,97603,0.000,9.997,36.000,9.997,11.162,0.065,0.268,-0.814,2.203,9.340,2.192
a,97608,0.000,9.993,36.000,9.993,11.074,0.096,-0.053,1.003,2.210,9.361,2.180
a,97612,0.000,9.987,36.000,9.987,11.602,0.050,0.008,-0.799,2.235,9.376,2.191
a,97616,0.000,9.980,36.000,9.980,11.558,0.035,0.054,0.362,2.201,9.363,2.217
a,97619,0.000,9.971,36.000,9.971,11.206,0.050,0.054,-1.394,2.210,9.323,2.193
a,97623,0.000,9.961,36.000,9.961,11.602,0.081,-0.007,0.178,2.204,9.369,2.217
a,97627,0.000,9.949,36.000,9.949,11.162,-0.148,-0.053,-0.951,2.237,9.359,2.213
a,97631,0.000,9.935,36.000,9.935,11.602,-0.133,-0.114,-0.188,2.212,9.339,2.213
a,97635,0.000,9.920,36.000,9.920,11.206,-0.026,0.054,-0.020,2.228,9.357,2.194
a,97640,0.000,9.903,36.000,9.903,11.602,0.142,0.070,0.713,2.212,9.335,2.207
a,97644,0.000,9.885,36.000,9.885,11.558,-0.316,0.100,-0.509,2.194,9.376,2.194
a,97647,0.000,9.865,36.000,9.865,11.558,-0.133,0.070,0.300,2.246,9.365,2.209
a,97652,0.000,9.843,36.000,9.843,11.602,-0.087,0.024,0.362,2.212,9.365,2.191
a,97656,0.000,9.820,36.000,9.820,11.602,0.142,0.100,-0.264,2.212,9.354,2.198
a,97659,0.000,9.795,36.000,9.795,11.602,-0.072,-0.053,0.133,2.212,9.363,2.201
a,97663,0.000,9.768,36.000,9.768,11.602,-0.225,0.222,-0.646,2.230,9.352,2.199
a,97667,0.000,9.740,36.000,9.740,11.162,-0.194,-0.098,0.850,2.234,9.346,2.186
a,97671,0.000,9.710,36.000,9.710,11.646,-0.087,0.039,-0.463,2.234,9.349,2.217
a,97675,0.000,9.678,36.000,9.678,11.602,0.019,0.039,-1.501,2.215,9.348,2.204
a,97679,0.000,9.645,36.000,9.645,11.206,0.142,0.237,0.820,2.234,9.342,2.198
a,97683,0.000,9.611,36.000,9.611,11.558,0.019,-0.068,-0.783,2.215,9.346,2.186
a,97687,0.000,9.574,36.000,9.574,11.206,-0.072,-0.114,0.133,2.218,9.360,2.172
a,97691,0.000,9.537,36.000,9.537,11.733,-0.087,-0.282,-1.058,2.210,9.351,2.209
a,97695,0.000,9.497,36.000,9.497,11.250,-0.057,-0.159,1.125,2.212,9.374,2.219
a,97700,0.000,9.456,36.000,9.456,11.250,0.050,0.131,1.613,2.204,9.367,2.194
a,97703,0.000,9.413,36.000,9.413,11.558,0.187,-0.236,-0.417,2.209,9.377,2.186
a,97707,0.000,9.369,36.000,9.369,11.162,-0.194,0.131,0.682,2.203,9.342,2.186
a,97711,0.000,9.323,36.000,9.323,11.602,0.019,0.008,-0.631,2.204,9.340,2.191
a,97715,0.000,9.276,36.000,9.276,11.206,0.035,0.070,1.018,2.203,9.334,2.225
a,97719,0.000,9.227,36.000,9.227,11.602,-0.148,-0.114,-1.226,2.224,9.354,2.209
a,97723,0.000,9.176,36.000,9.176,11.206,-0.072,0.161,-0.081,2.224,9.334,2.201
a,97727,0.000,9.124,36.000,9.124,11.250,0.264,0.054,1.552,2.219,9.325,2.201
a,97731,0.000,9.070,36.000,9.070,11.206,0.065,0.039,-1.623,2.206,9.335,2.213
a,97735,0.000,9.015,36.000,9.015,11.602,0.218,0.222,-0.707,2.199,9.327,2.188
a,97739,0.000,8.958,36.000,8.958,11.558,0.035,0.054,0.407,2.203,9.321,2.194
a,97743,0.000,8.900,36.000,8.900,11.162,-0.042,-0.053,-0.570,2.230,9.354,2.188
a,97748,0.000,8.840,36.000,8.840,11.558,-0.148,-0.129,-0.631,2.225,9.367,2.213
a,97752,0.000,8.778,36.000,8.778,11.602,-0.240,-0.053,-0.142,2.209,9.336,2.233
a,97755,0.000,8.715,36.000,8.715,11.602,-0.148,0.146,-0.509,2.222,9.351,2.204
a,97759,0.000,8.651,36.000,8.651,11.646,-0.087,-0.037,0.239,2.218,9.295,2.188
a,97763,0.000,8.585,36.000,8.585,11.206,0.187,0.161,0.560,2.212,9.349,2.192
a,97767,0.000,8.517,36.000,8.517,11.206,0.019,0.054,-1.440,2.230,9.339,2.201
a,97771,0.000,8.448,36.000,8.448,11.558,-0.255,0.146,-1.012,2.230,9.330,2.195
a,97775,0.000,8.378,36.000,8.378,11.206,0.081,0.008,0.224,2.217,9.365,2.194
a,97780,0.000,8.306,36.000,8.306,11.206,0.019,-0.053,-1.058,2.243,9.339,2.185
a,97784,0.000,8.233,36.000,8.233,11.602,-0.072,-0.053,0.194,2.175,9.364,2.227
a,97787,0.000,8.158,36.000,8.158,11.602,0.172,-0.129,-0.585,2.218,9.352,2.224
a,97791,0.000,8.081,36.000,8.081,11.602,0.081,0.115,-0.096,2.199,9.349,2.206
a,97795,0.000,8.004,36.000,8.004,11.162,-0.087,-0.114,-0.738,2.191,9.354,2.221
a,97799,0.000,7.925,36.000,7.925,11.206,0.126,-0.053,-0.264,2.246,9.359,2.209
a,97803,0.000,7.844,36.000,7.844,11.602,0.035,0.039,-0.081,2.204,9.371,2.209
a,97807,0.000,7.762,36.000,7.762,11.602,0.019,0.100,-1.501,2.201,9.340,2.194
a,97811,0.000,7.679,36.000,7.679,11.602,-0.194,-0.068,-0.142,2.215,9.343,2.192
a,97815,0.000,7.594,36.000,7.594,11.250,-0.072,-0.053,0.239,2.219,9.352,2.200
a,97819,0.000,7.508,36.000,7.508,11.250,-0.087,0.070,-0.417,2.178,9.406,2.205
a,97823,0.000,7.421,36.000,7.421,12.305,-0.194,-0.175,0.133,2.272,9.397,2.206
a,97827,0.000,7.332,36.000,7.332,11.162,-0.087,0.039,-1.440,2.155,9.346,2.204
a,97831,0.000,7.242,36.000,7.242,11.602,0.004,0.115,-0.845,2.199,9.358,2.176
a,97835,0.000,7.151,36.000,7.151,11.162,-0.087,0.344,0.285,2.222,9.298,2.221
a,97839,0.000,7.058,36.000,7.058,11.602,-0.439,-0.037,1.079,2.150,9.459,2.233
a,97843,0.000,6.964,36.000,6.964,11.646,0.126,0.451,0.209,2.255,9.327,2.201
a,97848,0.000,6.869,36.000,6.869,10.898,-0.255,-0.114,-0.677,2.313,9.339,2.143
a,97851,0.000,6.772,36.000,6.772,12.437,0.019,-0.419,-0.035,2.246,9.294,2.188
a,97855,0.000,6.674,36.000,6.674,10.459,0.142,0.543,-0.432,2.121,9.292,2.237
a,97859,0.000,6.575,36.000,6.575,10.898,0.065,0.344,0.377,2.259,9.394,2.201
a,97863,0.000,6.475,36.000,6.475,10.942,0.065,-0.129,-1.348,2.225,9.321,2.195
a,97868,0.000,6.374,36.000,6.374,10.371,0.187,-0.221,0.606,2.315,9.306,2.156
a,97872,0.000,6.271,36.000,6.271,10.371,-0.347,-0.770,-0.127,2.235,9.439,2.198
a,97876,0.000,6.168,36.000,6.168,13.184,0.065,0.329,-0.325,2.108,9.410,2.309
a,97879,0.000,6.063,36.000,6.063,10.283,0.203,0.283,1.262,2.240,9.412,2.206
a,97883,0.000,5.957,36.000,5.957,10.283,-0.240,0.268,-0.158,2.255,9.507,2.206
a,97887,0.000,5.849,36.000,5.849,10.195,-0.072,-0.419,0.575,2.411,9.432,2.173
a,97892,0.000,5.741,36.000,5.741,14.546,-0.194,-0.541,0.591,2.277,9.325,2.163
a,97896,0.000,5.632,36.000,5.632,9.668,0.081,0.833,0.758,1.985,9.282,2.201
a,97899,0.000,5.522,36.000,5.522,9.492,0.187,0.619,0.331,2.243,9.249,2.258
a,97904,0.000,5.410,36.000,5.410,9.097,-0.347,-0.984,-0.280,2.327,9.288,2.194
a,97907,0.000,5.298,36.000,5.298,9.097,-0.194,-0.434,-0.356,2.199,9.291,2.195
a,97911,0.000,5.184,36.000,5.184,9.448,-0.133,-0.007,0.133,2.097,9.389,2.191
a,97915,0.000,5.070,36.000,5.070,9.097,0.355,0.925,0.529,2.085,9.328,2.312
a,97919,0.000,4.954,36.000,4.954,9.097,0.035,0.222,-0.158,2.375,9.379,2.103
a,97923,0.000,4.838,36.000,4.838,9.448,-0.194,-0.755,-0.280,2.343,9.369,2.143
a,97927,0.000,4.720,36.000,4.720,9.097,-0.042,-0.388,-0.631,2.085,9.315,2.258
a,97931,0.000,4.602,36.000,4.602,9.097,-0.042,0.039,-0.890,2.142,9.321,2.224
a,97935,0.000,4.483,36.000,4.483,9.097,0.416,0.925,0.255,2.110,9.415,2.204
a,97939,0.000,4.363,36.000,4.363,8.965,-0.026,0.131,0.468,2.483,9.420,2.119
a,97943,0.000,4.242,36.000,4.242,12.612,-0.316,-0.923,-0.341,2.249,9.380,2.186
a,97947,0.000,4.120,36.000,4.120,8.833,0.294,0.131,0.499,1.938,9.236,2.269
a,97952,0.000,3.998,36.000,3.998,8.262,0.142,0.711,0.163,2.097,9.243,2.271
a,97955,0.000,3.874,36.000,3.874,8.262,0.142,0.100,0.010,2.342,9.373,2.161
a,97960,0.000,3.750,36.000,3.750,8.086,-0.301,-0.770,0.102,2.391,9.324,2.114
a,97963,0.000,3.625,36.000,3.625,9.668,-0.515,-0.770,-0.280,2.140,9.322,2.249
a,97967,0.000,3.499,36.000,3.499,7.734,0.142,0.390,-0.051,2.079,9.264,2.237
a,97971,0.000,3.373,36.000,3.373,7.646,0.142,0.757,0.652,2.243,9.339,2.119
a,97975,0.000,3.246,36.000,3.246,7.471,0.019,-0.343,-1.165,2.328,9.388,2.173
a,97979,0.000,3.118,36.000,3.118,7.427,-0.225,-0.602,1.033,2.266,9.291,2.246
a,97983,0.000,2.990,36.000,2.990,6.899,-0.271,-0.266,-0.845,2.090,9.355,2.180
a,97987,0.000,2.861,36.000,2.861,6.943,0.019,0.604,-0.035,2.090,9.380,2.270
a,97991,0.000,2.731,36.000,2.731,6.987,0.187,0.451,0.331,2.274,9.353,2.206
a,97995,0.000,2.601,36.000,2.601,6.899,-0.194,-0.221,-0.142,2.308,9.359,2.128
a,98000,0.000,2.470,36.000,2.470,6.943,0.065,-0.327,-0.203,2.241,9.343,2.132
a,98004,0.000,2.339,36.000,2.339,9.492,0.126,0.329,-0.325,2.100,9.279,2.205
a,98008,0.000,2.207,36.000,2.207,6.812,0.126,0.619,0.148,2.187,9.297,2.221
a,98011,0.000,2.075,36.000,2.075,6.855,0.019,-0.175,-0.570,2.315,9.330,2.137
a,98015,0.000,1.942,36.000,1.942,6.768,-0.072,-0.465,0.362,2.203,9.365,2.182
a,98019,0.000,1.809,36.000,1.809,10.195,0.065,-0.236,-1.287,2.210,9.349,2.236
a,98023,0.000,1.675,36.000,1.675,6.680,-0.118,0.329,1.384,2.223,9.337,2.217
a,98027,0.000,1.541,36.000,1.541,6.240,-0.011,0.222,1.003,2.113,9.224,2.206
a,98031,0.000,1.407,36.000,1.407,6.064,0.035,-0.450,0.087,2.500,9.410,2.108
a,98036,0.000,1.272,36.000,1.272,5.933,-0.515,-0.343,-0.295,2.112,9.291,2.194
a,98040,0.000,1.137,36.000,1.137,5.361,0.294,0.558,0.377,2.076,9.313,2.240
a,98043,0.000,1.002,36.000,1.002,4.878,0.142,0.512,0.484,2.297,9.328,2.108
a,98047,0.000,0.866,36.000,0.866,4.746,-0.042,-0.327,0.026,2.297,9.301,2.110
a,98051,0.000,0.730,36.000,0.730,4.702,-0.301,-1.091,0.423,2.337,9.392,2.288
a,98055,0.000,0.594,36.000,0.594,4.614,-0.042,-0.221,-0.356,2.106,9.304,2.193
a,98059,0.000,0.458,36.000,0.458,4.746,0.416,0.970,-0.127,2.064,9.339,2.211
a,98063,0.000,0.321,36.000,0.321,4.790,0.248,0.344,0.377,2.334,9.382,2.192
a,98067,0.000,0.185,36.000,0.185,4.702,-0.026,-0.251,0.575,2.343,9.349,2.217
a,98071,0.000,0.048,36.000,0.048,4.658,-0.133,-0.709,0.377,2.265,9.369,2.169
a,98075,0.000,-0.089,36.000,-0.089,4.658,0.019,-0.053,-0.402,2.079,9.316,2.269
a,98079,0.000,-0.226,36.000,-0.226,4.570,0.630,0.818,0.163,2.193,9.287,2.180
a,98083,0.000,-0.363,36.000,-0.363,4.570,0.081,-0.129,0.178,2.393,9.377,2.103
a,98087,0.000,-0.500,36.000,-0.500,4.570,-0.316,-0.648,-0.997,2.279,9.365,2.160
a,98092,0.000,-0.637,36.000,-0.637,4.043,-0.301,-0.587,0.529,2.175,9.374,2.259
a,98096,0.000,-0.774,36.000,-0.774,3.999,0.065,0.375,-1.196,2.125,9.330,2.201
a,98099,0.000,-0.911,36.000,-0.911,3.955,0.371,0.512,1.049,2.237,9.353,2.179
a,98103,0.000,-1.048,36.000,-1.048,8.130,0.065,-0.434,-0.158,2.312,9.404,2.197
a,98108,0.000,-1.185,36.000,-1.185,3.867,-0.011,-0.327,1.018,2.228,9.367,2.204
a,98111,0.000,-1.321,36.000,-1.321,3.472,0.081,0.008,0.285,2.194,9.357,2.201
a,98116,0.000,-1.458,36.000,-1.458,3.472,0.126,0.650,-0.768,2.152,9.303,2.198
a,98120,0.000,-1.594,36.000,-1.594,3.384,0.187,0.039,1.583,2.321,9.420,2.197
a,98124,0.000,-1.730,36.000,-1.730,5.317,-0.057,-0.419,1.079,2.248,9.297,2.223
a,98127,0.000,-1.866,36.000,-1.866,3.252,0.019,-0.114,-0.463,2.137,9.270,2.201
a,98131,0.000,-2.001,36.000,-2.001,3.164,0.019,0.619,0.667,2.191,9.336,2.193
a,98136,0.000,-2.136,36.000,-2.136,2.769,0.218,0.161,-0.753,2.204,9.298,2.206
a,98140,0.000,-2.271,36.000,-2.271,2.549,-0.271,-0.602,-0.936,2.364,9.352,2.191
a,98143,0.000,-2.406,36.000,-2.406,2.549,-0.362,-0.801,0.377,2.215,9.313,2.176
a,98148,0.000,-2.540,36.000,-2.540,2.109,-0.301,0.451,1.598,2.037,9.341,2.228
a,98151,0.000,-2.674,36.000,-2.674,3.823,0.233,0.818,-0.600,2.170,9.293,2.264
a,98155,0.000,-2.807,36.000,-2.807,2.065,0.142,0.558,0.865,2.300,9.327,2.119
a,98159,0.000,-2.940,36.000,-2.940,1.890,-0.408,-0.648,0.423,2.350,9.378,2.173
a,98163,0.000,-3.072,36.000,-3.072,1.362,-0.240,-0.969,0.865,2.253,9.412,2.237
a,98167,0.000,-3.204,36.000,-3.204,1.274,0.065,-0.068,-1.028,2.142,9.317,2.192
a,98171,0.000,-3.336,36.000,-3.336,1.099,0.416,0.512,0.591,2.251,9.420,2.148
a,98175,0.000,-3.467,36.000,-3.467,0.703,0.019,-0.068,-1.501,2.217,9.359,2.221
a,98179,0.000,-3.597,36.000,-3.597,0.703,0.019,-0.282,-0.570,2.251,9.295,2.213
a,98183,0.000,-3.726,36.000,-3.726,0.703,-0.042,-0.114,-0.020,2.233,9.330,2.170
a,98187,0.000,-3.855,36.000,-3.855,1.055,0.096,0.268,1.155,2.134,9.340,2.209
a,98191,0.000,-3.984,36.000,-3.984,0.703,0.157,0.237,1.583,2.228,9.339,2.227
a,98195,0.000,-4.111,36.000,-4.111,1.099,-0.194,-0.053,0.133,2.279,9.394,2.167
a,98200,0.000,-4.238,36.000,-4.238,0.703,-0.087,-0.388,-0.890,2.249,9.270,2.156
a,98203,0.000,-4.364,36.000,-4.364,0.615,0.019,0.024,0.362,2.163,9.293,2.228
a,98207,0.000,-4.490,36.000,-4.490,0.483,-0.026,0.039,0.194,2.184,9.317,2.219
a,98211,0.000,-4.614,36.000,-4.614,0.439,-0.026,0.008,0.728,2.255,9.346,2.163
a,98215,0.000,-4.738,36.000,-4.738,0.527,-0.316,-0.053,-0.249,2.222,9.352,2.178
a,98219,0.000,-4.861,36.000,-4.861,0.396,-0.133,-0.068,0.194,2.225,9.340,2.211
a,98223,0.000,-4.983,36.000,-4.983,0.352,-0.072,-0.114,-0.142,2.166,9.335,2.227
a,98227,0.000,-5.104,36.000,-5.104,-0.044,0.081,-0.037,0.560,2.255,9.353,2.176
a,98231,0.000,-5.225,36.000,-5.225,-0.088,0.081,0.070,1.384,2.173,9.404,2.189
a,98235,0.000,-5.344,36.000,-5.344,-0.088,0.019,-0.068,-1.058,2.257,9.395,2.200
a,98239,0.000,-5.462,36.000,-5.462,-0.220,0.172,0.436,0.163,2.163,9.304,2.205
a,98243,0.000,-5.579,36.000,-5.579,1.318,-0.087,-0.129,-0.738,2.230,9.507,2.200
a,98248,0.000,-5.696,36.000,-5.696,-0.747,-0.133,-0.495,-0.020,2.515,9.396,2.185
a,98252,0.000,-5.811,36.000,-5.811,-1.011,-0.271,-0.251,-0.585,2.137,9.409,2.101
a,98256,0.000,-5.925,36.000,-5.925,-1.055,-0.103,-0.266,-0.631,2.156,9.316,2.313
a,98259,0.000,-6.038,36.000,-6.038,-1.055,0.279,0.619,0.758,2.184,9.244,2.225
a,98263,0.000,-6.150,36.000,-6.150,-1.011,-0.072,0.237,0.346,2.324,9.428,2.128
a,98267,0.000,-6.261,36.000,-6.261,-1.011,0.004,-0.266,-0.463,2.266,9.355,2.199
a,98271,0.000,-6.370,36.000,-6.370,-1.055,-0.255,-0.343,-0.570,2.259,9.323,2.163
a,98275,0.000,-6.479,36.000,-6.479,-1.011,0.111,0.497,-0.875,2.115,9.343,2.234
a,98279,0.000,-6.586,36.000,-6.586,-1.494,0.142,-0.144,0.774,2.383,9.334,2.150
a,98284,0.000,-6.692,36.000,-6.692,-1.582,-0.072,-0.221,0.468,2.219,9.342,2.150
a,98288,0.000,-6.796,36.000,-6.796,-1.626,-0.240,-0.434,0.194,2.179,9.325,2.233
a,98291,0.000,-6.900,36.000,-6.900,-1.626,0.081,0.100,-0.096,2.233,9.306,2.180
a,98295,0.000,-7.002,36.000,-7.002,-1.538,0.233,0.543,-0.661,2.188,9.330,2.185
a,98299,0.000,-7.102,36.000,-7.102,-1.758,0.203,0.024,1.446,2.249,9.307,2.235
a,98303,0.000,-7.201,36.000,-7.201,-1.802,-0.026,-0.266,0.621,2.235,9.365,2.264
a,98307,0.000,-7.299,36.000,-7.299,-2.153,-0.133,-0.282,-0.142,2.168,9.382,2.230
a,98311,0.000,-7.396,36.000,-7.396,-2.329,0.019,0.131,0.300,2.209,9.367,2.206
a,98315,0.000,-7.491,36.000,-7.491,-2.329,0.081,0.344,0.697,2.157,9.403,2.217
a,98319,0.000,-7.584,36.000,-7.584,-2.417,-0.057,-0.480,-1.058,2.337,9.416,2.174
a,98323,0.000,-7.677,36.000,-7.677,-2.461,-0.133,-0.236,-0.356,2.230,9.354,2.185
a,98327,0.000,-7.767,36.000,-7.767,-2.812,0.142,0.222,-0.219,2.116,9.342,2.209
a,98331,0.000,-7.856,36.000,-7.856,-2.856,0.081,0.222,-0.005,2.187,9.371,2.223
a,98335,0.000,-7.944,36.000,-7.944,-2.900,0.462,0.024,0.560,2.279,9.406,2.185
a,98340,0.000,-8.030,36.000,-8.030,-2.900,-0.301,-0.419,0.239,2.259,9.396,2.169
a,98344,0.000,-8.114,36.000,-8.114,-2.944,-0.255,-0.068,-0.570,2.166,9.353,2.264
a,98347,0.000,-8.197,36.000,-8.197,-2.944,0.081,0.237,0.209,2.203,9.359,2.200
a,98351,0.000,-8.278,36.000,-8.278,-2.944,0.050,0.451,-1.104,2.132,9.340,2.182
a,98355,0.000,-8.358,36.000,-8.358,-3.164,0.294,-0.037,1.552,2.249,9.305,2.252
a,98360,0.000,-8.436,36.000,-8.436,-3.164,-0.271,-0.740,-0.631,2.349,9.372,2.191
a,98364,0.000,-8.512,36.000,-8.512,-3.647,0.019,-0.053,-0.188,2.140,9.365,2.215
a,98368,0.000,-8.586,36.000,-8.586,-3.691,-0.148,-0.114,-0.188,2.302,9.351,2.162
a,98371,0.000,-8.659,36.000,-8.659,-3.735,-0.026,0.543,0.346,2.079,9.317,2.271
a,98375,0.000,-8.730,36.000,-8.730,-3.735,-0.087,0.543,0.178,2.219,9.361,2.170
a,98379,0.000,-8.799,36.000,-8.799,-3.735,-0.210,-0.388,-1.547,2.306,9.324,2.150
a,98383,0.000,-8.867,36.000,-8.867,-3.691,0.035,0.054,-0.142,2.139,9.331,2.206
a,98388,0.000,-8.932,36.000,-8.932,-3.735,-0.133,0.070,0.300,2.212,9.365,2.213
a,98392,0.000,-8.996,36.000,-8.996,-3.735,0.081,0.283,0.697,2.228,9.353,2.211
a,98395,0.000,-9.058,36.000,-9.058,-3.735,0.142,-0.205,0.713,2.228,9.331,2.180
a,98400,0.000,-9.118,36.000,-9.118,-3.823,0.081,-0.159,-0.158,2.224,9.328,2.233
a,98403,0.000,-9.177,36.000,-9.177,-3.735,-0.240,-0.007,-0.356,2.168,9.340,2.200
a,98407,0.000,-9.233,36.000,-9.233,-4.263,0.264,0.268,-0.493,2.237,9.410,2.164
a,98411,0.000,-9.288,36.000,-9.288,-3.911,0.065,0.222,-0.051,2.265,9.343,2.178
a,98415,0.000,-9.340,36.000,-9.340,-4.263,0.355,0.222,-0.387,2.191,9.307,2.229
a,98419,0.000,-9.391,36.000,-9.391,-4.482,-0.103,-0.541,-0.509,2.350,9.313,2.182
a,98423,0.000,-9.440,36.000,-9.440,-4.614,0.523,0.451,0.591,2.170,9.279,2.200
a,98427,0.000,-9.487,36.000,-9.487,-4.526,-0.301,-0.159,0.682,2.357,9.425,2.161
a,98431,0.000,-9.532,36.000,-9.532,-4.570,-0.271,-0.114,-0.890,2.137,9.298,2.254
a,98435,0.000,-9.574,36.000,-9.574,-4.614,0.294,0.436,-0.112,2.173,9.330,2.167
a,98439,0.000,-9.615,36.000,-9.615,-4.966,-0.194,-0.144,0.575,2.306,9.359,2.206
a,98443,0.000,-9.654,36.000,-9.654,-4.922,0.142,0.161,-0.158,2.163,9.295,2.230
a,98448,0.000,-9.691,36.000,-9.691,-4.922,-0.255,-0.312,-0.158,2.344,9.424,2.138
a,98451,0.000,-9.726,36.000,-9.726,-4.482,-0.133,-0.114,0.133,2.152,9.322,2.215
a,98455,0.000,-9.759,36.000,-9.759,-4.570,0.233,0.375,-0.982,2.179,9.336,2.224
a,98459,0.000,-9.790,36.000,-9.790,-4.570,-0.240,0.008,0.682,2.282,9.325,2.194
a,98463,0.000,-9.818,36.000,-9.818,-4.658,0.065,0.115,-0.371,2.201,9.372,2.206
a,98467,0.000,-9.845,36.000,-9.845,-4.614,-0.148,-0.098,0.239,2.264,9.373,2.182
a,98471,0.000,-9.870,36.000,-9.870,-4.570,-0.133,0.070,0.239,2.172,9.328,2.235
a,98475,0.000,-9.892,36.000,-9.892,-4.570,0.065,0.497,-0.387,2.204,9.358,2.206
a,98479,0.000,-9.912,36.000,-9.912,-4.658,-0.057,0.039,2.270,2.318,9.341,2.176
a,98483,0.000,-9.931,36.000,-9.931,-4.526,-0.087,-0.221,-0.249,2.204,9.273,2.167
a,98487,0.000,-9.947,36.000,-9.947,-4.482,-0.210,-0.205,0.850,2.261,9.347,2.182
a,98491,0.000,-9.961,36.000,-9.961,-4.570,0.004,0.161,-0.509,2.172,9.293,2.195
a,98496,0.000,-9.973,36.000,-9.973,-4.922,0.019,0.161,-1.012,2.187,9.336,2.192
a,98500,0.000,-9.982,36.000,-9.982,-4.526,-0.194,0.237,0.499,2.288,9.388,2.194
a,98503,0.000,-9.990,36.000,-9.990,-4.526,-0.087,-0.114,-1.608,2.237,9.354,2.204
a,98507,0.000,-9.996,36.000,-9.996,-4.526,0.081,-0.007,-0.310,2.215,9.363,2.224
a,98511,0.000,-9.999,36.000,-9.999,-4.570,-0.087,0.161,-0.356,2.173,9.365,2.203
a,98516,0.000,-10.000,36.000,-10.000,-4.526,0.142,0.253,0.056,2.181,9.349,2.195
a,98519,0.000,-9.999,36.000,-9.999,-4.614,0.035,0.039,0.026,2.280,9.353,2.179
a,98523,0.000,-9.996,36.000,-9.996,-4.570,-0.408,-0.129,-0.295,2.219,9.325,2.211
a,98528,0.000,-9.990,36.000,-9.990,-4.614,-0.148,0.131,0.850,2.224,9.336,2.193
a,98532,0.000,-9.983,36.000,-9.983,-4.482,-0.042,0.070,0.407,2.199,9.328,2.215
a,98536,0.000,-9.973,36.000,-9.973,-4.570,0.142,0.100,0.071,2.197,9.334,2.188
a,98539,0.000,-9.961,36.000,-9.961,-4.526,0.142,-0.068,-0.096,2.265,9.383,2.207
a,98543,0.000,-9.947,36.000,-9.947,-4.966,-0.148,-0.312,0.407,2.210,9.347,2.215
a,98547,0.000,-9.931,36.000,-9.931,-4.614,0.187,0.115,-0.203,2.194,9.365,2.207
a,98551,0.000,-9.913,36.000,-9.913,-4.570,0.065,0.161,-1.287,2.219,9.365,2.186
a,98555,0.000,-9.892,36.000,-9.892,-4.614,-0.026,0.024,0.239,2.225,9.334,2.211
a,98559,0.000,-9.869,36.000,-9.869,-4.570,0.142,-0.236,-0.158,2.225,9.334,2.198
a,98563,0.000,-9.844,36.000,-9.844,-4.570,-0.194,-0.068,-0.249,2.218,9.322,2.179
a,98567,0.000,-9.817,36.000,-9.817,-4.614,0.081,-0.068,-0.096,2.201,9.330,2.200
a,98571,0.000,-9.788,36.000,-9.788,-4.570,0.142,0.008,0.713,2.241,9.351,2.230
a,98575,0.000,-9.756,36.000,-9.756,-4.614,0.035,-0.129,0.194,2.209,9.351,2.188
a,98579,0.000,-9.723,36.000,-9.723,-4.482,-0.026,-0.053,0.407,2.243,9.340,2.215
a,98583,0.000,-9.687,36.000,-9.687,-4.570,-0.042,-0.159,-0.356,2.194,9.323,2.218
a,98588,0.000,-9.649,36.000,-9.649,-4.614,0.172,0.222,-0.280,2.193,9.352,2.212
a,98592,0.000,-9.609,36.000,-9.609,-4.526,-0.026,0.268,0.178,2.243,9.371,2.194
a,98596,0.000,-9.566,36.000,-9.566,-4.966,0.035,-0.266,0.575,2.237,9.328,2.201
a,98599,0.000,-9.522,36.000,-9.522,-4.570,-0.225,0.008,1.186,2.204,9.346,2.200
a,98603,0.000,-9.475,36.000,-9.475,-4.922,0.081,0.008,0.667,2.184,9.331,2.194
a,98607,0.000,-9.426,36.000,-9.426,-4.570,0.126,0.146,-0.860,2.222,9.359,2.188
a,98612,0.000,-9.375,36.000,-9.375,-4.570,0.035,-0.037,0.468,2.241,9.349,2.207
a,98616,0.000,-9.322,36.000,-9.322,-4.526,0.081,0.039,-0.203,2.219,9.339,2.215
a,98620,0.000,-9.267,36.000,-9.267,-4.570,-0.148,-0.007,-0.463,2.224,9.337,2.201
a,98624,0.000,-9.210,36.000,-9.210,-4.614,0.126,-0.114,-0.310,2.197,9.353,2.209
a,98628,0.000,-9.150,36.000,-9.150,-4.526,0.081,0.176,0.499,2.215,9.363,2.179
a,98632,0.000,-9.089,36.000,-9.089,-4.570,0.035,0.161,0.087,2.233,9.349,2.211
a,98636,0.000,-9.025,36.000,-9.025,-4.526,-0.042,0.237,0.560,2.201,9.313,2.195
a,98640,0.000,-8.960,36.000,-8.960,-4.966,-0.042,0.100,-1.165,2.230,9.377,2.215
a,98643,0.000,-8.892,36.000,-8.892,-4.570,0.065,-0.129,-0.692,2.218,9.317,2.204
a,98648,0.000,-8.822,36.000,-8.822,-4.526,-0.026,0.039,-0.020,2.217,9.335,2.192
a,98651,0.000,-8.751,36.000,-8.751,-4.570,-0.225,0.115,-0.509,2.246,9.353,2.209
a,98655,0.000,-8.677,36.000,-8.677,-4.526,-0.057,-0.144,1.400,2.215,9.345,2.213
a,98659,0.000,-8.601,36.000,-8.601,-4.570,0.050,0.131,1.186,2.215,9.349,2.204
a,98663,0.000,-8.523,36.000,-8.523,-4.482,-0.042,-0.007,-0.677,2.230,9.322,2.209
a,98667,0.000,-8.443,36.000,-8.443,-4.526,0.004,0.008,-0.463,2.209,9.316,2.197
a,98671,0.000,-8.362,36.000,-8.362,-4.570,0.187,0.039,0.071,2.249,9.336,2.200
a,98675,0.000,-8.278,36.000,-8.278,-4.966,0.096,-0.114,0.881,2.206,9.342,2.186
a,98679,0.000,-8.192,36.000,-8.192,-4.922,-0.087,-0.098,0.362,2.194,9.330,2.211
a,98684,0.000,-8.105,36.000,-8.105,-4.526,-0.255,-0.098,0.239,2.210,9.341,2.211
a,98688,0.000,-8.015,36.000,-8.015,-4.570,0.035,-0.175,0.194,2.233,9.349,2.223
a,98692,0.000,-7.924,36.000,-7.924,-4.570,-0.026,-0.068,0.194,2.215,9.353,2.221
a,98695,0.000,-7.830,36.000,-7.830,-4.482,0.187,0.222,0.056,2.215,9.335,2.211
a,98700,0.000,-7.735,36.000,-7.735,-4.570,-0.087,-0.129,-0.570,2.219,9.354,2.233
a,98703,0.000,-7.638,36.000,-7.638,-4.658,0.019,-0.053,-0.677,2.206,9.346,2.207
a,98707,0.000,-7.539,36.000,-7.539,-4.614,-0.087,0.390,0.010,2.233,9.347,2.188
a,98711,0.000,-7.439,36.000,-7.439,-4.526,0.126,-0.175,-1.455,2.235,9.351,2.198
a,98715,0.000,-7.336,36.000,-7.336,-4.526,0.035,-0.159,0.682,2.222,9.369,2.180
a,98719,0.000,-7.232,36.000,-7.232,-4.482,-0.026,0.008,-0.188,2.168,9.364,2.233
a,98723,0.000,-7.126,36.000,-7.126,-4.570,0.142,-0.114,0.835,2.191,9.359,2.188
a,98727,0.000,-7.019,36.000,-7.019,-4.614,-0.042,0.008,-0.295,2.228,9.324,2.161
a,98731,0.000,-6.909,36.000,-6.909,-3.867,0.050,-0.053,1.400,2.235,9.352,2.167
a,98735,0.000,-6.798,36.000,-6.798,-0.747,-0.148,-0.159,-0.890,2.279,9.357,2.213
a,98739,0.000,-6.686,36.000,-6.686,-4.614,-0.210,-0.541,-0.188,2.295,9.420,2.206
a,98744,0.000,-6.572,36.000,-6.572,-4.570,0.035,0.054,-0.142,2.199,9.383,2.207
a,98748,0.000,-6.456,36.000,-6.456,-4.526,0.416,0.818,0.209,2.103,9.353,2.288
a,98751,0.000,-6.338,36.000,-6.338,-4.307,0.035,-0.007,-0.249,2.306,9.321,2.195
a,98755,0.000,-6.219,36.000,-6.219,-3.867,-0.087,-0.587,0.591,2.243,9.363,2.218
a,98759,0.000,-6.099,36.000,-6.099,-3.735,0.050,0.008,-1.074,2.181,9.290,2.157
a,98763,0.000,-5.977,36.000,-5.977,-3.647,-0.026,0.222,-0.371,2.193,9.319,2.191
a,98767,0.000,-5.853,36.000,-5.853,-3.560,0.035,0.146,-0.356,2.222,9.377,2.223
a,98771,0.000,-5.728,36.000,-5.728,-3.120,-0.240,-0.221,-0.402,2.255,9.334,2.217
a,98776,0.000,-5.602,36.000,-5.602,-3.120,0.065,-0.098,0.560,2.212,9.394,2.193
a,98780,0.000,-5.474,36.000,-5.474,-3.076,-0.362,-0.037,-0.203,2.025,9.351,2.234
a,98783,0.000,-5.345,36.000,-5.345,-3.032,0.187,0.451,0.926,2.343,9.298,2.240
a,98787,0.000,-5.214,36.000,-5.214,-2.900,-0.240,0.329,0.346,2.249,9.373,2.069
a,98792,0.000,-5.082,36.000,-5.082,-2.900,0.142,-0.434,0.010,2.272,9.382,2.198
a,98796,0.000,-4.949,36.000,-4.949,-2.373,0.172,0.176,0.560,2.035,9.396,2.295
a,98800,0.000,-4.815,36.000,-4.815,-2.285,0.294,0.253,-0.387,2.286,9.307,2.223
a,98804,0.000,-4.679,36.000,-4.679,-2.197,-0.026,0.115,-0.295,2.193,9.330,2.045
a,98807,0.000,-4.542,36.000,-4.542,-2.153,0.172,0.436,-1.089,2.266,9.297,2.253
a,98811,0.000,-4.404,36.000,-4.404,-1.802,-0.316,-0.541,-0.845,2.343,9.363,2.246
a,98815,0.000,-4.265,36.000,-4.265,-2.153,0.019,-0.282,-0.783,2.162,9.300,2.206
a,98819,0.000,-4.125,36.000,-4.125,-1.758,0.004,0.115,-1.608,2.075,9.309,2.180
a,98823,0.000,-3.983,36.000,-3.983,-1.670,0.187,0.283,0.545,2.228,9.288,2.301
a,98827,0.000,-3.841,36.000,-3.841,-1.626,0.340,0.222,-1.364,2.264,9.252,2.157
a,98831,0.000,-3.697,36.000,-3.697,-1.582,-0.072,-0.526,0.362,2.342,9.418,2.134
a,98835,0.000,-3.553,36.000,-3.553,-1.494,-0.042,0.115,-1.440,2.025,9.267,2.301
a,98839,0.000,-3.408,36.000,-3.408,-1.450,0.019,0.146,-0.783,2.116,9.377,2.215
a,98843,0.000,-3.261,36.000,-3.261,-1.494,-0.026,0.161,0.621,2.199,9.274,2.206
a,98847,0.000,-3.114,36.000,-3.114,-0.923,0.294,0.054,-0.371,2.349,9.345,2.112
a,98852,0.000,-2.966,36.000,-2.966,-0.396,-0.454,-0.312,0.468,2.290,9.325,2.125
a,98855,0.000,-2.818,36.000,-2.818,-0.396,-0.042,0.008,-0.402,2.063,9.301,2.276
a,98859,0.000,-2.668,36.000,-2.668,-0.352,-0.057,0.222,-0.692,2.259,9.269,2.247
a,98863,0.000,-2.518,36.000,-2.518,-0.308,0.050,0.329,1.003,2.222,9.342,2.125
a,98867,0.000,-2.367,36.000,-2.367,-0.308,0.157,-0.266,-0.860,2.204,9.291,2.231
a,98871,0.000,-2.215,36.000,-2.215,-0.220,-0.301,-0.541,-0.020,2.228,9.292,2.267
a,98875,0.000,-2.063,36.000,-2.063,-0.308,-0.072,0.008,0.300,2.106,9.349,2.248
a,98879,0.000,-1.910,36.000,-1.910,-0.132,0.187,0.589,0.056,2.224,9.282,2.200
a,98883,0.000,-1.756,36.000,-1.756,-0.264,-0.194,-0.114,-0.249,2.261,9.410,2.194
a,98887,0.000,-1.602,36.000,-1.602,-0.088,-0.042,-0.175,-0.738,2.197,9.306,2.237
a,98891,0.000,-1.448,36.000,-1.448,0.352,-0.255,-0.053,-0.356,2.084,9.334,2.246
a,98895,0.000,-1.293,36.000,-1.293,0.000,0.065,0.451,0.591,2.219,9.291,2.197
a,98900,0.000,-1.137,36.000,-1.137,0.703,0.050,0.268,1.171,2.204,9.369,2.191
a,98904,0.000,-0.982,36.000,-0.982,1.274,-0.026,-0.266,0.026,2.297,9.396,2.185
a,98907,0.000,-0.825,36.000,-0.825,1.758,-0.210,0.115,0.087,2.000,9.327,2.254
a,98911,0.000,-0.669,36.000,-0.669,1.846,0.187,0.024,0.285,2.277,9.317,2.215
a,98915,0.000,-0.512,36.000,-0.512,1.890,-0.026,0.512,0.835,2.157,9.307,2.103
a,98919,0.000,-0.355,36.000,-0.355,1.890,0.081,-0.037,0.346,2.306,9.407,2.125
a,98923,0.000,-0.198,36.000,-0.198,1.934,-0.225,-0.419,1.018,2.308,9.319,2.278
a,98928,0.000,-0.041,36.000,-0.041,1.978,-0.072,0.054,-0.081,2.126,9.311,2.235
a,98932,0.000,0.116,36.000,0.116,2.021,-0.194,0.115,0.239,2.172,9.335,2.237
a,98936,0.000,0.274,36.000,0.274,2.417,0.310,0.497,0.865,2.148,9.263,2.242
a,98940,0.000,0.431,36.000,0.431,2.417,0.035,-0.037,1.247,2.308,9.359,2.160
a,98943,0.000,0.589,36.000,0.589,2.505,-0.423,-0.434,-0.509,2.259,9.388,2.195
a,98947,0.000,0.746,36.000,0.746,2.637,0.065,0.329,-0.600,2.173,9.276,2.258
a,98951,0.000,0.904,36.000,0.904,2.725,0.081,0.329,0.056,2.144,9.378,2.200
a,98955,0.000,1.061,36.000,1.061,3.120,0.294,0.222,0.438,2.172,9.325,2.252
a,98959,0.000,1.218,36.000,1.218,3.164,-0.042,-0.251,0.300,2.224,9.347,2.184
a,98964,0.000,1.375,36.000,1.375,3.252,0.019,-0.480,-1.119,2.282,9.342,2.206
a,98967,0.000,1.531,36.000,1.531,3.296,0.142,0.268,0.438,2.187,9.324,2.163
a,98971,0.000,1.688,36.000,1.688,3.340,-0.133,-0.205,0.621,2.257,9.403,2.163
a,98975,0.000,1.844,36.000,1.844,3.472,-0.133,0.237,1.339,2.203,9.318,2.278
a,98979,0.000,1.999,36.000,1.999,3.867,0.065,-0.068,-0.906,2.201,9.400,2.191
a,98983,0.000,2.155,36.000,2.155,4.570,-0.026,0.008,0.514,2.235,9.367,2.240
a,98987,0.000,2.309,36.000,2.309,3.955,0.279,0.039,-1.135,2.187,9.334,2.209
a,98992,0.000,2.464,36.000,2.464,4.175,0.142,0.222,0.056,2.063,9.346,2.182
a,98996,0.000,2.617,36.000,2.617,4.219,0.019,0.070,0.300,2.355,9.270,2.197
a,99000,0.000,2.771,36.000,2.771,4.658,-0.072,0.054,0.468,2.235,9.274,2.138
a,99003,0.000,2.923,36.000,2.923,4.834,0.081,0.100,-0.096,2.210,9.383,2.221
a,99007,0.000,3.075,36.000,3.075,4.790,0.081,-0.114,0.117,2.251,9.262,2.242
a,99011,0.000,3.227,36.000,3.227,4.790,0.081,0.070,0.392,2.215,9.371,2.163
a,99015,0.000,3.377,36.000,3.377,5.229,-0.408,-0.266,-0.295,2.172,9.325,2.185
a,99020,0.000,3.527,36.000,3.527,5.361,0.371,0.512,1.369,2.139,9.307,2.321
a,99024,0.000,3.676,36.000,3.676,5.317,0.019,0.161,-0.570,2.295,9.425,2.145
a,99027,0.000,3.824,36.000,3.824,5.449,-0.225,0.161,-0.631,2.116,9.324,2.221
a,99031,0.000,3.972,36.000,3.972,6.021,-0.042,-0.205,0.575,2.201,9.373,2.260
a,99035,0.000,4.118,36.000,4.118,5.977,-0.042,0.131,0.728,2.142,9.406,2.180
a,99039,0.000,4.263,36.000,4.263,6.064,0.126,-0.327,-0.203,2.312,9.394,2.155
a,99044,0.000,4.408,36.000,4.408,5.977,-0.072,-0.312,0.239,2.297,9.346,2.195
a,99047,0.000,4.551,36.000,4.551,6.064,0.035,-0.053,-0.249,2.137,9.331,2.227
a,99052,0.000,4.694,36.000,4.694,5.581,0.142,0.512,0.209,2.224,9.336,2.221
a,99055,0.000,4.835,36.000,4.835,6.021,0.157,0.329,-0.921,2.215,9.352,2.178
a,99059,0.000,4.975,36.000,4.975,6.021,0.035,0.115,-0.142,2.286,9.363,2.201
a,99063,0.000,5.114,36.000,5.114,6.108,-0.454,-0.663,-0.280,2.163,9.337,2.240
a,99067,0.000,5.251,36.000,5.251,6.196,0.630,0.528,0.056,2.140,9.218,2.255
a,99071,0.000,5.388,36.000,5.388,6.196,0.019,0.589,-0.585,2.224,9.412,2.122
a,99075,0.000,5.523,36.000,5.523,6.284,0.187,0.039,0.010,2.237,9.293,2.233
a,99079,0.000,5.656,36.000,5.656,6.636,-0.072,-0.236,0.133,2.206,9.353,2.204
a,99083,0.000,5.789,36.000,5.789,6.812,-0.057,-0.679,-1.913,2.199,9.369,2.233
a,99087,0.000,5.919,36.000,5.919,6.855,0.019,0.619,0.713,1.950,9.242,2.240
a,99091,0.000,6.049,36.000,6.049,6.899,0.432,0.665,1.705,2.218,9.219,2.246
a,99095,0.000,6.177,36.000,6.177,6.899,-0.026,-0.114,0.789,2.303,9.394,2.175
a,99099,0.000,6.303,36.000,6.303,7.603,-0.041,-0.728,-0.932,2.248,9.380,2.230
a,99104,0.000,6.428,36.000,6.428,7.646,0.218,-0.270,-0.901,2.206,9.419,2.247
a,99108,0.000,6.551,36.000,6.551,8.174,-0.011,0.127,0.900,2.108,9.445,2.211
a,99111,0.000,6.673,36.000,6.673,8.394,0.020,0.814,-0.092,2.059,9.184,2.282
a,99115,0.000,6.793,36.000,6.793,8.789,0.035,0.158,0.412,2.339,9.369,2.131
a,99119,0.000,6.911,36.000,6.911,8.877,-0.148,0.051,-0.779,2.064,9.421,2.185
a,99123,0.000,7.027,36.000,7.027,8.921,0.004,-0.117,-1.161,2.346,9.431,2.126
a,99127,0.000,7.142,36.000,7.142,8.833,-0.240,-0.102,0.518,2.212,9.310,2.219
a,99131,0.000,7.255,36.000,7.255,8.921,0.249,0.219,0.060,2.163,9.345,2.215
a,99135,0.000,7.366,36.000,7.366,8.877,-0.225,-0.438,-0.566,2.342,9.310,2.189
a,99139,0.000,7.475,36.000,7.475,8.877,0.065,-0.010,-0.474,2.144,9.310,2.209
a,99143,0.000,7.582,36.000,7.582,8.877,-0.087,0.036,-0.459,2.235,9.359,2.219
a,99148,0.000,7.687,36.000,7.687,8.921,-0.133,-0.254,0.412,2.199,9.317,2.230
a,99152,0.000,7.791,36.000,7.791,8.921,0.249,0.509,1.160,2.178,9.287,2.243
a,99155,0.000,7.892,36.000,7.892,8.965,-0.148,-0.041,0.076,2.259,9.401,2.081
a,99159,0.000,7.991,36.000,7.991,9.141,0.172,0.143,-0.642,2.172,9.331,2.283
a,99163,0.000,8.088,36.000,8.088,9.492,-0.087,-0.438,-0.840,2.251,9.394,2.167
a,99167,0.000,8.184,36.000,8.184,9.624,0.096,0.173,1.725,2.106,9.339,2.221
a,99171,0.000,8.277,36.000,8.277,9.756,0.294,0.494,0.702,2.191,9.275,2.217
a,99175,0.000,8.367,36.000,8.367,10.151,-0.026,-0.117,0.518,2.241,9.432,2.172
a,99180,0.000,8.456,36.000,8.456,10.239,-0.133,-0.422,0.961,2.235,9.442,2.188
a,99184,0.000,8.542,36.000,8.542,10.151,0.050,-0.117,-1.069,2.193,9.316,2.188
a,99187,0.000,8.626,36.000,8.626,10.239,-0.041,-0.590,0.091,2.249,9.376,2.203
a,99191,0.000,8.708,36.000,8.708,10.239,0.081,0.020,0.778,2.188,9.295,2.259
a,99195,0.000,8.788,36.000,8.788,10.195,0.203,0.112,0.946,2.195,9.378,2.173
a,99199,0.000,8.865,36.000,8.865,9.800,0.081,0.005,0.015,2.249,9.364,2.213
a,99203,0.000,8.940,36.000,8.940,10.327,0.081,-0.239,-0.092,2.187,9.346,2.230
a,99207,0.000,9.013,36.000,9.013,10.327,0.020,0.066,0.518,2.188,9.334,2.247
a,99211,0.000,9.083,36.000,9.083,10.327,-0.103,0.265,-0.856,2.188,9.363,2.191
a,99215,0.000,9.151,36.000,9.151,10.459,-0.133,0.051,0.198,2.288,9.436,2.188
a,99219,0.000,9.216,36.000,9.216,10.459,0.035,-0.483,-0.291,2.186,9.334,2.230
a,99223,0.000,9.279,36.000,9.279,10.898,0.126,0.005,0.183,2.128,9.310,2.282
a,99227,0.000,9.339,36.000,9.339,10.854,0.188,0.143,0.121,2.234,9.418,2.195
a,99231,0.000,9.397,36.000,9.397,10.898,0.142,0.173,1.984,2.203,9.394,2.191
a,99235,0.000,9.452,36.000,9.452,10.942,0.050,-0.102,1.740,2.249,9.394,2.192
a,99239,0.000,9.505,36.000,9.505,10.942,-0.087,-0.377,-0.733,2.253,9.322,2.209
a,99244,0.000,9.555,36.000,9.555,10.942,-0.148,0.173,0.518,2.125,9.294,2.218
a,99248,0.000,9.602,36.000,9.602,10.898,0.020,0.524,-1.344,2.206,9.360,2.201
a,99251,0.000,9.647,36.000,9.647,12.480,-0.026,-0.056,0.198,2.246,9.324,2.221
a,99255,0.000,9.690,36.000,9.690,11.074,-0.026,0.051,0.580,2.197,9.330,2.236
a,99259,0.000,9.729,36.000,9.729,11.030,0.249,0.143,0.121,2.251,9.306,2.150
a,99264,0.000,9.767,36.000,9.767,11.074,-0.194,0.249,0.121,2.160,9.339,2.272
a,99268,0.000,9.801,36.000,9.801,11.118,0.172,0.448,-0.230,2.222,9.379,2.197
a,99271,0.000,9.833,36.000,9.833,11.118,-0.072,-0.071,-1.924,2.280,9.372,2.193
a,99275,0.000,9.862,36.000,9.862,11.162,-0.072,-0.056,-0.352,2.206,9.330,2.192
a,99279,0.000,9.888,36.000,9.888,11.162,-0.148,-0.132,-0.886,2.201,9.339,2.235
a,99283,0.000,9.911,36.000,9.911,11.206,-0.194,0.372,-0.092,2.150,9.364,2.213
a,99287,0.000,9.932,36.000,9.932,11.206,0.249,0.280,0.763,2.234,9.364,2.213
a,99292,0.000,9.950,36.000,9.950,11.162,-0.087,-0.483,-0.566,2.249,9.354,2.186
a,99295,0.000,9.965,36.000,9.965,11.162,0.020,-0.102,0.244,2.142,9.341,2.263
a,99300,0.000,9.978,36.000,9.978,11.206,0.081,0.326,-0.169,2.224,9.363,2.169
a,99304,0.000,9.988,36.000,9.988,11.206,0.172,0.326,-0.703,2.201,9.354,2.223
a,99307,0.000,9.995,36.000,9.995,11.602,0.081,-0.468,0.610,2.279,9.340,2.194
a,99311,0.000,9.999,36.000,9.999,11.646,-0.026,-0.377,0.244,2.255,9.311,2.188
a,99315,0.000,10.000,36.000,10.000,11.602,0.004,-0.117,-0.733,2.126,9.337,2.195
a,99319,0.000,9.999,36.000,9.999,11.162,0.249,0.143,0.015,2.219,9.328,2.211
a,99323,0.000,9.994,36.000,9.994,11.206,0.035,0.143,-0.398,2.240,9.345,2.180
a,99327,0.000,9.987,36.000,9.987,11.602,-0.148,-0.621,-0.489,2.286,9.349,2.167
a,99331,0.000,9.977,36.000,9.977,11.602,0.020,-0.224,-0.672,2.219,9.342,2.209
a,99335,0.000,9.964,36.000,9.964,11.602,0.218,0.265,-0.596,2.155,9.313,2.228
a,99339,0.000,9.949,36.000,9.949,11.602,0.035,0.280,0.396,2.225,9.342,2.188
a,99343,0.000,9.930,36.000,9.930,11.602,-0.194,0.112,0.244,2.265,9.337,2.186
a,99347,0.000,9.909,36.000,9.909,11.206,-0.194,-0.254,0.305,2.233,9.328,2.195
a,99351,0.000,9.885,36.000,9.885,11.646,-0.118,0.219,1.877,2.199,9.346,2.215
a,99356,0.000,9.858,36.000,9.858,11.646,0.142,0.326,0.442,2.184,9.317,2.211
a,99359,0.000,9.829,36.000,9.829,11.162,-0.026,0.158,0.030,2.259,9.319,2.192
a,99363,0.000,9.796,36.000,9.796,11.558,-0.011,-0.041,1.190,2.261,9.311,2.180
a,99367,0.000,9.761,36.000,9.761,11.250,0.050,-0.117,0.961,2.204,9.330,2.185
a,99371,0.000,9.722,36.000,9.722,11.162,0.035,-0.163,0.030,2.178,9.331,2.207
a,99375,0.000,9.681,36.000,9.681,11.602,0.233,0.326,-0.108,2.193,9.352,2.217
a,99379,0.000,9.638,36.000,9.638,11.602,-0.041,0.005,-0.016,2.246,9.351,2.195
a,99383,0.000,9.591,36.000,9.591,11.602,-0.103,-0.270,-0.566,2.246,9.328,2.195
a,99387,0.000,9.542,36.000,9.542,11.602,-0.133,-0.056,0.625,2.215,9.293,2.217
a,99391,0.000,9.490,36.000,9.490,11.558,0.035,-0.010,-0.077,2.181,9.311,2.219
a,99395,0.000,9.435,36.000,9.435,11.558,-0.087,0.158,-0.016,2.218,9.345,2.211
a,99400,0.000,9.377,36.000,9.377,11.206,0.188,-0.102,0.717,2.240,9.349,2.166
a,99404,0.000,9.317,36.000,9.317,11.689,0.035,-0.270,0.244,2.222,9.352,2.204
a,99407,0.000,9.254,36.000,9.254,11.558,-0.240,-0.132,0.030,2.194,9.348,2.206
a,99411,0.000,9.188,36.000,9.188,11.602,0.188,0.219,0.442,2.197,9.312,2.198
a,99415,0.000,9.119,36.000,9.119,11.250,0.065,-0.071,-0.520,2.218,9.363,2.204
a,99419,0.000,9.048,36.000,9.048,11.162,0.142,-0.102,0.671,2.253,9.336,2.200
a,99423,0.000,8.974,36.000,8.974,11.118,0.050,-0.056,-1.024,2.203,9.323,2.197
a,99427,0.000,8.897,36.000,8.897,11.602,-0.087,-0.163,-0.672,2.184,9.330,2.201
a,99432,0.000,8.818,36.000,8.818,11.558,0.004,0.219,-1.344,2.215,9.348,2.209
a,99436,0.000,8.736,36.000,8.736,11.558,-0.026,0.173,0.305,2.237,9.339,2.179
a,99439,0.000,8.652,36.000,8.652,11.558,0.294,-0.224,-0.092,2.248,9.331,2.227
a,99443,0.000,8.565,36.000,8.565,11.602,0.020,-0.239,-0.566,2.217,9.331,2.194
a,99447,0.000,8.475,36.000,8.475,11.602,0.126,0.097,-1.130,2.212,9.335,2.230
a,99451,0.000,8.383,36.000,8.383,11.602,-0.087,0.097,-0.733,2.203,9.348,2.224
a,99455,0.000,8.288,36.000,8.288,11.250,0.157,0.005,0.946,2.222,9.325,2.204
a,99459,0.000,8.191,36.000,8.191,11.162,-0.026,-0.117,-0.138,2.218,9.339,2.207
a,99463,0.000,8.091,36.000,8.091,11.646,-0.194,-0.041,0.412,2.186,9.334,2.194
a,99467,0.000,7.989,36.000,7.989,11.602,0.020,-0.086,0.457,2.201,9.325,2.215
a,99471,0.000,7.885,36.000,7.885,11.250,0.035,-0.117,-0.016,2.235,9.345,2.201
a,99475,0.000,7.778,36.000,7.778,11.602,-0.133,-0.163,-0.077,2.210,9.310,2.204
a,99479,0.000,7.669,36.000,7.669,11.602,0.035,-0.071,-0.184,2.246,9.325,2.211
a,99483,0.000,7.557,36.000,7.557,11.250,0.157,0.265,1.328,2.194,9.321,2.215
a,99487,0.000,7.443,36.000,7.443,11.250,-0.026,0.097,-0.352,2.206,9.334,2.201
a,99492,0.000,7.327,36.000,7.327,11.602,0.249,0.310,-0.275,2.184,9.354,2.207
a,99496,0.000,7.208,36.000,7.208,15.952,-0.164,-0.438,-0.672,2.292,9.323,2.188
a,99499,0.000,7.087,36.000,7.087,11.250,0.035,0.051,0.625,2.172,9.252,2.207
a,99503,0.000,6.964,36.000,6.964,11.602,0.035,0.005,0.473,2.188,9.321,2.195
a,99507,0.000,6.839,36.000,6.839,11.602,-0.148,0.005,-1.650,2.288,9.317,2.219
a,99512,0.000,6.712,36.000,6.712,11.074,0.081,0.310,0.106,2.206,9.507,2.186
a,99516,0.000,6.583,36.000,6.583,10.898,-0.072,-0.010,-0.016,2.373,9.318,2.185
a,99519,0.000,6.452,36.000,6.452,10.547,-0.698,-0.987,0.381,2.318,9.440,2.265
a,99523,0.000,6.318,36.000,6.318,10.459,0.340,0.097,-1.619,2.103,9.299,2.336
a,99527,0.000,6.183,36.000,6.183,10.503,0.096,0.997,1.083,2.170,9.400,2.138
a,99531,0.000,6.045,36.000,6.045,10.283,0.081,0.677,0.976,2.166,9.428,2.283
a,99535,0.000,5.906,36.000,5.906,10.195,-0.408,-0.453,-0.016,2.531,9.437,2.137
a,99540,0.000,5.765,36.000,5.765,9.624,-0.729,-0.926,1.038,2.212,9.321,2.119
a,99544,0.000,5.622,36.000,5.622,9.492,0.355,0.891,0.534,1.811,9.249,2.382
a,99547,0.000,5.477,36.000,5.477,9.448,0.188,0.433,0.488,2.297,9.322,2.227
a,99552,0.000,5.331,36.000,5.331,9.009,-0.133,-0.270,-0.291,2.321,9.330,2.087
a,99556,0.000,5.183,36.000,5.183,9.097,-0.255,-0.270,-1.329,2.204,9.348,2.173
a,99559,0.000,5.033,36.000,5.033,9.097,-0.225,-0.483,1.022,2.175,9.330,2.269
a,99563,0.000,4.881,36.000,4.881,9.097,0.188,0.692,-0.382,2.029,9.293,2.240
a,99567,0.000,4.728,36.000,4.728,9.053,0.142,0.478,0.106,2.300,9.336,2.175
a,99571,0.000,4.574,36.000,4.574,9.053,-0.301,-0.392,-0.138,2.327,9.328,2.186
a,99575,0.000,4.417,36.000,4.417,9.097,-0.072,-0.270,0.412,2.163,9.324,2.224
a,99579,0.000,4.260,36.000,4.260,9.009,-0.057,-0.041,0.900,2.355,9.311,2.167
a,99583,0.000,4.101,36.000,4.101,8.877,-0.133,0.372,-0.367,2.146,9.383,2.127
a,99587,0.000,3.940,36.000,3.940,8.877,0.340,0.234,0.763,2.209,9.256,2.260
a,99591,0.000,3.779,36.000,3.779,8.789,-0.072,-0.438,0.198,2.308,9.365,2.192
a,99595,0.000,3.616,36.000,3.616,8.745,-0.072,-0.224,-0.352,2.181,9.311,2.211
a,99599,0.000,3.452,36.000,3.452,8.262,0.065,0.219,-0.001,2.193,9.327,2.155
a,99605,0.000,3.286,36.000,3.286,8.086,-0.041,0.127,0.412,2.222,9.333,2.241
a,99607,0.000,3.120,36.000,3.120,16.523,-0.041,0.005,-0.566,2.240,9.330,2.179
a,99611,0.000,2.952,36.000,2.952,7.603,-0.591,-0.224,-0.627,2.246,9.431,2.185
a,99615,0.000,2.784,36.000,2.784,7.515,-0.057,0.387,1.984,2.124,9.511,2.221
a,99619,0.000,2.614,36.000,2.614,6.987,0.081,-0.346,-0.153,2.411,9.407,2.237
a,99623,0.000,2.444,36.000,2.444,6.855,-0.194,-0.102,0.580,2.188,9.345,2.166
a,99627,0.000,2.272,36.000,2.272,6.768,-1.187,-0.285,-0.123,2.670,10.293,2.652
a,99631,0.000,2.100,36.000,2.100,6.812,-0.744,0.051,-0.016,1.541,9.402,2.996
a,99635,0.000,1.927,36.000,1.927,6.328,0.676,0.631,-0.275,2.339,9.248,2.227
a,99639,0.000,1.754,36.000,1.754,6.680,-0.286,-0.651,0.976,2.492,9.335,1.803
a,99643,0.000,1.580,36.000,1.580,6.196,0.554,0.646,-0.596,2.060,9.130,2.127
a,99648,0.000,1.405,36.000,1.405,6.152,-0.347,-0.209,0.473,2.404,9.385,2.160
a,99652,0.000,1.229,36.000,1.229,6.064,0.020,-0.010,-0.840,2.002,9.328,2.280
a,99656,0.000,1.053,36.000,1.053,5.581,0.218,0.433,-0.871,2.315,9.398,2.182
a,99660,0.000,0.877,36.000,0.877,5.449,-0.622,-0.560,-1.817,2.318,9.485,2.061
a,99664,0.000,0.700,36.000,0.700,5.361,0.249,0.020,0.228,2.126,9.233,2.145
a,99667,0.000,0.523,36.000,0.523,5.229,-0.026,-0.056,0.518,2.228,9.328,2.215
a,99671,0.000,0.346,36.000,0.346,4.790,0.096,0.173,2.045,2.191,9.245,2.277
a,99675,0.000,0.168,36.000,0.168,4.790,-0.072,0.143,0.030,2.194,9.279,2.167
a,99679,0.000,-0.010,36.000,-0.010,4.702,-0.301,-0.224,0.793,2.292,9.328,2.229
a,99683,0.000,-0.188,36.000,-0.188,4.834,0.142,0.417,0.060,2.035,9.306,2.235
a,99688,0.000,-0.366,36.000,-0.366,5.317,-0.194,0.417,-0.199,2.355,9.297,2.131
a,99692,0.000,-0.544,36.000,-0.544,4.570,-0.026,0.143,-0.398,2.215,9.374,2.150
a,99695,0.000,-0.721,36.000,-0.721,4.131,-0.255,-0.041,0.366,2.237,9.382,2.249
a,99699,0.000,-0.899,36.000,-0.899,4.746,-0.209,-0.438,-0.566,2.319,9.363,2.176
a,99703,0.000,-1.077,36.000,-1.077,3.867,0.035,0.372,0.076,2.148,9.394,2.182
a,99707,0.000,-1.254,36.000,-1.254,3.472,-0.041,-0.163,-1.375,2.201,9.408,2.255
a,99711,0.000,-1.431,36.000,-1.431,3.384,-0.087,0.020,-0.306,2.313,9.325,2.263
a,99715,0.000,-1.608,36.000,-1.608,3.384,-0.087,-0.071,-0.672,2.228,9.340,2.067
a,99719,0.000,-1.784,36.000,-1.784,3.208,0.081,-0.346,-0.092,2.218,9.333,2.242
a,99723,0.000,-1.960,36.000,-1.960,3.164,0.279,0.249,-0.703,2.144,9.268,2.286
a,99727,0.000,-2.136,36.000,-2.136,2.593,0.249,0.158,0.503,2.321,9.476,2.138
a,99731,0.000,-2.311,36.000,-2.311,2.725,-0.179,-0.377,0.961,2.370,9.422,2.145
a,99735,0.000,-2.485,36.000,-2.485,2.461,-0.133,-0.712,-0.275,2.228,9.408,2.180
a,99739,0.000,-2.658,36.000,-2.658,2.021,0.050,0.112,-0.474,2.084,9.305,2.283
a,99744,0.000,-2.831,36.000,-2.831,1.934,0.050,0.539,-0.978,2.233,9.382,2.180
a,99748,0.000,-3.003,36.000,-3.003,1.890,-0.270,-0.117,-0.627,2.370,9.380,2.099
a,99751,0.000,-3.174,36.000,-3.174,1.362,-0.026,-0.438,-0.245,2.288,9.336,2.204
a,99756,0.000,-3.344,36.000,-3.344,1.274,-0.301,-0.254,0.366,2.144,9.303,2.236
a,99760,0.000,-3.513,36.000,-3.513,1.230,-0.041,0.448,0.167,2.193,9.369,2.197
a,99763,0.000,-3.682,36.000,-3.682,0.703,0.050,0.326,1.068,2.266,9.360,2.157
a,99768,0.000,-3.849,36.000,-3.849,0.703,-0.041,-0.270,0.091,2.350,9.370,2.167
a,99772,0.000,-4.015,36.000,-4.015,0.703,-0.133,-0.544,-0.016,2.193,9.342,2.215
a,99776,0.000,-4.179,36.000,-4.179,0.703,-0.087,-0.163,-1.115,2.082,9.321,2.235
a,99779,0.000,-4.343,36.000,-4.343,0.615,0.294,0.753,0.763,2.184,9.306,2.233
a,99783,0.000,-4.505,36.000,-4.505,0.527,0.233,0.219,-1.680,2.302,9.392,2.195
a,99787,0.000,-4.666,36.000,-4.666,0.483,-0.454,-0.697,1.908,2.374,9.359,2.149
a,99792,0.000,-4.825,36.000,-4.825,0.439,-0.393,-0.712,0.976,2.219,9.348,2.173
a,99795,0.000,-4.983,36.000,-4.983,-0.044,0.035,0.524,0.015,2.033,9.285,2.264
a,99800,0.000,-5.139,36.000,-5.139,-0.044,-0.057,0.997,1.541,2.257,9.364,2.188
a,99803,0.000,-5.294,36.000,-5.294,-0.220,0.065,0.066,0.839,2.357,9.352,2.142
a,99807,0.000,-5.447,36.000,-5.447,-0.176,-0.255,-0.728,-0.718,2.277,9.336,2.148
a,99811,0.000,-5.599,36.000,-5.599,-0.176,0.142,-0.621,0.946,2.234,9.329,2.209
a,99815,0.000,-5.748,36.000,-5.748,2.725,0.035,0.494,0.228,2.075,9.312,2.223
a,99819,0.000,-5.896,36.000,-5.896,-0.835,0.142,0.860,-0.428,2.234,9.378,2.192
a,99823,0.000,-6.042,36.000,-6.042,-1.011,-0.133,-0.544,-0.398,2.395,9.451,2.161
a,99827,0.000,-6.186,36.000,-6.186,-1.055,-0.255,-0.880,-1.359,2.212,9.345,2.221
a,99831,0.000,-6.329,36.000,-6.329,-1.406,0.050,0.005,1.022,2.106,9.360,2.235
a,99835,0.000,-6.469,36.000,-6.469,-1.450,0.188,0.814,0.702,2.152,9.379,2.185
a,99839,0.000,-6.607,36.000,-6.607,-1.538,0.340,0.478,-1.298,2.257,9.340,2.195
a,99843,0.000,-6.743,36.000,-6.743,-1.582,-0.576,-0.728,-0.062,2.422,9.424,2.103
a,99847,0.000,-6.877,36.000,-6.877,-1.494,-0.240,-0.544,0.030,2.173,9.340,2.255
a,99852,0.000,-7.008,36.000,-7.008,-1.670,0.020,0.372,-1.237,2.166,9.285,2.209
a,99855,0.000,-7.138,36.000,-7.138,-1.538,-0.072,0.204,0.015,2.179,9.388,2.255
a,99859,0.000,-7.265,36.000,-7.265,-1.758,0.126,0.402,0.381,2.266,9.391,2.174
a,99863,0.000,-7.389,36.000,-7.389,-1.758,-0.209,-0.285,-0.733,2.286,9.351,2.157
a,99867,0.000,-7.512,36.000,-7.512,-2.285,-0.026,0.219,0.610,2.029,9.281,2.235
a,99871,0.000,-7.631,36.000,-7.631,-2.373,-0.164,-0.056,-1.054,2.440,9.476,2.173
a,99875,0.000,-7.749,36.000,-7.749,-2.373,-0.469,-0.117,-0.291,2.233,9.324,2.130
a,99879,0.000,-7.864,36.000,-7.864,-2.900,0.294,0.020,0.457,2.137,9.377,2.242
a,99883,0.000,-7.976,36.000,-7.976,-2.900,-0.072,0.036,-0.077,2.186,9.348,2.207
a,99887,0.000,-8.085,36.000,-8.085,-2.856,-0.148,0.219,0.015,2.272,9.312,2.180
a,99891,0.000,-8.192,36.000,-8.192,-3.076,-0.148,-0.453,-0.733,2.253,9.342,2.077
a,99896,0.000,-8.296,36.000,-8.296,-3.120,0.035,-0.163,0.091,2.206,9.322,2.248
a,99900,0.000,-8.398,36.000,-8.398,-3.120,-0.072,0.234,0.564,2.210,9.353,2.236
a,99903,0.000,-8.497,36.000,-8.497,1.143,-0.041,0.066,0.244,2.303,9.367,2.142
a,99907,0.000,-8.592,36.000,-8.592,-3.120,-0.148,-0.483,-0.138,2.300,9.470,2.164
a,99911,0.000,-8.685,36.000,-8.685,-2.285,0.233,-0.224,0.015,2.188,9.449,2.285
a,99915,0.000,-8.776,36.000,-8.776,-3.560,-0.087,0.249,-1.130,2.142,9.426,2.249
a,99919,0.000,-8.863,36.000,-8.863,-2.153,-0.026,0.448,0.289,2.259,9.364,2.160
a,99923,0.000,-8.947,36.000,-8.947,-3.691,-0.026,0.112,0.091,2.326,9.328,2.106
a,99928,0.000,-9.028,36.000,-9.028,-3.867,-0.148,-0.361,0.183,2.373,9.403,2.195
a,99931,0.000,-9.106,36.000,-9.106,-4.219,-0.209,-0.453,-1.375,2.078,9.291,2.240
a,99936,0.000,-9.181,36.000,-9.181,-4.307,0.035,0.524,-0.367,2.157,9.364,2.229
a,99939,0.000,-9.253,36.000,-9.253,-4.351,0.355,0.066,0.610,2.277,9.360,2.127
a,99943,0.000,-9.322,36.000,-9.322,-4.482,-0.026,-0.331,0.686,2.280,9.414,2.143
a,99947,0.000,-9.388,36.000,-9.388,-4.438,-0.118,-0.163,1.297,2.163,9.322,2.265
a,99951,0.000,-9.450,36.000,-9.450,-4.438,0.233,0.387,-0.917,2.124,9.389,2.219
a,99955,0.000,-9.509,36.000,-9.509,-4.526,0.218,0.326,-1.085,2.274,9.376,2.222
a,99959,0.000,-9.565,36.000,-9.565,-4.482,-0.087,-0.148,0.732,2.286,9.402,2.170
a,99963,0.000,-9.618,36.000,-9.618,-4.482,-0.255,-0.667,-0.764,2.292,9.349,2.188
a,99967,0.000,-9.667,36.000,-9.667,-4.395,-0.072,-0.117,0.305,2.160,9.335,2.229
a,99971,0.000,-9.713,36.000,-9.713,-4.351,0.142,0.524,-0.214,2.148,9.311,2.255
a,99975,0.000,-9.756,36.000,-9.756,-4.482,0.035,0.524,-0.092,2.286,9.392,2.179
a,99979,0.000,-9.795,36.000,-9.795,-4.438,-0.072,-0.239,0.137,2.280,9.363,2.163
a,99983,0.000,-9.831,36.000,-9.831,-4.526,-0.332,-0.483,-1.543,2.197,9.330,2.225
a,99987,0.000,-9.864,36.000,-9.864,-4.966,-0.041,-0.117,-0.245,2.094,9.279,2.274
a,99992,0.000,-9.893,36.000,-9.893,-4.966,0.310,0.509,1.053,2.224,9.328,2.207
a,99996,0.000,-9.918,36.000,-9.918,-4.966,-0.255,-0.239,-1.375,2.306,9.376,2.179
a,99999,0.000,-9.940,36.000,-9.940,-4.966,0.065,-0.117,-0.367,2.191,9.299,2.221
a,100003,0.000,-9.959,36.000,-9.959,-5.010,0.294,0.005,-0.306,2.215,9.349,2.185
a,100007,0.000,-9.974,36.000,-9.974,-5.010,0.035,0.143,-0.184,2.234,9.331,2.211
a,100012,0.000,-9.986,36.000,-9.986,-4.570,-0.011,0.173,1.022,2.259,9.342,2.192
a,100016,0.000,-9.994,36.000,-9.994,-5.054,-0.332,-0.270,1.022,2.292,9.364,2.179
a,100020,0.000,-9.999,36.000,-9.999,-5.054,0.188,-0.224,-0.031,2.152,9.342,2.230
a,100023,0.000,-10.000,36.000,-10.000,-5.054,0.050,0.326,-0.703,2.193,9.312,2.228
a,100027,0.000,-9.998,36.000,-9.998,-4.614,-0.026,0.219,0.396,2.246,9.351,2.175
a,100031,0.000,-9.992,36.000,-9.992,-5.054,0.081,-0.117,0.121,2.218,9.377,2.201
a,100035,0.000,-9.982,36.000,-9.982,-4.614,-0.026,-0.254,0.473,2.286,9.351,2.230
a,100040,0.000,-9.969,36.000,-9.969,-5.010,-0.041,0.005,-0.566,2.146,9.345,2.207
a,100044,0.000,-9.952,36.000,-9.952,-5.010,0.126,0.448,0.702,2.230,9.324,2.222
a,100047,0.000,-9.932,36.000,-9.932,-5.010,0.065,0.051,-1.069,2.264,9.351,2.219
a,100052,0.000,-9.909,36.000,-9.909,-4.614,-0.408,-0.163,0.137,2.224,9.363,2.157
a,100055,0.000,-9.881,36.000,-9.881,-4.966,-0.118,-0.041,1.404,2.224,9.319,2.207
a,100059,0.000,-9.850,36.000,-9.850,-4.922,0.233,0.005,-1.344,2.179,9.342,2.230
a,100063,0.000,-9.816,36.000,-9.816,-5.054,0.035,0.219,0.121,2.209,9.330,2.198
a,100067,0.000,-9.778,36.000,-9.778,-5.010,0.035,-0.056,0.686,2.240,9.363,2.195
a,100071,0.000,-9.737,36.000,-9.737,-5.010,-0.041,-0.056,-0.398,2.225,9.358,2.180
a,100075,0.000,-9.692,36.000,-9.692,-4.570,0.081,-0.056,0.289,2.224,9.365,2.207
a,100079,0.000,-9.643,36.000,-9.643,-5.010,-0.087,0.005,0.198,2.209,9.334,2.211
a,100083,0.000,-9.591,36.000,-9.591,-5.010,0.020,0.143,0.396,2.217,9.341,2.206
a,100087,0.000,-9.536,36.000,-9.536,-5.054,-0.011,0.005,1.083,2.249,9.364,2.185
a,100091,0.000,-9.477,36.000,-9.477,-4.614,-0.041,-0.270,-0.947,2.233,9.354,2.200
a,100095,0.000,-9.414,36.000,-9.414,-5.010,0.111,-0.163,-1.283,2.186,9.328,2.201
a,100100,0.000,-9.348,36.000,-9.348,-5.010,0.035,0.143,0.030,2.218,9.349,2.194
a,100103,0.000,-9.279,36.000,-9.279,-5.010,-0.072,0.097,0.137,2.217,9.307,2.180
a,100107,0.000,-9.206,36.000,-9.206,-4.966,-0.148,-0.209,0.793,2.230,9.363,2.178
a,100111,0.000,-9.130,36.000,-9.130,-5.054,-0.133,-0.132,-0.138,2.228,9.319,2.195
a,100115,0.000,-9.050,36.000,-9.050,-5.010,0.218,0.051,-0.962,2.186,9.345,2.203
a,100119,0.000,-8.968,36.000,-8.968,-4.570,-0.087,0.112,-0.566,2.243,9.364,2.209
a,100123,0.000,-8.881,36.000,-8.881,-5.010,-0.255,0.173,0.366,2.249,9.367,2.178
a,100127,0.000,-8.792,36.000,-8.792,-5.010,0.035,-0.102,0.305,2.215,9.348,2.182
a,100131,0.000,-8.699,36.000,-8.699,-5.098,-0.057,-0.438,1.511,2.210,9.347,2.194
a,100135,0.000,-8.603,36.000,-8.603,-4.966,0.142,0.326,-0.321,2.197,9.328,2.227
a,100139,0.000,-8.504,36.000,-8.504,-5.054,-0.286,0.158,0.961,2.206,9.346,2.201
a,100143,0.000,-8.401,36.000,-8.401,-4.966,0.081,0.036,-0.306,2.248,9.351,2.207
a,100148,0.000,-8.296,36.000,-8.296,-4.966,-0.072,-0.117,0.366,2.224,9.317,2.207
a,100152,0.000,-8.187,36.000,-8.187,-4.922,-0.057,0.051,-0.886,2.222,9.355,2.205
a,100156,0.000,-8.075,36.000,-8.075,-5.010,0.172,0.005,-0.153,2.210,9.345,2.203
a,100159,0.000,-7.960,36.000,-7.960,-4.570,-0.301,-0.315,0.305,2.235,9.354,2.204
a,100163,0.000,-7.842,36.000,-7.842,-5.054,0.081,0.219,0.381,2.255,9.366,2.213
a,100167,0.000,-7.721,36.000,-7.721,-4.966,-0.026,-0.056,-0.016,2.203,9.336,2.198
a,100171,0.000,-7.597,36.000,-7.597,-4.966,0.035,0.051,-0.138,2.201,9.331,2.213
a,100175,0.000,-7.471,36.000,-7.471,-5.010,0.050,0.280,1.496,2.212,9.353,2.204
a,100180,0.000,-7.341,36.000,-7.341,-5.054,-0.057,0.127,1.358,2.230,9.348,2.180
a,100184,0.000,-7.209,36.000,-7.209,-4.966,0.065,-0.163,-1.390,2.240,9.334,2.176
a,100188,0.000,-7.073,36.000,-7.073,0.703,0.279,-0.117,-0.642,2.162,9.378,2.249
a,100191,0.000,-6.935,36.000,-6.935,-4.966,0.157,0.234,1.328,2.199,9.371,2.217
a,100195,0.000,-6.795,36.000,-6.795,-3.823,0.081,0.433,0.702,2.203,9.292,2.242
a,100199,0.000,-6.652,36.000,-6.652,-5.010,-0.026,0.051,0.625,2.230,9.380,2.172
a,100203,0.000,-6.506,36.000,-6.506,-4.658,-0.347,-0.346,-0.352,2.288,9.345,2.229
a,100207,0.000,-6.357,36.000,-6.357,-4.922,-0.148,-1.140,-1.146,2.362,9.477,2.211
a,100211,0.000,-6.207,36.000,-6.207,-4.614,-0.011,0.616,1.175,2.168,9.367,2.284
a,100215,0.000,-6.053,36.000,-6.053,-4.482,0.355,0.921,-0.398,2.125,9.480,2.258
a,100219,0.000,-5.898,36.000,-5.898,-4.219,-0.072,0.036,0.091,2.436,9.374,2.102
a,100223,0.000,-5.740,36.000,-5.740,-2.461,-0.576,-0.926,0.045,2.382,9.425,2.093
a,100227,0.000,-5.579,36.000,-5.579,-3.164,0.294,0.433,0.106,2.008,9.279,2.242
a,100231,0.000,-5.417,36.000,-5.417,-3.120,0.081,0.219,0.656,2.206,9.471,2.200
a,100235,0.000,-5.252,36.000,-5.252,-3.032,-0.194,0.219,0.015,2.097,9.360,2.332
a,100240,0.000,-5.085,36.000,-5.085,-2.900,0.493,0.005,-1.069,2.370,9.319,2.107
a,100244,0.000,-4.917,36.000,-4.917,-2.505,-0.423,-0.926,0.045,2.297,9.406,2.107
a,100247,0.000,-4.746,36.000,-4.746,-2.461,0.142,0.219,-0.169,2.054,9.281,2.336
a,100251,0.000,-4.573,36.000,-4.573,-1.626,0.188,0.219,0.763,2.284,9.383,2.227
a,100256,0.000,-4.399,36.000,-4.399,-2.285,0.157,0.265,-0.703,2.152,9.366,2.206
a,100260,0.000,-4.222,36.000,-4.222,-1.758,0.035,0.036,0.091,2.230,9.306,2.206
a,100264,0.000,-4.044,36.000,-4.044,-1.714,-0.209,-0.453,-0.733,2.315,9.367,2.161
a,100268,0.000,-3.864,36.000,-3.864,-1.582,0.081,0.601,0.442,1.950,9.316,2.209
a,100271,0.000,-3.683,36.000,-3.683,-1.582,0.172,0.249,-0.810,2.300,9.353,2.240
a,100275,0.000,-3.500,36.000,-3.500,-1.055,-0.118,0.219,1.450,2.106,9.345,2.144
a,100279,0.000,-3.316,36.000,-3.316,-0.176,0.050,0.005,-0.520,2.280,9.285,2.263
a,100283,0.000,-3.130,36.000,-3.130,-0.879,-0.118,-0.438,1.083,2.411,9.322,2.132
a,100288,0.000,-2.943,36.000,-2.943,-0.747,0.126,0.417,-0.810,1.986,9.273,2.201
a,100292,0.000,-2.755,36.000,-2.755,-0.308,0.035,0.158,0.244,2.300,9.410,2.259
a,100295,0.000,-2.565,36.000,-2.565,-0.264,0.188,-0.224,-0.092,2.296,9.305,2.169
a,100300,0.000,-2.375,36.000,-2.375,-0.352,0.340,-0.651,-0.886,2.264,9.385,2.100
a,100303,0.000,-2.183,36.000,-2.183,-0.352,-0.423,-1.048,-0.550,2.203,9.335,2.288
a,100307,0.000,-1.991,36.000,-1.991,-0.176,0.249,0.310,-0.046,2.119,9.301,2.253
a,100311,0.000,-1.797,36.000,-1.797,3.208,0.035,0.555,0.289,2.204,9.365,2.128
a,100315,0.000,-1.603,36.000,-1.603,-0.132,0.065,-0.117,0.183,2.282,9.345,2.237
a,100319,0.000,-1.408,36.000,-1.408,-0.044,0.035,-0.453,-0.138,2.328,9.358,2.169
a,100323,0.000,-1.212,36.000,-1.212,0.527,-0.347,-0.163,0.412,2.054,9.307,2.204
a,100327,0.000,-1.015,36.000,-1.015,1.230,0.417,0.234,0.274,2.063,9.354,2.319
a,100331,0.000,-0.818,36.000,-0.818,1.406,0.371,0.341,1.373,2.350,9.410,2.206
a,100335,0.000,-0.621,36.000,-0.621,1.802,0.081,-0.056,0.183,2.297,9.351,2.114
a,100339,0.000,-0.423,36.000,-0.423,1.890,-0.087,-1.033,-0.764,2.326,9.292,2.215
a,100343,0.000,-0.225,36.000,-0.225,1.846,0.035,-0.270,-0.138,2.131,9.260,2.233
a,100348,0.000,-0.027,36.000,-0.027,1.934,0.172,0.005,0.076,2.175,9.396,2.178
a,100351,0.000,0.171,36.000,0.171,1.934,0.081,0.173,0.289,2.234,9.412,2.267
a,100355,0.000,0.370,36.000,0.370,2.461,0.081,-0.178,-0.199,2.246,9.335,2.230
a,100359,0.000,0.568,36.000,0.568,1.978,-0.072,-0.499,-0.184,2.296,9.364,2.143
a,100363,0.000,0.766,36.000,0.766,2.417,0.142,0.127,0.778,2.121,9.311,2.237
a,100367,0.000,0.965,36.000,0.965,2.593,0.188,0.112,-0.153,2.209,9.321,2.248
a,100371,0.000,1.162,36.000,1.162,2.637,0.050,0.066,0.900,2.259,9.263,2.209
a,100375,0.000,1.360,36.000,1.360,3.208,0.157,-0.056,-1.130,2.209,9.366,2.164
a,100379,0.000,1.557,36.000,1.557,3.208,-0.133,-0.270,-0.184,2.249,9.348,2.191
a,100383,0.000,1.754,36.000,1.754,3.296,0.050,0.005,-0.795,2.116,9.280,2.270
a,100387,0.000,1.950,36.000,1.950,3.340,0.371,0.509,1.541,2.264,9.321,2.186
a,100391,0.000,2.145,36.000,2.145,3.823,-0.057,-0.270,2.121,2.125,9.382,2.175
a,100396,0.000,2.340,36.000,2.340,3.823,0.065,0.112,-0.688,2.233,9.305,2.272
a,100400,0.000,2.534,36.000,2.534,5.273,-0.255,-0.590,-0.398,2.228,9.372,2.138
a,100403,0.000,2.727,36.000,2.727,4.131,0.188,0.601,0.060,1.988,9.307,2.307
a,100407,0.000,2.919,36.000,2.919,4.614,0.188,0.433,0.274,2.279,9.330,2.194
a,100411,0.000,3.110,36.000,3.110,4.702,0.035,-0.041,0.625,2.315,9.331,2.138
a,100415,0.000,3.300,36.000,3.300,4.834,0.065,0.280,0.595,2.188,9.337,2.173
a,100419,0.000,3.489,36.000,3.489,5.273,-0.454,-0.621,-0.169,2.368,9.366,2.204
a,100423,0.000,3.676,36.000,3.676,5.273,-0.041,0.036,-0.886,2.093,9.293,2.243
a,100428,0.000,3.862,36.000,3.862,5.361,0.035,-0.041,0.244,2.162,9.436,2.180
a,100432,0.000,4.047,36.000,4.047,5.361,-0.041,0.509,0.289,2.246,9.280,2.269
a,100435,0.000,4.230,36.000,4.230,5.493,0.035,0.173,0.686,2.146,9.379,2.176
a,100439,0.000,4.411,36.000,4.411,5.625,-0.087,-0.392,-0.459,2.303,9.379,2.201
a,100443,0.000,4.591,36.000,4.591,5.625,-0.026,0.433,0.610,2.167,9.343,2.217
a,100447,0.000,4.769,36.000,4.769,6.021,0.111,0.158,-0.749,2.219,9.373,2.136
a,100451,0.000,4.945,36.000,4.945,5.977,-0.148,-0.010,-0.627,2.272,9.354,2.221
a,100455,0.000,5.120,36.000,5.120,6.021,0.249,-0.071,-0.199,2.213,9.306,2.188
a,100459,0.000,5.292,36.000,5.292,6.108,-0.240,-0.224,-0.291,2.212,9.363,2.229
a,100463,0.000,5.463,36.000,5.463,6.196,0.249,0.158,0.610,2.265,9.367,2.259
a,100467,0.000,5.631,36.000,5.631,6.196,-0.041,0.372,-1.390,2.054,9.427,2.148
a,100471,0.000,5.797,36.000,5.797,6.724,0.172,-0.148,0.289,2.286,9.287,2.307
a,100475,0.000,5.961,36.000,5.961,6.812,0.081,-0.163,-0.413,2.355,9.346,2.157
a,100479,0.000,6.122,36.000,6.122,6.855,-0.194,-0.041,0.686,2.139,9.306,2.172
a,100483,0.000,6.281,36.000,6.281,10.898,0.081,0.265,0.656,2.140,9.323,2.319
a,100488,0.000,6.437,36.000,6.437,7.515,0.126,0.127,0.839,2.188,9.355,2.222
a,100492,0.000,6.591,36.000,6.591,8.174,-0.133,0.219,0.564,2.079,9.416,2.185
a,100496,0.000,6.743,36.000,6.743,8.086,0.065,0.372,-0.535,2.327,9.305,2.246
a,100500,0.000,6.891,36.000,6.891,8.218,-0.072,-0.010,0.030,2.237,9.424,2.109
a,100503,0.000,7.037,36.000,7.037,8.350,-0.179,-0.102,0.961,2.217,9.360,2.283
a,100507,0.000,7.181,36.000,7.181,8.306,0.035,-0.331,0.854,2.269,9.340,2.175
a,100511,0.000,7.321,36.000,7.321,8.350,0.065,0.127,-0.108,2.155,9.365,2.215
a,100515,0.000,7.458,36.000,7.458,9.756,-0.255,-0.438,-0.627,2.248,9.345,2.204
a,100520,0.000,7.592,36.000,7.592,8.745,0.264,0.158,-0.474,2.172,9.309,2.243
a,100524,0.000,7.723,36.000,7.723,10.239,-0.255,0.066,0.305,2.201,9.373,2.173
a,100527,0.000,7.852,36.000,7.852,8.965,0.081,-0.361,0.839,2.191,9.305,2.219
a,100531,0.000,7.976,36.000,7.976,9.756,0.096,0.112,1.389,2.219,9.307,2.206
a,100535,0.000,8.098,36.000,8.098,9.053,-0.072,-0.468,1.297,2.209,9.473,2.132
a,100540,0.000,8.216,36.000,8.216,9.053,0.157,0.234,1.923,2.124,9.319,2.267
a,100544,0.000,8.331,36.000,8.331,9.624,0.065,0.143,-1.237,2.280,9.400,2.157
a,100548,0.000,8.443,36.000,8.443,9.712,-0.148,-0.132,-0.733,2.194,9.382,2.188
a,100552,0.000,8.551,36.000,8.551,10.151,0.065,-0.178,-0.688,2.295,9.335,2.180
a,100555,0.000,8.655,36.000,8.655,10.195,-0.347,-0.499,0.137,2.246,9.442,2.227
a,100559,0.000,8.756,36.000,8.756,10.151,0.142,0.433,0.060,2.109,9.282,2.252
a,100563,0.000,8.854,36.000,8.854,10.415,-0.148,-0.102,0.473,2.334,9.434,2.110
a,100567,0.000,8.947,36.000,8.947,10.986,-0.133,-0.056,0.030,2.100,9.245,2.283
a,100571,0.000,9.037,36.000,9.037,13.271,0.126,0.249,-0.810,2.156,9.295,2.198
a,100575,0.000,9.123,36.000,9.123,10.327,0.035,0.249,-0.306,2.284,9.327,2.201
a,100579,0.000,9.206,36.000,9.206,10.327,0.081,0.341,0.595,2.168,9.353,2.180
a,100583,0.000,9.284,36.000,9.284,10.371,-0.194,0.036,0.198,2.248,9.348,2.243
a,100587,0.000,9.359,36.000,9.359,10.503,-0.301,-0.728,0.213,2.308,9.371,2.195
a,100591,0.000,9.430,36.000,9.430,10.459,0.172,0.265,-0.001,2.000,9.299,2.243
a,100595,0.000,9.496,36.000,9.496,10.854,0.462,-0.010,-0.092,2.324,9.343,2.217
a,100600,0.000,9.559,36.000,9.559,10.942,-0.041,0.326,-1.069,2.313,9.306,2.069
a,100603,0.000,9.618,36.000,9.618,10.942,0.188,0.005,-0.092,2.193,9.379,2.157
a,100607,0.000,9.672,36.000,9.672,10.942,-0.087,-0.361,0.244,2.249,9.365,2.291
a,100611,0.000,9.723,36.000,9.723,11.030,0.279,0.387,-0.489,2.108,9.270,2.278
a,100615,0.000,9.769,36.000,9.769,11.074,0.020,0.265,0.076,2.331,9.401,2.082
a,100619,0.000,9.811,36.000,9.811,11.118,-0.041,-0.132,-0.886,2.228,9.353,2.264
a,100623,0.000,9.849,36.000,9.849,11.118,-0.041,-0.285,-1.054,2.218,9.323,2.188
a,100627,0.000,9.883,36.000,9.883,11.030,-0.194,-0.102,0.580,2.163,9.369,2.227
a,100631,0.000,9.913,36.000,9.913,11.074,0.584,0.936,1.038,2.090,9.273,2.252
a,100635,0.000,9.938,36.000,9.938,11.162,0.050,0.265,0.946,2.358,9.412,2.075
a,100639,0.000,9.959,36.000,9.959,11.162,-0.087,-0.331,-0.733,2.251,9.349,2.274
a,100644,0.000,9.976,36.000,9.976,11.250,-0.469,-1.033,-0.657,2.310,9.377,2.194
a,100648,0.000,9.988,36.000,9.988,11.602,-0.148,0.097,-1.375,1.992,9.366,2.261
a,100651,0.000,9.996,36.000,9.996,11.689,0.539,1.196,1.144,2.101,9.349,2.306
a,100655,0.000,10.000,36.000,10.000,11.646,-0.133,-0.178,0.198,2.424,9.406,2.119
a,100659,0.000,9.999,36.000,9.999,11.689,-0.072,-0.377,0.091,2.303,9.325,2.161
a,100663,0.000,9.994,36.000,9.994,11.646,-0.530,-0.987,-0.169,2.206,9.404,2.247
a,100668,0.000,9.985,36.000,9.985,11.602,0.249,0.265,-0.275,2.109,9.267,2.252
a,100671,0.000,9.971,36.000,9.971,11.777,0.081,0.646,-0.214,2.139,9.379,2.156
a,100676,0.000,9.953,36.000,9.953,11.777,-0.041,-0.041,0.686,2.277,9.386,2.222
a,100680,0.000,9.931,36.000,9.931,11.689,-0.133,-0.071,0.198,2.237,9.321,2.201
a,100684,0.000,9.904,36.000,9.904,11.777,-0.133,-0.132,0.030,2.237,9.392,2.169
a,100687,0.000,9.873,36.000,9.873,11.602,0.081,0.051,0.350,2.128,9.324,2.229
a,100691,0.000,9.837,36.000,9.837,11.689,0.126,0.326,0.167,2.218,9.312,2.211
a,100695,0.000,9.797,36.000,9.797,11.646,-0.148,-0.117,-0.840,2.292,9.382,2.179
a,100699,0.000,9.753,36.000,9.753,11.646,-0.194,-0.163,-0.291,2.233,9.369,2.195
a,100703,0.000,9.704,36.000,9.704,11.733,-0.026,-0.377,0.793,2.224,9.353,2.206
a,100707,0.000,9.651,36.000,9.651,11.689,-0.148,0.265,0.183,2.144,9.358,2.218
a,100711,0.000,9.594,36.000,9.594,11.689,0.126,0.326,-1.039,2.228,9.335,2.206
a,100715,0.000,9.533,36.000,9.533,11.689,-0.240,-0.102,0.518,2.286,9.377,2.180
a,100719,0.000,9.467,36.000,9.467,11.602,-0.026,-0.163,-0.291,2.201,9.377,2.209
a,100723,0.000,9.397,36.000,9.397,11.646,0.050,-0.224,-0.901,2.188,9.301,2.199
a,100727,0.000,9.323,36.000,9.323,11.689,-0.026,0.143,-0.138,2.197,9.346,2.211
a,100731,0.000,9.244,36.000,9.244,11.602,-0.087,0.143,-1.008,2.253,9.369,2.176
a,100735,0.000,9.162,36.000,9.162,11.733,-0.072,-0.209,0.961,2.280,9.351,2.180
a,100740,0.000,9.075,36.000,9.075,11.733,0.035,-0.239,-0.352,2.188,9.342,2.213
a,100744,0.000,8.984,36.000,8.984,11.689,0.249,0.158,0.289,2.215,9.343,2.229
a,100747,0.000,8.889,36.000,8.889,11.646,-0.072,0.097,-0.291,2.222,9.316,2.194
a,100751,0.000,8.790,36.000,8.790,11.602,0.020,-0.224,-0.947,2.261,9.383,2.211
a,100755,0.000,8.687,36.000,8.687,11.733,-0.133,-0.254,0.305,2.243,9.346,2.180
a,100760,0.000,8.580,36.000,8.580,11.602,-0.133,0.005,0.580,2.156,9.315,2.204
a,100764,0.000,8.469,36.000,8.469,11.689,0.249,0.112,0.457,2.179,9.336,2.200
a,100767,0.000,8.355,36.000,8.355,11.646,0.188,0.005,-0.260,2.251,9.330,2.204
a,100771,0.000,8.236,36.000,8.236,11.733,0.050,-0.041,1.297,2.246,9.340,2.185
a,100775,0.000,8.114,36.000,8.114,11.733,-0.408,-0.148,0.961,2.225,9.347,2.199
a,100779,0.000,7.987,36.000,7.987,11.689,0.188,0.112,0.503,2.170,9.336,2.204
a,100783,0.000,7.858,36.000,7.858,11.602,0.065,0.249,-1.466,2.179,9.329,2.215
a,100788,0.000,7.724,36.000,7.724,11.646,-0.148,0.005,-1.161,2.251,9.359,2.194
a,100791,0.000,7.587,36.000,7.587,11.777,-0.362,-0.117,-0.077,2.237,9.358,2.188
a,100795,0.000,7.446,36.000,7.446,11.558,0.035,0.143,-0.291,2.162,9.305,2.223
a,100800,0.000,7.302,36.000,7.302,11.821,-0.087,-0.285,-0.504,2.272,9.342,2.175
a,100803,0.000,7.155,36.000,7.155,11.733,-0.072,0.020,0.518,2.222,9.331,2.185
a,100807,0.000,7.004,36.000,7.004,11.646,0.126,0.326,-0.917,2.209,9.348,2.157
a,100811,0.000,6.849,36.000,6.849,11.689,-0.041,-0.224,-0.566,2.240,9.348,2.200
a,100815,0.000,6.692,36.000,6.692,11.646,-0.362,-0.056,0.091,2.219,9.395,2.212
a,100819,0.000,6.531,36.000,6.531,13.755,0.081,0.097,-0.199,2.162,9.437,2.286
a,100823,0.000,6.368,36.000,6.368,11.118,0.355,0.860,0.060,2.119,9.102,2.172
a,100827,0.000,6.201,36.000,6.201,10.942,0.035,-0.926,0.152,2.510,9.531,2.115
a,100831,0.000,6.031,36.000,6.031,10.459,-0.408,-1.048,0.213,2.243,9.379,2.253
a,100835,0.000,5.859,36.000,5.859,10.415,0.294,0.372,-0.428,2.045,9.319,2.269
a,100839,0.000,5.683,36.000,5.683,10.283,0.294,0.707,-0.321,2.266,9.330,2.213
a,100843,0.000,5.505,36.000,5.505,9.712,0.065,0.494,-0.001,2.119,9.251,2.186
a,100848,0.000,5.324,36.000,5.324,9.536,-0.423,-1.033,0.213,2.422,9.343,2.201
a,100851,0.000,5.141,36.000,5.141,9.053,-0.148,-0.758,0.213,2.172,9.304,2.154
a,100855,0.000,4.955,36.000,4.955,9.492,0.172,0.310,-0.978,1.981,9.323,2.242
a,100859,0.000,4.766,36.000,4.766,9.009,0.233,0.677,0.641,2.271,9.364,2.217
a,100863,0.000,4.576,36.000,4.576,9.009,-0.087,0.005,0.030,2.326,9.370,2.149
a,100867,0.000,4.383,36.000,4.383,8.921,-0.041,-0.270,-1.054,2.295,9.334,2.156
a,100871,0.000,4.188,36.000,4.188,8.877,0.172,-0.117,-0.749,2.125,9.396,2.235
a,100875,0.000,3.991,36.000,3.991,8.833,-0.026,0.234,1.343,2.155,9.226,2.318
a,100879,0.000,3.791,36.000,3.791,8.394,-0.026,0.112,0.686,2.219,9.287,2.246
a,100883,0.000,3.590,36.000,3.590,8.306,-0.133,-0.041,0.305,2.362,9.463,2.166
a,100888,0.000,3.387,36.000,3.387,8.086,-0.133,-0.331,0.137,2.297,9.276,2.163
a,100891,0.000,3.183,36.000,3.183,7.559,0.096,0.173,1.068,2.010,9.228,2.213
a,100896,0.000,2.977,36.000,2.977,7.471,0.081,0.707,0.167,2.085,9.420,2.312
a,100900,0.000,2.769,36.000,2.769,6.943,-0.148,-0.163,-1.008,2.535,9.517,2.108
a,100903,0.000,2.560,36.000,2.560,6.855,-0.179,-0.697,0.976,2.284,9.396,2.119
a,100907,0.000,2.349,36.000,2.349,6.768,-0.011,-0.224,1.297,2.128,9.365,2.292
a,100911,0.000,2.137,36.000,2.137,6.855,0.249,0.707,0.442,2.075,9.313,2.249
a,100915,0.000,1.924,36.000,1.924,6.768,0.478,0.646,0.870,2.306,9.392,2.201
a,100919,0.000,1.710,36.000,1.710,6.196,-0.576,-0.804,0.259,2.419,9.365,2.083
a,100923,0.000,1.495,36.000,1.495,6.108,-0.133,-0.544,0.259,2.113,9.394,2.195
a,100927,0.000,1.279,36.000,1.279,6.152,0.188,0.433,0.274,2.175,9.288,2.303
a,100932,0.000,1.063,36.000,1.063,7.383,0.294,0.570,1.694,2.222,9.380,2.178
a,100936,0.000,0.846,36.000,0.846,5.449,-0.194,0.158,-0.077,2.393,9.354,2.033
a,100939,0.000,0.628,36.000,0.628,5.449,-0.316,-0.926,0.045,2.386,9.409,2.234
a,100943,0.000,0.410,36.000,0.410,5.405,-0.041,-0.377,-1.375,2.093,9.402,2.255
a,100947,0.000,0.191,36.000,0.191,4.746,0.264,0.830,0.992,2.094,9.317,2.206
a,100951,0.000,-0.028,36.000,-0.028,4.614,-0.072,0.387,0.457,2.204,9.377,2.242
a,100955,0.000,-0.247,36.000,-0.247,4.087,-0.087,-0.758,-0.001,2.637,9.437,2.136
a,100959,0.000,-0.465,36.000,-0.465,4.043,-0.454,-1.491,-0.214,2.224,9.437,2.088
a,100963,0.000,-0.684,36.000,-0.684,3.999,0.081,0.265,0.274,1.923,9.353,2.292
a,100967,0.000,-0.903,36.000,-0.903,4.043,0.661,1.517,0.091,2.160,9.226,2.236
a,100971,0.000,-1.121,36.000,-1.121,3.955,0.050,0.448,1.007,2.422,9.431,2.083
a,100975,0.000,-1.339,36.000,-1.339,3.472,-0.347,-0.941,-0.062,2.419,9.246,2.099
a,100979,0.000,-1.557,36.000,-1.557,3.252,-0.469,-1.415,-1.237,2.201,9.340,2.176
a,100983,0.000,-1.774,36.000,-1.774,3.252,0.249,0.341,0.656,1.957,9.357,2.328
a,100988,0.000,-1.990,36.000,-1.990,4.702,0.447,1.364,-0.611,2.264,9.334,2.176
a,100992,0.000,-2.205,36.000,-2.205,2.593,-0.362,-0.270,-0.398,2.377,9.363,2.070
a,100996,0.000,-2.419,36.000,-2.419,2.461,0.142,-0.743,0.244,2.333,9.319,2.219
a,100999,0.000,-2.633,36.000,-2.633,2.417,-0.209,-0.483,-0.504,2.218,9.346,2.169
a,101003,0.000,-2.845,36.000,-2.845,2.417,0.065,0.494,-0.046,1.992,9.341,2.274
a,101007,0.000,-3.056,36.000,-3.056,1.890,0.371,0.723,0.992,2.253,9.328,2.195
a,101012,0.000,-3.265,36.000,-3.265,1.846,0.020,-0.270,-0.886,2.349,9.392,2.119
a,101016,0.000,-3.474,36.000,-3.474,1.318,-0.072,-0.606,0.702,2.179,9.270,2.230
a,101020,0.000,-3.680,36.000,-3.680,0.703,-0.316,-0.224,-0.352,2.082,9.280,2.289
a,101023,0.000,-3.885,36.000,-3.885,0.615,0.020,0.280,0.839,2.237,9.409,2.225
a,101027,0.000,-4.088,36.000,-4.088,0.483,0.065,0.051,-0.306,2.272,9.404,2.188
a,101031,0.000,-4.289,36.000,-4.289,0.439,0.004,-0.117,-0.840,2.228,9.339,2.205
a,101035,0.000,-4.489,36.000,-4.489,0.527,0.355,0.402,1.434,2.168,9.313,2.189
a,101039,0.000,-4.686,36.000,-4.686,0.396,0.020,0.036,-0.566,2.259,9.340,2.211
a,101043,0.000,-4.881,36.000,-4.881,2.593,0.081,0.204,-0.001,2.178,9.306,2.213
a,101047,0.000,-5.074,36.000,-5.074,0.000,0.142,0.143,-0.367,2.228,9.299,2.185
a,101051,0.000,-5.264,36.000,-5.264,1.318,-0.316,-0.361,0.625,2.184,9.290,2.234
a,101056,0.000,-5.452,36.000,-5.452,-0.264,-0.133,-0.010,-0.077,2.160,9.281,2.237
a,101059,0.000,-5.637,36.000,-5.637,-0.220,0.126,0.310,-0.596,2.237,9.450,2.185
a,101063,0.000,-5.820,36.000,-5.820,-0.352,-0.347,0.036,-0.291,2.246,9.377,2.160
a,101068,0.000,-6.000,36.000,-6.000,-1.011,0.188,0.372,-0.169,2.163,9.377,2.169
a,101071,0.000,-6.177,36.000,-6.177,-1.494,-0.347,-0.041,1.129,2.297,9.293,2.224
a,101075,0.000,-6.351,36.000,-6.351,-1.538,0.004,0.219,-1.283,2.212,9.261,2.231
a,101079,0.000,-6.522,36.000,-6.522,-1.450,-0.255,-0.422,0.518,2.253,9.419,2.176
a,101083,0.000,-6.689,36.000,-6.689,1.274,-0.072,0.448,0.457,2.126,9.274,2.271
a,101087,0.000,-6.854,36.000,-6.854,-1.582,0.539,0.768,1.160,2.142,9.388,2.173
a,101091,0.000,-7.015,36.000,-7.015,-1.582,0.004,-0.300,-2.138,2.344,9.418,2.185
a,101095,0.000,-7.173,36.000,-7.173,-1.714,0.279,0.127,0.778,2.280,9.304,2.243
a,101099,0.000,-7.327,36.000,-7.327,-1.802,-0.713,-0.773,-1.146,2.203,9.351,2.067
a,101103,0.000,-7.478,36.000,-7.478,-1.011,0.081,0.265,0.824,1.975,9.221,2.386
a,101107,0.000,-7.625,36.000,-7.625,-2.417,0.065,0.784,0.320,2.284,9.323,2.094
a,101112,0.000,-7.769,36.000,-7.769,-2.900,-0.347,-0.209,0.580,2.286,9.367,2.100
a,101115,0.000,-7.908,36.000,-7.908,-2.944,0.310,-0.163,1.236,2.269,9.348,2.224
a,101119,0.000,-8.044,36.000,-8.044,1.274,-0.255,-0.712,-0.611,2.286,9.346,2.145
a,101123,0.000,-8.175,36.000,-8.175,-1.670,0.081,0.387,0.595,2.039,9.318,2.227
a,101127,0.000,-8.303,36.000,-8.303,-3.076,0.020,0.433,-1.512,2.302,9.322,2.191
a,101131,0.000,-8.426,36.000,-8.426,-3.164,-0.225,-0.422,0.961,2.352,9.374,2.119
a,101135,0.000,-8.546,36.000,-8.546,-3.076,-0.255,-0.560,-0.443,2.204,9.317,2.198
a,101139,0.000,-8.661,36.000,-8.661,-3.164,-0.194,-0.163,-0.016,2.188,9.403,2.253
a,101144,0.000,-8.771,36.000,-8.771,-3.164,0.142,0.539,0.213,2.128,9.345,2.286
a,101148,0.000,-8.878,36.000,-8.878,-3.647,0.340,0.768,-0.123,2.234,9.294,2.101
a,101151,0.000,-8.979,36.000,-8.979,-0.132,-0.423,-0.651,-1.207,2.265,9.171,2.173
a,101155,0.000,-9.077,36.000,-9.077,-3.867,-0.209,-0.865,-0.230,2.274,9.290,2.241
a,101159,0.000,-9.169,36.000,-9.169,-4.307,-0.026,-0.422,0.854,2.191,9.396,2.154
a,101163,0.000,-9.257,36.000,-9.257,-4.438,0.294,0.768,0.549,2.031,9.330,2.217
a,101168,0.000,-9.341,36.000,-9.341,-4.395,0.417,0.936,0.473,2.228,9.316,2.233
a,101172,0.000,-9.419,36.000,-9.419,-4.395,-0.209,-0.514,0.839,2.435,9.358,2.170
a,101176,0.000,-9.493,36.000,-9.493,-4.307,-0.347,-0.728,-0.001,2.194,9.335,2.143
a,101179,0.000,-9.562,36.000,-9.562,-2.109,0.065,-0.163,-0.153,2.125,9.312,2.288
a,101183,0.000,-9.626,36.000,-9.626,-4.438,0.401,1.028,-0.550,2.218,9.345,2.249
a,101188,0.000,-9.685,36.000,-9.685,-4.438,-0.026,0.219,-0.092,2.308,9.420,2.112
a,101192,0.000,-9.739,36.000,-9.739,-4.482,-0.454,-0.651,0.534,2.377,9.369,2.150
a,101196,0.000,-9.788,36.000,-9.788,-4.570,-0.133,-0.453,0.137,2.186,9.385,2.246
a,101200,0.000,-9.832,36.000,-9.832,-4.922,0.432,0.555,0.992,2.097,9.322,2.243
a,101203,0.000,-9.871,36.000,-9.871,-4.526,0.050,0.936,1.587,2.206,9.373,2.249
a,101207,0.000,-9.905,36.000,-9.905,-1.626,-0.026,-0.071,-0.138,2.393,9.348,2.131
a,101211,0.000,-9.934,36.000,-9.934,-4.966,0.020,-0.315,0.366,2.234,9.266,2.168
a,101215,0.000,-9.958,36.000,-9.958,-4.658,-0.240,-0.697,0.259,2.142,9.317,2.290
a,101219,0.000,-9.976,36.000,-9.976,-4.570,-0.133,0.112,-0.016,2.132,9.311,2.217
a,101223,0.000,-9.989,36.000,-9.989,-4.570,0.371,0.921,1.312,2.109,9.317,2.229
a,101227,0.000,-9.997,36.000,-9.997,-4.570,-0.148,0.265,0.076,2.373,9.404,2.126
a,101231,0.000,-10.000,36.000,-10.000,-4.526,-0.316,-0.758,-1.253,2.326,9.311,2.204
a,101235,0.000,-9.998,36.000,-9.998,-4.526,-0.316,-0.346,-0.947,2.150,9.335,2.169
a,101239,0.000,-9.990,36.000,-9.990,-5.010,0.142,0.494,-0.169,2.115,9.299,2.223
a,101243,0.000,-9.977,36.000,-9.977,-5.054,0.035,0.906,1.083,2.093,9.263,2.230
a,101247,0.000,-9.958,36.000,-9.958,-5.186,-0.026,-0.743,0.976,2.491,9.328,2.184
a,101252,0.000,-9.935,36.000,-9.935,-5.186,-0.454,-0.926,0.152,2.326,9.348,2.206
a,101255,0.000,-9.906,36.000,-9.906,-5.229,0.142,0.097,0.015,1.954,9.306,2.246
a,101259,0.000,-9.872,36.000,-9.872,-5.229,0.508,1.440,0.732,2.066,9.294,2.307
a,101263,0.000,-9.833,36.000,-9.833,-5.186,0.249,0.478,0.060,2.389,9.331,2.125
a,101267,0.000,-9.788,36.000,-9.788,-5.098,-0.316,-0.880,-1.207,2.395,9.334,2.143
a,101271,0.000,-9.738,36.000,-9.738,-5.186,-0.255,-1.003,-0.550,2.179,9.327,2.204
a,101275,0.000,-9.683,36.000,-9.683,-5.142,-0.087,0.265,-1.451,2.043,9.282,2.284
a,101279,0.000,-9.623,36.000,-9.623,-5.273,0.203,0.891,0.854,2.184,9.324,2.217
a,101283,0.000,-9.558,36.000,-9.558,-5.273,0.157,-0.163,-0.688,2.374,9.318,2.125
a,101287,0.000,-9.487,36.000,-9.487,-5.186,-0.194,-0.667,0.152,2.308,9.321,2.207
a,101291,0.000,-9.412,36.000,-9.412,-5.273,-0.301,-0.285,-0.352,2.162,9.317,2.242
a,101295,0.000,-9.331,36.000,-9.331,-5.186,-0.041,0.662,0.289,2.132,9.279,2.246
a,101300,0.000,-9.245,36.000,-9.245,-5.142,0.249,0.524,-0.001,2.210,9.331,2.195
a,101304,0.000,-9.154,36.000,-9.154,-5.098,0.035,-0.148,0.305,2.333,9.306,2.161
a,101307,0.000,-9.059,36.000,-9.059,-5.186,-0.347,-0.728,-0.062,2.259,9.328,2.185
a,101311,0.000,-8.958,36.000,-8.958,-5.142,-0.026,-0.499,0.091,2.155,9.321,2.230
a,101315,0.000,-8.852,36.000,-8.852,-5.186,0.081,0.478,-0.428,2.150,9.297,2.246
a,101319,0.000,-8.742,36.000,-8.742,-5.229,0.126,0.616,0.274,2.249,9.339,2.182
a,101323,0.000,-8.627,36.000,-8.627,-5.142,-0.133,-0.438,-0.291,2.312,9.328,2.200
a,101327,0.000,-8.507,36.000,-8.507,-5.229,0.020,-0.606,-0.230,2.240,9.307,2.193
a,101332,0.000,-8.382,36.000,-8.382,-5.229,0.050,0.005,-0.962,2.116,9.305,2.234
a,101336,0.000,-8.253,36.000,-8.253,-5.098,0.294,0.631,1.358,2.175,9.293,2.205
a,101340,0.000,-8.119,36.000,-8.119,-5.273,-0.041,0.173,0.518,2.288,9.347,2.157
a,101343,0.000,-7.981,36.000,-7.981,-5.186,-0.133,-0.285,-0.291,2.253,9.303,2.188
a,101347,0.000,-7.838,36.000,-7.838,-5.142,-0.118,-0.163,0.900,2.217,9.331,2.219
a,101351,0.000,-7.691,36.000,-7.691,-5.098,0.065,0.372,-0.703,2.128,9.318,2.240
a,101355,0.000,-7.539,36.000,-7.539,-5.186,0.081,0.555,0.656,2.188,9.328,2.230
a,101359,0.000,-7.384,36.000,-7.384,-5.186,-0.026,0.066,0.473,2.313,9.374,2.175
a,101363,0.000,-7.224,36.000,-7.224,-3.735,0.081,-0.346,0.183,2.235,9.354,2.185
a,101367,0.000,-7.060,36.000,-7.060,-5.186,-0.194,0.219,-0.153,2.193,9.379,2.211
a,101371,0.000,-6.892,36.000,-6.892,-5.273,0.447,-0.010,-0.749,2.160,9.342,2.204
a,101375,0.000,-6.720,36.000,-6.720,-5.186,-0.194,-0.163,0.305,2.277,9.378,2.248
a,101379,0.000,-6.545,36.000,-6.545,-5.142,-0.454,-0.377,0.732,2.269,9.385,2.277
a,101383,0.000,-6.366,36.000,-6.366,-4.966,0.004,0.112,-0.733,2.100,9.348,2.209
a,101387,0.000,-6.183,36.000,-6.183,-4.526,0.340,0.219,-0.108,2.265,9.322,2.173
a,101392,0.000,-5.996,36.000,-5.996,-3.911,-0.209,0.005,-0.016,2.240,9.322,2.145
a,101396,0.000,-5.806,36.000,-5.806,-3.604,0.355,0.143,-0.306,2.110,9.214,2.269
a,101399,0.000,-5.613,36.000,-5.613,-3.164,-0.133,-0.331,-0.016,2.251,9.367,2.200
a,101403,0.000,-5.417,36.000,-5.417,1.802,-0.103,-0.224,-0.840,2.101,9.481,2.212
a,101407,0.000,-5.217,36.000,-5.217,-2.988,-0.255,0.265,-0.688,2.029,9.500,2.258
a,101412,0.000,-5.014,36.000,-5.014,-2.505,0.050,-0.056,1.022,2.393,9.420,2.195
a,101416,0.000,-4.809,36.000,-4.809,-2.329,-0.026,0.707,0.076,2.029,9.373,2.108
a,101419,0.000,-4.601,36.000,-4.601,-1.846,0.020,0.005,-0.627,2.327,9.394,2.313
a,101423,0.000,-4.389,36.000,-4.389,-1.758,-0.072,-0.667,-0.001,2.251,9.290,2.077
a,101427,0.000,-4.176,36.000,-4.176,-2.153,0.157,0.494,1.221,2.124,9.369,2.108
a,101431,0.000,-3.960,36.000,-3.960,-1.758,-0.255,-0.224,-0.627,2.277,9.311,2.223
a,101435,0.000,-3.741,36.000,-3.741,-1.626,-0.118,0.051,1.297,2.139,9.301,2.264
a,101440,0.000,-3.520,36.000,-3.520,0.439,-0.087,0.234,0.457,2.085,9.365,2.184
a,101444,0.000,-3.298,36.000,-3.298,-1.494,0.126,-0.270,0.121,2.194,9.334,2.254
a,101447,0.000,-3.073,36.000,-3.073,-1.494,0.035,-0.239,0.198,2.140,9.339,2.185
a,101452,0.000,-2.846,36.000,-2.846,-1.055,-0.072,-0.163,0.366,2.163,9.318,2.217
a,101455,0.000,-2.618,36.000,-2.618,-0.703,0.142,-0.270,0.564,2.222,9.280,2.255
a,101459,0.000,-2.387,36.000,-2.387,1.318,0.081,0.387,0.656,2.215,9.359,2.148
a,101463,0.000,-2.156,36.000,-2.156,2.461,-0.087,0.143,-0.459,2.126,9.395,2.264
a,101467,0.000,-1.923,36.000,-1.923,4.790,-0.041,-0.270,0.198,2.324,9.280,2.236
a,101471,0.000,-1.689,36.000,-1.689,0.396,-0.026,-0.438,-0.291,2.186,9.342,2.090
a,101475,0.000,-1.453,36.000,-1.453,-0.044,-0.026,-0.224,0.793,2.201,9.319,2.258
a,101479,0.000,-1.217,36.000,-1.217,0.439,0.142,0.417,0.167,2.075,9.207,2.243
a,101483,0.000,-0.980,36.000,-0.980,1.143,0.249,0.326,0.824,2.201,9.383,2.267
a,101487,0.000,-0.742,36.000,-0.742,1.406,0.249,-0.270,0.015,2.266,9.325,2.248
a,101491,0.000,-0.504,36.000,-0.504,1.846,-0.240,0.020,0.625,2.095,9.328,2.235
a,101495,0.000,-0.265,36.000,-0.265,1.934,-0.026,-0.239,0.030,2.352,9.321,2.161
a,101499,0.000,-0.025,36.000,-0.025,1.890,-0.240,0.265,0.350,2.150,9.274,2.169
a,101504,0.000,0.214,36.000,0.214,1.978,0.035,-0.209,0.305,2.269,9.394,2.201
a,101507,0.000,0.453,36.000,0.453,2.109,-0.072,-0.392,-0.398,2.124,9.310,2.236
a,101511,0.000,0.693,36.000,0.693,2.461,0.279,0.158,0.076,2.225,9.279,2.211
a,101515,0.000,0.932,36.000,0.932,2.065,0.035,-0.254,0.244,2.233,9.335,2.119
a,101519,0.000,1.170,36.000,1.170,2.461,0.294,0.310,0.060,2.160,9.316,2.280
a,101523,0.000,1.408,36.000,1.408,2.681,-0.118,-0.331,1.358,2.199,9.319,2.235
a,101527,0.000,1.646,36.000,1.646,3.208,-0.240,0.326,-0.306,2.031,9.242,2.280
a,101531,0.000,1.883,36.000,1.883,3.252,0.142,0.372,-0.046,2.321,9.218,2.081
a,101535,0.000,2.118,36.000,2.118,3.428,-0.041,0.112,-0.566,2.152,9.360,2.115
a,101539,0.000,2.353,36.000,2.353,3.472,-0.026,0.204,-0.092,2.194,9.373,2.255
a,101543,0.000,2.587,36.000,2.587,3.955,-0.255,-0.560,-0.611,2.321,9.329,2.122
a,101547,0.000,2.819,36.000,2.819,4.087,-0.026,0.326,0.671,2.033,9.334,2.271
a,101552,0.000,3.049,36.000,3.049,4.570,0.294,0.051,0.671,2.201,9.340,2.221
a,101555,0.000,3.278,36.000,3.278,4.746,-0.026,0.326,0.778,2.246,9.287,2.200
a,101559,0.000,3.506,36.000,3.506,5.229,-0.133,-0.544,-0.245,2.241,9.451,2.145
a,101563,0.000,3.731,36.000,3.731,5.361,-0.194,-0.285,0.030,2.132,9.331,2.258
a,101567,0.000,3.954,36.000,3.954,5.581,0.249,0.326,0.106,2.188,9.305,2.223
a,101571,0.000,4.175,36.000,4.175,6.021,-0.026,0.478,-0.306,2.206,9.324,2.134
a,101575,0.000,4.394,36.000,4.394,5.977,0.142,0.280,0.488,2.218,9.310,2.209
a,101580,0.000,4.611,36.000,4.611,5.581,-0.133,-0.758,0.488,2.373,9.374,2.157
a,101584,0.000,4.825,36.000,4.825,5.977,-0.026,-0.315,0.580,2.134,9.295,2.211
a,101588,0.000,5.036,36.000,5.036,7.690,0.188,0.265,0.274,2.163,9.382,2.219
a,101591,0.000,5.244,36.000,5.244,6.108,-0.026,0.112,0.091,2.173,9.311,2.265
a,101595,0.000,5.449,36.000,5.449,6.152,0.279,-0.071,-0.520,2.333,9.325,2.215
a,101599,0.000,5.652,36.000,5.652,6.240,-0.240,-0.010,-0.016,2.187,9.349,2.127
a,101603,0.000,5.851,36.000,5.851,6.680,-0.026,-0.010,-0.291,2.124,9.309,2.325
a,101607,0.000,6.046,36.000,6.046,6.680,0.065,0.204,-0.596,2.265,9.312,2.176
a,101611,0.000,6.239,36.000,6.239,9.053,-0.041,0.219,0.015,2.175,9.351,2.114
a,101615,0.000,6.427,36.000,6.427,6.855,0.233,0.417,-1.085,2.146,9.234,2.255
a,101619,0.000,6.612,36.000,6.612,6.987,0.188,-0.041,1.114,2.306,9.318,2.188
a,101623,0.000,6.793,36.000,6.793,8.042,-0.255,0.143,0.564,1.982,9.266,2.230
a,101628,0.000,6.971,36.000,6.971,8.086,0.203,0.814,0.992,2.255,9.278,2.235
a,101631,0.000,7.144,36.000,7.144,8.262,-0.469,0.020,0.793,2.166,9.203,2.094
a,101635,0.000,7.313,36.000,7.313,8.350,0.294,-0.010,-0.367,2.284,9.269,2.200
a,101639,0.000,7.477,36.000,7.477,13.008,-0.316,-0.132,-1.115,2.246,9.360,2.115
a,101643,0.000,7.638,36.000,7.638,13.008,-0.072,-0.239,-0.138,2.131,9.384,2.274
a,101648,0.000,7.794,36.000,7.794,9.053,-0.057,0.753,1.007,2.124,9.379,2.290
a,101651,0.000,7.945,36.000,7.945,13.228,0.142,-0.071,-0.199,2.358,9.388,2.143
a,101655,0.000,8.092,36.000,8.092,9.536,-0.255,-0.056,0.198,2.108,9.323,2.110
a,101659,0.000,8.233,36.000,8.233,9.756,0.081,0.112,0.778,2.048,9.354,2.303
a,101663,0.000,8.370,36.000,8.370,10.239,0.035,0.097,-0.245,2.297,9.225,2.235
a,101668,0.000,8.502,36.000,8.502,10.283,0.081,0.478,-0.169,2.110,9.288,2.160
a,101672,0.000,8.629,36.000,8.629,10.195,0.081,-0.346,-0.306,2.333,9.349,2.206
a,101675,0.000,8.751,36.000,8.751,10.327,-0.133,-0.346,0.198,2.259,9.300,2.151
a,101679,0.000,8.868,36.000,8.868,10.327,-0.301,0.051,0.686,2.121,9.336,2.223
a,101683,0.000,8.979,36.000,8.979,10.239,-0.072,0.433,0.717,2.204,9.328,2.215
a,101687,0.000,9.085,36.000,9.085,10.327,-0.072,0.326,0.503,2.209,9.324,2.211
a,101692,0.000,9.185,36.000,9.185,10.371,-0.347,-0.544,-0.352,2.271,9.434,2.195
a,101696,0.000,9.280,36.000,9.280,11.689,-0.026,-0.377,-0.398,2.175,9.379,2.255
a,101700,0.000,9.369,36.000,9.369,10.811,-0.026,0.417,-0.367,2.004,9.389,2.223
a,101703,0.000,9.453,36.000,9.453,10.898,0.294,0.417,-0.214,2.312,9.306,2.204
a,101708,0.000,9.531,36.000,9.531,10.942,0.035,0.036,0.137,2.297,9.337,2.122
a,101712,0.000,9.603,36.000,9.603,10.986,-0.148,-0.270,-1.497,2.280,9.353,2.167
a,101715,0.000,9.669,36.000,9.669,10.942,-0.347,-0.438,0.854,2.225,9.331,2.294
a,101719,0.000,9.729,36.000,9.729,10.986,0.142,0.249,0.106,2.106,9.346,2.242
a,101723,0.000,9.784,36.000,9.784,11.074,-0.133,-0.041,0.900,2.271,9.330,2.133
a,101727,0.000,9.832,36.000,9.832,11.118,0.294,0.036,-0.092,2.142,9.256,2.269
a,101731,0.000,9.874,36.000,9.874,11.118,-0.026,0.005,-0.016,2.272,9.328,2.206
a,101735,0.000,9.910,36.000,9.910,11.118,-0.316,-0.346,-1.054,2.279,9.329,2.192
a,101739,0.000,9.941,36.000,9.941,11.118,0.188,0.097,0.015,2.128,9.336,2.240
a,101743,0.000,9.965,36.000,9.965,11.118,-0.408,-0.254,0.473,2.193,9.385,2.227
a,101747,0.000,9.982,36.000,9.982,11.206,0.249,0.555,0.870,2.113,9.294,2.285
a,101751,0.000,9.994,36.000,9.994,11.602,0.233,0.143,-1.558,2.261,9.384,2.156
a,101756,0.000,10.000,36.000,10.000,11.558,-0.347,0.051,0.580,2.206,9.351,2.223
a,101759,0.000,9.999,36.000,9.999,11.602,0.035,-0.377,0.473,2.249,9.372,2.186
a,101763,0.000,9.992,36.000,9.992,11.602,-0.057,-0.163,0.961,2.249,9.348,2.192
a,101767,0.000,9.979,36.000,9.979,11.733,0.065,0.249,-0.596,2.095,9.348,2.204
a,101771,0.000,9.959,36.000,9.959,11.646,0.188,0.143,-0.153,2.259,9.319,2.219
a,101775,0.000,9.933,36.000,9.933,11.558,0.081,-0.056,0.015,2.249,9.330,2.175
a,101779,0.000,9.901,36.000,9.901,11.558,0.035,-0.163,0.305,2.241,9.323,2.182
a,101783,0.000,9.863,36.000,9.863,11.602,-0.194,-0.224,0.244,2.230,9.330,2.229
a,101787,0.000,9.819,36.000,9.819,11.162,0.188,0.249,-0.321,2.173,9.336,2.219
a,101791,0.000,9.768,36.000,9.768,11.250,0.020,0.051,-0.566,2.235,9.371,2.173
a,101795,0.000,9.711,36.000,9.711,11.206,-0.133,-0.071,-0.245,2.272,9.349,2.200
a,101799,0.000,9.648,36.000,9.648,11.250,-0.209,-0.239,-0.566,2.206,9.325,2.195
a,101804,0.000,9.579,36.000,9.579,11.206,0.126,0.112,-0.642,2.197,9.365,2.224
a,101807,0.000,9.504,36.000,9.504,11.206,0.264,0.051,1.725,2.160,9.317,2.194
a,101812,0.000,9.422,36.000,9.422,11.646,0.249,0.005,0.228,2.264,9.310,2.186
a,101816,0.000,9.335,36.000,9.335,11.250,-0.194,-0.270,0.793,2.249,9.335,2.194
a,101819,0.000,9.242,36.000,9.242,11.602,-0.026,-0.224,-0.398,2.206,9.316,2.217
a,101823,0.000,9.142,36.000,9.142,11.602,0.020,0.097,-0.459,2.205,9.335,2.198
a,101827,0.000,9.037,36.000,9.037,11.602,-0.087,0.097,-1.008,2.203,9.335,2.215
a,101831,0.000,8.926,36.000,8.926,11.602,0.065,-0.071,-1.069,2.241,9.311,2.195
a,101835,0.000,8.809,36.000,8.809,11.602,-0.026,-0.346,-0.291,2.237,9.327,2.211
a,101839,0.000,8.687,36.000,8.687,11.602,0.050,0.143,-2.001,2.173,9.328,2.224
a,101844,0.000,8.559,36.000,8.559,11.602,-0.026,0.219,0.350,2.195,9.315,2.217
a,101847,0.000,8.425,36.000,8.425,11.250,-0.240,0.158,0.137,2.240,9.306,2.194
a,101852,0.000,8.286,36.000,8.286,11.602,0.081,0.051,0.671,2.266,9.334,2.188
a,101855,0.000,8.141,36.000,8.141,11.646,-0.301,-0.132,-0.016,2.210,9.327,2.198
a,101859,0.000,7.992,36.000,7.992,11.602,0.020,-0.178,-0.733,2.191,9.321,2.221
a,101863,0.000,7.836,36.000,7.836,11.602,0.172,0.219,-0.657,2.228,9.336,2.206
a,101867,0.000,7.676,36.000,7.676,11.206,-0.072,0.036,-0.077,2.261,9.345,2.194
a,101871,0.000,7.511,36.000,7.511,11.602,-0.194,-0.178,0.091,2.218,9.353,2.198
a,101875,0.000,7.340,36.000,7.340,11.558,-0.041,0.112,-0.504,2.157,9.330,2.217
a,101879,0.000,7.165,36.000,7.165,11.646,-0.087,0.005,0.091,2.280,9.396,2.218
a,101883,0.000,6.985,36.000,6.985,13.359,-0.011,-0.163,1.465,2.234,9.365,2.166
a,101887,0.000,6.801,36.000,6.801,11.558,0.035,0.005,-0.398,2.194,9.340,2.215
a,101891,0.000,6.611,36.000,6.611,11.206,0.142,-0.056,0.717,2.265,9.418,2.217
a,101896,0.000,6.418,36.000,6.418,13.975,0.188,-0.270,0.610,2.162,9.461,2.328
a,101900,0.000,6.220,36.000,6.220,10.986,0.432,0.555,1.053,2.162,9.278,2.255
a,101903,0.000,6.018,36.000,6.018,12.568,-0.515,-0.728,-0.062,2.437,9.383,2.058
a,101907,0.000,5.812,36.000,5.812,10.415,-0.408,-0.392,-0.352,2.097,9.389,2.154
a,101912,0.000,5.602,36.000,5.602,10.327,0.355,0.204,0.167,2.222,9.351,2.298
a,101916,0.000,5.388,36.000,5.388,10.195,0.157,0.814,1.480,2.157,9.288,2.150
a,101919,0.000,5.170,36.000,5.170,9.536,0.203,0.341,1.053,2.234,9.388,2.301
a,101923,0.000,4.949,36.000,4.949,9.448,-0.347,-0.850,0.595,2.523,9.400,2.131
a,101927,0.000,4.725,36.000,4.725,9.053,-0.515,-0.804,0.427,2.132,9.334,2.252
a,101931,0.000,4.497,36.000,4.497,8.965,0.142,0.967,-0.337,2.060,9.342,2.265
a,101935,0.000,4.266,36.000,4.266,8.789,0.233,1.089,-0.825,2.272,9.383,2.128
a,101939,0.000,4.032,36.000,4.032,9.536,-0.072,-0.224,0.793,2.286,9.345,2.169
a,101943,0.000,3.795,36.000,3.795,8.262,-0.240,-1.262,-0.169,2.331,9.346,2.215
a,101947,0.000,3.556,36.000,3.556,8.789,-0.286,-0.529,0.900,2.103,9.342,2.180
a,101952,0.000,3.314,36.000,3.314,8.086,0.096,1.410,1.633,2.064,9.278,2.255
a,101955,0.000,3.070,36.000,3.070,7.734,-0.072,0.921,0.335,2.297,9.380,2.201
a,101959,0.000,2.824,36.000,2.824,8.130,-0.148,-0.728,-0.657,2.417,9.421,2.157
a,101963,0.000,2.575,36.000,2.575,7.515,-0.240,-0.544,0.534,2.302,9.243,2.064
a,101968,0.000,2.325,36.000,2.325,12.261,-0.133,-0.163,-0.291,2.084,9.303,2.192
a,101971,0.000,2.073,36.000,2.073,7.339,0.294,0.601,0.656,2.179,9.309,2.278
a,101975,0.000,1.819,36.000,1.819,6.855,0.371,0.173,1.282,2.343,9.348,2.143
a,101979,0.000,1.564,36.000,1.564,6.680,-0.255,-0.285,-1.650,2.218,9.273,2.154
a,101983,0.000,1.308,36.000,1.308,6.680,0.081,-0.254,0.289,2.134,9.528,2.300
a,101987,0.000,1.051,36.000,1.051,9.536,-0.041,-0.041,0.076,2.477,9.346,2.116
a,101992,0.000,0.793,36.000,0.793,6.943,-0.515,0.143,0.091,2.029,9.349,2.127
a,101996,0.000,0.534,36.000,0.534,5.449,0.462,0.601,0.274,2.100,9.153,2.321
a,102000,0.000,0.274,36.000,0.274,4.790,-0.301,-0.056,0.686,2.389,9.340,2.071
a,102003,0.000,0.015,36.000,0.015,4.175,-0.026,-0.239,-0.016,2.209,9.371,2.188
a,102007,0.000,-0.245,36.000,-0.245,4.131,-0.072,-0.239,-0.184,2.337,9.400,2.176
a,102011,0.000,-0.505,36.000,-0.505,3.955,-0.072,-0.361,0.366,2.093,9.328,2.322
a,102015,0.000,-0.765,36.000,-0.765,3.867,0.249,0.875,0.549,2.093,9.335,2.188
a,102020,0.000,-1.024,36.000,-1.024,3.472,-0.179,0.127,1.190,2.398,9.354,2.116
a,102024,0.000,-1.283,36.000,-1.283,3.472,-0.194,-0.315,0.244,2.218,9.281,2.169
a,102028,0.000,-1.541,36.000,-1.541,3.296,-0.133,-0.178,0.091,2.233,9.321,2.163
a,102031,0.000,-1.798,36.000,-1.798,3.296,0.004,0.158,-0.947,2.170,9.388,2.218
a,102035,0.000,-2.054,36.000,-2.054,3.164,0.081,0.219,-0.001,2.212,9.348,2.200
a,102039,0.000,-2.309,36.000,-2.309,3.164,-0.301,-0.453,-0.398,2.339,9.385,2.186
a,102043,0.000,-2.563,36.000,-2.563,2.505,0.081,-0.102,0.457,2.199,9.321,2.211
a,102047,0.000,-2.815,36.000,-2.815,2.461,-0.041,0.112,-0.459,2.139,9.377,2.236
a,102052,0.000,-3.065,36.000,-3.065,1.978,0.035,0.265,0.671,2.306,9.378,2.215
a,102056,0.000,-3.313,36.000,-3.313,1.802,-0.026,0.051,0.473,2.326,9.392,2.131
a,102059,0.000,-3.559,36.000,-3.559,1.230,-0.194,-0.560,-0.169,2.300,9.403,2.144
a,102063,0.000,-3.803,36.000,-3.803,1.099,-0.041,-0.224,-0.627,2.163,9.276,2.306
a,102068,0.000,-4.045,36.000,-4.045,0.615,0.081,0.478,-0.001,2.156,9.249,2.194
a,102071,0.000,-4.283,36.000,-4.283,0.571,0.249,0.326,0.442,2.292,9.291,2.160
a,102075,0.000,-4.519,36.000,-4.519,0.571,-0.026,0.020,0.473,2.240,9.317,2.195
a,102079,0.000,-4.752,36.000,-4.752,0.000,-0.179,-0.377,0.961,2.296,9.410,2.206
a,102083,0.000,-4.982,36.000,-4.982,-0.044,0.035,-0.010,-0.138,2.128,9.313,2.194
a,102087,0.000,-5.209,36.000,-5.209,1.274,-0.133,-0.560,-0.382,2.442,9.385,2.173
a,102091,0.000,-5.432,36.000,-5.432,-0.176,-0.148,-0.224,-1.436,2.150,9.260,2.115
a,102095,0.000,-5.651,36.000,-5.651,-0.879,0.188,0.280,0.442,2.217,9.407,2.290
a,102099,0.000,-5.867,36.000,-5.867,-1.450,0.065,-0.132,-0.962,2.352,9.345,2.125
a,102103,0.000,-6.079,36.000,-6.079,-1.494,-0.164,-0.117,-0.627,2.237,9.444,2.170
a,102107,0.000,-6.286,36.000,-6.286,-1.406,-0.347,-0.010,0.091,2.172,9.346,2.255
a,102111,0.000,-6.490,36.000,-6.490,-1.582,0.201,0.539,0.058,2.163,9.306,2.217
a,102115,0.000,-6.689,36.000,-6.689,-1.582,0.262,0.600,-0.049,2.188,9.369,2.175
a,102120,0.000,-6.883,36.000,-6.883,-1.494,-0.013,-0.041,0.684,2.331,9.365,2.194
a,102123,0.000,-7.073,36.000,-7.073,-1.450,-0.135,-0.484,-1.545,2.075,9.292,2.255
a,102127,0.000,-7.258,36.000,-7.258,3.208,-0.074,-0.392,-0.675,2.286,9.376,2.163
a,102131,0.000,-7.437,36.000,-7.437,-1.582,-0.456,-0.331,-1.103,2.217,9.359,2.151
a,102135,0.000,-7.612,36.000,-7.612,-1.626,0.537,0.478,-0.049,2.151,9.349,2.248
a,102139,0.000,-7.782,36.000,-7.782,-1.758,-0.028,0.112,-0.935,2.302,9.422,2.169
a,102143,0.000,-7.946,36.000,-7.946,-2.329,-0.104,-0.041,1.035,2.162,9.325,2.283
a,102147,0.000,-8.104,36.000,-8.104,-2.373,0.079,0.097,-1.713,2.284,9.254,2.185
a,102152,0.000,-8.257,36.000,-8.257,-2.505,0.064,-0.377,1.203,2.175,9.354,2.186
a,102155,0.000,-8.405,36.000,-8.405,-2.856,0.277,0.173,1.294,2.215,9.394,2.215
a,102159,0.000,-8.546,36.000,-8.546,-3.032,-0.059,0.203,-0.141,2.234,9.342,2.209
a,102163,0.000,-8.681,36.000,-8.681,-3.120,0.048,0.051,0.256,2.310,9.306,2.223
a,102167,0.000,-8.811,36.000,-8.811,-3.560,-0.288,-0.621,-0.049,2.346,9.369,2.144
a,102171,0.000,-8.934,36.000,-8.934,-3.691,-0.181,-0.163,0.577,2.193,9.353,2.179
a,102176,0.000,-9.051,36.000,-9.051,-3.823,-0.028,0.402,0.455,2.054,9.281,2.294
a,102180,0.000,-9.161,36.000,-9.161,-3.911,0.262,0.432,-0.263,2.302,9.278,2.211
a,102183,0.000,-9.265,36.000,-9.265,-4.351,-0.333,0.005,0.317,2.297,9.391,2.067
a,102187,0.000,-9.362,36.000,-9.362,-4.351,-0.028,-0.178,-0.675,2.179,9.349,2.252
a,102192,0.000,-9.453,36.000,-9.453,-4.395,0.048,0.219,-0.141,2.201,9.349,2.269
a,102196,0.000,-9.537,36.000,-9.537,-4.395,-0.120,0.524,-0.416,2.163,9.369,2.200
a,102199,0.000,-9.614,36.000,-9.614,-4.351,0.155,0.371,-0.324,2.248,9.361,2.172
a,102203,0.000,-9.685,36.000,-9.685,-4.482,-0.181,-0.667,0.058,2.362,9.422,2.195
a,102207,0.000,-9.748,36.000,-9.748,-4.482,-0.120,-0.590,0.485,2.194,9.319,2.176
a,102211,0.000,-9.804,36.000,-9.804,-4.526,0.262,0.158,0.516,2.178,9.409,2.195
a,102215,0.000,-9.854,36.000,-9.854,-4.614,0.170,1.135,1.203,2.152,9.250,2.221
a,102219,0.000,-9.896,36.000,-9.896,-4.966,0.048,-0.071,0.042,2.357,9.397,2.209
a,102223,0.000,-9.931,36.000,-9.931,-5.098,-0.272,-0.484,1.569,2.393,9.285,2.138
a,102227,0.000,-9.959,36.000,-9.959,-5.010,-0.135,-0.942,-1.149,2.246,9.432,2.163
a,102231,0.000,-9.980,36.000,-9.980,-5.010,0.048,0.234,0.302,2.002,9.263,2.379
a,102235,0.000,-9.993,36.000,-9.993,-5.010,0.476,1.196,0.317,2.125,9.303,2.236
a,102239,0.000,-10.000,36.000,-10.000,-5.098,0.155,-0.163,0.409,2.357,9.400,2.096
a,102243,0.000,-9.998,36.000,-9.998,-5.010,-0.135,-0.484,-1.484,2.326,9.288,2.204
a,102247,0.000,-9.990,36.000,-9.990,-5.054,-0.394,-0.560,-0.385,2.206,9.329,2.201
a,102252,0.000,-9.974,36.000,-9.974,-5.054,0.140,0.265,-0.370,2.057,9.293,2.234
a,102255,0.000,-9.951,36.000,-9.951,-5.098,0.430,0.921,0.760,2.210,9.321,2.243
a,102259,0.000,-9.921,36.000,-9.921,-5.054,0.048,-0.331,0.149,2.333,9.336,2.175
a,102263,0.000,-9.884,36.000,-9.884,-4.966,-0.242,-0.438,-1.545,2.265,9.292,2.191
a,102267,0.000,-9.839,36.000,-9.839,-5.010,-0.165,-0.224,1.035,2.163,9.330,2.221
a,102272,0.000,-9.786,36.000,-9.786,-5.010,0.048,0.417,-0.461,2.126,9.305,2.246
a,102276,0.000,-9.727,36.000,-9.727,-5.054,-0.028,0.387,-1.118,2.264,9.369,2.180
a,102280,0.000,-9.660,36.000,-9.660,-5.054,0.003,-0.331,1.203,2.324,9.367,2.173
a,102283,0.000,-9.587,36.000,-9.587,-5.054,-0.074,-0.438,-0.996,2.218,9.330,2.186
a,102288,0.000,-9.506,36.000,-9.506,-5.010,0.064,0.051,-1.118,2.163,9.337,2.246
a,102291,0.000,-9.418,36.000,-9.418,-5.010,0.201,0.509,0.226,2.148,9.325,2.230
a,102296,0.000,-9.323,36.000,-9.323,-5.098,0.018,0.127,-0.904,2.259,9.347,2.176
a,102299,0.000,-9.220,36.000,-9.220,-5.186,-0.181,-0.361,1.630,2.310,9.333,2.180
a,102303,0.000,-9.111,36.000,-9.111,-5.054,-0.242,-0.438,-0.721,2.184,9.310,2.224
a,102307,0.000,-8.996,36.000,-8.996,-5.054,0.155,0.203,0.012,2.146,9.330,2.213
a,102311,0.000,-8.873,36.000,-8.873,-5.010,-0.028,0.280,0.058,2.206,9.335,2.212
a,102315,0.000,-8.744,36.000,-8.744,-4.966,-0.120,0.097,0.088,2.272,9.334,2.173
a,102319,0.000,-8.608,36.000,-8.608,-5.054,-0.120,-0.422,0.531,2.280,9.363,2.185
a,102323,0.000,-8.465,36.000,-8.465,-5.010,-0.181,-0.346,0.042,2.189,9.324,2.206
a,102327,0.000,-8.316,36.000,-8.316,-4.570,0.201,-0.117,-0.034,2.160,9.292,2.211
a,102331,0.000,-8.161,36.000,-8.161,-5.010,0.048,0.265,-0.355,2.219,9.348,2.227
a,102335,0.000,-8.000,36.000,-8.000,-5.054,-0.120,-0.209,0.531,2.290,9.351,2.175
a,102339,0.000,-7.832,36.000,-7.832,-5.098,-0.120,-0.361,0.424,2.253,9.340,2.198
a,102343,0.000,-7.658,36.000,-7.658,-5.010,-0.013,-0.209,0.638,2.184,9.330,2.201
a,102347,0.000,-7.479,36.000,-7.479,-5.098,-0.043,0.066,1.035,2.170,9.346,2.229
a,102352,0.000,-7.293,36.000,-7.293,-4.966,0.155,0.310,0.119,2.254,9.333,2.209
a,102355,0.000,-7.103,36.000,-7.103,-5.010,0.079,-0.163,-1.500,2.279,9.297,2.180
a,102359,0.000,-6.906,36.000,-6.906,-5.142,0.048,-0.438,0.745,2.197,9.336,2.192
a,102363,0.000,-6.704,36.000,-6.704,-5.010,0.048,0.081,-0.889,2.184,9.330,2.240
a,102367,0.000,-6.497,36.000,-6.497,-4.966,0.216,0.326,0.882,2.186,9.318,2.207
a,102371,0.000,-6.285,36.000,-6.285,-5.054,-0.242,-0.636,0.210,2.429,9.351,2.168
a,102375,0.000,-6.068,36.000,-6.068,-5.010,-0.120,-0.346,0.042,2.142,9.305,2.198
a,102379,0.000,-5.846,36.000,-5.846,-4.614,0.262,0.417,1.203,2.115,9.280,2.297
a,102383,0.000,-5.620,36.000,-5.620,-4.307,0.216,0.448,1.386,2.266,9.416,2.269
a,102387,0.000,-5.389,36.000,-5.389,-3.867,-0.211,-0.606,-1.362,2.368,9.454,2.142
a,102391,0.000,-5.154,36.000,-5.154,-3.647,-0.028,-0.224,-0.065,2.137,9.398,2.253
a,102395,0.000,-4.915,36.000,-4.915,-3.076,0.262,0.005,0.180,2.240,9.443,2.217
a,102399,0.000,-4.672,36.000,-4.672,-3.032,-0.059,0.127,0.256,2.128,9.583,2.198
a,102404,0.000,-4.425,36.000,-4.425,-2.900,0.293,0.341,0.332,2.187,9.420,2.265
a,102408,0.000,-4.174,36.000,-4.174,-2.373,-0.196,-0.560,-0.981,2.374,9.258,2.166
a,102411,0.000,-3.921,36.000,-3.921,-2.153,0.048,-0.163,-0.294,2.246,9.307,2.207
a,102415,0.000,-3.664,36.000,-3.664,-1.626,-0.059,0.066,0.531,2.162,9.321,2.175
a,102419,0.000,-3.404,36.000,-3.404,-1.538,0.125,0.432,-1.408,2.060,9.237,2.352
a,102423,0.000,-3.141,36.000,-3.141,-1.450,0.033,0.005,-1.759,2.393,9.227,2.102
a,102427,0.000,-2.875,36.000,-2.875,-1.055,-0.059,0.158,0.684,2.181,9.273,2.053
a,102431,0.000,-2.608,36.000,-2.608,-0.220,0.094,0.112,0.622,2.139,9.325,2.243
a,102436,0.000,-2.338,36.000,-2.338,-0.264,0.018,-0.331,-0.507,2.265,9.372,2.212
a,102439,0.000,-2.066,36.000,-2.066,-0.088,0.430,0.616,0.653,2.014,9.339,2.163
a,102444,0.000,-1.792,36.000,-1.792,-0.044,-0.196,-0.346,-0.553,2.315,9.298,2.204
a,102447,0.000,-1.516,36.000,-1.516,1.055,-0.059,-0.209,0.317,2.121,9.170,2.213
a,102451,0.000,-1.240,36.000,-1.240,1.230,0.262,0.646,-0.049,2.072,9.250,2.213
a,102455,0.000,-0.962,36.000,-0.962,1.758,-0.227,-0.102,0.256,2.259,9.346,2.246
a,102459,0.000,-0.683,36.000,-0.683,1.890,0.262,0.051,0.516,2.230,9.243,2.182
a,102463,0.000,-0.403,36.000,-0.403,1.978,-0.394,-0.651,0.103,2.259,9.385,2.156
a,102467,0.000,-0.123,36.000,-0.123,1.890,-0.028,0.097,-0.553,2.128,9.236,2.280
a,102471,0.000,0.157,36.000,0.157,1.890,0.125,0.005,-0.568,2.197,9.391,2.161
a,102475,0.000,0.437,36.000,0.437,3.120,-0.120,-0.071,-0.187,2.163,9.331,2.236
a,102479,0.000,0.718,36.000,0.718,2.417,0.445,0.539,1.386,2.203,9.293,2.267
a,102483,0.000,0.997,36.000,0.997,2.461,-0.120,-0.148,1.035,2.160,9.388,2.173
a,102487,0.000,1.277,36.000,1.277,2.505,0.369,0.036,-0.461,2.218,9.297,2.271
a,102491,0.000,1.555,36.000,1.555,2.725,-0.120,-0.132,0.042,2.109,9.364,2.230
a,102495,0.000,1.832,36.000,1.832,3.208,0.125,0.539,-0.813,2.212,9.275,2.318
a,102500,0.000,2.108,36.000,2.108,5.405,-0.288,-0.224,-0.232,2.203,9.299,2.115
a,102504,0.000,2.383,36.000,2.383,6.108,0.079,-0.102,0.790,2.306,9.323,2.189
a,102507,0.000,2.656,36.000,2.656,3.911,0.033,-0.422,0.424,2.137,9.413,2.206
a,102512,0.000,2.927,36.000,2.927,4.087,-0.043,0.234,-0.584,2.016,9.315,2.336
a,102515,0.000,3.196,36.000,3.196,4.746,0.048,0.203,-0.202,2.302,9.270,2.114
a,102519,0.000,3.462,36.000,3.462,4.790,-0.120,-0.010,-0.294,2.187,9.431,2.103
a,102523,0.000,3.726,36.000,3.726,5.317,0.033,0.158,-0.614,2.233,9.369,2.252
a,102528,0.000,3.987,36.000,3.987,5.537,-0.318,-0.361,1.523,2.327,9.345,2.209
a,102532,0.000,4.245,36.000,4.245,6.064,0.048,0.402,1.065,2.037,9.348,2.228
a,102535,0.000,4.499,36.000,4.499,6.108,0.308,0.310,-0.431,2.280,9.415,2.243
a,102540,0.000,4.751,36.000,4.751,6.240,0.186,0.005,-0.355,2.346,9.201,2.170
a,102544,0.000,4.998,36.000,4.998,6.196,0.048,-0.041,0.363,2.234,9.428,2.096
a,102548,0.000,5.242,36.000,5.242,6.636,-0.288,-0.804,0.546,2.310,9.377,2.253
a,102551,0.000,5.482,36.000,5.482,6.328,-0.242,-0.484,-0.614,2.206,9.239,2.182
a,102555,0.000,5.717,36.000,5.717,6.680,0.186,0.692,-0.813,2.160,9.340,2.206
a,102559,0.000,5.948,36.000,5.948,6.768,-0.059,0.600,-0.416,2.191,9.403,2.223
a,102563,0.000,6.175,36.000,6.175,6.724,-0.013,-0.209,0.317,2.225,9.349,2.259
a,102567,0.000,6.396,36.000,6.396,6.855,-0.120,-0.545,0.592,2.297,9.331,2.230
a,102571,0.000,6.612,36.000,6.612,6.899,-0.059,0.051,-0.019,2.156,9.324,2.143
a,102575,0.000,6.824,36.000,6.824,9.492,0.018,0.494,-0.843,2.017,9.284,2.228
a,102579,0.000,7.029,36.000,7.029,8.042,0.048,0.494,0.348,2.257,9.305,2.267
a,102584,0.000,7.230,36.000,7.230,8.130,0.201,-0.377,-0.141,2.241,9.382,2.125
a,102587,0.000,7.424,36.000,7.424,8.306,-0.333,-0.484,-0.294,2.326,9.328,2.106
a,102591,0.000,7.612,36.000,7.612,8.394,-0.196,0.036,-0.782,2.106,9.342,2.269
a,102595,0.000,7.795,36.000,7.795,8.877,0.308,0.326,-0.049,2.181,9.307,2.227
a,102599,0.000,7.971,36.000,7.971,8.877,-0.120,-0.056,-0.065,2.272,9.339,2.200
a,102603,0.000,8.141,36.000,8.141,8.921,-0.013,0.112,0.806,2.225,9.336,2.219
a,102607,0.000,8.304,36.000,8.304,9.097,0.201,-0.377,0.561,2.246,9.315,2.240
a,102611,0.000,8.460,36.000,8.460,13.008,0.186,-0.071,-0.736,2.201,9.310,2.201
a,102615,0.000,8.609,36.000,8.609,9.668,0.094,0.539,-0.217,2.031,9.321,2.186
a,102619,0.000,8.752,36.000,8.752,10.195,0.461,0.494,-0.706,2.290,9.252,2.230
a,102623,0.000,8.887,36.000,8.887,10.283,-0.333,-0.239,-0.187,2.215,9.333,2.090
a,102627,0.000,9.016,36.000,9.016,15.952,-0.120,-0.331,0.256,2.194,9.287,2.215
a,102632,0.000,9.136,36.000,9.136,10.327,-0.120,-0.361,0.531,2.241,9.319,2.269
a,102635,0.000,9.250,36.000,9.250,10.503,0.201,0.005,0.455,2.088,9.365,2.173
a,102639,0.000,9.355,36.000,9.355,10.459,-0.181,0.432,0.027,2.108,9.363,2.227
a,102643,0.000,9.453,36.000,9.453,10.854,0.354,0.326,-0.538,2.302,9.292,2.249
a,102647,0.000,9.543,36.000,9.543,10.942,-0.181,0.265,0.668,2.199,9.367,2.132
a,102651,0.000,9.626,36.000,9.626,10.942,0.064,-0.377,-0.523,2.334,9.334,2.230
a,102655,0.000,9.700,36.000,9.700,10.986,-0.730,-0.987,-0.171,2.313,9.354,2.223
a,102659,0.000,9.766,36.000,9.766,11.118,0.262,0.829,0.393,1.986,9.311,2.259
a,102663,0.000,9.824,36.000,9.824,11.558,0.094,0.066,0.561,2.337,9.450,2.131
a,102667,0.000,9.874,36.000,9.874,11.558,0.323,0.219,0.821,2.215,9.248,2.284
a,102671,0.000,9.916,36.000,9.916,11.206,-0.089,-0.331,-1.103,2.282,9.343,2.094
a,102675,0.000,9.949,36.000,9.949,11.602,-0.379,-0.651,1.325,2.320,9.377,2.235
a,102679,0.000,9.974,36.000,9.974,11.206,0.201,0.249,-0.156,1.998,9.288,2.236
a,102684,0.000,9.991,36.000,9.991,11.250,0.155,0.310,-0.431,2.302,9.372,2.217
a,102687,0.000,9.999,36.000,9.999,11.206,0.323,0.173,1.554,2.178,9.316,2.195
a,102691,0.000,9.999,36.000,9.999,11.206,-0.150,-0.987,-1.042,2.355,9.439,2.180
a,102695,0.000,9.990,36.000,9.990,11.558,-0.242,-0.636,-0.126,2.228,9.355,2.174
a,102699,0.000,9.973,36.000,9.973,11.646,0.308,0.875,-0.003,2.094,9.363,2.221
a,102704,0.000,9.948,36.000,9.948,11.602,-0.059,0.432,0.668,2.312,9.383,2.191
a,102707,0.000,9.914,36.000,9.914,11.162,-0.242,-0.484,-0.935,2.303,9.351,2.211
a,102711,0.000,9.871,36.000,9.871,11.602,-0.120,-0.713,-0.431,2.160,9.330,2.125
a,102716,0.000,9.820,36.000,9.820,11.250,-0.013,0.158,-0.294,2.146,9.322,2.261
a,102719,0.000,9.761,36.000,9.761,11.646,0.262,0.494,0.332,2.162,9.317,2.253
a,102723,0.000,9.693,36.000,9.693,11.558,-0.013,0.219,0.073,2.310,9.371,2.137
a,102727,0.000,9.617,36.000,9.617,11.558,-0.196,-0.880,-0.920,2.279,9.336,2.198
a,102731,0.000,9.533,36.000,9.533,11.602,-0.104,-0.468,1.203,2.162,9.270,2.219
a,102735,0.000,9.441,36.000,9.441,11.646,0.079,0.326,-0.324,2.178,9.343,2.243
a,102739,0.000,9.340,36.000,9.340,11.689,0.216,0.600,0.821,2.215,9.354,2.191
a,102743,0.000,9.231,36.000,9.231,11.602,0.033,0.142,0.302,2.277,9.346,2.186
a,102748,0.000,9.115,36.000,9.115,11.646,-0.013,-0.606,0.103,2.240,9.336,2.215
a,102752,0.000,8.990,36.000,8.990,11.250,-0.135,0.051,-0.339,2.134,9.339,2.243
a,102756,0.000,8.858,36.000,8.858,11.602,0.079,0.432,-0.370,2.212,9.347,2.218
a,102759,0.000,8.717,36.000,8.717,11.602,-0.013,0.127,0.195,2.246,9.349,2.198
a,102763,0.000,8.570,36.000,8.570,11.558,-0.059,-0.178,-0.339,2.308,9.358,2.180
a,102767,0.000,8.414,36.000,8.414,11.646,0.079,-0.331,-1.072,2.209,9.325,2.180
a,102771,0.000,8.252,36.000,8.252,11.602,-0.135,0.265,-0.461,2.131,9.352,2.249
a,102775,0.000,8.082,36.000,8.082,11.602,0.094,0.432,0.714,2.209,9.304,2.207
a,102779,0.000,7.905,36.000,7.905,11.602,0.048,-0.224,-0.400,2.277,9.363,2.175
a,102783,0.000,7.721,36.000,7.721,11.558,-0.013,-0.239,-0.019,2.265,9.336,2.185
a,102787,0.000,7.530,36.000,7.530,11.602,-0.257,-0.331,-0.675,2.206,9.334,2.215
a,102791,0.000,7.332,36.000,7.332,11.558,0.079,0.509,0.332,2.124,9.366,2.259
a,102796,0.000,7.128,36.000,7.128,11.646,-0.028,0.066,0.317,2.302,9.322,2.191
a,102799,0.000,6.917,36.000,6.917,13.843,-0.333,-0.224,0.256,2.243,9.374,2.156
a,102803,0.000,6.701,36.000,6.701,11.162,-0.028,-0.346,-0.507,2.203,9.373,2.219
a,102807,0.000,6.478,36.000,6.478,11.646,0.247,0.142,-0.843,2.209,9.414,2.169
a,102811,0.000,6.249,36.000,6.249,11.206,-0.028,0.829,-0.049,2.170,9.292,2.224
a,102815,0.000,6.015,36.000,6.015,11.074,0.048,0.341,0.241,2.126,9.340,2.224
a,102819,0.000,5.776,36.000,5.776,10.898,-0.013,-0.987,0.210,2.704,9.322,2.143
a,102823,0.000,5.531,36.000,5.531,10.503,-0.959,-1.476,-0.584,2.006,9.443,2.030
a,102827,0.000,5.281,36.000,5.281,10.327,0.430,0.417,-0.477,1.991,9.110,2.401
a,102831,0.000,5.026,36.000,5.026,14.019,0.537,0.875,0.164,2.204,9.331,2.116
a,102835,0.000,4.767,36.000,4.767,9.624,0.308,0.387,-0.156,2.237,9.178,2.221
a,102839,0.000,4.503,36.000,4.503,9.580,-0.318,-1.445,-1.774,2.455,9.408,2.083
a,102843,0.000,4.235,36.000,4.235,10.283,-0.791,-0.926,0.103,2.070,9.454,2.265
a,102847,0.000,3.963,36.000,3.963,9.492,0.308,1.074,-0.232,1.913,9.451,2.336
a,102852,0.000,3.688,36.000,3.688,9.053,0.155,0.600,0.012,2.468,9.403,2.160
a,102855,0.000,3.409,36.000,3.409,8.965,-0.547,-0.545,1.432,2.391,9.480,2.040
a,102859,0.000,3.126,36.000,3.126,8.877,-0.120,-0.942,0.164,2.148,9.335,2.237
a,102863,0.000,2.841,36.000,2.841,8.350,-0.120,0.020,0.424,2.069,9.396,2.286
a,102868,0.000,2.553,36.000,2.553,8.086,0.262,0.860,-0.049,2.170,9.336,2.219
a,102871,0.000,2.263,36.000,2.263,7.690,0.354,0.265,-0.584,2.359,9.421,2.073
a,102875,0.000,1.970,36.000,1.970,7.339,-0.333,-0.529,1.080,2.261,9.333,2.182
a,102879,0.000,1.676,36.000,1.676,6.943,-0.150,-1.003,-1.851,2.170,9.632,2.392
a,102883,0.000,1.379,36.000,1.379,8.789,0.094,-0.209,1.019,2.321,9.404,2.128
a,102888,0.000,1.082,36.000,1.082,6.724,-0.013,0.310,-0.248,2.103,9.385,2.163
a,102892,0.000,0.783,36.000,0.783,6.196,-1.173,-0.636,0.561,2.647,10.119,2.606
a,102895,0.000,0.483,36.000,0.483,6.240,-0.349,-0.422,0.256,1.867,9.592,2.720
a,102899,0.000,0.183,36.000,0.183,6.108,0.140,-0.270,-1.118,2.350,9.382,2.361
a,102903,0.000,-0.118,36.000,-0.118,5.405,0.109,0.005,1.554,2.349,9.445,1.919
a,102907,0.000,-0.419,36.000,-0.419,4.658,0.522,0.906,-0.660,1.893,9.196,2.249
a,102911,0.000,-0.720,36.000,-0.720,4.131,-0.440,-1.461,0.714,2.725,9.546,2.185
a,102915,0.000,-1.020,36.000,-1.020,3.999,-0.501,-0.926,-0.003,2.000,9.345,2.309
a,102919,0.000,-1.319,36.000,-1.319,3.516,0.262,0.738,-0.431,2.140,9.410,2.217
a,102923,0.000,-1.618,36.000,-1.618,3.867,-0.440,0.646,0.409,2.313,9.421,2.119
a,102927,0.000,-1.915,36.000,-1.915,3.516,0.155,0.891,0.638,2.132,9.254,2.102
a,102931,0.000,-2.211,36.000,-2.211,3.384,-0.333,-0.102,0.806,2.483,9.359,2.045
a,102935,0.000,-2.504,36.000,-2.504,2.769,-0.227,0.448,0.455,2.020,9.328,2.069
a,102939,0.000,-2.796,36.000,-2.796,2.505,-0.196,-0.880,-1.301,2.455,9.464,2.112
a,102943,0.000,-3.086,36.000,-3.086,2.065,-0.394,-0.377,0.363,2.160,9.287,2.316
a,102948,0.000,-3.372,36.000,-3.372,1.934,0.751,1.135,0.485,1.982,9.331,2.156
a,102952,0.000,-3.656,36.000,-3.656,1.714,-0.242,-0.056,-0.721,2.458,9.412,2.119
a,102955,0.000,-3.937,36.000,-3.937,1.187,0.064,-0.117,1.142,2.140,9.260,2.198
a,102959,0.000,-4.214,36.000,-4.214,0.571,-0.227,-0.484,-0.294,2.266,9.382,2.156
a,102963,0.000,-4.487,36.000,-4.487,0.352,-0.028,-0.514,0.516,2.222,9.428,2.201
a,102967,0.000,-4.757,36.000,-4.757,0.000,0.125,0.661,-0.767,2.008,9.309,2.246
a,102972,0.000,-5.022,36.000,-5.022,-0.088,-0.135,-0.331,-1.698,2.386,9.408,2.209
a,102976,0.000,-5.283,36.000,-5.283,-0.088,-0.181,-0.728,-0.324,2.306,9.359,2.182
a,102979,0.000,-5.539,36.000,-5.539,-0.176,0.170,0.173,0.958,2.100,9.359,2.103
a,102983,0.000,-5.790,36.000,-5.790,-0.264,-0.120,-0.361,0.317,2.215,9.434,2.240
a,102987,0.000,-6.036,36.000,-6.036,-0.352,0.094,0.203,0.058,2.150,9.282,2.242
a,102991,0.000,-6.276,36.000,-6.276,-0.967,-0.349,-0.499,-1.057,2.382,9.470,2.075
a,102995,0.000,-6.511,36.000,-6.511,-1.099,-0.074,-0.468,0.745,2.148,9.413,2.253
a,103000,0.000,-6.740,36.000,-6.740,-1.099,0.033,0.387,-0.248,2.160,9.330,2.252
a,103003,0.000,-6.963,36.000,-6.963,-0.132,0.308,0.646,0.012,2.131,9.287,2.182
a,103007,0.000,-7.179,36.000,-7.179,-1.494,-0.013,0.478,-0.034,2.346,9.479,2.233
a,103012,0.000,-7.389,36.000,-7.389,-1.670,0.094,-0.438,0.073,2.479,9.303,2.185
a,103015,0.000,-7.592,36.000,-7.592,-1.714,-0.639,-1.247,-0.049,2.271,9.535,2.103
a,103019,0.000,-7.788,36.000,-7.788,-2.153,0.323,0.646,0.882,1.948,9.216,2.313
a,103023,0.000,-7.976,36.000,-7.976,-2.856,0.308,1.303,0.042,2.259,9.310,2.064
a,103027,0.000,-8.158,36.000,-8.158,-2.944,-0.013,-0.117,0.149,2.377,9.416,2.240
a,103031,0.000,-8.331,36.000,-8.331,-2.285,-0.196,-1.018,0.439,2.388,9.351,2.126
a,103035,0.000,-8.497,36.000,-8.497,-2.988,-0.410,-0.743,0.699,2.033,9.351,2.265
a,103039,0.000,-8.655,36.000,-8.655,-3.164,0.537,1.196,-0.171,1.994,9.273,2.243
a,103043,0.000,-8.805,36.000,-8.805,-3.647,0.140,0.600,-0.584,2.391,9.397,2.084
a,103047,0.000,-8.947,36.000,-8.947,1.318,-0.333,-0.621,-0.110,2.364,9.383,2.192
a,103051,0.000,-9.081,36.000,-9.081,-4.307,-0.303,-1.109,-0.599,2.308,9.264,2.269
a,103055,0.000,-9.205,36.000,-9.205,-4.351,-0.013,0.097,0.042,2.106,9.365,2.090
a,103059,0.000,-9.321,36.000,-9.321,-4.351,0.232,0.753,-0.752,2.064,9.333,2.370
a,103064,0.000,-9.429,36.000,-9.429,-4.395,0.308,0.631,1.096,2.319,9.286,2.243
a,103067,0.000,-9.527,36.000,-9.527,-4.351,-0.257,-0.438,-0.553,2.349,9.379,2.072
a,103071,0.000,-9.617,36.000,-9.617,-4.351,-0.135,-0.453,-1.057,2.212,9.357,2.207
a,103075,0.000,-9.697,36.000,-9.697,-4.307,-0.059,0.219,0.302,2.128,9.306,2.294
a,103079,0.000,-9.768,36.000,-9.768,-4.395,0.491,0.539,0.882,2.148,9.322,2.206
a,103083,0.000,-9.829,36.000,-9.829,-4.395,0.094,0.051,0.134,2.279,9.348,2.122
a,103088,0.000,-9.882,36.000,-9.882,-4.395,-0.196,-0.102,0.470,2.272,9.281,2.193
a,103092,0.000,-9.925,36.000,-9.925,-2.329,0.094,0.265,0.119,2.124,9.252,2.137
a,103095,0.000,-9.958,36.000,-9.958,-4.570,-0.349,-0.590,0.271,2.290,9.406,2.228
a,103099,0.000,-9.981,36.000,-9.981,-5.010,0.262,0.051,0.302,2.187,9.339,2.207
a,103103,0.000,-9.996,36.000,-9.996,-5.010,0.155,0.203,-0.431,2.128,9.353,2.157
a,103107,0.000,-10.000,36.000,-10.000,-5.054,0.155,0.097,0.027,2.265,9.351,2.252
a,103112,0.000,-9.995,36.000,-9.995,-5.098,0.033,-0.285,-1.545,2.257,9.306,2.185
a,103116,0.000,-9.980,36.000,-9.980,-4.922,-0.440,-0.484,-0.065,2.249,9.410,2.148
a,103120,0.000,-9.955,36.000,-9.955,-5.010,0.201,0.448,0.775,2.113,9.303,2.259
a,103123,0.000,-9.921,36.000,-9.921,-5.054,-0.013,0.203,-0.080,2.251,9.349,2.213
a,103127,0.000,-9.877,36.000,-9.877,-4.966,0.079,-0.209,0.455,2.243,9.377,2.154
a,103131,0.000,-9.823,36.000,-9.823,-5.010,0.155,-0.270,0.302,2.235,9.340,2.206
a,103135,0.000,-9.760,36.000,-9.760,-5.098,-0.120,-0.056,0.577,2.234,9.347,2.217
a,103139,0.000,-9.687,36.000,-9.687,-5.098,0.140,-0.239,-0.950,2.175,9.334,2.235
a,103144,0.000,-9.605,36.000,-9.605,-5.098,-0.074,0.265,-0.523,2.249,9.349,2.186
a,103148,0.000,-9.513,36.000,-9.513,-5.010,0.048,0.142,0.042,2.253,9.360,2.192
a,103151,0.000,-9.412,36.000,-9.412,-5.010,0.048,-0.163,0.363,2.188,9.325,2.209
a,103156,0.000,-9.301,36.000,-9.301,-5.142,-0.028,0.020,0.027,2.206,9.361,2.212
a,103160,0.000,-9.181,36.000,-9.181,-5.010,0.155,0.341,0.287,2.184,9.324,2.221
a,103163,0.000,-9.053,36.000,-9.053,-5.054,-0.043,0.112,-1.057,2.241,9.361,2.173
a,103167,0.000,-8.915,36.000,-8.915,-5.010,-0.028,-0.178,-0.828,2.265,9.354,2.200
a,103171,0.000,-8.768,36.000,-8.768,-5.054,-0.104,-0.102,0.851,2.222,9.353,2.211
a,103175,0.000,-8.613,36.000,-8.613,-5.054,-0.013,0.219,0.516,2.204,9.351,2.221
a,103179,0.000,-8.448,36.000,-8.448,-5.010,0.186,0.097,-0.843,2.186,9.342,2.211
a,103183,0.000,-8.276,36.000,-8.276,-5.054,-0.028,-0.071,-1.545,2.228,9.340,2.200
a,103187,0.000,-8.095,36.000,-8.095,-5.010,-0.013,-0.056,0.806,2.272,9.324,2.206
a,103191,0.000,-7.906,36.000,-7.906,-5.010,-0.028,0.112,-0.446,2.212,9.324,2.217
a,103195,0.000,-7.709,36.000,-7.709,-5.010,0.048,0.020,0.317,2.212,9.345,2.215
a,103200,0.000,-7.504,36.000,-7.504,-5.054,0.033,0.387,-1.179,2.219,9.373,2.207
a,103203,0.000,-7.291,36.000,-7.291,-5.054,0.262,-0.163,-0.080,2.234,9.357,2.201
a,103207,0.000,-7.071,36.000,-7.071,-5.098,-0.074,-0.239,-1.057,2.212,9.363,2.236
a,103211,0.000,-6.844,36.000,-6.844,-5.010,-0.135,0.173,0.638,2.186,9.336,2.222
a,103215,0.000,-6.610,36.000,-6.610,-5.010,0.048,0.265,-0.355,2.197,9.321,2.221
a,103219,0.000,-6.369,36.000,-6.369,-5.054,0.094,0.020,0.180,2.228,9.311,2.198
a,103223,0.000,-6.122,36.000,-6.122,-5.054,-0.059,-0.377,-0.294,2.292,9.306,2.182
a,103227,0.000,-5.868,36.000,-5.868,-5.010,-0.456,-1.033,-1.042,2.134,9.479,2.261
a,103231,0.000,-5.608,36.000,-5.608,-4.482,0.155,-0.209,0.409,2.126,9.378,2.309
a,103235,0.000,-5.342,36.000,-5.342,-3.823,0.628,1.410,-0.446,2.010,9.307,2.289
a,103239,0.000,-5.071,36.000,-5.071,-3.120,-0.059,-0.117,0.470,2.526,9.316,2.173
a,103243,0.000,-4.795,36.000,-4.795,-1.538,-0.471,-0.377,-0.553,2.157,9.270,2.240
a,103248,0.000,-4.513,36.000,-4.513,-2.988,-0.242,-0.850,-0.446,2.224,9.321,2.144
a,103252,0.000,-4.227,36.000,-4.227,2.065,-0.593,-0.056,-0.553,2.016,9.634,2.105
a,103255,0.000,-3.936,36.000,-3.936,-2.153,1.117,1.364,-0.171,2.008,9.193,2.466
a,103259,0.000,-3.641,36.000,-3.641,-1.670,-0.501,-0.148,0.531,2.528,9.565,1.994
a,103263,0.000,-3.342,36.000,-3.342,-1.538,-0.120,-0.743,0.592,2.186,9.428,2.350
a,103267,0.000,-3.040,36.000,-3.040,-1.626,0.094,-1.094,0.317,2.267,9.553,2.145
a,103271,0.000,-2.734,36.000,-2.734,-1.406,-0.425,-0.926,-0.813,2.075,9.431,2.278
a,103275,0.000,-2.425,36.000,-2.425,-0.308,0.751,1.043,0.210,2.079,9.210,2.411
a,103280,0.000,-2.114,36.000,-2.114,-0.176,-0.181,0.127,0.638,2.518,9.449,1.906
a,103284,0.000,-1.800,36.000,-1.800,0.659,-0.196,-0.438,-0.446,2.022,9.312,2.252
a,103287,0.000,-1.484,36.000,-1.484,-0.044,0.018,-0.606,-0.599,2.377,9.367,2.278
a,103291,0.000,-1.166,36.000,-1.166,0.571,-0.333,0.051,0.088,2.035,9.297,2.172
a,103295,0.000,-0.847,36.000,-0.847,1.055,0.170,0.753,-0.584,1.982,9.319,2.278
a,103299,0.000,-0.527,36.000,-0.527,1.318,-0.196,0.127,0.745,2.368,9.462,2.174
a,103303,0.000,-0.207,36.000,-0.207,1.802,-0.059,-0.209,0.317,2.146,9.394,2.248
a,103307,0.000,0.115,36.000,0.115,1.890,-0.120,-0.499,-0.187,2.308,9.369,2.122
a,103311,0.000,0.436,36.000,0.436,2.065,-0.394,-0.468,1.142,2.140,9.324,2.247
a,103315,0.000,0.757,36.000,0.757,2.461,0.445,0.921,0.867,2.108,9.328,2.271
a,103319,0.000,1.078,36.000,1.078,4.131,0.079,0.005,-0.904,2.279,9.403,2.154
a,103323,0.000,1.397,36.000,1.397,2.769,0.415,0.051,-0.034,2.132,9.310,2.253
a,103327,0.000,1.716,36.000,1.716,3.208,-0.059,-0.224,0.256,2.217,9.379,2.160
a,103331,0.000,2.033,36.000,2.033,3.428,-0.120,-0.041,0.317,2.235,9.330,2.237
a,103335,0.000,2.347,36.000,2.347,3.428,0.308,0.371,-0.370,2.187,9.321,2.198
a,103339,0.000,2.660,36.000,2.660,3.867,-0.227,0.066,1.248,2.217,9.372,2.145
a,103343,0.000,2.970,36.000,2.970,4.087,-0.074,-0.270,0.042,2.251,9.355,2.297
a,103347,0.000,3.277,36.000,3.277,4.614,0.369,0.387,0.164,2.288,9.245,2.172
a,103352,0.000,3.581,36.000,3.581,4.746,0.109,-0.056,0.897,2.146,9.449,2.115
a,103356,0.000,3.882,36.000,3.882,5.361,-0.242,-0.163,-1.057,2.179,9.351,2.274
a,103359,0.000,4.178,36.000,4.178,5.537,0.064,0.173,0.913,2.125,9.279,2.253
a,103363,0.000,4.470,36.000,4.470,6.064,0.125,-0.148,-0.752,2.251,9.236,2.188
a,103367,0.000,4.758,36.000,4.758,6.108,0.048,0.341,0.180,2.103,9.328,2.148
a,103371,0.000,5.041,36.000,5.041,6.108,0.293,-0.163,-0.568,2.300,9.307,2.227
a,103376,0.000,5.319,36.000,5.319,6.196,-0.242,-0.545,-0.782,2.313,9.378,2.186
a,103380,0.000,5.591,36.000,5.591,9.492,-0.028,-0.224,-1.103,2.064,9.316,2.253
a,103384,0.000,5.858,36.000,5.858,8.306,0.201,0.005,0.622,2.312,9.340,2.229
a,103387,0.000,6.119,36.000,6.119,7.603,0.201,0.982,0.592,2.109,9.267,2.192
a,103391,0.000,6.373,36.000,6.373,8.306,-0.013,0.051,0.684,2.217,9.363,2.230
a,103395,0.000,6.621,36.000,6.621,6.855,-0.410,-0.651,-1.744,2.380,9.397,2.186
a,103399,0.000,6.862,36.000,6.862,7.383,-0.043,0.600,-0.950,1.908,9.197,2.265
a,103403,0.000,7.095,36.000,7.095,8.086,0.186,0.555,0.439,2.243,9.353,2.282
a,103408,0.000,7.322,36.000,7.322,8.174,0.109,0.448,1.661,2.152,9.407,2.252
a,103411,0.000,7.540,36.000,7.540,8.350,0.094,-0.010,-0.309,2.355,9.469,2.112
a,103415,0.000,7.751,36.000,7.751,8.833,-0.333,-0.651,-0.049,2.295,9.382,2.215
a,103419,0.000,7.954,36.000,7.954,8.877,-0.043,0.051,0.851,2.125,9.304,2.229
a,103423,0.000,8.148,36.000,8.148,8.921,0.155,0.005,0.455,2.225,9.385,2.172
a,103427,0.000,8.333,36.000,8.333,9.492,-0.059,0.326,0.516,2.017,9.382,2.242
a,103432,0.000,8.510,36.000,8.510,9.668,0.308,0.051,-0.416,2.333,9.224,2.246
a,103435,0.000,8.678,36.000,8.678,9.756,-0.440,-0.453,-0.294,2.265,9.464,2.029
a,103439,0.000,8.836,36.000,8.836,10.283,0.079,-0.010,-1.439,2.109,9.272,2.175
a,103443,0.000,8.985,36.000,8.985,10.327,0.033,-0.163,0.088,2.217,9.313,2.260
a,103447,0.000,9.124,36.000,9.124,10.371,0.277,0.432,-0.706,2.137,9.269,2.278
a,103452,0.000,9.254,36.000,9.254,24.917,-0.242,-0.163,-0.507,2.292,9.373,2.067
a,103456,0.000,9.374,36.000,9.374,10.459,-0.349,-0.835,-0.599,2.352,9.400,2.157
a,103459,0.000,9.483,36.000,9.483,10.503,0.109,0.234,1.004,1.867,9.321,2.236
a,103463,0.000,9.583,36.000,9.583,10.898,0.537,0.661,0.287,2.203,9.273,2.334
a,103467,0.000,9.672,36.000,9.672,10.898,0.262,0.173,0.561,2.286,9.360,2.161
a,103471,0.000,9.750,36.000,9.750,11.030,-0.288,-0.255,0.363,2.156,9.475,2.252
a,103476,0.000,9.818,36.000,9.818,11.250,0.094,-0.636,0.806,2.310,9.363,2.209
a,103480,0.000,9.876,36.000,9.876,11.118,0.125,0.494,-0.752,2.047,9.275,2.176
a,103483,0.000,9.922,36.000,9.922,11.118,0.308,0.249,-0.156,2.241,9.383,2.204
a,103488,0.000,9.958,36.000,9.958,11.206,-0.165,-0.468,1.691,2.358,9.357,2.213
a,103491,0.000,9.983,36.000,9.983,11.162,-0.227,-0.346,-0.339,2.150,9.322,2.186
a,103496,0.000,9.997,36.000,9.997,11.206,-0.074,-0.270,-0.446,2.248,9.372,2.212
a,103499,0.000,10.000,36.000,10.000,11.118,0.201,0.539,0.164,2.124,9.292,2.259
a,103503,0.000,9.992,36.000,9.992,11.206,0.140,0.326,-1.026,2.259,9.365,2.192
a,103507,0.000,9.973,36.000,9.973,11.118,-0.272,-0.331,1.355,2.358,9.371,2.143
a,103511,0.000,9.943,36.000,9.943,11.162,0.048,0.005,0.256,2.160,9.307,2.230
a,103515,0.000,9.901,36.000,9.901,11.074,-0.059,-0.117,-0.446,2.204,9.345,2.215
a,103519,0.000,9.849,36.000,9.849,11.162,0.079,0.432,-0.263,2.168,9.310,2.215
a,103523,0.000,9.786,36.000,9.786,11.250,-0.013,0.051,-0.400,2.264,9.364,2.163
a,103527,0.000,9.713,36.000,9.713,11.206,-0.059,-0.346,0.042,2.315,9.371,2.195
a,103531,0.000,9.628,36.000,9.628,11.162,-0.043,0.020,-1.561,2.131,9.334,2.225
a,103535,0.000,9.532,36.000,9.532,11.206,-0.013,0.249,-0.309,2.203,9.359,2.229
a,103539,0.000,9.426,36.000,9.426,11.206,0.033,0.173,0.638,2.228,9.348,2.203
a,103543,0.000,9.310,36.000,9.310,11.162,0.094,-0.163,-0.202,2.251,9.331,2.175
a,103547,0.000,9.183,36.000,9.183,11.118,-0.242,-0.545,-0.400,2.249,9.361,2.195
a,103552,0.000,9.045,36.000,9.045,11.250,0.079,-0.178,-1.713,2.139,9.328,2.204
a,103555,0.000,8.897,36.000,8.897,11.206,0.201,0.051,-0.248,2.191,9.331,2.236
a,103559,0.000,8.740,36.000,8.740,11.118,0.079,0.112,0.134,2.257,9.365,2.193
a,103563,0.000,8.572,36.000,8.572,11.162,0.033,-0.285,-1.316,2.255,9.357,2.194
a,103567,0.000,8.394,36.000,8.394,11.118,0.003,-0.484,0.913,2.255,9.353,2.180
a,103571,0.000,8.208,36.000,8.208,11.206,-0.013,-0.132,-0.065,2.163,9.349,2.223
a,103575,0.000,8.011,36.000,8.011,11.118,-0.120,0.219,0.668,2.194,9.339,2.227
a,103579,0.000,7.806,36.000,7.806,11.030,-0.028,-0.102,0.470,2.280,9.358,2.162
a,103583,0.000,7.591,36.000,7.591,11.206,-0.028,-0.331,0.088,2.235,9.359,2.195
a,103587,0.000,7.368,36.000,7.368,11.118,-0.272,-0.102,1.416,2.188,9.357,2.213
a,103591,0.000,7.136,36.000,7.136,11.162,0.094,0.265,-0.049,2.173,9.335,2.215
a,103595,0.000,6.897,36.000,6.897,11.118,-0.013,0.448,0.622,2.191,9.410,2.209
a,103600,0.000,6.649,36.000,6.649,13.140,-0.135,-0.163,-0.294,2.327,9.366,2.191
a,103604,0.000,6.393,36.000,6.393,11.162,-0.440,-0.270,0.256,2.218,9.380,2.180
a,103607,0.000,6.130,36.000,6.130,13.931,-0.333,-0.178,-0.187,2.140,9.396,2.206
a,103611,0.000,5.860,36.000,5.860,11.074,0.094,0.112,-0.080,2.204,9.299,2.211
a,103615,0.000,5.583,36.000,5.583,10.459,0.583,1.639,1.401,1.960,9.310,2.151
a,103619,0.000,5.299,36.000,5.299,10.283,-0.394,-0.987,-0.003,2.559,9.504,1.938
a,103623,0.000,5.010,36.000,5.010,9.756,-0.746,-1.415,-1.072,2.209,9.354,2.166
a,103627,0.000,4.714,36.000,4.714,9.624,0.751,0.371,-0.263,1.955,9.267,2.437
a,103632,0.000,4.412,36.000,4.412,9.448,0.094,0.723,0.393,2.209,9.450,2.150
a,103636,0.000,4.106,36.000,4.106,9.009,0.705,1.593,1.371,2.148,9.206,2.252
a,103640,0.000,3.794,36.000,3.794,8.965,-0.425,-0.911,0.867,2.535,9.431,2.006
a,103643,0.000,3.478,36.000,3.478,8.789,-0.333,-1.430,-0.202,2.128,9.210,2.272
a,103647,0.000,3.158,36.000,3.158,8.306,0.186,0.600,-0.858,1.864,9.285,2.229
a,103652,0.000,2.834,36.000,2.834,8.086,0.415,0.524,-1.133,2.433,9.385,2.127
a,103655,0.000,2.506,36.000,2.506,12.568,0.140,0.280,0.287,2.119,9.316,2.125
a,103659,0.000,2.175,36.000,2.175,7.427,-0.227,-0.728,-0.171,2.404,9.391,2.229
a,103663,0.000,1.842,36.000,1.842,6.943,-0.272,-0.865,1.218,2.251,9.414,2.209
a,103667,0.000,1.506,36.000,1.506,6.855,0.170,0.432,-0.752,1.833,9.334,2.274
a,103671,0.000,1.168,36.000,1.168,6.680,0.262,0.600,0.775,2.349,9.418,2.207
a,103675,0.000,0.829,36.000,0.829,10.986,-0.089,-0.392,-1.805,2.319,9.479,2.094
a,103679,0.000,0.488,36.000,0.488,6.240,0.094,-0.758,0.424,2.290,9.397,2.233
a,103684,0.000,0.147,36.000,0.147,6.240,-0.120,-0.819,0.103,2.277,9.397,2.221
a,103687,0.000,-0.195,36.000,-0.195,5.581,0.262,1.028,-0.110,1.919,9.228,2.243
a,103691,0.000,-0.537,36.000,-0.537,4.702,0.003,0.936,0.821,2.172,9.342,2.185
a,103695,0.000,-0.878,36.000,-0.878,4.482,-0.288,-0.758,-0.003,2.664,9.359,2.058
a,103699,0.000,-1.219,36.000,-1.219,3.911,-0.685,-1.491,-0.416,2.181,9.452,2.061
a,103704,0.000,-1.558,36.000,-1.558,3.823,-0.288,-0.178,-0.339,2.076,9.345,2.340
a,103707,0.000,-1.896,36.000,-1.896,3.516,0.293,1.089,0.103,2.125,9.319,2.254
a,103711,0.000,-2.232,36.000,-2.232,3.296,0.476,1.257,-0.232,2.251,9.391,2.121
a,103715,0.000,-2.565,36.000,-2.565,3.208,-0.456,-0.697,0.592,2.580,9.323,2.144
a,103719,0.000,-2.896,36.000,-2.896,2.637,-0.333,-0.636,0.821,2.186,9.216,2.194
a,103724,0.000,-3.223,36.000,-3.223,2.505,-0.532,-0.926,-0.660,2.204,9.451,2.215
a,103728,0.000,-3.547,36.000,-3.547,2.461,0.583,1.242,0.103,2.028,9.153,2.361
a,103731,0.000,-3.866,36.000,-3.866,1.802,0.445,1.028,0.989,2.233,9.340,2.048
a,103735,0.000,-4.182,36.000,-4.182,1.143,-0.257,-0.590,-0.553,2.458,9.315,2.078
a,103739,0.000,-4.492,36.000,-4.492,0.703,0.064,-0.422,-1.087,2.186,9.280,2.160
a,103743,0.000,-4.798,36.000,-4.798,0.439,-0.562,-0.484,-0.065,2.163,9.394,2.253
a,103747,0.000,-5.098,36.000,-5.098,-0.044,0.048,0.600,-0.416,2.078,9.227,2.261
a,103752,0.000,-5.392,36.000,-5.392,-0.132,0.369,0.753,0.607,2.249,9.288,2.100
a,103756,0.000,-5.680,36.000,-5.680,-0.176,-0.196,-0.102,0.684,2.374,9.351,2.114
a,103759,0.000,-5.961,36.000,-5.961,-0.308,0.064,-0.422,1.080,2.162,9.281,2.272
a,103764,0.000,-6.235,36.000,-6.235,-0.791,-0.135,-0.224,-0.187,2.257,9.391,2.133
a,103767,0.000,-6.502,36.000,-6.502,-1.055,-0.181,0.112,0.470,2.150,9.354,2.217
a,103771,0.000,-6.761,36.000,-6.761,-1.450,0.201,0.432,-0.324,2.303,9.351,2.179
a,103775,0.000,-7.013,36.000,-7.013,-1.538,-0.333,-0.422,0.317,2.328,9.428,2.160
a,103779,0.000,-7.256,36.000,-7.256,-1.494,-0.059,-0.102,0.195,2.225,9.365,2.217
a,103783,0.000,-7.490,36.000,-7.490,-1.582,-0.028,0.112,-0.232,2.209,9.324,2.162
a,103787,0.000,-7.716,36.000,-7.716,-1.714,0.170,0.219,0.882,2.255,9.322,2.194
a,103791,0.000,-7.932,36.000,-7.932,-2.109,0.140,0.219,0.012,2.175,9.255,2.205
a,103795,0.000,-8.139,36.000,-8.139,-2.329,-0.501,-0.545,-0.019,2.264,9.288,2.243
a,103799,0.000,-8.337,36.000,-8.337,-2.505,-0.013,-0.285,-0.019,2.246,9.389,2.161
a,103803,0.000,-8.524,36.000,-8.524,-2.856,-0.120,0.112,0.317,2.201,9.357,2.157
a,103807,0.000,-8.701,36.000,-8.701,-2.900,-0.059,0.432,0.409,2.210,9.392,2.300
a,103811,0.000,-8.868,36.000,-8.868,-3.032,0.140,0.219,-0.324,2.259,9.367,2.186
a,103815,0.000,-9.023,36.000,-9.023,-3.120,-0.013,-0.132,1.126,2.297,9.392,2.110
a,103820,0.000,-9.168,36.000,-9.168,-3.647,-0.089,-0.331,-0.507,2.237,9.365,2.155
a,103823,0.000,-9.302,36.000,-9.302,-3.735,0.048,-0.132,-0.232,2.203,9.357,2.255
a,103827,0.000,-9.425,36.000,-9.425,-4.263,0.155,-0.056,-0.416,2.209,9.328,2.173
a,103831,0.000,-9.536,36.000,-9.536,-4.307,0.094,0.219,0.500,2.235,9.339,2.221
a,103835,0.000,-9.636,36.000,-9.636,-4.482,0.003,-0.056,1.080,2.209,9.346,2.230
a,103839,0.000,-9.723,36.000,-9.723,-4.438,0.247,-0.224,-0.248,2.240,9.347,2.139
a,103844,0.000,-9.799,36.000,-9.799,-4.482,-0.059,-0.209,0.317,2.292,9.431,2.137
a,103847,0.000,-9.863,36.000,-9.863,-4.570,-0.013,0.158,-0.126,2.144,9.307,2.253
a,103851,0.000,-9.915,36.000,-9.915,-4.570,0.140,0.020,0.516,2.288,9.358,2.222
a,103855,0.000,-9.955,36.000,-9.955,-4.570,0.140,-0.041,0.409,2.209,9.330,2.168
a,103859,0.000,-9.982,36.000,-9.982,-4.570,0.140,0.203,-0.645,2.137,9.373,2.206
a,103863,0.000,-9.997,36.000,-9.997,-4.570,0.048,0.158,-0.446,2.241,9.340,2.236
a,103868,0.000,-9.999,36.000,-9.999,-4.570,0.079,-0.132,-1.225,2.222,9.305,2.175
a,103872,0.000,-9.990,36.000,-9.990,-4.658,0.094,-0.316,0.241,2.257,9.367,2.166
a,103875,0.000,-9.967,36.000,-9.967,-4.570,0.170,-0.270,-0.691,2.197,9.337,2.234
a,103879,0.000,-9.933,36.000,-9.933,-4.526,0.155,-0.056,-0.080,2.173,9.331,2.204
a,103883,0.000,-9.886,36.000,-9.886,-5.010,-0.028,0.051,-0.400,2.240,9.347,2.206
a,103887,0.000,-9.827,36.000,-9.827,-4.966,0.155,-0.102,0.302,2.241,9.303,2.180
a,103891,0.000,-9.755,36.000,-9.755,-4.570,-0.303,-0.178,-1.545,2.248,9.342,2.194
a,103896,0.000,-9.671,36.000,-9.671,-4.614,0.140,0.005,0.134,2.209,9.294,2.218
a,103899,0.000,-9.575,36.000,-9.575,-4.570,0.170,0.326,-0.706,2.206,9.316,2.188
a,103904,0.000,-9.467,36.000,-9.467,-4.570,0.079,-0.224,0.134,2.253,9.347,2.211
a,103908,0.000,-9.347,36.000,-9.347,-4.966,0.094,-0.163,0.027,2.233,9.313,2.204
a,103911,0.000,-9.215,36.000,-9.215,-4.570,-0.074,-0.056,-0.996,2.206,9.351,2.194
a,103915,0.000,-9.071,36.000,-9.071,-4.570,0.079,-0.117,-1.072,2.184,9.342,2.219
a,103919,0.000,-8.916,36.000,-8.916,-4.570,0.094,0.402,0.821,2.194,9.318,2.209
a,103923,0.000,-8.750,36.000,-8.750,-4.614,0.048,-0.270,-0.232,2.269,9.311,2.180
a,103927,0.000,-8.572,36.000,-8.572,-4.570,0.094,0.066,0.516,2.243,9.336,2.186
a,103931,0.000,-8.384,36.000,-8.384,-4.570,-0.089,-0.163,-0.507,2.204,9.322,2.206
a,103935,0.000,-8.184,36.000,-8.184,-4.570,-0.059,0.005,-0.339,2.188,9.325,2.198
a,103939,0.000,-7.975,36.000,-7.975,-4.966,-0.028,0.280,0.729,2.209,9.312,2.184
a,103944,0.000,-7.755,36.000,-7.755,-4.526,0.079,0.142,0.226,2.279,9.343,2.176
a,103948,0.000,-7.525,36.000,-7.525,-4.570,-0.089,0.051,-0.614,2.230,9.327,2.230
a,103951,0.000,-7.285,36.000,-7.285,-4.570,-0.059,-0.117,0.042,2.203,9.334,2.207
a,103955,0.000,-7.036,36.000,-7.036,-4.570,-0.211,0.020,0.851,2.246,9.331,2.201
a,103959,0.000,-6.777,36.000,-6.777,-4.570,-0.059,0.051,-0.400,2.181,9.335,2.213
a,103963,0.000,-6.510,36.000,-6.510,-4.614,-0.120,-0.331,0.745,2.224,9.324,2.204
a,103967,0.000,-6.234,36.000,-6.234,-4.966,0.201,0.295,1.309,2.181,9.294,2.230
a,103971,0.000,-5.951,36.000,-5.951,-4.614,-0.028,-0.163,-1.591,2.197,9.367,2.173
a,103975,0.000,-5.659,36.000,-5.659,-4.570,0.201,0.112,-0.416,2.437,9.106,2.088
a,103979,0.000,-5.360,36.000,-5.360,-4.526,-0.074,-0.148,0.684,2.051,9.328,2.094
a,103983,0.000,-5.054,36.000,-5.054,-4.263,0.155,0.707,0.332,1.986,9.267,2.407
a,103987,0.000,-4.741,36.000,-4.741,-3.691,0.461,0.616,0.287,2.419,9.386,2.270
a,103991,0.000,-4.421,36.000,-4.421,-3.076,-0.746,-1.247,-1.194,2.467,9.427,1.976
a,103996,0.000,-4.096,36.000,-4.096,-2.900,0.247,-0.117,-1.179,2.157,9.336,2.204
a,104000,0.000,-3.765,36.000,-3.765,-2.417,-0.013,-1.094,-0.217,2.362,9.321,2.288
a,104003,0.000,-3.430,36.000,-3.430,-2.197,0.201,1.043,0.638,1.917,9.207,2.303
a,104007,0.000,-3.089,36.000,-3.089,-1.670,0.155,0.417,0.012,2.274,9.506,2.186
a,104011,0.000,-2.745,36.000,-2.745,-1.538,-0.425,-0.819,1.050,2.486,9.458,2.148
a,104015,0.000,-2.396,36.000,-2.396,1.362,-0.120,-0.713,0.210,2.166,9.461,2.125
a,104019,0.000,-2.044,36.000,-2.044,-0.264,-0.013,0.173,0.913,2.047,9.273,2.230
a,104024,0.000,-1.690,36.000,-1.690,-0.176,0.690,0.860,-0.049,2.006,9.287,2.379
a,104028,0.000,-1.333,36.000,-1.333,-0.044,0.308,0.478,0.119,2.315,9.432,2.055
a,104032,0.000,-0.973,36.000,-0.973,0.439,-0.394,-0.529,0.317,2.319,9.443,2.227
a,104035,0.000,-0.613,36.000,-0.613,0.615,-0.211,-0.819,-1.149,2.350,9.424,2.201
a,104039,0.000,-0.251,36.000,-0.251,1.758,0.140,0.555,0.393,1.883,9.256,2.260
a,104043,0.000,0.111,36.000,0.111,1.890,0.430,0.967,-0.003,2.312,9.374,2.207
a,104047,0.000,0.473,36.000,0.473,2.417,0.094,0.005,0.302,2.308,9.299,2.071
a,104051,0.000,0.835,36.000,0.835,2.461,-0.303,-0.545,-0.935,2.243,9.388,2.253
a,104055,0.000,1.196,36.000,1.196,2.681,0.094,-0.911,0.317,2.228,9.316,2.213
a,104059,0.000,1.556,36.000,1.556,3.208,0.369,0.753,-0.049,1.799,9.359,2.271
a,104063,0.000,1.914,36.000,1.914,3.296,0.644,1.089,0.531,2.308,9.237,2.269
a,104067,0.000,2.269,36.000,2.269,3.384,0.064,-0.117,0.913,2.218,9.335,2.103
a,104071,0.000,2.622,36.000,2.622,3.823,-0.074,-0.880,-0.813,2.237,9.321,2.328
a,104076,0.000,2.972,36.000,2.972,4.043,-0.242,-0.697,0.760,2.210,9.293,2.228
a,104079,0.000,3.318,36.000,3.318,4.658,0.399,0.600,-0.858,1.799,9.333,2.252
a,104083,0.000,3.659,36.000,3.659,5.229,0.522,1.074,-0.935,2.406,9.297,2.269
a,104087,0.000,3.996,36.000,3.996,5.317,-0.227,-0.270,0.531,2.264,9.390,2.071
a,104092,0.000,4.328,36.000,4.328,5.977,0.033,-0.331,-0.553,2.126,9.248,2.249
a,104095,0.000,4.655,36.000,4.655,6.064,-0.410,-0.972,0.149,2.319,9.333,2.188
a,104099,0.000,4.975,36.000,4.975,6.196,0.369,0.799,0.058,1.842,9.342,2.264
a,104103,0.000,5.289,36.000,5.289,6.284,0.415,0.326,-0.431,2.349,9.366,2.230
a,104107,0.000,5.596,36.000,5.596,6.240,-0.120,-0.438,0.684,2.370,9.331,2.122
a,104112,0.000,5.896,36.000,5.896,6.724,0.293,0.326,-0.477,2.101,9.318,2.247
a,104116,0.000,6.188,36.000,6.188,6.899,-0.410,-0.499,-0.553,2.209,9.373,2.233
a,104120,0.000,6.472,36.000,6.472,6.855,0.109,0.402,1.325,2.057,9.231,2.301
a,104123,0.000,6.747,36.000,6.747,6.899,0.155,0.707,0.500,2.251,9.360,2.128
a,104127,0.000,7.014,36.000,7.014,7.515,-0.333,-0.758,0.164,2.261,9.503,2.172
a,104132,0.000,7.271,36.000,7.271,8.086,0.079,0.555,0.500,2.063,9.355,2.289
a,104135,0.000,7.518,36.000,7.518,8.262,-0.242,-0.361,0.638,2.310,9.527,2.180
a,104140,0.000,7.756,36.000,7.756,10.942,0.430,0.036,-0.141,2.313,9.328,2.206
a,104144,0.000,7.983,36.000,7.983,8.833,-0.242,-0.361,0.577,2.194,9.388,2.167
a,104147,0.000,8.199,36.000,8.199,10.327,0.155,-0.148,0.302,2.184,9.353,2.327
a,104152,0.000,8.405,36.000,8.405,9.009,-0.181,-0.209,0.806,2.144,9.434,2.143
a,104155,0.000,8.599,36.000,8.599,9.448,-0.043,0.280,0.836,2.148,9.385,2.230
a,104159,0.000,8.781,36.000,8.781,9.536,0.262,0.509,0.226,2.230,9.324,2.224
a,104163,0.000,8.952,36.000,8.952,10.195,-0.349,0.173,0.012,2.172,9.346,2.170
a,104167,0.000,9.111,36.000,9.111,10.327,0.033,-0.163,-0.828,2.241,9.407,2.206
a,104171,0.000,9.257,36.000,9.257,10.415,-0.135,-0.056,-1.210,2.103,9.378,2.207
a,104175,0.000,9.390,36.000,9.390,10.503,0.155,0.203,-0.324,2.395,9.267,2.255
a,104179,0.000,9.511,36.000,9.511,10.898,-0.043,-0.270,-1.698,2.288,9.363,2.103
a,104183,0.000,9.619,36.000,9.619,10.854,0.247,0.020,0.561,2.163,9.353,2.263
a,104187,0.000,9.714,36.000,9.714,10.986,-0.242,-0.453,-0.828,2.318,9.364,2.217
a,104191,0.000,9.795,36.000,9.795,11.118,-0.043,0.051,-0.614,2.172,9.287,2.237
a,104195,0.000,9.863,36.000,9.863,11.118,0.048,-0.163,0.806,2.219,9.380,2.148
a,104199,0.000,9.918,36.000,9.918,11.206,-0.211,0.448,1.233,2.008,9.311,2.274
a,104203,0.000,9.958,36.000,9.958,11.250,0.369,0.692,0.058,2.312,9.285,2.213
a,104207,0.000,9.985,36.000,9.985,11.646,-0.333,-0.071,0.088,2.253,9.432,2.121
a,104211,0.000,9.999,36.000,9.999,11.602,0.308,-0.163,-0.309,2.266,9.345,2.258
a,104216,0.000,9.998,36.000,9.998,11.602,0.048,-0.422,0.851,2.321,9.347,2.199
a,104219,0.000,9.983,36.000,9.983,11.646,0.155,0.051,-0.309,2.119,9.345,2.211
a,104223,0.000,9.955,36.000,9.955,11.602,0.155,0.097,-0.309,2.261,9.323,2.230
a,104227,0.000,9.912,36.000,9.912,11.646,-0.013,0.005,0.577,2.191,9.335,2.175
a,104231,0.000,9.856,36.000,9.856,11.689,0.109,0.158,1.233,2.234,9.330,2.209
a,104235,0.000,9.786,36.000,9.786,11.689,-0.028,-0.545,-0.339,2.292,9.391,2.162
a,104239,0.000,9.702,36.000,9.702,11.206,0.170,-0.056,-0.691,2.152,9.333,2.228
a,104243,0.000,9.605,36.000,9.605,11.646,0.140,0.142,-0.629,2.191,9.369,2.191
a,104248,0.000,9.494,36.000,9.494,11.250,0.048,0.173,0.577,2.248,9.342,2.201
a,104252,0.000,9.370,36.000,9.370,11.646,-0.135,-0.331,-1.271,2.210,9.365,2.182
a,104255,0.000,9.232,36.000,9.232,11.602,0.094,-0.239,0.027,2.259,9.354,2.223
a,104259,0.000,9.082,36.000,9.082,11.646,0.155,0.112,0.516,2.152,9.331,2.192
a,104263,0.000,8.918,36.000,8.918,11.646,-0.089,0.387,-0.568,2.233,9.341,2.209
a,104267,0.000,8.742,36.000,8.742,11.602,0.079,0.173,-0.232,2.269,9.355,2.197
a,104271,0.000,8.553,36.000,8.553,11.250,-0.120,0.066,0.424,2.257,9.339,2.198
a,104276,0.000,8.352,36.000,8.352,11.558,-0.059,-0.026,0.897,2.210,9.358,2.193
a,104280,0.000,8.139,36.000,8.139,11.514,0.155,0.326,-0.217,2.179,9.346,2.229
a,104284,0.000,7.915,36.000,7.915,11.689,0.140,-0.010,-0.629,2.206,9.335,2.206
a,104287,0.000,7.679,36.000,7.679,11.558,-0.059,0.112,-0.019,2.279,9.357,2.204
a,104291,0.000,7.432,36.000,7.432,11.646,-0.043,-0.117,-0.935,2.197,9.345,2.209
a,104295,0.000,7.174,36.000,7.174,11.602,0.155,-0.117,-0.080,2.188,9.374,2.240
a,104299,0.000,6.906,36.000,6.906,15.117,0.094,-0.270,0.409,2.259,9.382,2.206
a,104303,0.000,6.628,36.000,6.628,11.646,-0.059,-0.163,0.531,2.199,9.374,2.176
a,104307,0.000,6.340,36.000,6.340,11.250,-0.211,-0.224,-0.507,2.224,9.337,2.203
a,104311,0.000,6.043,36.000,6.043,11.206,0.186,0.341,0.500,2.241,9.307,2.222
a,104315,0.000,5.737,36.000,5.737,10.986,0.384,1.196,1.416,2.033,9.224,2.103
a,104319,0.000,5.422,36.000,5.422,11.689,0.262,-0.728,-0.446,2.582,9.377,2.065
a,104323,0.000,5.100,36.000,5.100,10.415,-0.623,-0.758,0.760,2.045,9.422,2.209
a,104327,0.000,4.770,36.000,4.770,10.239,0.628,0.310,-0.920,2.037,9.342,2.336
a,104331,0.000,4.433,36.000,4.433,9.580,-0.059,0.600,0.073,2.240,9.276,2.176
a,104335,0.000,4.089,36.000,4.089,9.097,0.522,0.814,-0.706,2.187,9.377,2.252
a,104340,0.000,3.739,36.000,3.739,9.009,-0.364,-1.140,-1.683,2.468,9.424,2.063
a,104344,0.000,3.384,36.000,3.384,10.327,-0.120,-0.911,0.210,2.116,9.234,2.261
a,104347,0.000,3.023,36.000,3.023,8.877,0.430,0.707,-0.263,2.059,9.331,2.265
a,104351,0.000,2.658,36.000,2.658,8.833,0.048,0.768,0.836,2.181,9.451,2.149
a,104356,0.000,2.289,36.000,2.289,8.086,-0.181,-0.606,0.546,2.455,9.489,2.237
a,104359,0.000,1.916,36.000,1.916,7.646,-0.410,-0.926,-0.706,2.225,9.369,2.134
a,104364,0.000,1.540,36.000,1.540,6.987,-0.501,-0.438,0.684,2.157,9.445,2.246
a,104368,0.000,1.162,36.000,1.162,6.855,0.354,1.089,-0.003,2.110,9.285,2.206
a,104372,0.000,0.782,36.000,0.782,6.724,-0.043,0.539,-0.797,2.324,9.431,2.155
a,104375,0.000,0.400,36.000,0.400,6.592,-0.333,-0.560,0.058,2.393,9.442,2.176
a,104379,0.000,0.017,36.000,0.017,6.636,-0.074,-0.590,0.378,2.257,9.427,2.130
a,104383,0.000,-0.366,36.000,-0.366,5.361,-0.120,-0.438,-0.339,2.194,9.385,2.215
a,104388,0.000,-0.748,36.000,-0.748,4.702,0.277,0.494,-0.538,2.084,9.238,2.336
a,104392,0.000,-1.130,36.000,-1.130,9.009,0.155,0.341,0.332,2.277,9.324,2.103
a,104395,0.000,-1.510,36.000,-1.510,4.131,-0.120,-0.484,0.470,2.343,9.438,2.122
a,104400,0.000,-1.888,36.000,-1.888,3.867,0.323,-0.224,0.897,2.124,9.278,2.243
a,104403,0.000,-2.264,36.000,-2.264,3.428,-0.211,0.326,1.340,2.162,9.374,2.144
a,104407,0.000,-2.637,36.000,-2.637,3.428,0.247,0.509,0.226,2.201,9.309,2.174
a,104411,0.000,-3.006,36.000,-3.006,3.252,-0.181,-0.117,-0.294,2.290,9.313,2.127
a,104415,0.000,-3.370,36.000,-3.370,2.725,-0.120,-0.545,0.271,2.357,9.488,2.160
a,104419,0.000,-3.730,36.000,-3.730,3.955,-0.135,0.051,-1.057,1.985,9.340,2.306
a,104423,0.000,-4.085,36.000,-4.085,1.934,-0.196,0.097,-1.378,2.224,9.354,2.235
a,104427,0.000,-4.434,36.000,-4.434,1.274,-0.181,-0.377,-0.446,2.339,9.360,2.115
a,104431,0.000,-4.777,36.000,-4.777,0.527,-0.150,-0.270,-0.614,2.144,9.281,2.132
a,104435,0.000,-5.112,36.000,-5.112,0.439,-0.303,-0.010,-0.507,2.209,9.363,2.249
a,104439,0.000,-5.440,36.000,-5.440,-0.088,0.415,0.555,0.164,2.109,9.307,2.234
a,104443,0.000,-5.761,36.000,-5.761,1.143,0.048,0.387,-0.034,2.346,9.391,2.073
a,104448,0.000,-6.073,36.000,-6.073,-0.176,-0.196,-0.346,-0.675,2.312,9.349,2.179
a,104451,0.000,-6.376,36.000,-6.376,-0.352,0.079,-0.453,-1.118,2.155,9.342,2.242
a,104455,0.000,-6.669,36.000,-6.669,3.296,-0.059,-0.850,2.088,2.302,9.388,2.257
a,104459,0.000,-6.953,36.000,-6.953,-0.088,0.094,0.066,0.241,2.186,9.354,2.206
a,104463,0.000,-7.226,36.000,-7.226,-1.494,0.170,0.829,0.943,2.179,9.353,2.114
a,104467,0.000,-7.489,36.000,-7.489,-1.538,-0.288,-0.132,-0.446,2.284,9.467,2.253
a,104471,0.000,-7.741,36.000,-7.741,-1.626,-0.013,-0.224,0.256,2.219,9.285,2.192
a,104475,0.000,-7.981,36.000,-7.981,-1.494,-0.028,-0.392,-0.935,2.187,9.425,2.127
a,104479,0.000,-8.209,36.000,-8.209,-2.329,-0.013,0.051,0.684,2.194,9.389,2.306
a,104483,0.000,-8.425,36.000,-8.425,-2.505,0.140,0.219,-0.706,2.318,9.400,2.145
a,104487,0.000,-8.629,36.000,-8.629,-2.549,-0.181,-0.453,-0.065,2.269,9.437,2.169
a,104491,0.000,-8.819,36.000,-8.819,-2.988,-0.135,-0.056,-0.339,2.124,9.328,2.291
a,104496,0.000,-8.996,36.000,-8.996,-2.988,0.247,0.158,-0.736,2.172,9.325,2.188
a,104500,0.000,-9.160,36.000,-9.160,-3.076,-0.242,0.371,-0.736,2.103,9.512,2.233
a,104503,0.000,-9.309,36.000,-9.309,-3.604,0.033,-0.438,-0.507,2.477,9.299,2.286
a,104507,0.000,-9.445,36.000,-9.445,-3.823,-0.120,-0.880,-0.324,2.334,9.477,2.053
a,104511,0.000,-9.566,36.000,-9.566,-4.263,0.048,0.432,0.073,1.936,9.267,2.300
a,104515,0.000,-9.673,36.000,-9.673,-4.395,0.354,0.860,-0.584,2.233,9.297,2.248
a,104519,0.000,-9.765,36.000,-9.765,-4.438,-0.135,0.142,-0.614,2.277,9.390,2.131
a,104523,0.000,-9.842,36.000,-9.842,-0.879,0.201,0.051,0.409,2.199,9.297,2.206
a,104528,0.000,-9.903,36.000,-9.903,-4.570,-0.456,-0.484,-0.187,2.413,9.386,2.096
a,104532,0.000,-9.950,36.000,-9.950,-5.010,0.155,0.219,0.500,2.108,9.219,2.259
a,104536,0.000,-9.982,36.000,-9.982,-5.054,0.155,-0.178,-0.034,2.308,9.446,2.213
a,104539,0.000,-9.998,36.000,-9.998,-5.010,-0.196,-0.255,0.638,2.259,9.270,2.295
a,104543,0.000,-9.998,36.000,-9.998,-4.966,0.247,0.494,-0.263,2.103,9.330,2.110
a,104547,0.000,-9.984,36.000,-9.984,-5.054,-0.059,-0.224,0.470,2.319,9.388,2.194
a,104551,0.000,-9.953,36.000,-9.953,-5.054,0.186,0.066,-0.324,2.197,9.306,2.253
a,104555,0.000,-9.908,36.000,-9.908,-5.010,-0.028,-0.224,-0.126,2.272,9.361,2.174
a,104559,0.000,-9.846,36.000,-9.846,-5.054,0.018,-0.331,-0.507,2.265,9.323,2.182
a,104563,0.000,-9.770,36.000,-9.770,-5.054,0.186,-0.132,-1.332,2.180,9.309,2.240
a,104567,0.000,-9.678,36.000,-9.678,-5.054,-0.059,-0.071,0.042,2.249,9.353,2.195
a,104571,0.000,-9.571,36.000,-9.571,-5.098,-0.242,0.539,-0.904,2.186,9.330,2.215
a,104575,0.000,-9.450,36.000,-9.450,-5.054,0.048,-0.178,-0.400,2.266,9.365,2.151
a,104579,0.000,-9.313,36.000,-9.313,-5.098,-0.227,-0.132,-0.339,2.249,9.371,2.229
a,104583,0.000,-9.161,36.000,-9.161,-5.010,-0.135,0.112,-0.721,2.152,9.335,2.204
a,104588,0.000,-8.996,36.000,-8.996,-5.054,0.140,0.005,-0.034,2.224,9.361,2.197
a,104592,0.000,-8.816,36.000,-8.816,-5.054,-0.028,0.051,-0.675,2.188,9.328,2.215
a,104595,0.000,-8.622,36.000,-8.622,-4.966,0.155,-0.117,0.180,2.241,9.366,2.192
a,104599,0.000,-8.414,36.000,-8.414,-5.010,-0.013,-0.392,-0.065,2.248,9.354,2.209
a,104603,0.000,-8.193,36.000,-8.193,-5.054,0.125,0.005,-1.332,2.193,9.345,2.215
a,104608,0.000,-7.959,36.000,-7.959,-5.098,-0.013,0.158,0.806,2.210,9.331,2.211
a,104612,0.000,-7.712,36.000,-7.712,-5.054,-0.043,-0.255,0.974,2.235,9.345,2.200
a,104616,0.000,-7.453,36.000,-7.453,-4.966,0.262,0.051,-0.080,2.204,9.317,2.191
a,104619,0.000,-7.182,36.000,-7.182,-5.098,0.033,-0.178,-0.614,2.210,9.372,2.215
a,104623,0.000,-6.899,36.000,-6.899,-5.098,-0.013,0.051,-0.232,2.168,9.348,2.236
a,104627,0.000,-6.605,36.000,-6.605,-5.010,0.079,0.112,-0.691,2.224,9.351,2.213
a,104631,0.000,-6.301,36.000,-6.301,-5.098,-0.181,0.020,1.203,2.225,9.394,2.186
a,104636,0.000,-5.986,36.000,-5.986,-5.054,-0.272,-0.819,1.050,2.076,9.311,2.253
a,104640,0.000,-5.661,36.000,-5.661,-5.010,0.567,0.142,-1.179,2.168,9.285,2.303
a,104643,0.000,-5.328,36.000,-5.328,-4.395,0.201,1.043,0.592,2.093,9.357,2.175
a,104648,0.000,-4.985,36.000,-4.985,-3.604,-0.227,0.036,-0.065,2.306,9.406,2.161
a,104652,0.000,-4.635,36.000,-4.635,-2.153,-0.181,-0.499,0.088,2.300,9.299,2.215
a,104655,0.000,-4.276,36.000,-4.276,-2.944,0.140,0.112,-1.225,2.093,9.282,2.173
a,104659,0.000,-3.911,36.000,-3.911,-2.856,0.003,-0.468,1.462,2.401,9.437,2.278
a,104663,0.000,-3.539,36.000,-3.539,-2.329,-0.501,-0.285,-0.232,2.054,9.436,2.186
a,104667,0.000,-3.161,36.000,-3.161,-1.714,0.476,0.265,0.332,2.222,9.408,2.224
a,104671,0.000,-2.778,36.000,-2.778,-1.626,-0.303,0.097,-0.553,2.303,9.307,2.156
a,104675,0.000,-2.390,36.000,-2.390,-1.494,0.125,0.219,-0.813,1.994,9.395,2.330
a,104679,0.000,-1.998,36.000,-1.998,-1.450,0.048,-0.239,0.088,2.235,9.233,2.237
a,104683,0.000,-1.603,36.000,-1.603,-0.703,0.262,0.158,-0.080,2.219,9.193,2.185
a,104687,0.000,-1.204,36.000,-1.204,-0.176,0.079,-0.010,-1.011,2.144,9.427,2.137
a,104691,0.000,-0.804,36.000,-0.804,0.308,-0.333,0.066,0.851,2.179,9.199,2.224
a,104696,0.000,-0.402,36.000,-0.402,0.615,0.155,0.051,-0.202,2.142,9.295,2.286
a,104699,0.000,0.001,36.000,0.001,1.362,-0.288,0.265,0.027,2.103,9.303,2.094
a,104703,0.000,0.405,36.000,0.405,1.978,0.094,0.814,-0.156,2.209,9.267,2.319
a,104707,0.000,0.808,36.000,0.808,2.065,0.155,-0.010,-0.416,2.286,9.348,2.103
a,104711,0.000,1.210,36.000,1.210,3.867,-0.486,-0.774,-1.851,2.228,9.444,2.263
a,104715,0.000,1.610,36.000,1.610,2.769,0.201,-0.468,0.561,2.178,9.233,2.274
a,104719,0.000,2.007,36.000,2.007,3.296,0.247,0.432,-0.263,2.188,9.406,2.180
a,104723,0.000,2.402,36.000,2.402,3.428,0.201,0.723,0.287,2.106,9.383,2.235
a,104727,0.000,2.793,36.000,2.793,3.867,0.033,-0.484,-0.553,2.324,9.349,2.221
a,104731,0.000,3.180,36.000,3.180,4.878,-0.333,-0.453,-0.232,2.124,9.316,2.229
a,104735,0.000,3.562,36.000,3.562,4.790,0.522,0.341,0.332,2.093,9.197,2.297
a,104739,0.000,3.938,36.000,3.938,5.317,0.201,0.417,-0.324,2.132,9.317,2.083
a,104744,0.000,4.308,36.000,4.308,5.977,-0.013,-0.117,-0.187,2.228,9.428,2.267
a,104748,0.000,4.671,36.000,4.671,6.108,-0.242,-0.804,0.485,2.259,9.497,2.205
a,104751,0.000,5.026,36.000,5.026,6.196,0.293,-0.560,-0.507,2.094,9.414,2.211
a,104755,0.000,5.374,36.000,5.374,6.724,0.369,0.417,-0.370,2.132,9.434,2.286
a,104759,0.000,5.713,36.000,5.713,8.306,0.140,0.219,-0.370,2.303,9.298,2.188
a,104764,0.000,6.042,36.000,6.042,7.471,0.094,-0.361,0.241,2.321,9.331,2.143
a,104767,0.000,6.362,36.000,6.362,6.855,-0.456,-0.926,-1.301,2.241,9.324,2.151
a,104771,0.000,6.671,36.000,6.671,7.471,0.079,-0.148,0.561,2.029,9.176,2.272
a,104776,0.000,6.970,36.000,6.970,8.086,0.308,0.494,0.500,2.017,9.312,2.242
a,104781,0.000,7.257,36.000,7.257,8.262,0.583,1.028,-0.278,2.203,9.321,2.175
a,104784,0.000,7.532,36.000,7.532,21.621,-0.120,-0.331,0.042,2.318,9.273,2.108
a,104788,0.000,7.794,36.000,7.794,8.789,-0.623,-0.346,-0.446,2.206,9.432,2.195
a,104791,0.000,8.044,36.000,8.044,8.877,0.262,0.387,-0.370,2.116,9.254,2.351
a,104795,0.000,8.281,36.000,8.281,8.921,-0.303,-0.545,-1.103,2.362,9.260,2.128
a,104799,0.000,8.503,36.000,8.503,11.162,0.354,1.700,-0.416,1.650,9.251,2.162
a,104803,0.000,8.712,36.000,8.712,11.865,0.751,-1.415,-0.431,2.816,9.015,1.533
a,104807,0.000,8.906,36.000,8.906,9.097,0.338,0.326,-1.515,1.617,9.305,2.057
a,104811,0.000,9.085,36.000,9.085,9.756,0.216,0.494,0.821,2.526,9.376,2.753
a,104815,0.000,9.249,36.000,9.249,10.283,-0.898,-0.819,0.699,2.156,9.317,2.017
a,104819,0.000,9.397,36.000,9.397,10.327,0.430,0.310,0.012,2.191,9.225,2.137
a,104823,0.000,9.530,36.000,9.530,10.415,-0.394,-0.758,0.439,2.489,9.329,2.002
a,104827,0.000,9.647,36.000,9.647,10.459,0.033,0.142,-1.316,1.905,9.209,2.345
a,104831,0.000,9.747,36.000,9.747,10.854,0.461,0.646,-0.965,2.222,9.339,2.167
a,104836,0.000,9.831,36.000,9.831,11.074,-0.104,-0.758,1.050,2.455,9.278,2.357
a,104840,0.000,9.898,36.000,9.898,11.118,0.308,0.249,0.119,1.988,9.276,2.249
a,104843,0.000,9.948,36.000,9.948,11.206,-0.333,-0.499,-0.400,2.409,9.461,2.109
a,104847,0.000,9.982,36.000,9.982,11.162,0.262,0.432,0.058,2.101,9.207,2.278
a,104851,0.000,9.998,36.000,9.998,11.206,0.140,0.310,-0.920,2.234,9.340,2.209
a,104856,0.000,9.998,36.000,9.998,11.558,-0.318,-0.484,1.248,2.277,9.303,2.195
a,104860,0.000,9.980,36.000,9.980,11.162,0.140,0.036,-1.393,2.115,9.288,2.163
a,104864,0.000,9.945,36.000,9.945,11.646,-0.227,-0.056,0.195,2.279,9.349,2.209
a,104867,0.000,9.893,36.000,9.893,11.118,0.048,0.219,0.073,2.162,9.250,2.240
a,104871,0.000,9.824,36.000,9.824,11.206,0.140,0.142,-0.629,2.280,9.305,2.173
a,104875,0.000,9.738,36.000,9.738,11.646,-0.013,-0.484,0.424,2.295,9.315,2.200
a,104879,0.000,9.635,36.000,9.635,11.558,0.140,0.127,0.455,2.170,9.264,2.228
a,104883,0.000,9.516,36.000,9.516,11.250,-0.135,0.051,-1.423,2.218,9.303,2.209
a,104887,0.000,9.380,36.000,9.380,11.602,0.048,0.219,-0.202,2.234,9.273,2.237
a,104891,0.000,9.227,36.000,9.227,11.646,0.079,-0.010,-1.072,2.228,9.282,2.180
a,104895,0.000,9.059,36.000,9.059,11.206,0.048,-0.178,-0.187,2.274,9.336,2.206
a,104899,0.000,8.875,36.000,8.875,11.558,-0.120,0.203,-0.141,2.172,9.303,2.195
a,104904,0.000,8.675,36.000,8.675,11.602,0.277,0.005,-0.843,2.228,9.279,2.197
a,104908,0.000,8.460,36.000,8.460,11.206,-0.196,0.051,-1.591,2.257,9.311,2.167
a,104911,0.000,8.230,36.000,8.230,11.206,-0.028,-0.071,-0.553,2.249,9.294,2.200
a,104915,0.000,7.986,36.000,7.986,11.162,-0.165,-0.117,1.035,2.245,9.306,2.185
a,104920,0.000,7.727,36.000,7.727,11.602,0.094,-0.178,-0.416,2.197,9.286,2.223
a,104923,0.000,7.455,36.000,7.455,11.206,-0.227,0.142,0.088,2.206,9.300,2.217
a,104927,0.000,7.170,36.000,7.170,16.128,-0.059,0.249,-0.309,2.212,9.354,2.227
a,104931,0.000,6.872,36.000,6.872,11.250,-0.303,-0.132,-0.935,2.295,9.282,2.186
a,104935,0.000,6.562,36.000,6.562,11.162,-0.043,-0.331,1.035,2.206,9.286,2.206
a,104939,0.000,6.240,36.000,6.240,11.602,0.018,0.249,1.951,2.174,9.257,2.194
a,104943,0.000,5.906,36.000,5.906,13.799,-0.043,0.173,-0.813,2.228,9.360,2.186
a,104947,0.000,5.563,36.000,5.563,11.689,0.155,0.707,0.164,2.162,9.274,2.224
a,104951,0.000,5.209,36.000,5.209,10.854,0.293,1.043,0.317,2.264,9.353,2.105
a,104955,0.000,4.845,36.000,4.845,10.415,-0.028,-1.598,-0.858,2.588,9.492,1.858
a,104959,0.000,4.473,36.000,4.473,10.327,-0.837,-1.262,0.103,1.897,9.402,2.255
a,104963,0.000,4.093,36.000,4.093,9.624,0.522,0.967,-0.828,2.051,9.517,2.398
a,104967,0.000,3.705,36.000,3.705,9.448,-0.013,1.074,-0.324,2.328,9.446,2.224
a,104971,0.000,3.311,36.000,3.311,8.965,0.033,-0.285,-0.675,2.310,9.373,2.138
a,104976,0.000,2.910,36.000,2.910,8.877,-0.898,-1.430,0.119,2.504,9.336,2.030
a,104979,0.000,2.504,36.000,2.504,8.789,-0.120,-0.621,0.103,2.048,9.266,2.286
a,104984,0.000,2.093,36.000,2.093,8.086,0.262,0.768,0.164,2.115,9.301,2.296
a,104987,0.000,1.678,36.000,1.678,9.404,0.079,0.417,-0.752,2.423,9.499,2.061
a,104991,0.000,1.260,36.000,1.260,6.899,0.140,-0.377,-1.393,2.248,9.369,2.213
a,104996,0.000,0.839,36.000,0.839,6.855,0.048,-0.880,-0.171,2.313,9.214,2.186
a,104999,0.000,0.417,36.000,0.417,6.680,-0.013,-0.010,-0.065,1.981,9.337,2.237
a,105003,0.000,-0.007,36.000,-0.007,6.152,0.461,0.860,-0.858,2.230,9.433,2.286
a,105007,0.000,-0.431,36.000,-0.431,9.712,-0.333,-0.819,0.653,2.504,9.445,2.169
a,105011,0.000,-0.854,36.000,-0.854,4.834,-0.318,-0.606,-1.637,2.155,9.281,2.189
a,105015,0.000,-1.276,36.000,-1.276,4.526,-0.059,-0.331,0.195,2.186,9.317,2.156
a,105020,0.000,-1.696,36.000,-1.696,3.955,0.033,0.265,-1.011,2.146,9.306,2.307
a,105024,0.000,-2.113,36.000,-2.113,3.428,0.308,0.631,0.058,2.170,9.328,2.230
a,105027,0.000,-2.527,36.000,-2.527,3.296,0.048,0.005,-0.339,2.440,9.517,2.045
a,105031,0.000,-2.936,36.000,-2.936,3.120,0.048,0.249,-0.034,2.063,9.446,2.217
a,105035,0.000,-3.341,36.000,-3.341,2.461,0.155,-0.453,-0.080,2.458,9.311,2.194
a,105040,0.000,-3.739,36.000,-3.739,1.846,-0.120,-0.132,-0.019,1.961,9.224,2.179
a,105044,0.000,-4.131,36.000,-4.131,1.187,0.461,0.661,-0.385,2.186,9.443,2.270
a,105047,0.000,-4.516,36.000,-4.516,0.615,-0.227,-0.010,-0.187,2.362,9.328,2.109
a,105052,0.000,-4.892,36.000,-4.892,0.308,0.369,-0.117,0.027,2.150,9.310,2.278
a,105055,0.000,-5.260,36.000,-5.260,-0.220,-0.074,-0.453,-1.423,2.303,9.396,2.087
a,105059,0.000,-5.619,36.000,-5.619,-0.176,-0.227,0.265,0.180,2.043,9.202,2.243
a,105063,0.000,-5.968,36.000,-5.968,-0.308,-0.013,0.555,0.409,2.166,9.339,2.301
a,105067,0.000,-6.306,36.000,-6.306,-1.143,-0.288,-0.651,0.546,2.484,9.367,2.081
a,105071,0.000,-6.632,36.000,-6.632,1.187,-0.181,-0.392,-0.294,2.155,9.304,2.077
a,105075,0.000,-6.947,36.000,-6.947,-1.582,-0.028,0.142,-1.378,2.184,9.376,2.221
a,105079,0.000,-7.249,36.000,-7.249,-0.967,0.155,0.448,1.325,2.128,9.318,2.307
a,105083,0.000,-7.538,36.000,-7.538,-1.406,0.522,0.051,-0.797,2.318,9.416,2.108
a,105087,0.000,-7.813,36.000,-7.813,-2.285,-0.013,-0.270,0.256,2.409,9.376,2.071
a,105091,0.000,-8.074,36.000,-8.074,-2.417,-0.486,-1.247,1.157,2.152,9.371,2.338
a,105095,0.000,-8.320,36.000,-8.320,-2.900,0.094,-0.270,0.180,2.206,9.292,2.237
a,105100,0.000,-8.551,36.000,-8.551,-2.988,0.197,1.063,0.967,2.186,9.324,2.101
a,105104,0.000,-8.766,36.000,-8.766,-3.164,0.136,0.605,-0.880,2.280,9.419,2.167
a,105107,0.000,-8.965,36.000,-8.965,-3.560,-0.108,-0.463,1.242,2.315,9.236,2.180
a,105111,0.000,-9.148,36.000,-9.148,2.725,-0.063,-0.326,0.189,2.272,9.274,2.088
a,105115,0.000,-9.314,36.000,-9.314,-4.395,0.075,-0.433,-1.079,2.121,9.240,2.224
a,105119,0.000,-9.462,36.000,-9.462,-4.395,0.090,0.041,0.830,2.217,9.369,2.267
a,105123,0.000,-9.593,36.000,-9.593,-4.438,0.350,0.651,-0.666,2.188,9.240,2.229
a,105127,0.000,-9.706,36.000,-9.706,-4.482,0.105,0.178,0.937,2.255,9.313,2.083
a,105131,0.000,-9.801,36.000,-9.801,-4.526,-0.307,-0.265,-0.682,2.286,9.291,2.206
a,105135,0.000,-9.878,36.000,-9.878,-4.570,0.044,-0.204,-0.254,2.157,9.263,2.221
a,105139,0.000,-9.936,36.000,-9.936,-4.482,0.044,0.392,0.112,2.166,9.291,2.207
a,105143,0.000,-9.976,36.000,-9.976,-4.570,0.197,0.132,0.708,2.272,9.301,2.137
a,105148,0.000,-9.997,36.000,-9.997,-4.570,-0.063,-0.265,-0.300,2.292,9.266,2.163
a,105152,0.000,-9.999,36.000,-9.999,-4.614,-0.200,-0.433,-0.514,2.157,9.331,2.235
a,105155,0.000,-9.982,36.000,-9.982,-5.054,0.090,-0.036,0.555,2.180,9.348,2.258
a,105159,0.000,-9.946,36.000,-9.946,-5.054,0.151,0.346,0.265,2.163,9.279,2.185
a,105163,0.000,-9.892,36.000,-9.892,-5.054,-0.414,-0.646,-1.109,2.315,9.335,2.134
a,105167,0.000,-9.818,36.000,-9.818,-5.142,-0.047,-0.127,0.891,2.152,9.210,2.237
a,105172,0.000,-9.727,36.000,-9.727,-5.186,0.136,0.514,-0.544,2.128,9.274,2.188
a,105175,0.000,-9.616,36.000,-9.616,-5.054,-0.017,0.071,0.234,2.280,9.267,2.194
a,105179,0.000,-9.488,36.000,-9.488,-5.098,0.105,-0.173,-0.086,2.249,9.291,2.156
a,105184,0.000,-9.341,36.000,-9.341,-5.098,-0.063,-0.479,0.127,2.251,9.309,2.175
a,105188,0.000,-9.176,36.000,-9.176,-5.010,-0.108,-0.097,0.952,2.152,9.267,2.261
a,105191,0.000,-8.994,36.000,-8.994,-5.098,0.151,0.392,0.097,2.157,9.279,2.188
a,105195,0.000,-8.794,36.000,-8.794,-5.142,0.090,-0.158,0.173,2.253,9.290,2.188
a,105199,0.000,-8.577,36.000,-8.577,-5.054,-0.017,-0.219,-0.193,2.255,9.303,2.182
a,105203,0.000,-8.344,36.000,-8.344,-5.098,-0.139,-0.372,-0.682,2.223,9.273,2.194
a,105207,0.000,-8.095,36.000,-8.095,-5.054,0.090,0.178,2.158,2.158,9.281,2.200
a,105211,0.000,-7.830,36.000,-7.830,-5.142,0.151,0.438,-0.056,2.157,9.263,2.223
a,105215,0.000,-7.550,36.000,-7.550,-5.098,-0.017,0.056,0.021,2.257,9.317,2.176
a,105219,0.000,-7.255,36.000,-7.255,-5.098,0.304,0.025,0.341,2.267,9.292,2.201
a,105223,0.000,-6.946,36.000,-6.946,-5.098,-0.124,0.025,0.234,2.150,9.210,2.235
a,105227,0.000,-6.623,36.000,-6.623,-5.010,0.105,0.086,1.273,2.168,9.321,2.209
a,105231,0.000,-6.287,36.000,-6.287,-5.142,0.197,0.560,-0.331,2.179,9.227,2.201
a,105235,0.000,-5.939,36.000,-5.939,-2.988,0.029,-0.112,-1.124,2.243,9.400,2.175
a,105239,0.000,-5.579,36.000,-5.579,-5.098,-0.780,-1.333,0.921,2.261,9.342,2.278
a,105244,0.000,-5.208,36.000,-5.208,-4.482,0.441,0.773,0.982,1.986,9.267,2.312
a,105248,0.000,-4.827,36.000,-4.827,-3.823,0.838,2.010,-0.636,1.944,9.243,2.271
a,105251,0.000,-4.436,36.000,-4.436,-3.120,-0.230,0.132,0.723,2.500,9.416,2.172
a,105255,0.000,-4.036,36.000,-4.036,-2.988,-0.307,-0.433,-0.895,2.175,9.128,2.286
a,105259,0.000,-3.629,36.000,-3.629,-2.461,0.151,-0.265,-0.163,2.237,9.276,2.140
a,105264,0.000,-3.213,36.000,-3.213,-2.197,-0.307,-0.463,-0.361,2.094,9.347,2.188
a,105268,0.000,-2.791,36.000,-2.791,-1.626,0.762,1.384,1.135,2.063,9.163,2.385
a,105272,0.000,-2.364,36.000,-2.364,0.527,-0.047,0.132,1.288,2.326,9.479,2.061
a,105275,0.000,-1.931,36.000,-1.931,-0.835,0.182,0.117,-0.529,2.282,9.233,2.264
a,105279,0.000,-1.495,36.000,-1.495,-0.176,0.029,-0.326,-0.956,2.047,9.269,2.191
a,105283,0.000,-1.055,36.000,-1.055,-0.088,-0.047,-0.036,1.456,2.217,9.263,2.265
a,105287,0.000,-0.613,36.000,-0.613,0.483,0.044,0.346,0.601,2.219,9.293,2.207
a,105292,0.000,-0.169,36.000,-0.169,7.339,0.197,0.544,-0.224,2.194,9.418,2.176
a,105296,0.000,0.275,36.000,0.275,2.021,-0.139,-0.646,-0.560,2.342,9.342,2.156
a,105299,0.000,0.719,36.000,0.719,2.065,0.075,-0.158,-0.697,1.924,9.122,2.258
a,105303,0.000,1.162,36.000,1.162,2.417,-0.017,-0.112,0.082,2.328,9.336,2.131
a,105308,0.000,1.603,36.000,1.603,2.725,-0.017,-0.097,-0.254,2.204,9.243,2.201
a,105311,0.000,2.041,36.000,2.041,3.164,0.090,0.560,0.647,2.008,9.266,2.274
a,105315,0.000,2.475,36.000,2.475,3.384,-0.215,-0.204,1.013,2.265,9.400,2.173
a,105319,0.000,2.904,36.000,2.904,3.428,0.197,0.071,0.448,2.142,9.209,2.192
a,105323,0.000,3.328,36.000,3.328,5.625,-0.139,0.392,-0.483,2.248,9.404,2.173
a,105327,0.000,3.746,36.000,3.746,4.175,-0.230,-0.204,0.677,2.148,9.392,2.240
a,105331,0.000,4.157,36.000,4.157,4.834,0.243,0.499,-1.201,2.063,9.266,2.316
a,105335,0.000,4.559,36.000,4.559,5.449,-0.017,0.651,0.112,2.222,9.319,2.109
a,105339,0.000,4.953,36.000,4.953,5.933,0.044,0.163,-0.407,2.146,9.183,2.195
a,105343,0.000,5.337,36.000,5.337,7.559,-0.017,0.254,0.219,2.292,9.295,2.186
a,105347,0.000,5.710,36.000,5.710,6.196,-0.566,-0.921,-0.392,2.401,9.250,2.093
a,105352,0.000,6.072,36.000,6.072,6.680,0.472,0.163,-0.315,2.121,9.222,2.176
a,105355,0.000,6.422,36.000,6.422,6.724,-0.246,-0.265,-1.170,2.031,9.273,2.201
a,105359,0.000,6.760,36.000,6.760,6.943,0.762,1.109,1.410,2.286,9.091,2.290
a,105363,0.000,7.084,36.000,7.084,8.877,-0.292,0.758,-0.422,2.097,9.270,1.937
a,105367,0.000,7.394,36.000,7.394,7.603,-0.398,-1.471,-0.376,2.342,9.386,2.321
a,105371,0.000,7.689,36.000,7.689,7.690,0.304,0.514,0.647,2.076,9.378,2.258
a,105375,0.000,7.969,36.000,7.969,8.789,0.090,0.514,0.540,2.132,9.535,2.166
a,105379,0.000,8.233,36.000,8.233,8.877,-0.230,0.560,0.387,1.931,9.301,2.357
a,105383,0.000,8.481,36.000,8.481,10.327,0.579,0.758,-0.224,2.243,9.195,2.219
a,105387,0.000,8.711,36.000,8.711,9.492,-0.505,-0.646,0.036,2.131,9.396,2.008
a,105391,0.000,8.924,36.000,8.924,9.756,0.426,0.438,-0.117,2.113,9.164,2.467
a,105395,0.000,9.118,36.000,9.118,10.151,-0.017,0.453,0.280,2.288,9.339,2.088
a,105400,0.000,9.294,36.000,9.294,10.415,-0.124,-0.326,-0.361,2.178,9.274,2.198
a,105404,0.000,9.452,36.000,9.452,10.854,0.060,-0.143,-0.972,2.264,9.270,2.199
a,105407,0.000,9.590,36.000,9.590,10.986,-0.398,-0.463,0.509,2.109,9.360,2.230
a,105411,0.000,9.708,36.000,9.708,11.074,0.640,0.438,-0.285,2.224,9.114,2.261
a,105415,0.000,9.807,36.000,9.807,11.162,-0.124,0.132,0.295,2.288,9.427,2.027
a,105419,0.000,9.885,36.000,9.885,11.074,-0.017,0.178,0.234,2.204,9.305,2.338
a,105423,0.000,9.944,36.000,9.944,11.558,0.151,-0.188,0.341,2.290,9.297,2.150
a,105428,0.000,9.982,36.000,9.982,11.206,-0.169,-0.387,0.143,2.230,9.373,2.169
a,105432,0.000,9.999,36.000,9.999,11.558,0.029,0.056,-0.895,2.116,9.266,2.271
a,105436,0.000,9.995,36.000,9.995,11.162,0.075,0.117,-0.529,2.297,9.335,2.207
a,105439,0.000,9.971,36.000,9.971,11.558,-0.108,0.132,1.120,2.204,9.292,2.207
a,105443,0.000,9.927,36.000,9.927,11.602,0.075,0.178,-0.651,2.261,9.297,2.169
a,105447,0.000,9.861,36.000,9.861,11.602,-0.017,-0.112,0.082,2.235,9.292,2.211
a,105451,0.000,9.776,36.000,9.776,11.558,-0.063,0.239,0.494,2.172,9.298,2.229
a,105455,0.000,9.669,36.000,9.669,11.602,0.075,0.163,-1.186,2.248,9.318,2.175
a,105459,0.000,9.543,36.000,9.543,11.558,0.258,-0.158,0.066,2.245,9.329,2.195
a,105463,0.000,9.397,36.000,9.397,11.602,0.136,0.010,-1.033,2.215,9.334,2.180
a,105467,0.000,9.231,36.000,9.231,11.558,-0.032,0.056,-1.338,2.198,9.306,2.224
a,105471,0.000,9.045,36.000,9.045,11.162,0.044,0.010,0.189,2.199,9.321,2.192
a,105476,0.000,8.841,36.000,8.841,11.206,-0.001,0.407,1.715,2.225,9.316,2.195
a,105479,0.000,8.617,36.000,8.617,11.558,0.090,0.071,0.066,2.224,9.324,2.192
a,105483,0.000,8.376,36.000,8.376,11.250,-0.078,0.117,-1.063,2.224,9.341,2.175
a,105487,0.000,8.117,36.000,8.117,11.162,0.075,0.254,0.647,2.212,9.307,2.206
a,105491,0.000,7.840,36.000,7.840,11.206,-0.185,0.117,-0.254,2.212,9.334,2.204
a,105495,0.000,7.547,36.000,7.547,11.206,0.029,0.010,-0.514,2.246,9.316,2.201
a,105500,0.000,7.238,36.000,7.238,11.162,-0.063,-0.097,0.234,2.240,9.310,2.215
a,105503,0.000,6.913,36.000,6.913,11.206,-0.307,-0.158,-0.514,2.204,9.311,2.233
a,105507,0.000,6.574,36.000,6.574,11.250,0.090,0.163,-0.376,2.121,9.284,2.233
a,105511,0.000,6.220,36.000,6.220,11.602,-0.185,-0.097,0.570,2.321,9.380,2.176
a,105515,0.000,5.853,36.000,5.853,11.558,0.090,-0.326,0.005,2.222,9.363,2.185
a,105520,0.000,5.474,36.000,5.474,11.162,0.090,0.117,-0.163,2.207,9.392,2.200
a,105524,0.000,5.082,36.000,5.082,11.074,0.044,0.392,-0.315,2.174,9.339,2.235
a,105527,0.000,4.679,36.000,4.679,10.459,0.655,1.384,1.196,2.126,9.234,2.065
a,105531,0.000,4.266,36.000,4.266,12.964,-1.177,-2.204,0.418,2.601,9.578,1.982
a,105535,0.000,3.844,36.000,3.844,13.711,-0.414,-1.028,-0.880,2.060,9.200,2.465
a,105540,0.000,3.413,36.000,3.413,9.492,0.533,1.201,-0.071,2.010,9.252,2.176
a,105544,0.000,2.975,36.000,2.975,10.942,-0.215,1.094,0.219,2.201,9.355,2.229
a,105547,0.000,2.530,36.000,2.530,10.327,0.853,0.712,0.158,2.312,9.230,2.180
a,105552,0.000,2.079,36.000,2.079,8.789,-0.872,-1.593,-2.071,2.453,9.363,2.010
a,105556,0.000,1.624,36.000,1.624,8.130,-0.246,-0.708,-1.216,1.944,9.166,2.313
a,105559,0.000,1.165,36.000,1.165,8.394,0.197,0.880,-0.010,2.043,9.195,2.248
a,105563,0.000,0.702,36.000,0.702,13.096,-0.063,0.728,0.769,2.224,9.323,2.145
a,105567,0.000,0.239,36.000,0.239,6.768,0.029,0.117,-0.850,2.308,9.415,2.215
a,105571,0.000,-0.226,36.000,-0.226,9.053,-0.078,-1.028,-0.773,2.453,9.319,2.115
a,105575,0.000,-0.691,36.000,-0.691,6.768,-0.124,-0.204,0.402,2.012,9.206,2.236
a,105579,0.000,-1.154,36.000,-1.154,5.493,0.304,1.048,0.356,1.966,9.191,2.258
a,105583,0.000,-1.615,36.000,-1.615,4.702,0.411,1.033,-0.514,2.395,9.323,2.134
a,105587,0.000,-2.073,36.000,-2.073,4.131,-0.063,-0.433,0.021,2.364,9.331,1.973
a,105591,0.000,-2.527,36.000,-2.527,6.899,-0.246,-1.089,-1.430,2.237,9.391,2.195
a,105595,0.000,-2.975,36.000,-2.975,3.384,-0.169,-0.036,1.120,2.094,9.252,2.243
a,105600,0.000,-3.418,36.000,-3.418,3.164,0.441,0.926,0.372,2.108,9.315,2.191
a,105604,0.000,-3.853,36.000,-3.853,2.461,0.090,0.514,0.585,2.367,9.371,2.169
a,105607,0.000,-4.280,36.000,-4.280,2.065,-0.246,-0.830,0.372,2.411,9.334,2.130
a,105611,0.000,-4.698,36.000,-4.698,1.274,-0.337,-0.860,-0.239,2.140,9.467,2.204
a,105615,0.000,-5.106,36.000,-5.106,0.527,0.136,0.224,-0.666,2.134,9.346,2.255
a,105619,0.000,-5.503,36.000,-5.503,-0.044,0.197,0.819,0.097,2.187,9.369,2.227
a,105623,0.000,-5.888,36.000,-5.888,-0.176,-0.063,0.163,0.021,2.306,9.351,2.144
a,105627,0.000,-6.260,36.000,-6.260,-0.264,-0.200,-0.601,-0.498,2.292,9.327,2.188
a,105631,0.000,-6.619,36.000,-6.619,-0.703,-0.154,-0.280,-2.102,2.126,9.315,2.166
a,105635,0.000,-6.964,36.000,-6.964,-1.494,0.426,0.438,0.051,2.075,9.233,2.230
a,105639,0.000,-7.293,36.000,-7.293,-1.582,-0.063,-0.326,0.082,2.382,9.444,2.206
a,105643,0.000,-7.607,36.000,-7.607,-1.582,-0.124,-0.250,0.234,2.370,9.379,2.127
a,105647,0.000,-7.904,36.000,-7.904,-2.153,-0.124,-0.173,-1.262,2.156,9.416,2.176
a,105652,0.000,-8.183,36.000,-8.183,2.461,-0.001,0.667,0.998,2.115,9.262,2.249
a,105656,0.000,-8.445,36.000,-8.445,-2.900,0.090,0.056,0.112,2.370,9.389,2.144
a,105660,0.000,-8.688,36.000,-8.688,-3.120,-0.230,-0.372,0.127,2.339,9.292,2.161
a,105663,0.000,-8.912,36.000,-8.912,-2.988,-0.017,-0.463,0.570,2.255,9.349,2.194
a,105667,0.000,-9.116,36.000,-9.116,-3.647,0.044,-0.265,0.021,2.146,9.279,2.191
a,105671,0.000,-9.300,36.000,-9.300,-2.505,0.365,0.605,-0.224,2.150,9.327,2.188
a,105675,0.000,-9.463,36.000,-9.463,-4.219,-0.292,-0.158,-0.025,2.350,9.378,2.167
a,105679,0.000,-9.606,36.000,-9.606,-4.351,-0.032,-0.219,-0.956,2.222,9.274,2.248
a,105684,0.000,-9.726,36.000,-9.726,-4.482,-0.185,-0.265,-0.025,2.181,9.378,2.176
a,105688,0.000,-9.825,36.000,-9.825,-4.482,0.273,0.331,0.769,2.221,9.323,2.248
a,105692,0.000,-9.903,36.000,-9.903,-4.570,0.090,0.270,-0.437,2.246,9.361,2.161
a,105695,0.000,-9.957,36.000,-9.957,-4.526,-0.353,-0.433,-0.743,2.306,9.379,2.201
a,105699,0.000,-9.990,36.000,-9.990,-0.879,0.258,0.239,0.814,2.189,9.227,2.186
a,105703,0.000,-10.000,36.000,-10.000,-4.570,-0.063,0.346,0.448,2.127,9.323,2.246
a,105707,0.000,-9.987,36.000,-9.987,-4.922,-0.032,0.224,-0.972,2.271,9.305,2.219
a,105711,0.000,-9.952,36.000,-9.952,-4.966,-0.337,-0.372,0.021,2.386,9.394,2.096
a,105715,0.000,-9.895,36.000,-9.895,-5.054,-0.063,0.056,-0.025,2.070,9.281,2.236
a,105719,0.000,-9.815,36.000,-9.815,-5.010,0.151,0.438,-0.285,2.188,9.294,2.243
a,105723,0.000,-9.712,36.000,-9.712,-5.010,-0.017,-0.051,-0.025,2.272,9.324,2.145
a,105727,0.000,-9.588,36.000,-9.588,-4.966,0.044,0.086,0.784,2.194,9.316,2.229
a,105731,0.000,-9.441,36.000,-9.441,-5.098,-0.108,-0.051,0.524,2.264,9.315,2.223
a,105735,0.000,-9.273,36.000,-9.273,-5.010,-0.063,0.132,0.509,2.205,9.292,2.201
a,105739,0.000,-9.084,36.000,-9.084,-4.966,0.090,0.346,0.372,2.204,9.333,2.186
a,105744,0.000,-8.874,36.000,-8.874,-5.010,-0.032,0.117,-0.789,2.239,9.306,2.221
a,105748,0.000,-8.643,36.000,-8.643,-4.966,0.044,0.025,0.784,2.224,9.317,2.188
a,105751,0.000,-8.392,36.000,-8.392,-5.010,-0.124,-0.219,-0.407,2.236,9.330,2.192
a,105755,0.000,-8.123,36.000,-8.123,-5.054,0.105,0.178,0.937,2.184,9.313,2.198
a,105759,0.000,-7.834,36.000,-7.834,-5.054,0.151,0.224,-0.010,2.240,9.309,2.217
a,105764,0.000,-7.527,36.000,-7.527,-5.054,-0.063,-0.036,0.509,2.237,9.331,2.191
a,105768,0.000,-7.202,36.000,-7.202,-5.010,0.090,0.056,-0.422,2.203,9.323,2.191
a,105771,0.000,-6.861,36.000,-6.861,-5.010,0.044,-0.036,0.723,2.188,9.342,2.233
a,105775,0.000,-6.504,36.000,-6.504,-5.054,0.075,-0.372,-0.483,2.192,9.335,2.215
a,105779,0.000,-6.131,36.000,-6.131,-5.010,0.197,0.270,-0.010,2.217,9.295,2.246
a,105783,0.000,-5.744,36.000,-5.744,-4.966,-0.017,-0.158,-0.147,2.298,9.348,2.191
a,105787,0.000,-5.344,36.000,-5.344,-3.208,-0.551,-1.272,0.921,2.380,9.579,2.280
a,105792,0.000,-4.930,36.000,-4.930,-4.395,0.686,0.712,-0.117,2.088,9.226,2.370
a,105796,0.000,-4.505,36.000,-4.505,0.439,0.869,1.873,0.952,2.024,9.321,2.230
a,105799,0.000,-4.070,36.000,-4.070,-3.032,-0.200,-0.158,-0.789,2.484,9.340,2.073
a,105804,0.000,-3.624,36.000,-3.624,-2.900,-0.230,-0.204,0.616,2.109,9.079,2.315
a,105807,0.000,-3.170,36.000,-3.170,-2.373,-0.185,-0.921,0.204,2.321,9.397,2.073
a,105811,0.000,-2.708,36.000,-2.708,-1.758,-0.505,-0.158,-0.407,1.997,9.349,2.209
a,105815,0.000,-2.240,36.000,-2.240,-1.494,0.960,1.323,0.463,2.043,9.092,2.411
a,105819,0.000,-1.766,36.000,-1.766,-1.450,-0.337,-0.143,0.402,2.507,9.376,2.008
a,105823,0.000,-1.287,36.000,-1.287,-0.308,0.090,-0.051,0.005,2.134,9.099,2.223
a,105827,0.000,-0.805,36.000,-0.805,1.143,-0.063,0.117,-0.025,2.142,9.422,2.213
a,105831,0.000,-0.321,36.000,-0.321,0.396,0.090,0.025,0.494,2.192,9.343,2.284
a,105835,0.000,0.164,36.000,0.164,1.187,0.426,0.728,0.433,2.076,9.159,2.286
a,105839,0.000,0.649,36.000,0.649,1.934,0.151,0.071,0.280,2.284,9.317,2.269
a,105843,0.000,1.133,36.000,1.133,2.549,0.044,-0.540,-0.239,2.355,9.188,2.161
a,105847,0.000,1.614,36.000,1.614,3.428,0.151,0.117,-0.422,2.010,9.218,2.099
a,105852,0.000,2.092,36.000,2.092,3.120,-0.460,-0.967,-1.323,2.339,9.400,2.433
a,105855,0.000,2.566,36.000,2.566,3.296,0.686,0.438,0.051,2.173,9.149,2.303
a,105859,0.000,3.033,36.000,3.033,3.472,0.044,0.239,0.494,1.976,9.394,2.042
a,105863,0.000,3.494,36.000,3.494,4.131,0.197,-0.219,-0.208,2.312,9.199,2.385
a,105867,0.000,3.947,36.000,3.947,4.658,0.090,0.224,-0.437,2.234,9.389,2.081
a,105871,0.000,4.390,36.000,4.390,5.229,0.319,0.071,0.998,2.217,9.298,2.229
a,105875,0.000,4.824,36.000,4.824,11.030,-0.230,-0.708,-0.178,2.259,9.284,2.319
a,105879,0.000,5.246,36.000,5.246,6.021,0.380,0.422,-0.102,2.106,9.340,2.155
a,105883,0.000,5.656,36.000,5.656,6.240,-0.322,-0.036,1.120,2.070,9.366,2.186
a,105887,0.000,6.052,36.000,6.052,6.724,0.243,0.224,-1.369,2.339,9.275,2.286
a,105891,0.000,6.435,36.000,6.435,6.724,-0.185,-0.112,0.021,2.303,9.401,2.006
a,105895,0.000,6.802,36.000,6.802,6.855,-0.124,-0.372,0.082,2.234,9.255,2.227
a,105900,0.000,7.153,36.000,7.153,6.943,0.457,0.331,-0.712,2.077,9.237,2.298
a,105904,0.000,7.487,36.000,7.487,8.042,-0.001,-0.524,1.257,2.170,9.365,2.211
a,105909,0.000,7.803,36.000,7.803,8.218,0.060,0.941,0.921,1.997,9.260,2.267
a,105911,0.000,8.101,36.000,8.101,13.140,-0.246,0.270,-0.697,2.312,9.261,2.127
a,105915,0.000,8.379,36.000,8.379,9.800,0.029,-0.219,-0.514,2.286,9.219,2.188
a,105919,0.000,8.638,36.000,8.638,8.965,0.151,0.239,-0.178,2.172,9.227,2.148
a,105923,0.000,8.875,36.000,8.875,9.492,-0.108,-0.097,1.731,2.066,9.250,2.272
a,105927,0.000,9.091,36.000,9.091,9.536,0.044,0.605,0.066,2.134,9.285,2.179
a,105931,0.000,9.285,36.000,9.285,10.371,1.037,-0.066,-2.056,2.369,9.442,1.931
a,105936,0.000,9.457,36.000,9.457,10.371,0.640,-0.906,0.784,2.709,8.957,1.604
a,105940,0.000,9.606,36.000,9.606,10.415,0.411,0.010,-1.460,1.827,9.272,2.240
a,105943,0.000,9.731,36.000,9.731,10.898,-0.826,-0.891,1.746,2.471,9.436,2.421
a,105947,0.000,9.833,36.000,9.833,11.074,-0.108,-0.051,0.372,1.866,9.310,2.328
a,105951,0.000,9.911,36.000,9.911,11.558,0.289,0.163,-0.651,2.222,9.173,2.179
a,105955,0.000,9.965,36.000,9.965,11.689,-0.200,-0.372,0.967,2.363,9.358,2.185
a,105959,0.000,9.994,36.000,9.994,11.733,0.350,0.712,-1.201,2.018,9.151,2.160
a,105963,0.000,9.999,36.000,9.999,11.865,-0.246,-0.479,-1.124,2.415,9.404,2.122
a,105967,0.000,9.979,36.000,9.979,11.821,-0.230,0.163,0.189,2.065,9.226,2.103
a,105971,0.000,9.935,36.000,9.935,11.821,0.457,0.544,-0.773,2.081,9.276,2.192
a,105975,0.000,9.866,36.000,9.866,11.733,-0.078,-0.753,-1.598,2.417,9.347,2.186
a,105979,0.000,9.773,36.000,9.773,11.777,0.411,0.392,-1.094,2.031,9.200,2.229
a,105983,0.000,9.655,36.000,9.655,11.865,0.090,0.270,-0.224,2.313,9.336,2.207
a,105987,0.000,9.514,36.000,9.514,11.821,0.075,-0.158,-0.865,2.203,9.263,2.227
a,105991,0.000,9.349,36.000,9.349,11.777,0.090,0.346,0.540,2.163,9.324,2.200
a,105995,0.000,9.161,36.000,9.161,11.821,-0.322,-0.417,1.288,2.302,9.372,2.163
a,106000,0.000,8.950,36.000,8.950,11.821,0.258,0.331,0.051,2.109,9.274,2.258
a,106004,0.000,8.716,36.000,8.716,11.821,-0.124,-0.219,-0.086,2.271,9.346,2.169
a,106007,0.000,8.461,36.000,8.461,11.733,-0.169,-0.005,-0.132,2.239,9.301,2.237
a,106011,0.000,8.184,36.000,8.184,11.865,-0.124,0.178,0.463,2.172,9.353,2.172
a,106015,0.000,7.887,36.000,7.887,11.733,-0.368,0.056,1.624,2.285,9.316,2.198
a,106019,0.000,7.570,36.000,7.570,11.865,-0.063,0.117,-0.086,2.128,9.307,2.204
a,106024,0.000,7.234,36.000,7.234,11.777,-0.017,0.346,0.280,2.194,9.307,2.180
a,106028,0.000,6.879,36.000,6.879,11.865,-0.078,-0.265,-0.789,2.339,9.363,2.200
a,106031,0.000,6.507,36.000,6.507,11.821,-0.124,-0.479,-0.300,2.206,9.354,2.169
a,106035,0.000,6.118,36.000,6.118,11.733,0.197,0.163,-0.269,2.189,9.329,2.258
a,106039,0.000,5.714,36.000,5.714,11.602,0.289,0.834,-1.094,2.108,9.330,2.213
a,106043,0.000,5.295,36.000,5.295,11.162,0.197,0.117,0.005,2.386,9.279,2.200
a,106048,0.000,4.863,36.000,4.863,10.459,-0.902,-1.578,0.051,2.326,9.511,1.992
a,106052,0.000,4.418,36.000,4.418,10.283,0.304,0.239,0.433,1.948,9.097,2.419
a,106055,0.000,3.961,36.000,3.961,9.580,-0.124,0.163,0.189,2.199,9.391,2.064
a,106059,0.000,3.494,36.000,3.494,9.097,0.579,0.621,0.647,2.248,9.183,2.252
a,106064,0.000,3.018,36.000,3.018,8.965,-0.017,0.499,-0.376,2.211,9.377,2.042
a,106067,0.000,2.534,36.000,2.534,8.833,-0.292,-0.631,0.311,2.425,9.330,2.209
a,106071,0.000,2.043,36.000,2.043,8.306,0.060,0.025,1.349,2.029,9.360,2.151
a,106075,0.000,1.547,36.000,1.547,8.042,0.441,0.178,1.059,2.212,9.394,2.348
a,106079,0.000,1.046,36.000,1.046,6.987,-0.108,-0.463,0.952,2.290,9.222,2.186
a,106083,0.000,0.543,36.000,0.543,6.855,-0.078,-0.646,-1.155,2.337,9.339,2.145
a,106087,0.000,0.037,36.000,0.037,6.899,-0.200,-0.540,-1.705,2.168,9.407,2.167
a,106091,0.000,-0.468,36.000,-0.468,6.284,0.075,0.789,3.074,2.035,9.202,2.229
a,106095,0.000,-0.973,36.000,-0.973,7.559,0.212,0.346,0.982,2.241,9.407,2.180
a,106099,0.000,-1.476,36.000,-1.476,5.449,-0.215,-0.738,0.906,2.421,9.298,2.167
a,106103,0.000,-1.975,36.000,-1.975,4.570,-0.200,-0.708,-1.491,2.261,9.304,2.160
a,106107,0.000,-2.470,36.000,-2.470,3.999,-0.246,-0.433,-1.018,2.158,9.333,2.252
a,106111,0.000,-2.958,36.000,-2.958,3.428,-0.124,0.621,0.387,2.076,9.335,2.269
a,106116,0.000,-3.439,36.000,-3.439,3.252,0.136,0.834,-1.369,2.186,9.270,2.144
a,106119,0.000,-3.912,36.000,-3.912,2.725,-0.490,-0.204,1.120,2.409,9.371,2.125
a,106123,0.000,-4.374,36.000,-4.374,2.417,0.044,-0.540,-0.132,2.261,9.418,2.150
a,106127,0.000,-4.826,36.000,-4.826,1.846,-0.795,-0.845,0.585,2.251,9.451,2.182
a,106131,0.000,-5.266,36.000,-5.266,6.680,0.258,0.407,0.814,2.042,9.242,2.271
a,106135,0.000,-5.692,36.000,-5.692,0.483,0.472,0.880,-0.117,2.269,9.452,2.176
a,106140,0.000,-6.103,36.000,-6.103,-0.132,-0.124,-0.356,0.356,2.391,9.468,2.156
a,106144,0.000,-6.499,36.000,-6.499,-0.308,-0.230,-0.433,-0.254,2.332,9.415,2.221
a,106147,0.000,-6.879,36.000,-6.879,-0.923,-0.124,0.254,0.341,2.097,9.316,2.106
a,106151,0.000,-7.240,36.000,-7.240,-1.494,0.243,0.575,0.265,2.035,9.237,2.274
a,106155,0.000,-7.583,36.000,-7.583,-1.626,0.243,0.651,-0.987,2.296,9.352,2.175
a,106159,0.000,-7.907,36.000,-7.907,-1.758,-0.246,-0.219,-0.850,2.312,9.377,2.106
a,106164,0.000,-8.210,36.000,-8.210,0.571,-0.017,-0.051,-0.300,2.209,9.330,2.252
a,106168,0.000,-8.491,36.000,-8.491,-2.241,0.060,0.117,0.463,2.140,9.251,2.157
a,106172,0.000,-8.751,36.000,-8.751,-2.944,0.044,0.621,0.173,2.210,9.236,2.240
a,106175,0.000,-8.987,36.000,-8.987,-2.944,-0.063,0.239,0.769,2.228,9.280,2.182
a,106179,0.000,-9.200,36.000,-9.200,-3.164,-0.292,-0.250,0.463,2.321,9.305,2.132
a,106183,0.000,-9.389,36.000,-9.389,-3.208,-0.063,-0.387,-0.453,2.248,9.378,2.127
a,106187,0.000,-9.554,36.000,-9.554,0.615,-0.185,-0.097,-0.407,2.166,9.291,2.294
a,106191,0.000,-9.693,36.000,-9.693,-4.351,-0.353,-0.326,-0.514,2.215,9.383,2.264
a,106196,0.000,-9.807,36.000,-9.807,-0.923,0.426,0.560,0.372,2.204,9.245,2.150
a,106200,0.000,-9.894,36.000,-9.894,-4.570,-0.017,0.056,-0.300,2.267,9.395,2.161
a,106203,0.000,-9.956,36.000,-9.956,-4.570,0.151,0.071,0.219,2.192,9.240,2.286
a,106208,0.000,-9.991,36.000,-9.991,-5.010,0.105,0.132,0.998,2.342,9.237,2.131
a,106211,0.000,-10.000,36.000,-10.000,-4.966,0.044,-0.158,0.082,2.178,9.319,2.154
a,106215,0.000,-9.982,36.000,-9.982,-5.054,-0.063,-0.204,0.021,2.255,9.363,2.321
a,106219,0.000,-9.937,36.000,-9.937,-5.098,-0.230,-0.112,-0.300,2.195,9.276,2.300
a,106223,0.000,-9.866,36.000,-9.866,-5.098,0.136,0.667,-0.285,2.082,9.323,2.148
a,106227,0.000,-9.768,36.000,-9.768,-5.098,-0.032,-0.158,-0.850,2.306,9.354,2.173
a,106231,0.000,-9.644,36.000,-9.644,-5.186,0.029,0.010,-1.170,2.235,9.306,2.243
a,106235,0.000,-9.494,36.000,-9.494,-5.098,-0.200,-0.112,-0.743,2.235,9.359,2.148
a,106239,0.000,-9.319,36.000,-9.319,-5.054,0.075,0.010,-1.079,2.184,9.307,2.224
a,106243,0.000,-9.118,36.000,-9.118,-5.010,0.090,0.285,0.372,2.168,9.311,2.242
a,106247,0.000,-8.893,36.000,-8.893,-5.098,-0.124,0.346,0.341,2.261,9.334,2.169
a,106251,0.000,-8.644,36.000,-8.644,-5.010,-0.124,-0.036,0.723,2.219,9.304,2.182
a,106255,0.000,-8.371,36.000,-8.371,-5.098,-0.063,-0.097,-0.193,2.210,9.328,2.195
a,106259,0.000,-8.075,36.000,-8.075,-5.142,-0.124,0.071,-0.147,2.188,9.335,2.246
a,106264,0.000,-7.758,36.000,-7.758,-5.098,-0.017,0.178,0.845,2.170,9.324,2.201
a,106267,0.000,-7.419,36.000,-7.419,-5.010,0.197,-0.219,-0.422,2.252,9.347,2.195
a,106271,0.000,-7.059,36.000,-7.059,-5.098,0.075,-0.219,-0.590,2.246,9.322,2.188
a,106275,0.000,-6.681,36.000,-6.681,-5.054,-0.047,-0.143,-0.636,2.142,9.336,2.237
a,106279,0.000,-6.284,36.000,-6.284,-5.054,0.197,0.239,-0.117,2.178,9.373,2.221
a,106283,0.000,-5.869,36.000,-5.869,-5.054,0.411,0.407,-0.056,2.187,9.287,2.240
a,106287,0.000,-5.439,36.000,-5.439,-5.054,-0.124,-0.265,-0.361,2.269,9.313,2.167
a,106291,0.000,-4.993,36.000,-4.993,-4.966,-0.627,-1.120,0.799,2.162,9.329,2.207
a,106295,0.000,-4.533,36.000,-4.533,-4.526,0.411,0.544,-1.155,2.022,9.195,2.321
a,106300,0.000,-4.061,36.000,-4.061,-3.735,0.640,1.918,-0.422,1.994,9.382,2.213
a,106304,0.000,-3.577,36.000,-3.577,-3.032,-0.292,-0.417,0.234,2.528,9.397,2.100
a,106307,0.000,-3.083,36.000,-3.083,-2.900,-0.124,-0.372,-0.086,2.053,9.548,2.211
a,106311,0.000,-2.580,36.000,-2.580,-2.329,-0.017,-0.524,0.311,2.466,9.335,2.157
a,106315,0.000,-2.070,36.000,-2.070,-1.758,-0.948,-0.524,0.692,1.991,9.365,2.261
a,106319,0.000,-1.553,36.000,-1.553,-1.494,0.808,1.109,0.738,2.199,9.135,2.363
a,106323,0.000,-1.032,36.000,-1.032,-1.055,-0.673,-0.356,1.349,2.303,9.530,1.943
a,106327,0.000,-0.508,36.000,-0.508,-0.176,-0.200,-0.265,-0.514,2.152,9.322,2.391
a,106332,0.000,0.018,36.000,0.018,0.352,0.304,-0.250,-0.422,2.259,9.334,2.156
a,106336,0.000,0.544,36.000,0.544,1.099,-0.444,-0.204,0.356,1.899,9.386,2.195
a,106339,0.000,1.069,36.000,1.069,1.934,0.853,1.155,0.799,2.146,9.254,2.345
a,106343,0.000,1.591,36.000,1.591,2.505,-0.001,-0.066,0.036,2.532,9.328,2.054
a,106347,0.000,2.109,36.000,2.109,2.769,-0.444,-1.135,-0.285,2.241,9.233,2.103
a,106351,0.000,2.622,36.000,2.622,3.296,0.289,0.270,-1.262,1.836,9.256,2.219
a,106355,0.000,3.128,36.000,3.128,6.943,0.060,0.514,1.227,2.203,9.244,2.209
a,106359,0.000,3.625,36.000,3.625,4.131,0.044,0.926,-0.224,2.071,9.292,2.160
a,106363,0.000,4.113,36.000,4.113,4.702,0.365,-0.524,-0.376,2.576,9.339,2.150
a,106367,0.000,4.589,36.000,4.589,5.405,-0.566,-0.906,0.311,2.266,9.436,2.081
a,106371,0.000,5.053,36.000,5.053,5.977,0.044,0.239,0.280,1.866,9.262,2.322
a,106375,0.000,5.503,36.000,5.503,8.350,0.518,0.667,-1.201,2.326,9.254,2.206
a,106380,0.000,5.938,36.000,5.938,6.680,0.151,0.376,-1.292,2.240,9.272,2.059
a,106383,0.000,6.356,36.000,6.356,6.724,-0.124,0.224,-0.163,2.199,9.256,2.227
a,106387,0.000,6.757,36.000,6.757,6.812,-0.200,-1.089,-0.560,2.308,9.420,2.229
a,106391,0.000,7.139,36.000,7.139,6.943,0.075,-0.143,-0.651,1.975,9.276,2.350
a,106395,0.000,7.501,36.000,7.501,7.646,0.136,0.850,0.753,2.286,9.431,2.254
a,106401,0.000,7.842,36.000,7.842,8.174,-0.139,0.331,-0.529,2.269,9.367,2.087
a,106404,0.000,8.161,36.000,8.161,11.689,0.579,0.438,-0.285,2.134,9.254,2.267
a,106408,0.000,8.457,36.000,8.457,8.877,-0.414,-0.860,-0.560,2.343,9.383,2.192
a,106411,0.000,8.729,36.000,8.729,9.009,0.258,0.834,0.647,1.986,9.248,2.233
a,106415,0.000,8.977,36.000,8.977,9.448,-0.139,-0.204,-0.636,2.406,9.439,2.106
a,106419,0.000,9.199,36.000,9.199,9.624,0.166,0.315,-0.040,1.969,9.201,2.131
a,106423,0.000,9.395,36.000,9.395,10.283,0.075,0.438,2.250,2.715,9.155,2.039
a,106428,0.000,9.565,36.000,9.565,11.777,-0.017,0.010,-0.300,1.686,9.175,2.471
a,106432,0.000,9.707,36.000,9.707,10.459,-0.292,0.483,-0.514,2.318,9.542,2.500
a,106435,0.000,9.822,36.000,9.822,10.854,-0.780,-0.585,0.906,2.276,9.372,1.935
a,106439,0.000,9.908,36.000,9.908,13.096,0.686,0.651,-0.331,2.065,9.203,2.173
a,106443,0.000,9.966,36.000,9.966,11.162,-0.398,-0.036,0.570,2.363,9.442,2.073
a,106447,0.000,9.996,36.000,9.996,11.162,0.075,0.544,-0.712,2.067,9.376,2.336
a,106451,0.000,9.997,36.000,9.997,11.602,0.243,0.605,-1.048,2.210,9.371,2.154
a,106455,0.000,9.969,36.000,9.969,11.689,-0.627,-0.356,0.509,2.313,9.400,2.194
a,106459,0.000,9.912,36.000,9.912,11.602,-0.063,0.239,0.173,2.124,9.264,2.061
a,106463,0.000,9.827,36.000,9.827,11.646,-0.230,-0.326,-0.086,2.271,9.404,2.131
a,106467,0.000,9.713,36.000,9.713,11.689,0.060,0.178,1.181,2.163,9.319,2.230
a,106471,0.000,9.571,36.000,9.571,11.602,0.136,0.438,-0.712,2.197,9.303,2.157
a,106475,0.000,9.401,36.000,9.401,11.646,-0.230,-0.112,-0.086,2.343,9.388,2.172
a,106479,0.000,9.204,36.000,9.204,11.646,-0.063,-0.097,0.402,2.150,9.269,2.235
a,106483,0.000,8.979,36.000,8.979,11.646,0.075,0.163,-0.972,2.230,9.349,2.204
a,106487,0.000,8.729,36.000,8.729,11.646,0.044,0.071,0.189,2.188,9.336,2.195
a,106491,0.000,8.453,36.000,8.453,11.558,0.151,0.285,0.753,2.215,9.313,2.213
a,106495,0.000,8.152,36.000,8.152,11.646,-0.322,-0.417,1.120,2.277,9.372,2.207
a,106499,0.000,7.827,36.000,7.827,11.689,-0.124,0.163,0.189,2.199,9.331,2.201
a,106504,0.000,7.479,36.000,7.479,11.689,-0.185,0.056,-0.086,2.224,9.360,2.198
a,106508,0.000,7.109,36.000,7.109,13.140,-0.078,0.086,0.173,2.219,9.351,2.224
a,106511,0.000,6.718,36.000,6.718,11.646,0.151,0.239,0.326,2.184,9.309,2.198
a,106515,0.000,6.307,36.000,6.307,11.646,-0.246,-0.463,-1.124,2.350,9.364,2.160
a,106519,0.000,5.876,36.000,5.876,11.689,-0.246,-0.250,-0.682,2.184,9.403,2.201
a,106523,0.000,5.429,36.000,5.429,11.558,0.136,0.438,-1.308,2.121,9.382,2.235
a,106528,0.000,4.965,36.000,4.965,15.996,0.747,1.216,0.631,2.095,9.178,2.128
a,106531,0.000,4.486,36.000,4.486,10.415,-0.460,-0.738,-0.132,2.460,9.503,1.906
a,106535,0.000,3.994,36.000,3.994,10.283,-0.704,-0.921,-0.880,2.094,9.410,2.161
a,106540,0.000,3.489,36.000,3.489,9.536,0.090,0.224,-0.437,2.041,9.304,2.278
a,106543,0.000,2.974,36.000,2.974,9.097,-0.001,1.002,0.921,2.160,9.334,2.283
a,106547,0.000,2.449,36.000,2.449,8.921,0.289,0.499,-1.308,2.265,9.424,2.269
a,106551,0.000,1.917,36.000,1.917,8.394,-0.078,-0.906,-0.498,2.450,9.437,2.002
a,106555,0.000,1.379,36.000,1.379,8.174,-0.307,-0.967,-1.216,2.137,9.313,2.284
a,106559,0.000,0.836,36.000,0.836,9.492,0.151,0.254,0.540,2.094,9.479,2.186
a,106563,0.000,0.291,36.000,0.291,8.350,0.151,1.323,0.570,2.108,9.263,2.151
a,106567,0.000,-0.256,36.000,-0.256,6.855,0.151,0.392,-0.285,2.276,9.420,2.236
a,106571,0.000,-0.802,36.000,-0.802,6.899,-0.017,-0.326,-0.193,2.413,9.349,2.090
a,106575,0.000,-1.346,36.000,-1.346,6.108,-0.063,-0.204,-0.086,2.110,9.439,2.166
a,106579,0.000,-1.887,36.000,-1.887,5.273,0.304,-0.112,0.112,2.179,9.249,2.283
a,106584,0.000,-2.422,36.000,-2.422,4.570,0.044,0.667,-0.040,2.237,9.324,2.127
a,106587,0.000,-2.950,36.000,-2.950,4.790,-0.017,-0.112,-0.147,2.179,9.364,2.195
a,106591,0.000,-3.470,36.000,-3.470,4.570,-0.307,-0.463,-0.575,2.339,9.377,2.230
a,106595,0.000,-3.979,36.000,-3.979,3.296,-0.337,0.407,0.005,2.000,9.185,2.154
a,106599,0.000,-4.477,36.000,-4.477,2.505,-0.078,0.178,-0.743,2.132,9.718,2.290
a,106604,0.000,-4.962,36.000,-4.962,1.934,0.350,0.331,-0.819,2.533,9.353,2.167
a,106608,0.000,-5.432,36.000,-5.432,1.099,-0.795,-0.814,0.036,2.161,9.481,2.011
a,106611,0.000,-5.886,36.000,-5.886,0.439,0.304,0.041,-0.743,2.121,9.219,2.319
a,106615,0.000,-6.322,36.000,-6.322,-0.088,-0.001,0.560,0.998,2.186,9.321,2.088
a,106619,0.000,-6.740,36.000,-6.740,1.230,0.182,0.270,-1.689,2.211,9.321,2.328
a,106623,0.000,-7.137,36.000,-7.137,-1.055,-0.261,-0.341,-1.888,2.386,9.455,2.144
a,106628,0.000,-7.512,36.000,-7.512,-1.494,-0.322,-0.692,1.089,2.191,9.291,2.161
a,106632,0.000,-7.865,36.000,-7.865,-1.626,0.258,0.300,0.479,2.090,9.243,2.271
a,106635,0.000,-8.195,36.000,-8.195,-0.088,-0.124,0.514,0.219,2.264,9.317,2.161
a,106640,0.000,-8.499,36.000,-8.499,-2.417,0.197,0.178,0.173,2.191,9.256,2.166
a,106643,0.000,-8.777,36.000,-8.777,-2.461,0.136,0.010,-1.033,2.302,9.345,2.122
a,106647,0.000,-9.029,36.000,-9.029,-2.988,-0.627,-0.921,-0.132,2.315,9.327,2.296
a,106651,0.000,-9.254,36.000,-9.254,-3.076,0.289,0.117,-0.590,2.045,9.232,2.134
a,106655,0.000,-9.449,36.000,-9.449,-3.560,0.136,0.605,-0.880,2.149,9.398,2.157
a,106659,0.000,-9.616,36.000,-9.616,-4.351,0.304,0.285,0.372,2.352,9.334,2.209
a,106663,0.000,-9.754,36.000,-9.754,-4.526,-0.078,-0.646,-0.621,2.355,9.334,2.093
a,106667,0.000,-9.861,36.000,-9.861,-4.570,-0.307,-0.906,0.204,2.334,9.390,2.247
a,106671,0.000,-9.938,36.000,-9.938,-5.010,0.243,0.529,0.692,1.938,9.287,2.151
a,106675,0.000,-9.985,36.000,-9.985,-5.010,0.304,0.621,0.753,2.271,9.331,2.290
a,106679,0.000,-10.000,36.000,-10.000,-5.098,0.075,-0.417,-0.911,2.318,9.331,2.150
a,106683,0.000,-9.984,36.000,-9.984,-5.098,0.044,-0.341,0.402,2.204,9.328,2.143
a,106687,0.000,-9.938,36.000,-9.938,-5.054,-0.017,-0.051,-0.086,2.146,9.363,2.198
a,106691,0.000,-9.860,36.000,-9.860,-5.098,0.304,0.270,-0.224,2.187,9.275,2.284
a,106695,0.000,-9.752,36.000,-9.752,-5.054,-0.017,0.422,-1.445,2.316,9.349,2.137
a,106699,0.000,-9.613,36.000,-9.613,-5.098,-0.505,-0.356,0.845,2.343,9.372,2.134
a,106704,0.000,-9.444,36.000,-9.444,-5.054,-0.292,-0.158,-0.025,2.152,9.319,2.221
a,106708,0.000,-9.246,36.000,-9.246,-5.142,-0.063,0.270,-0.208,2.166,9.343,2.207
a,106711,0.000,-9.018,36.000,-9.018,-5.054,0.044,0.453,0.769,2.193,9.319,2.219
a,106715,0.000,-8.762,36.000,-8.762,-5.142,0.044,-0.112,-0.147,2.295,9.360,2.169
a,106719,0.000,-8.478,36.000,-8.478,-5.142,-0.124,-0.692,0.524,2.290,9.342,2.180
a,106723,0.000,-8.167,36.000,-8.167,-5.054,-0.108,-0.143,0.891,2.131,9.313,2.211
a,106728,0.000,-7.831,36.000,-7.831,-5.098,0.151,0.468,1.044,2.168,9.353,2.199
a,106732,0.000,-7.470,36.000,-7.470,-5.142,-0.032,0.544,-1.521,2.228,9.352,2.204
a,106735,0.000,-7.084,36.000,-7.084,-5.098,0.090,-0.051,-0.163,2.296,9.340,2.161
a,106740,0.000,-6.677,36.000,-6.677,-5.098,-0.108,-0.311,1.120,2.241,9.390,2.219
a,106743,0.000,-6.247,36.000,-6.247,-5.186,-0.124,0.025,-0.254,2.137,9.346,2.211
a,106747,0.000,-5.798,36.000,-5.798,-5.010,0.380,0.941,1.898,2.166,9.333,2.227
a,106751,0.000,-5.330,36.000,-5.330,-5.010,0.395,0.407,-1.048,2.184,9.355,2.154
a,106755,0.000,-4.845,36.000,-4.845,-5.010,-0.505,-1.227,0.311,2.172,9.321,2.173
a,106759,0.000,-4.344,36.000,-4.344,-3.560,-0.124,-0.234,0.295,2.020,9.254,2.328
a,106763,0.000,-3.829,36.000,-3.829,-3.691,0.686,1.918,0.402,1.948,9.372,2.219
a,106767,0.000,-3.301,36.000,-3.301,-3.120,0.044,-0.143,-0.147,2.430,9.470,2.163
a,106771,0.000,-2.763,36.000,-2.763,-2.944,-0.337,-0.646,-0.178,2.105,9.384,2.344
a,106775,0.000,-2.215,36.000,-2.215,-2.285,0.136,-0.479,-0.804,2.203,9.199,2.296
a,106779,0.000,-1.660,36.000,-1.660,2.021,-0.521,-1.028,-0.834,2.199,9.397,2.140
a,106783,0.000,-1.099,36.000,-1.099,2.725,0.808,1.308,-0.132,1.891,9.262,2.388
a,106787,0.000,-0.534,36.000,-0.534,-0.264,-0.200,0.819,-1.247,2.321,9.637,2.011
a,106791,0.000,0.032,36.000,0.032,-0.176,0.197,-0.524,0.616,2.324,9.264,2.316
a,106795,0.000,0.599,36.000,0.599,0.483,-0.215,0.407,1.105,2.076,9.285,2.160
a,106799,0.000,1.165,36.000,1.165,1.362,0.044,0.025,-0.193,2.224,9.335,2.280
a,106804,0.000,1.727,36.000,1.727,2.021,0.350,0.224,-0.987,2.051,9.260,2.176
a,106807,0.000,2.284,36.000,2.284,2.505,-0.200,0.407,0.112,2.181,9.305,2.246
a,106812,0.000,2.834,36.000,2.834,3.164,-0.200,-1.349,-0.819,2.555,9.448,2.061
a,106815,0.000,3.375,36.000,3.375,3.384,0.151,0.270,-0.437,1.966,9.238,2.269
a,106819,0.000,3.905,36.000,3.905,3.911,0.090,0.773,0.692,1.994,9.450,2.237
a,106823,0.000,4.424,36.000,4.424,4.614,0.365,0.270,0.097,2.319,9.293,2.364
a,106828,0.000,4.928,36.000,4.928,4.922,0.090,-0.204,0.341,2.374,9.273,2.137
a,106831,0.000,5.416,36.000,5.416,5.581,0.258,-0.219,0.066,2.266,9.394,2.137
a,106836,0.000,5.887,36.000,5.887,7.383,-0.292,-0.372,-0.193,2.206,9.269,2.278
a,106839,0.000,6.339,36.000,6.339,6.328,0.579,0.712,-0.178,2.119,9.200,2.280
a,106843,0.000,6.771,36.000,6.771,6.680,-0.490,0.285,1.059,2.188,9.340,2.144
a,106847,0.000,7.181,36.000,7.181,6.812,0.136,0.010,-0.972,2.297,9.219,2.373
a,106851,0.000,7.567,36.000,7.567,6.987,-0.429,-0.585,-1.002,2.206,9.390,2.138
a,106855,0.000,7.929,36.000,7.929,7.515,-0.032,-0.143,-0.743,2.315,9.243,2.252
a,106859,0.000,8.265,36.000,8.265,8.174,0.182,1.308,-0.789,2.008,9.333,2.161
a,106863,0.000,8.575,36.000,8.575,8.833,-0.001,-0.250,1.013,2.116,9.357,2.243
a,106867,0.000,8.856,36.000,8.856,9.009,0.197,0.010,0.173,2.233,9.242,2.223
a,106871,0.000,9.108,36.000,9.108,10.854,0.182,-0.020,0.341,2.352,9.352,2.099
a,106875,0.000,9.330,36.000,9.330,9.756,-0.185,-0.692,-0.239,2.191,9.359,2.200
a,106880,0.000,9.521,36.000,9.521,10.459,0.365,0.285,0.433,2.199,9.295,2.280
a,106883,0.000,9.682,36.000,9.682,10.854,-0.230,0.178,0.082,2.243,9.321,2.186
a,106887,0.000,9.810,36.000,9.810,10.459,-0.230,-0.417,0.234,2.352,9.307,2.084
a,106891,0.000,9.905,36.000,9.905,11.074,0.044,0.651,-0.102,1.955,9.220,2.215
a,106895,0.000,9.968,36.000,9.968,11.250,0.105,-0.036,1.105,2.364,9.365,2.179
a,106899,0.000,9.997,36.000,9.997,11.733,0.243,0.071,-0.651,2.162,9.263,2.195
a,106904,0.000,9.994,36.000,9.994,11.602,0.197,0.239,0.326,2.164,9.410,2.213
a,106907,0.000,9.957,36.000,9.957,11.733,-0.307,-0.540,-0.498,2.327,9.321,2.278
a,106911,0.000,9.886,36.000,9.886,11.733,0.044,0.529,0.494,2.116,9.292,2.195
a,106916,0.000,9.783,36.000,9.783,11.646,-0.078,-0.204,-0.514,2.277,9.410,2.121
a,106919,0.000,9.646,36.000,9.646,11.821,-0.063,-0.036,0.570,2.217,9.281,2.264
a,106923,0.000,9.478,36.000,9.478,11.689,0.090,0.224,0.158,2.191,9.349,2.172
a,106928,0.000,9.277,36.000,9.277,11.777,-0.124,-0.097,0.570,2.274,9.346,2.180
a,106932,0.000,9.045,36.000,9.045,11.733,0.151,0.438,0.158,2.160,9.327,2.235
a,106935,0.000,8.782,36.000,8.782,11.821,0.029,0.331,-0.911,2.212,9.346,2.221
a,106940,0.000,8.490,36.000,8.490,11.777,0.029,0.041,0.356,2.248,9.328,2.188
a,106943,0.000,8.168,36.000,8.168,11.777,-0.017,-0.036,0.845,2.228,9.316,2.185
a,106947,0.000,7.819,36.000,7.819,11.689,0.197,0.086,0.448,2.217,9.331,2.230
a,106951,0.000,7.443,36.000,7.443,11.733,-0.169,0.178,1.181,2.181,9.321,2.195
a,106955,0.000,7.042,36.000,7.042,11.821,0.044,0.010,0.082,2.204,9.367,2.191
a,106959,0.000,6.616,36.000,6.616,11.777,-0.200,-0.265,-1.506,2.315,9.369,2.185
a,106963,0.000,6.168,36.000,6.168,11.777,-0.215,-0.311,1.013,2.225,9.359,2.194
a,106967,0.000,5.698,36.000,5.698,13.711,0.182,0.056,-0.651,2.209,9.383,2.201
a,106971,0.000,5.209,36.000,5.209,15.117,-0.185,-0.326,-0.086,2.230,9.503,2.236
a,106975,0.000,4.702,36.000,4.702,11.162,0.472,1.155,-0.025,2.313,9.477,2.156
a,106979,0.000,4.178,36.000,4.178,10.898,-0.734,-1.242,-0.132,2.357,9.474,2.030
a,106984,0.000,3.639,36.000,3.639,10.239,0.075,-0.524,-1.140,2.134,9.328,2.375
a,106987,0.000,3.088,36.000,3.088,11.865,0.044,0.346,0.769,2.162,9.367,2.237
a,106991,0.000,2.526,36.000,2.526,9.448,0.090,1.155,-0.239,2.249,9.291,2.154
a,106995,0.000,1.955,36.000,1.955,8.877,0.243,0.270,-0.544,2.346,9.383,2.071
a,106999,0.000,1.376,36.000,1.376,8.833,-0.292,-0.921,-0.346,2.467,9.415,2.200
a,107004,0.000,0.793,36.000,0.793,8.042,0.044,-0.372,-0.147,1.967,9.194,2.271
a,107007,0.000,0.206,36.000,0.206,7.427,0.243,0.163,-1.033,2.149,9.434,2.249
a,107011,0.000,-0.381,36.000,-0.381,9.053,-0.337,-0.234,0.234,2.280,9.357,2.125
a,107016,0.000,-0.968,36.000,-0.968,6.724,-0.017,0.438,-0.269,2.218,9.336,2.240
a,107019,0.000,-1.552,36.000,-1.552,6.108,0.151,0.300,0.814,2.237,9.388,2.255
a,107023,0.000,-2.131,36.000,-2.131,5.361,-0.811,-0.753,-1.705,2.139,9.330,2.157
a,107028,0.000,-2.702,36.000,-2.702,4.219,-1.192,0.270,-1.124,2.585,10.028,2.733
a,107032,0.000,-3.265,36.000,-3.265,3.911,-0.841,-1.288,0.876,2.144,9.604,2.506
a,107036,0.000,-3.817,36.000,-3.817,3.296,0.533,0.499,-0.392,2.039,9.163,2.022
a,107039,0.000,-4.356,36.000,-4.356,2.769,0.228,0.193,2.204,2.604,9.349,2.058
a,107043,0.000,-4.880,36.000,-4.880,2.109,0.289,0.544,-0.773,2.047,9.288,2.156
a,107047,0.000,-5.387,36.000,-5.387,4.175,0.029,-0.219,-1.124,2.362,9.439,2.186
a,107051,0.000,-5.876,36.000,-5.876,0.615,-0.566,-0.738,0.860,2.240,9.431,2.169
a,107055,0.000,-6.344,36.000,-6.344,0.439,0.044,0.178,0.127,2.028,9.225,2.221
a,107059,0.000,-6.791,36.000,-6.791,-0.176,-0.414,0.117,-0.850,2.284,9.515,2.172
a,107063,0.000,-7.214,36.000,-7.214,-0.308,-0.230,0.544,-0.376,2.203,9.394,2.046
a,107067,0.000,-7.611,36.000,-7.611,9.712,0.426,0.331,-0.392,2.248,9.506,2.106
a,107071,0.000,-7.983,36.000,-7.983,-0.835,-0.353,-1.135,-0.880,2.302,9.547,2.154
a,107075,0.000,-8.326,36.000,-8.326,-1.582,0.304,-0.204,0.005,2.085,9.248,2.309
a,107079,0.000,-8.640,36.000,-8.640,-1.802,0.044,-0.311,0.616,2.321,9.397,2.194
a,107084,0.000,-8.924,36.000,-8.924,-2.417,0.197,0.544,-0.331,2.101,9.343,2.073
a,107087,0.000,-9.177,36.000,-9.177,-2.900,0.426,0.239,0.647,2.389,9.317,2.154
a,107091,0.000,-9.397,36.000,-9.397,-2.944,-0.230,-0.967,0.524,2.279,9.295,2.237
a,107095,0.000,-9.584,36.000,-9.584,-1.143,0.197,-0.112,-0.422,2.126,9.284,2.298
a,107100,0.000,-9.737,36.000,-9.737,-3.867,0.197,0.819,-0.331,2.255,9.325,2.132
a,107104,0.000,-9.856,36.000,-9.856,-4.351,0.075,0.346,-0.498,2.178,9.360,2.229
a,107107,0.000,-9.939,36.000,-9.939,-4.570,0.136,-0.112,-1.140,2.367,9.288,2.131
a,107111,0.000,-9.987,36.000,-9.987,-4.922,-0.460,-0.738,-0.346,2.251,9.345,2.081
a,107115,0.000,-10.000,36.000,-10.000,-5.054,0.090,-0.036,0.555,2.069,9.297,2.380
a,107120,0.000,-9.976,36.000,-9.976,-4.966,0.044,0.392,0.066,2.191,9.307,2.283
a,107124,0.000,-9.917,36.000,-9.917,-5.142,0.090,0.163,0.173,2.296,9.342,2.138
a,107128,0.000,-9.823,36.000,-9.823,-5.098,0.044,-0.250,0.616,2.277,9.357,2.157
a,107132,0.000,-9.693,36.000,-9.693,-5.054,-0.124,-0.097,0.295,2.228,9.297,2.278
a,107135,0.000,-9.528,36.000,-9.528,-5.054,0.029,0.178,-1.277,2.103,9.336,2.198
a,107139,0.000,-9.328,36.000,-9.328,-5.098,0.304,0.453,0.097,2.235,9.334,2.194
a,107143,0.000,-9.095,36.000,-9.095,-5.098,-0.017,-0.097,-0.025,2.286,9.342,2.192
a,107147,0.000,-8.829,36.000,-8.829,-5.054,-0.017,-0.540,-0.346,2.251,9.316,2.192
a,107151,0.000,-8.531,36.000,-8.531,-5.098,-0.063,-0.356,0.021,2.215,9.330,2.206
a,107155,0.000,-8.202,36.000,-8.202,-5.142,0.182,0.224,-0.498,2.162,9.321,2.200
a,107159,0.000,-7.843,36.000,-7.843,-5.098,0.105,0.132,0.876,2.246,9.322,2.201
a,107163,0.000,-7.455,36.000,-7.455,-5.054,-0.185,-0.051,-0.361,2.306,9.351,2.191
a,107167,0.000,-7.040,36.000,-7.040,-5.054,0.151,-0.417,0.494,2.206,9.322,2.221
a,107171,0.000,-6.599,36.000,-6.599,-1.494,-0.063,-0.219,-0.254,2.139,9.294,2.274
a,107175,0.000,-6.133,36.000,-6.133,-5.010,0.136,0.270,-0.880,2.187,9.357,2.219
a,107180,0.000,-5.645,36.000,-5.645,-5.098,0.075,0.117,-0.651,2.273,9.352,2.219
a,107183,0.000,-5.136,36.000,-5.136,-5.054,-0.124,-1.028,-0.178,2.310,9.535,2.148
a,107187,0.000,-4.608,36.000,-4.608,-3.691,-0.230,-1.456,0.112,2.124,9.353,2.188
a,107191,0.000,-4.063,36.000,-4.063,-4.482,0.426,1.155,0.524,1.973,9.275,2.409
a,107195,0.000,-3.502,36.000,-3.502,-3.604,0.472,1.384,0.631,2.267,9.234,2.059
a,107200,0.000,-2.928,36.000,-2.928,-3.120,-0.230,-0.982,-0.178,2.308,9.463,2.061
a,107204,0.000,-2.343,36.000,-2.343,-2.505,0.457,0.270,-0.987,2.306,9.173,2.303
a,107207,0.000,-1.750,36.000,-1.750,-1.802,-0.032,-1.135,-1.598,2.193,9.475,2.207
a,107211,0.000,-1.149,36.000,-1.149,-1.450,0.579,1.308,-0.300,1.938,9.316,2.325
a,107215,0.000,-0.543,36.000,-0.543,-0.835,0.579,1.720,0.662,2.210,9.245,2.258
a,107220,0.000,0.064,36.000,0.064,-0.132,-0.017,-0.143,0.127,2.466,9.340,2.198
a,107223,0.000,0.672,36.000,0.672,0.483,-0.398,-0.692,0.585,2.333,9.339,2.277
a,107228,0.000,1.278,36.000,1.278,1.318,0.258,0.453,0.692,1.962,9.227,2.180
a,107232,0.000,1.880,36.000,1.880,2.461,0.258,0.422,0.692,2.094,9.249,2.213
a,107235,0.000,2.475,36.000,2.475,2.549,0.243,1.094,-0.834,2.162,9.134,2.357
a,107239,0.000,3.061,36.000,3.061,3.208,-0.398,-1.196,-0.285,2.532,9.476,2.014
a,107243,0.000,3.636,36.000,3.636,3.472,0.044,-0.311,0.784,2.160,9.202,2.274
a,107247,0.000,4.198,36.000,4.198,3.955,-0.200,0.407,-0.529,1.873,9.421,2.201
a,107251,0.000,4.744,36.000,4.744,4.614,0.197,0.911,0.677,2.271,9.303,2.424
a,107255,0.000,5.273,36.000,5.273,5.317,-0.017,0.407,0.387,2.339,9.374,2.198
a,107259,0.000,5.783,36.000,5.783,5.537,-0.246,-0.982,-0.453,2.300,9.421,2.127
a,107263,0.000,6.272,36.000,6.272,6.108,-0.582,-1.471,-0.605,2.401,9.343,2.156
a,107267,0.000,6.737,36.000,6.737,6.328,0.731,0.834,-1.262,1.942,9.112,2.316
a,107271,0.000,7.177,36.000,7.177,6.812,0.212,0.621,1.425,2.088,9.440,2.219
a,107275,0.000,7.591,36.000,7.591,6.855,0.304,0.346,0.372,2.389,9.193,2.269
a,107279,0.000,7.976,36.000,7.976,7.031,-0.353,-0.417,-1.170,2.295,9.407,2.045
a,107283,0.000,8.331,36.000,8.331,8.042,-0.414,-0.814,-1.155,2.257,9.363,2.315
a,107287,0.000,8.655,36.000,8.655,8.394,0.563,0.941,-0.682,2.181,9.148,2.301
a,107291,0.000,8.947,36.000,8.947,8.833,0.151,-0.127,0.341,2.280,9.436,1.991
a,107295,0.000,9.205,36.000,9.205,8.965,0.166,0.407,0.860,2.156,9.318,2.179
a,107300,0.000,9.428,36.000,9.428,9.536,-0.200,-0.708,-1.705,2.405,9.361,2.163
a,107304,0.000,9.615,36.000,9.615,10.283,-0.032,-0.158,-0.789,2.188,9.379,2.079
a,107307,0.000,9.766,36.000,9.766,10.371,0.365,1.323,0.524,2.094,9.353,2.272
a,107311,0.000,9.880,36.000,9.880,10.503,-0.230,-0.158,-0.025,2.388,9.288,2.200
a,107315,0.000,9.957,36.000,9.957,10.942,-0.230,-0.601,-0.010,2.225,9.330,2.161
a,107319,0.000,9.995,36.000,9.995,11.206,0.075,-0.112,-0.590,2.070,9.248,2.237
a,107324,0.000,9.995,36.000,9.995,11.602,-0.093,0.407,-0.483,2.066,9.353,2.224
a,107328,0.000,9.957,36.000,9.957,11.821,0.579,0.773,0.372,2.239,9.290,2.292
a,107332,0.000,9.881,36.000,9.881,11.821,-0.032,-0.219,-0.789,2.411,9.383,2.103
a,107335,0.000,9.767,36.000,9.767,11.865,-0.505,-0.967,0.097,2.261,9.382,2.188
a,107339,0.000,9.615,36.000,9.615,12.305,-0.124,-0.341,0.234,2.113,9.295,2.288
a,107343,0.000,9.426,36.000,9.426,12.217,0.151,-0.051,0.005,2.188,9.352,2.148
a,107347,0.000,9.201,36.000,9.201,12.393,-0.017,0.071,0.570,2.173,9.351,2.176
a,107351,0.000,8.940,36.000,8.940,12.349,0.029,0.224,-0.911,2.274,9.285,2.242
a,107355,0.000,8.644,36.000,8.644,12.305,-0.108,-0.326,0.250,2.280,9.352,2.167
a,107359,0.000,8.315,36.000,8.315,12.305,-0.124,-0.204,0.295,2.144,9.323,2.215
a,107363,0.000,7.953,36.000,7.953,12.305,0.090,0.453,-0.010,2.175,9.322,2.255
a,107367,0.000,7.560,36.000,7.560,11.953,0.060,0.239,1.822,2.175,9.328,2.207
a,107371,0.000,7.138,36.000,7.138,12.349,-0.139,0.117,-0.636,2.303,9.394,2.166
a,107375,0.000,6.688,36.000,6.688,11.953,-0.230,-0.479,0.127,2.306,9.407,2.173
a,107379,0.000,6.211,36.000,6.211,14.546,-0.124,0.331,-0.269,2.088,9.303,2.242
a,107384,0.000,5.709,36.000,5.709,11.689,-0.337,0.651,0.112,2.009,9.421,2.348
a,107387,0.000,5.186,36.000,5.186,13.052,0.747,0.010,-0.040,2.660,9.163,2.261
a,107391,0.000,4.641,36.000,4.641,10.898,-0.337,-1.685,-0.056,2.261,9.407,2.102
a,107395,0.000,4.078,36.000,4.078,10.195,0.426,0.667,0.097,1.981,9.081,2.330
a,107399,0.000,3.499,36.000,3.499,9.624,-0.292,-0.036,0.845,2.295,9.439,2.048
a,107404,0.000,2.905,36.000,2.905,9.404,0.579,0.743,0.326,2.115,9.242,2.407
a,107408,0.000,2.300,36.000,2.300,8.833,-0.292,-0.219,-0.193,2.326,9.474,2.064
a,107411,0.000,1.685,36.000,1.685,8.262,-0.215,-1.181,1.196,2.306,9.394,2.309
a,107416,0.000,1.064,36.000,1.064,7.690,0.426,0.499,-0.178,1.936,9.228,2.274
a,107419,0.000,0.437,36.000,0.437,7.515,-0.292,-0.540,-0.392,2.362,9.379,2.154
a,107423,0.000,-0.191,36.000,-0.191,10.854,-0.139,-0.219,-0.468,2.140,9.220,2.179
a,107428,0.000,-0.819,36.000,-0.819,6.768,0.044,0.132,0.021,2.234,9.396,2.180
a,107432,0.000,-1.445,36.000,-1.445,9.536,-0.307,0.499,-0.758,2.132,9.281,2.182
a,107436,0.000,-2.065,36.000,-2.065,6.064,0.365,0.346,0.265,1.951,9.178,2.209
a,107440,0.000,-2.677,36.000,-2.677,5.317,-0.230,-0.585,0.524,2.601,9.328,2.067
a,107443,0.000,-3.279,36.000,-3.279,4.570,-0.566,-0.616,1.089,2.066,9.379,2.132
a,107447,0.000,-3.868,36.000,-3.868,3.823,0.319,0.468,0.860,2.008,9.268,2.332
a,107451,0.000,-4.442,36.000,-4.442,3.340,-0.292,0.300,0.769,2.391,9.397,2.059
a,107455,0.000,-4.999,36.000,-4.999,2.812,0.624,1.033,-0.682,2.076,9.208,2.221
a,107459,0.000,-5.536,36.000,-5.536,2.021,-0.505,-0.708,0.097,2.427,9.428,2.100
a,107463,0.000,-6.052,36.000,-6.052,1.318,-0.337,-0.509,0.402,2.199,9.213,2.288
a,107467,0.000,-6.544,36.000,-6.544,0.396,0.197,0.896,0.647,2.101,9.200,2.186
a,107471,0.000,-7.009,36.000,-7.009,-0.176,-0.139,-0.372,-0.575,2.346,9.378,2.151
a,107475,0.000,-7.447,36.000,-7.447,-0.352,0.166,0.025,0.998,2.121,9.279,2.230
a,107479,0.000,-7.855,36.000,-7.855,5.537,-0.215,-0.082,1.242,2.246,9.485,2.131
a,107483,0.000,-8.232,36.000,-8.232,-1.626,-0.230,-0.601,-0.239,2.188,9.442,2.253
a,107487,0.000,-8.576,36.000,-8.576,1.362,0.304,0.453,0.204,2.127,9.272,2.277
a,107491,0.000,-8.885,36.000,-8.885,-2.329,-0.353,-0.326,-0.743,2.327,9.438,2.127
a,107495,0.000,-9.159,36.000,-9.159,-2.856,0.472,0.331,-0.224,2.172,9.378,2.188
a,107500,0.000,-9.396,36.000,-9.396,-3.032,-0.078,-0.265,-1.720,2.374,9.379,2.096
a,107504,0.000,-9.594,36.000,-9.594,-2.153,-0.521,-0.906,-0.560,2.284,9.475,2.131
a,107507,0.000,-9.755,36.000,-9.755,-2.944,0.044,0.529,0.769,1.913,9.297,2.278
a,107511,0.000,-9.875,36.000,-9.875,-4.351,0.304,0.926,-0.025,2.348,9.352,2.119
a,107515,0.000,-9.955,36.000,-9.955,-4.482,-0.307,-0.158,-0.468,2.241,9.422,2.125
a,107519,0.000,-9.995,36.000,-9.995,-4.526,0.289,0.224,-0.544,2.197,9.269,2.344
a,107524,0.000,-9.994,36.000,-9.994,-5.054,-0.307,-1.028,-1.491,2.380,9.331,2.252
a,107528,0.000,-9.953,36.000,-9.953,-5.098,0.655,0.667,1.089,2.004,9.310,2.122
a,107531,0.000,-9.870,36.000,-9.870,-5.229,0.075,-0.036,-1.186,2.393,9.335,2.290
a,107536,0.000,-9.747,36.000,-9.747,-5.229,-0.353,-0.646,-1.048,2.224,9.291,2.296
a,107540,0.000,-9.584,36.000,-9.584,-5.186,0.350,0.224,-0.987,2.076,9.291,2.186
a,107544,0.000,-9.382,36.000,-9.382,-5.273,-0.063,0.117,0.082,2.303,9.391,2.157
a,107548,0.000,-9.141,36.000,-9.141,-5.229,0.258,0.438,-0.117,2.170,9.282,2.290
a,107551,0.000,-8.862,36.000,-8.862,-5.273,0.151,0.025,0.387,2.334,9.346,2.096
a,107555,0.000,-8.546,36.000,-8.546,-5.273,-0.337,-0.524,0.250,2.266,9.369,2.175
a,107559,0.000,-8.195,36.000,-8.195,-5.273,0.243,0.331,-0.666,2.064,9.297,2.264
a,107563,0.000,-7.810,36.000,-7.810,-5.229,0.029,0.285,-0.590,2.269,9.374,2.176
a,107567,0.000,-7.392,36.000,-7.392,-5.186,0.151,0.132,0.219,2.215,9.335,2.195
a,107571,0.000,-6.943,36.000,-6.943,-5.229,-0.200,-0.372,-0.850,2.284,9.407,2.182
a,107575,0.000,-6.465,36.000,-6.465,-5.273,-0.185,-0.326,0.189,2.215,9.329,2.224
a,107579,0.000,-5.960,36.000,-5.960,-5.273,0.197,0.407,0.479,2.150,9.421,2.240
a,107583,0.000,-5.430,36.000,-5.430,-5.229,0.044,-0.020,0.356,2.241,9.431,2.185
a,107587,0.000,-4.877,36.000,-4.877,-3.208,-0.246,-0.753,-1.598,2.186,9.325,2.224
a,107591,0.000,-4.303,36.000,-4.303,-4.395,0.670,0.896,-1.216,1.950,9.149,2.392
a,107595,0.000,-3.711,36.000,-3.711,-4.263,0.395,1.247,2.326,2.162,9.400,2.213
a,107600,0.000,-3.103,36.000,-3.103,-3.076,-0.292,-0.860,0.097,2.435,9.369,2.252
a,107603,0.000,-2.482,36.000,-2.482,-2.944,-0.063,-0.158,0.082,2.139,9.167,2.215
a,107607,0.000,-1.849,36.000,-1.849,3.252,0.029,-0.601,-0.880,2.178,9.149,2.206
a,107611,0.000,-1.209,36.000,-1.209,-1.626,-0.322,-0.555,-0.224,2.069,9.330,2.192
a,107615,0.000,-0.563,36.000,-0.563,-1.538,0.304,0.132,0.005,2.391,9.324,2.206
a,107619,0.000,0.086,36.000,0.086,-0.835,-0.230,-0.204,0.845,2.113,9.336,2.166
a,107623,0.000,0.735,36.000,0.735,-0.176,0.075,-0.402,0.387,2.163,9.284,2.328
a,107627,0.000,1.381,36.000,1.381,1.230,-0.398,-0.738,-0.132,2.334,9.273,2.186
a,107631,0.000,2.021,36.000,2.021,2.417,0.640,0.392,-0.178,2.084,9.262,2.112
a,107635,0.000,2.654,36.000,2.654,1.934,0.044,0.056,-0.086,2.222,9.307,2.182
a,107639,0.000,3.276,36.000,3.276,2.505,-0.124,-0.250,0.784,2.249,9.501,2.290
a,107643,0.000,3.884,36.000,3.884,3.208,0.289,-0.250,-1.567,2.313,9.335,2.106
a,107648,0.000,4.476,36.000,4.476,3.823,-0.185,-0.250,0.509,2.249,9.313,2.176
a,107652,0.000,5.050,36.000,5.050,4.043,0.182,0.407,-0.926,1.776,9.403,2.230
a,107655,0.000,5.602,36.000,5.602,4.922,0.411,0.926,-0.560,2.261,9.228,2.328
a,107659,0.000,6.131,36.000,6.131,5.977,-0.063,-0.265,-0.407,2.346,9.293,2.065
a,107663,0.000,6.634,36.000,6.634,6.240,0.029,0.117,-0.575,2.186,9.264,2.243
a,107667,0.000,7.109,36.000,7.109,6.680,-0.200,-0.692,-0.392,2.284,9.287,2.182
a,107671,0.000,7.554,36.000,7.554,6.855,0.105,0.667,1.639,1.829,9.303,2.274
a,107675,0.000,7.966,36.000,7.966,6.943,0.304,0.483,-1.735,2.245,9.337,2.315
a,107680,0.000,8.345,36.000,8.345,8.086,-0.460,-0.097,-1.338,2.358,9.295,2.161
a,107684,0.000,8.688,36.000,8.688,10.811,0.915,0.819,-0.056,1.903,9.224,2.246
a,107688,0.000,8.994,36.000,8.994,8.877,-0.795,-1.333,0.540,2.331,9.565,2.134
a,107691,0.000,9.262,36.000,9.262,9.009,0.258,0.514,0.585,2.203,9.234,2.233
a,107695,0.000,9.489,36.000,9.489,9.536,-0.292,-0.265,-0.086,2.144,9.479,2.033
a,107699,0.000,9.676,36.000,9.676,9.800,-0.017,0.239,0.494,2.168,9.246,2.292
a,107703,0.000,9.821,36.000,9.821,10.327,0.304,0.254,0.326,2.168,9.463,2.182
a,107707,0.000,9.924,36.000,9.924,10.854,-0.032,-0.479,-0.850,2.370,9.357,2.157
a,107711,0.000,9.983,36.000,9.983,10.942,-0.460,-0.631,-0.346,2.215,9.463,2.231
a,107715,0.000,10.000,36.000,10.000,12.480,0.457,0.728,-0.880,2.209,9.301,2.283
a,107719,0.000,9.972,36.000,9.972,11.646,-0.200,-0.341,0.295,2.306,9.492,2.046
a,107723,0.000,9.902,36.000,9.902,11.602,0.090,0.163,0.112,2.209,9.195,2.359
a,107727,0.000,9.788,36.000,9.788,11.689,0.090,0.132,-0.102,2.222,9.406,2.090
a,107731,0.000,9.631,36.000,9.631,11.646,-0.185,-0.417,-0.086,2.277,9.360,2.198
a,107735,0.000,9.432,36.000,9.432,11.646,0.136,0.560,-0.224,2.125,9.313,2.280
a,107739,0.000,9.192,36.000,9.192,11.733,0.090,0.132,0.662,2.264,9.383,2.195
a,107743,0.000,8.911,36.000,8.911,11.777,-0.108,0.025,1.181,2.215,9.340,2.215
a,107747,0.000,8.591,36.000,8.591,11.689,0.243,-0.112,-1.140,2.215,9.282,2.192
a,107752,0.000,8.233,36.000,8.233,11.689,-0.139,-0.219,-1.552,2.224,9.353,2.219
a,107755,0.000,7.839,36.000,7.839,11.689,0.319,0.071,1.547,2.193,9.311,2.221
a,107759,0.000,7.409,36.000,7.409,11.646,-0.139,0.117,-0.575,2.274,9.324,2.131
a,107763,0.000,6.947,36.000,6.947,11.646,-0.032,-0.097,-0.895,2.233,9.310,2.227
a,107767,0.000,6.454,36.000,6.454,14.502,0.044,0.132,0.021,2.132,9.365,2.230
a,107772,0.000,5.932,36.000,5.932,11.777,-0.124,0.056,-0.193,2.310,9.363,2.211
a,107776,0.000,5.383,36.000,5.383,16.611,0.075,-0.845,-0.575,2.243,9.391,2.166
a,107780,0.000,4.810,36.000,4.810,14.546,0.289,0.285,-0.819,2.162,9.346,2.195
a,107783,0.000,4.215,36.000,4.215,11.602,-0.292,-0.020,0.295,2.243,9.348,2.213
a,107788,0.000,3.602,36.000,3.602,11.118,0.350,1.506,0.631,1.981,9.377,2.289
a,107792,0.000,2.971,36.000,2.971,10.854,0.090,-0.311,0.601,2.624,9.409,2.180
a,107796,0.000,2.327,36.000,2.327,10.371,-0.414,-1.395,-1.308,2.280,9.494,2.088
a,107800,0.000,1.673,36.000,1.673,9.624,0.457,0.773,-0.773,1.889,9.236,2.288
a,107803,0.000,1.010,36.000,1.010,9.053,0.380,0.789,0.860,2.255,9.274,2.144
a,107807,0.000,0.342,36.000,0.342,10.327,-0.139,0.025,0.127,2.395,9.251,2.110
a,107811,0.000,-0.327,36.000,-0.327,8.130,-0.460,-0.433,-1.277,2.125,9.334,2.088
a,107815,0.000,-0.996,36.000,-0.996,6.943,-0.566,-0.524,0.021,2.292,9.422,2.300
a,107819,0.000,-1.660,36.000,-1.660,10.371,-0.307,-0.265,-0.468,2.228,9.392,2.198
a,107823,0.000,-2.318,36.000,-2.318,8.921,0.304,0.605,0.158,2.160,9.261,2.144
a,107827,0.000,-2.965,36.000,-2.965,5.977,0.166,0.346,-0.666,2.292,9.482,2.164
a,107831,0.000,-3.600,36.000,-3.600,7.690,0.731,0.682,0.372,2.284,9.291,2.075
a,107835,0.000,-4.218,36.000,-4.218,3.340,0.304,0.025,0.708,2.395,9.420,2.079
a,107839,0.000,-4.818,36.000,-4.818,3.164,-0.918,-1.959,-0.468,2.303,9.586,2.004
a,107843,0.000,-5.397,36.000,-5.397,6.021,0.533,0.819,-0.224,1.899,9.031,2.557
a,107847,0.000,-5.951,36.000,-5.951,1.890,-0.139,0.880,-0.865,2.300,9.465,2.033
a,107852,0.000,-6.479,36.000,-6.479,0.571,0.044,0.819,0.005,2.184,9.177,2.148
a,107855,0.000,-6.978,36.000,-6.978,0.439,0.166,-0.341,-0.712,2.357,9.481,2.148
a,107859,0.000,-7.445,36.000,-7.445,-0.352,-0.734,-1.776,0.326,2.312,9.568,2.215
a,107863,0.000,-7.879,36.000,-7.879,6.724,0.518,0.819,-1.048,1.917,9.318,2.248
a,107867,0.000,-8.276,36.000,-8.276,0.659,-0.078,0.224,-0.758,2.375,9.451,2.207
a,107871,0.000,-8.637,36.000,-8.637,1.934,-0.124,-0.036,0.402,2.218,9.340,2.249
a,107875,0.000,-8.958,36.000,-8.958,-2.197,-0.017,0.346,0.280,2.302,9.407,2.204
a,107879,0.000,-9.238,36.000,-9.238,-2.549,-0.444,-0.799,-0.010,2.271,9.470,2.176
a,107883,0.000,-9.476,36.000,-9.476,-2.944,0.151,0.331,-0.117,2.060,9.331,2.261
a,107887,0.000,-9.671,36.000,-9.671,-3.120,0.029,0.438,-0.483,2.333,9.351,2.125
a,107891,0.000,-9.821,36.000,-9.821,-3.691,-0.124,-0.219,0.082,2.186,9.292,2.154
a,107895,0.000,-9.926,36.000,-9.926,-0.220,0.136,-0.219,-0.651,2.271,9.363,2.237
a,107900,0.000,-9.986,36.000,-9.986,-4.526,-0.139,-0.158,-0.682,2.269,9.426,2.151
a,107904,0.000,-9.999,36.000,-9.999,-4.526,-0.124,0.224,0.112,2.115,9.348,2.301
a,107907,0.000,-9.966,36.000,-9.966,-4.570,0.182,0.224,-0.987,2.209,9.347,2.182
a,107911,0.000,-9.887,36.000,-9.887,-4.966,0.182,0.025,0.173,2.224,9.427,2.167
a,107915,0.000,-9.762,36.000,-9.762,-4.922,-0.139,-0.112,-0.789,2.218,9.357,2.201
a,107919,0.000,-9.592,36.000,-9.592,-4.570,-0.047,-0.417,1.288,2.292,9.366,2.209
a,107923,0.000,-9.377,36.000,-9.377,-4.570,-0.078,-0.127,0.402,2.144,9.327,2.217
a,107928,0.000,-9.118,36.000,-9.118,-4.526,-0.139,0.132,-0.895,2.172,9.322,2.182
a,107932,0.000,-8.816,36.000,-8.816,-5.010,0.151,0.178,-0.376,2.233,9.313,2.227
a,107936,0.000,-8.474,36.000,-8.474,-4.966,-0.063,0.285,0.005,2.228,9.342,2.195
a,107940,0.000,-8.091,36.000,-8.091,-4.966,-0.139,-0.219,-0.636,2.271,9.329,2.163
a,107943,0.000,-7.670,36.000,-7.670,-4.614,0.044,0.117,-0.086,2.144,9.306,2.223
a,107947,0.000,-7.213,36.000,-7.213,-4.614,0.151,0.239,0.158,2.188,9.346,2.194
a,107951,0.000,-6.722,36.000,-6.722,-4.966,-0.124,0.071,-0.147,2.264,9.373,2.204
a,107955,0.000,-6.199,36.000,-6.199,-5.010,-0.078,-0.051,-0.514,2.184,9.374,2.230
a,107959,0.000,-5.647,36.000,-5.647,-2.417,-0.063,-0.097,0.463,2.233,9.360,2.198
a,107963,0.000,-5.067,36.000,-5.067,-4.966,0.258,0.392,-0.178,2.137,9.219,2.223
a,107967,0.000,-4.464,36.000,-4.464,-4.526,0.197,0.575,0.753,2.204,9.374,2.175
a,107971,0.000,-3.839,36.000,-3.839,-1.406,-0.353,-1.517,-1.476,2.533,9.449,2.290
a,107975,0.000,-3.195,36.000,-3.195,-4.263,-0.063,0.071,0.295,2.002,9.297,2.269
a,107979,0.000,-2.536,36.000,-2.536,-3.120,0.899,1.033,-0.682,2.048,9.346,2.303
a,107983,0.000,-1.864,36.000,-1.864,-2.856,-0.566,0.224,0.112,2.467,9.415,2.122
a,107987,0.000,-1.183,36.000,-1.183,-2.197,-0.124,-0.143,0.295,2.039,9.382,2.321
a,107991,0.000,-0.496,36.000,-0.496,-1.582,-0.093,-0.723,-0.575,2.500,9.175,2.133
a,107996,0.000,0.194,36.000,0.194,-1.055,-0.673,-0.463,1.456,1.973,9.418,2.269
a,107999,0.000,0.884,36.000,0.884,-0.220,0.915,1.628,-0.361,1.942,9.322,2.380
a,108003,0.000,1.569,36.000,1.569,-0.044,0.151,-0.020,1.761,2.395,9.474,1.951
a,108007,0.000,2.248,36.000,2.248,1.362,-0.200,-0.860,-1.369,2.368,9.184,2.167
a,108011,0.000,2.916,36.000,2.916,2.681,0.090,0.056,0.112,1.903,9.343,2.115
a,108016,0.000,3.571,36.000,3.571,2.725,-0.139,0.132,-0.575,2.076,9.256,2.370
a,108020,0.000,4.209,36.000,4.209,3.428,0.976,1.109,1.303,2.085,9.288,2.236
a,108023,0.000,4.827,36.000,4.827,3.867,-0.063,-0.097,0.127,2.168,9.351,2.053
a,108027,0.000,5.422,36.000,5.422,4.614,-0.292,-1.669,0.753,2.261,9.438,2.235
a,108031,0.000,5.992,36.000,5.992,5.361,-0.185,0.499,-0.376,1.954,9.015,2.354
a,108035,0.000,6.533,36.000,6.533,6.152,0.304,0.712,-0.056,2.288,9.431,2.099
a,108039,0.000,7.043,36.000,7.043,6.636,-0.017,0.224,0.066,2.388,9.336,2.112
a,108044,0.000,7.520,36.000,7.520,8.921,-0.185,-1.242,-0.010,2.395,9.529,2.252
a,108047,0.000,7.960,36.000,7.960,11.162,-0.230,-0.601,0.204,2.103,9.203,2.242
a,108051,0.000,8.362,36.000,8.362,7.646,0.670,1.476,-0.514,1.917,9.219,2.300
a,108056,0.000,8.723,36.000,8.723,15.205,0.426,1.140,0.143,2.388,9.219,2.195
a,108059,0.000,9.043,36.000,9.043,24.521,-0.230,0.285,0.662,2.193,9.372,2.148
a,108063,0.000,9.319,36.000,9.319,8.965,-0.505,-0.479,-0.254,2.212,9.444,2.292
a,108067,0.000,9.549,36.000,9.549,9.492,-0.093,-0.112,2.601,2.155,9.324,2.211
a,108071,0.000,9.733,36.000,9.733,9.800,0.044,-0.127,0.616,2.364,9.130,2.246
a,108075,0.000,9.870,36.000,9.870,10.283,-0.124,0.743,0.280,1.755,9.322,2.179
a,108079,0.000,9.958,36.000,9.958,13.843,1.144,1.002,-0.789,2.097,8.681,2.122
a,108083,0.000,9.998,36.000,9.998,12.437,-0.215,-0.952,1.303,2.638,9.383,1.658
a,108087,0.000,9.988,36.000,9.988,11.074,1.327,1.521,-1.506,1.883,9.140,2.198
a,108091,0.000,9.930,36.000,9.930,11.206,-0.612,-0.692,0.967,2.658,9.594,2.058
a,108095,0.000,9.823,36.000,9.823,11.602,0.099,0.533,1.618,1.808,9.196,2.507
a,108100,0.000,9.667,36.000,9.667,11.602,-0.023,-0.536,0.763,2.507,9.497,2.027
a,108103,0.000,9.464,36.000,9.464,11.602,-0.512,-0.444,0.824,2.279,9.301,2.217
a,108107,0.000,9.213,36.000,9.213,11.689,0.237,0.869,-1.726,2.017,9.313,2.151
a,108111,0.000,8.918,36.000,8.918,11.250,-0.191,-0.612,0.519,2.495,9.412,2.186
a,108115,0.000,8.577,36.000,8.577,11.250,0.084,0.594,0.580,2.035,9.261,2.217
a,108119,0.000,8.194,36.000,8.194,11.602,0.099,-0.169,1.313,2.344,9.361,2.143
a,108123,0.000,7.770,36.000,7.770,11.646,-0.191,-0.276,0.396,2.240,9.373,2.217
a,108127,0.000,7.308,36.000,7.308,11.602,0.298,0.304,-0.245,2.116,9.292,2.201
a,108131,0.000,6.808,36.000,6.808,13.315,-0.237,-0.337,-0.214,2.344,9.418,2.166
a,108135,0.000,6.275,36.000,6.275,13.843,0.267,0.533,0.900,2.140,9.346,2.255
a,108139,0.000,5.709,36.000,5.709,11.602,-0.344,-0.352,0.229,2.359,9.407,2.173
a,108143,0.000,5.115,36.000,5.115,11.558,-0.405,-0.276,-0.107,2.277,9.407,2.201
a,108148,0.000,4.495,36.000,4.495,11.250,0.023,0.380,-1.252,2.139,9.256,2.157
a,108152,0.000,3.852,36.000,3.852,10.986,0.038,1.083,0.519,2.070,9.342,2.229
a,108155,0.000,3.189,36.000,3.189,10.459,0.023,-0.719,-0.413,2.492,9.349,2.235
a,108159,0.000,2.510,36.000,2.510,10.239,-0.970,-1.543,-1.588,2.266,9.463,2.069
a,108163,0.000,1.818,36.000,1.818,9.536,0.099,-0.276,1.480,2.020,9.394,2.393
a,108167,0.000,1.116,36.000,1.116,12.393,0.206,1.190,1.450,2.103,9.554,2.265
a,108171,0.000,0.408,36.000,0.408,8.833,0.466,0.533,0.793,2.388,9.390,2.213
a,108176,0.000,-0.303,36.000,-0.303,8.086,-0.435,-0.383,0.931,2.210,9.378,1.969
a,108179,0.000,-1.012,36.000,-1.012,10.151,-0.374,-1.360,-0.443,2.508,9.442,2.254
a,108184,0.000,-1.717,36.000,-1.717,6.724,-0.206,-0.062,-0.107,1.852,9.372,2.148
a,108188,0.000,-2.413,36.000,-2.413,6.636,0.572,1.342,0.183,2.094,9.210,2.373
a,108191,0.000,-3.098,36.000,-3.098,5.977,-0.130,0.961,-0.138,2.337,9.325,2.069
a,108195,0.000,-3.768,36.000,-3.768,4.702,-0.191,-0.215,0.763,2.358,9.345,2.084
a,108199,0.000,-4.418,36.000,-4.418,3.955,-0.221,-0.704,1.450,2.290,9.281,2.094
a,108203,0.000,-5.047,36.000,-5.047,3.296,-0.802,-1.223,-0.245,2.279,9.427,2.109
a,108207,0.000,-5.650,36.000,-5.650,2.461,0.649,1.113,-1.833,1.808,9.281,2.313
a,108211,0.000,-6.225,36.000,-6.225,1.714,-0.023,0.304,-0.336,2.471,9.507,2.134
a,108215,0.000,-6.769,36.000,-6.769,0.615,-0.130,-0.185,-0.260,2.279,9.342,2.090
a,108219,0.000,-7.278,36.000,-7.278,-0.088,-0.191,-0.627,-0.092,2.331,9.325,2.077
a,108223,0.000,-7.750,36.000,-7.750,0.571,-0.847,-0.948,0.137,2.090,9.461,2.264
a,108227,0.000,-8.182,36.000,-8.182,-1.450,0.481,1.693,1.969,1.920,9.378,2.296
a,108231,0.000,-8.573,36.000,-8.573,0.483,-0.176,0.930,1.893,2.324,9.319,2.058
a,108235,0.000,-8.920,36.000,-8.920,-2.153,-0.359,-1.314,0.091,2.471,9.517,2.167
a,108240,0.000,-9.222,36.000,-9.222,-2.900,-0.237,-0.230,-0.367,2.132,9.242,2.109
a,108244,0.000,-9.476,36.000,-9.476,-2.988,-0.206,0.029,-0.749,2.163,9.535,2.094
a,108248,0.000,-9.681,36.000,-9.681,-3.164,0.725,1.510,-0.962,2.066,9.159,2.303
a,108251,0.000,-9.836,36.000,-9.836,-3.735,-0.069,-0.291,-0.046,2.477,9.377,2.079
a,108255,0.000,-9.940,36.000,-9.940,-4.395,-0.450,-1.085,0.351,2.382,9.335,2.127
a,108259,0.000,-9.993,36.000,-9.993,-4.526,0.191,-0.383,0.702,2.176,9.305,2.109
a,108264,0.000,-9.994,36.000,-9.994,-4.966,-0.237,0.228,1.526,2.137,9.380,2.272
a,108268,0.000,-9.943,36.000,-9.943,-5.142,0.435,1.403,1.175,2.057,9.301,2.342
a,108272,0.000,-9.840,36.000,-9.840,-5.317,0.145,0.029,-0.336,2.508,9.354,2.040
a,108275,0.000,-9.686,36.000,-9.686,-5.273,-0.130,-0.704,0.671,2.188,9.276,2.069
a,108279,0.000,-9.481,36.000,-9.481,-5.669,0.069,-0.627,0.488,2.234,9.354,2.303
a,108283,0.000,-9.227,36.000,-9.227,-5.757,0.038,-0.062,0.229,2.110,9.297,2.264
a,108287,0.000,-8.924,36.000,-8.924,-5.757,0.252,0.869,-0.092,2.150,9.303,2.200
a,108292,0.000,-8.574,36.000,-8.574,-5.757,0.038,0.029,0.229,2.401,9.410,2.103
a,108295,0.000,-8.179,36.000,-8.179,-5.713,-0.069,-0.719,0.137,2.265,9.313,2.269
a,108300,0.000,-7.740,36.000,-7.740,-4.351,-0.099,-0.230,-0.535,2.163,9.365,2.186
a,108304,0.000,-7.261,36.000,-7.261,-1.714,-0.038,0.472,-0.764,2.093,9.324,2.240
a,108307,0.000,-6.743,36.000,-6.743,-5.889,0.298,0.487,-0.245,2.156,9.319,2.243
a,108311,0.000,-6.189,36.000,-6.189,-5.713,-0.023,-0.017,-0.214,2.358,9.348,2.145
a,108315,0.000,-5.602,36.000,-5.602,-5.845,0.053,0.060,1.114,2.265,9.196,2.148
a,108319,0.000,-4.985,36.000,-4.985,-4.570,-0.298,-1.207,-0.245,2.482,9.274,2.182
a,108323,0.000,-4.341,36.000,-4.341,-5.229,0.145,0.609,0.793,1.986,9.340,2.271
a,108327,0.000,-3.674,36.000,-3.674,-5.054,1.153,2.029,0.198,1.981,9.300,2.368
a,108331,0.000,-2.987,36.000,-2.987,-4.351,-0.099,-0.551,-0.855,2.541,9.437,2.114
a,108335,0.000,-2.283,36.000,-2.283,-3.516,-0.130,-1.406,0.473,2.296,9.357,2.204
a,108339,0.000,-1.567,36.000,-1.567,-1.582,0.084,-0.139,-0.000,1.975,9.208,2.235
a,108343,0.000,-0.842,36.000,-0.842,2.417,-0.298,0.136,0.061,2.284,9.258,2.206
a,108347,0.000,-0.113,36.000,-0.113,-1.406,-0.053,0.991,1.022,2.184,9.163,2.053
a,108352,0.000,0.618,36.000,0.618,0.483,-0.695,-0.765,0.183,2.324,9.560,2.119
a,108355,0.000,1.347,36.000,1.347,-0.264,0.237,-0.246,-1.100,2.204,9.231,2.298
a,108359,0.000,2.068,36.000,2.068,0.483,0.038,-0.352,0.015,2.108,9.389,2.114
a,108363,0.000,2.779,36.000,2.779,1.846,0.191,0.991,0.458,1.966,9.377,2.356
a,108367,0.000,3.475,36.000,3.475,2.417,0.527,0.732,-0.245,2.288,9.310,2.186
a,108371,0.000,4.153,36.000,4.153,3.911,-0.405,-1.253,0.671,2.617,9.379,2.125
a,108375,0.000,4.809,36.000,4.809,3.428,-0.206,-0.490,-0.642,1.930,9.152,2.271
a,108379,0.000,5.440,36.000,5.440,4.043,0.237,0.212,-0.672,2.224,9.396,2.224
a,108383,0.000,6.041,36.000,6.041,4.790,0.298,1.357,0.015,1.872,9.306,2.169
a,108387,0.000,6.611,36.000,6.611,5.449,0.893,1.037,0.778,2.328,9.299,2.297
a,108391,0.000,7.145,36.000,7.145,6.152,-0.496,-0.658,1.297,2.473,9.245,2.064
a,108396,0.000,7.640,36.000,7.640,6.680,-0.221,-1.101,-1.176,2.070,9.285,2.206
a,108400,0.000,8.095,36.000,8.095,9.624,0.038,-0.123,-0.321,1.963,9.227,2.255
a,108403,0.000,8.505,36.000,8.505,6.899,0.481,0.884,0.885,2.187,9.293,2.443
a,108409,0.000,8.870,36.000,8.870,8.745,0.405,-0.062,-0.718,2.327,9.383,2.150
a,108411,0.000,9.186,36.000,9.186,8.789,-0.237,0.228,0.641,2.249,9.297,2.219
a,108415,0.000,9.453,36.000,9.453,8.965,0.023,-0.719,-0.626,2.186,9.425,2.134
a,108419,0.000,9.668,36.000,9.668,9.580,-0.008,0.380,1.633,2.215,9.299,2.112
a,108423,0.000,9.831,36.000,9.831,9.800,-0.283,0.060,1.053,2.100,9.316,2.361
a,108427,0.000,9.939,36.000,9.939,10.371,0.389,1.052,-1.939,2.382,9.210,2.325
a,108432,0.000,9.993,36.000,9.993,10.459,0.145,1.067,-2.382,1.924,9.301,1.846
a,108436,0.000,9.993,36.000,9.993,10.942,0.374,-1.101,1.496,2.725,8.929,1.607
a,108439,0.000,9.937,36.000,9.937,11.162,0.389,0.136,-2.397,1.508,9.191,2.413
a,108443,0.000,9.827,36.000,9.827,11.558,-0.130,-0.246,0.229,2.491,9.493,2.632
a,108447,0.000,9.662,36.000,9.662,11.646,-0.313,0.182,2.961,2.119,9.324,2.300
a,108451,0.000,9.444,36.000,9.444,11.733,0.298,0.487,0.137,2.201,9.307,2.040
a,108455,0.000,9.174,36.000,9.174,11.689,-0.573,-1.085,1.450,2.559,9.386,2.006
a,108459,0.000,8.852,36.000,8.852,11.646,0.069,0.365,-0.840,1.923,9.176,2.303
a,108463,0.000,8.481,36.000,8.481,11.689,0.191,-0.291,-0.382,2.344,9.454,2.108
a,108467,0.000,8.063,36.000,8.063,11.602,0.053,-0.612,1.404,2.342,9.319,2.453
a,108471,0.000,7.600,36.000,7.600,11.689,0.221,0.243,-1.817,2.048,9.292,2.180
a,108475,0.000,7.095,36.000,7.095,11.733,-0.344,-0.459,0.229,2.437,9.498,2.145
a,108479,0.000,6.549,36.000,6.549,15.205,-0.084,0.365,-0.443,2.023,9.307,2.264
a,108483,0.000,5.967,36.000,5.967,11.646,0.069,-0.352,-0.657,2.342,9.378,2.192
a,108487,0.000,5.350,36.000,5.350,11.689,-0.298,-0.551,0.167,2.295,9.391,2.140
a,108492,0.000,4.704,36.000,4.704,11.602,0.069,0.594,-0.733,2.048,9.292,2.179
a,108496,0.000,4.031,36.000,4.031,11.030,-0.527,-0.643,0.519,2.066,9.584,2.381
a,108499,0.000,3.334,36.000,3.334,10.503,0.405,-0.398,-0.489,2.656,9.200,2.315
a,108503,0.000,2.619,36.000,2.619,10.195,-1.458,-2.078,-0.306,2.357,9.263,2.052
a,108507,0.000,1.888,36.000,1.888,9.536,0.863,0.823,0.961,1.926,9.142,2.405
a,108512,0.000,1.146,36.000,1.146,8.965,-0.053,0.747,0.977,2.328,9.373,2.065
a,108516,0.000,0.397,36.000,0.397,8.833,0.038,0.915,-0.352,2.199,9.285,2.156
a,108520,0.000,-0.354,36.000,-0.354,7.734,-0.145,0.044,-0.107,2.234,9.401,2.138
a,108523,0.000,-1.104,36.000,-1.104,7.559,-0.313,-1.421,-0.565,2.522,9.263,2.236
a,108527,0.000,-1.848,36.000,-1.848,6.724,-0.756,-1.146,-0.306,2.115,9.299,2.189
a,108531,0.000,-2.582,36.000,-2.582,6.196,0.557,1.373,0.290,1.948,9.281,2.416
a,108535,0.000,-3.302,36.000,-3.302,5.625,-0.008,0.991,1.404,2.327,9.422,2.087
a,108540,0.000,-4.004,36.000,-4.004,4.746,-0.023,0.472,-0.168,2.170,9.224,2.173
a,108544,0.000,-4.684,36.000,-4.684,3.867,-0.481,-1.101,-0.520,2.582,9.613,2.228
a,108547,0.000,-5.337,36.000,-5.337,3.252,-1.183,-1.513,0.702,2.116,9.459,2.173
a,108552,0.000,-5.960,36.000,-5.960,2.505,0.145,1.052,1.267,1.976,9.264,2.294
a,108556,0.000,-6.549,36.000,-6.549,2.021,0.084,0.487,-0.245,2.419,9.442,2.131
a,108559,0.000,-7.102,36.000,-7.102,0.703,0.114,-0.001,-1.039,2.206,9.382,2.075
a,108563,0.000,-7.614,36.000,-7.614,-0.044,-0.298,-0.459,0.015,2.430,9.385,2.195
a,108567,0.000,-8.083,36.000,-8.083,0.483,-0.695,-0.643,0.519,2.249,9.583,2.192
a,108571,0.000,-8.506,36.000,-8.506,-1.099,0.298,0.961,0.076,1.870,9.243,2.325
a,108575,0.000,-8.880,36.000,-8.880,-1.582,-0.191,0.380,0.748,2.284,9.578,2.167
a,108579,0.000,-9.203,36.000,-9.203,-2.241,-0.237,-0.185,0.015,2.279,9.412,2.246
a,108583,0.000,-9.473,36.000,-9.473,-2.373,-0.603,-0.230,-0.428,2.271,9.312,2.006
a,108587,0.000,-9.689,36.000,-9.689,-2.856,-0.298,-0.429,0.931,2.146,9.438,2.061
a,108591,0.000,-9.849,36.000,-9.849,-3.120,0.405,1.067,-0.794,1.911,9.245,2.315
a,108595,0.000,-9.952,36.000,-9.952,-3.823,0.038,0.258,-0.168,2.382,9.418,2.261
a,108600,0.000,-9.998,36.000,-9.998,-4.438,-0.130,-0.872,0.671,2.312,9.349,2.179
a,108603,0.000,-9.985,36.000,-9.985,-4.526,-0.130,-0.444,0.656,2.160,9.401,2.163
a,108607,0.000,-9.915,36.000,-9.915,-4.570,0.023,0.228,0.702,2.166,9.299,2.322
a,108611,0.000,-9.786,36.000,-9.786,-5.010,0.466,0.869,0.122,2.076,9.274,2.265
a,108615,0.000,-9.601,36.000,-9.601,-5.010,0.252,0.151,0.152,2.383,9.397,2.087
a,108619,0.000,-9.360,36.000,-9.360,-5.010,-0.344,-0.643,0.900,2.383,9.364,2.157
a,108623,0.000,-9.064,36.000,-9.064,-5.186,0.038,-0.261,0.442,2.126,9.264,2.176
a,108627,0.000,-8.714,36.000,-8.714,-5.010,0.038,-0.001,0.442,2.186,9.352,2.215
a,108631,0.000,-8.313,36.000,-8.313,-5.054,0.206,0.701,1.511,2.109,9.266,2.280
a,108635,0.000,-7.864,36.000,-7.864,-5.098,0.145,0.258,0.855,2.310,9.374,2.121
a,108639,0.000,-7.368,36.000,-7.368,-5.098,-0.344,-0.444,0.061,2.358,9.353,2.161
a,108643,0.000,-6.828,36.000,-6.828,-5.098,0.069,-0.337,-0.489,2.160,9.310,2.243
a,108648,0.000,-6.248,36.000,-6.248,-1.758,-0.405,-0.123,-0.153,2.210,9.357,2.215
a,108652,0.000,-5.630,36.000,-5.630,-3.691,0.130,0.426,0.137,2.204,9.370,2.237
a,108656,0.000,-4.979,36.000,-4.979,-5.142,0.069,0.411,-0.947,2.313,9.363,2.137
a,108659,0.000,-4.298,36.000,-4.298,-5.098,-0.298,-1.971,-0.336,2.637,9.408,2.230
a,108663,0.000,-3.591,36.000,-3.591,-4.614,-0.221,-0.215,1.114,2.084,9.348,2.284
a,108667,0.000,-2.862,36.000,-2.862,-4.307,0.221,1.190,-1.237,1.882,9.341,2.322
a,108671,0.000,-2.116,36.000,-2.116,-3.120,0.511,0.274,-0.092,2.492,9.377,2.298
a,108675,0.000,-1.357,36.000,-1.357,-2.944,-0.466,-1.330,-1.161,2.398,9.493,2.071
a,108680,0.000,-0.590,36.000,-0.590,-1.802,0.359,-0.459,0.106,2.233,9.206,2.240
a,108684,0.000,0.182,36.000,0.182,1.362,0.084,-0.719,-0.107,2.187,9.457,2.240
a,108687,0.000,0.953,36.000,0.953,-0.747,0.374,0.808,1.465,2.064,9.325,2.354
a,108691,0.000,1.719,36.000,1.719,-0.176,0.191,0.976,-0.367,2.391,9.233,2.090
a,108695,0.000,2.475,36.000,2.475,0.439,-1.031,-1.635,0.091,2.520,9.499,2.091
a,108699,0.000,3.217,36.000,3.217,1.890,0.740,-0.337,-0.382,1.963,9.252,2.391
a,108703,0.000,3.940,36.000,3.940,2.549,0.191,0.594,-0.291,2.103,9.250,2.121
a,108707,0.000,4.640,36.000,4.640,3.164,0.099,0.121,1.145,2.206,9.210,2.259
a,108711,0.000,5.312,36.000,5.312,3.472,0.618,1.281,-0.687,2.240,9.073,2.179
a,108715,0.000,5.953,36.000,5.953,4.175,-0.527,-0.673,-0.520,2.515,9.449,1.979
a,108719,0.000,6.558,36.000,6.558,5.229,0.023,0.136,-0.474,2.014,9.167,2.219
a,108723,0.000,7.125,36.000,7.125,5.977,0.252,0.365,-0.397,2.124,9.354,2.180
a,108727,0.000,7.648,36.000,7.648,6.196,-0.130,-0.337,-0.321,2.271,9.416,2.280
a,108731,0.000,8.126,36.000,8.126,8.877,-0.389,-0.780,-1.939,2.251,9.404,2.148
a,108735,0.000,8.555,36.000,8.555,6.987,0.053,-0.383,1.160,2.140,9.440,2.283
a,108741,0.000,8.932,36.000,8.932,8.174,-0.313,0.747,-1.145,1.899,9.173,2.224
a,108744,0.000,9.255,36.000,9.255,14.414,0.527,1.083,0.503,2.201,9.266,2.300
a,108748,0.000,9.522,36.000,9.522,8.921,0.145,-0.765,0.015,2.234,9.652,2.185
a,108751,0.000,9.731,36.000,9.731,9.536,0.252,-0.139,-0.336,2.383,9.072,2.332
a,108756,0.000,9.881,36.000,9.881,10.195,-0.756,-1.971,0.091,2.327,9.588,2.069
a,108759,0.000,9.971,36.000,9.971,10.415,1.366,-0.566,-2.520,1.920,9.345,2.006
a,108763,0.000,10.000,36.000,10.000,10.459,0.481,1.296,1.557,2.796,9.246,2.179
a,108768,0.000,9.968,36.000,9.968,10.942,-0.374,-0.673,-2.810,1.821,9.351,2.321
a,108772,0.000,9.874,36.000,9.874,11.118,-0.298,-0.062,0.229,2.265,9.346,2.722
a,108776,0.000,9.720,36.000,9.720,11.602,-0.695,-1.207,0.671,2.126,9.407,2.211
a,108779,0.000,9.506,36.000,9.506,11.602,0.664,1.083,-0.962,1.821,9.228,2.132
a,108783,0.000,9.234,36.000,9.234,11.602,0.038,0.380,0.427,2.555,9.458,2.227
a,108788,0.000,8.904,36.000,8.904,11.646,-0.206,-0.246,-1.084,2.124,9.309,2.173
a,108792,0.000,8.520,36.000,8.520,11.602,0.023,-0.291,-0.428,2.265,9.347,2.246
a,108795,0.000,8.082,36.000,8.082,11.689,-0.252,-0.551,-0.260,2.193,9.377,2.218
a,108800,0.000,7.594,36.000,7.594,11.646,0.466,0.487,0.137,2.115,9.213,2.471
a,108803,0.000,7.059,36.000,7.059,11.602,-0.283,0.274,1.801,2.334,9.436,2.137
a,108807,0.000,6.480,36.000,6.480,11.689,-0.053,-0.261,0.931,2.156,9.402,2.192
a,108811,0.000,5.860,36.000,5.860,11.602,-0.450,-0.337,0.061,2.306,9.503,2.206
a,108815,0.000,5.203,36.000,5.203,11.689,-0.359,-0.734,-0.794,2.212,9.438,2.195
a,108819,0.000,4.514,36.000,4.514,11.689,0.145,0.640,-0.077,2.066,9.450,2.246
a,108823,0.000,3.795,36.000,3.795,16.040,0.282,0.396,0.473,2.337,9.341,2.154
a,108827,0.000,3.053,36.000,3.053,10.942,0.359,1.266,0.778,2.193,9.549,2.200
a,108831,0.000,2.291,36.000,2.291,11.777,-0.588,-1.925,-0.397,2.458,9.535,1.963
a,108835,0.000,1.515,36.000,1.515,9.624,-0.573,-1.406,0.534,2.166,9.334,2.303
a,108839,0.000,0.728,36.000,0.728,12.437,0.572,0.762,0.366,2.017,9.408,2.252
a,108843,0.000,-0.064,36.000,-0.064,8.789,-0.176,0.609,1.267,2.364,9.388,2.140
a,108848,0.000,-0.856,36.000,-0.856,8.086,0.298,0.426,-0.077,2.201,9.392,2.134
a,108852,0.000,-1.643,36.000,-1.643,6.987,0.069,-0.826,-0.810,2.405,9.485,2.088
a,108856,0.000,-2.420,36.000,-2.420,6.768,-0.588,-0.887,-0.458,2.257,9.352,2.154
a,108859,0.000,-3.183,36.000,-3.183,6.196,0.359,1.251,-0.367,1.867,9.207,2.369
a,108863,0.000,-3.925,36.000,-3.925,7.559,0.298,0.609,0.305,2.405,9.293,2.096
a,108867,0.000,-4.644,36.000,-4.644,4.570,-0.023,1.296,0.137,2.028,9.371,2.100
a,108871,0.000,-5.334,36.000,-5.334,3.472,-0.206,-1.604,-0.397,2.763,9.369,2.233
a,108875,0.000,-5.990,36.000,-5.990,3.164,-1.290,-2.093,0.229,2.095,9.628,2.061
a,108879,0.000,-6.608,36.000,-6.608,1.934,0.969,1.510,1.450,1.926,9.170,2.411
a,108883,0.000,-7.185,36.000,-7.185,0.703,0.038,1.190,0.137,2.296,9.371,2.045
a,108887,0.000,-7.717,36.000,-7.717,-0.352,0.069,-0.108,0.748,2.405,9.258,2.151
a,108891,0.000,-8.200,36.000,-8.200,-0.308,-0.466,-1.330,-0.565,2.290,9.471,2.022
a,108895,0.000,-8.631,36.000,-8.631,-1.143,-0.298,-0.765,0.626,2.047,9.491,2.375
a,108900,0.000,-9.007,36.000,-9.007,-1.582,0.634,1.953,0.656,1.926,9.357,2.382
a,108903,0.000,-9.325,36.000,-9.325,-2.197,0.679,0.319,0.030,2.452,9.421,2.122
a,108907,0.000,-9.584,36.000,-9.584,-2.856,-0.512,-1.314,0.152,2.386,9.657,2.096
a,108911,0.000,-9.782,36.000,-9.782,-2.988,-0.160,-0.994,-0.626,2.139,9.273,2.280
a,108915,0.000,-9.917,36.000,-9.917,-1.758,0.038,-0.505,-0.260,2.201,9.437,2.191
a,108919,0.000,-9.988,36.000,-9.988,-3.823,0.237,1.083,-0.367,2.000,9.310,2.270
a,108923,0.000,-9.995,36.000,-9.995,-4.395,0.359,0.533,0.687,2.313,9.336,2.233
a,108928,0.000,-9.938,36.000,-9.938,-4.482,-0.450,-0.612,0.412,2.358,9.349,2.156
a,108932,0.000,-9.816,36.000,-9.816,-5.054,-0.237,-0.459,0.061,2.199,9.327,2.154
a,108936,0.000,-9.631,36.000,-9.631,-5.098,0.038,0.625,0.213,2.048,9.286,2.198
a,108939,0.000,-9.383,36.000,-9.383,-5.010,0.298,0.548,0.244,2.264,9.295,2.328
a,108943,0.000,-9.075,36.000,-9.075,-5.186,-0.450,-0.291,0.167,2.279,9.382,2.084
a,108947,0.000,-8.707,36.000,-8.707,-5.186,0.084,-0.246,0.213,2.206,9.372,2.213
a,108951,0.000,-8.282,36.000,-8.282,-5.186,-0.023,0.106,0.442,2.178,9.354,2.240
a,108955,0.000,-7.804,36.000,-7.804,-5.098,0.176,0.441,0.687,2.199,9.341,2.254
a,108959,0.000,-7.274,36.000,-7.274,-3.208,0.145,0.121,1.206,2.271,9.390,2.173
a,108963,0.000,-6.696,36.000,-6.696,-5.142,0.038,-0.627,-0.138,2.269,9.371,2.209
a,108967,0.000,-6.074,36.000,-6.074,-2.461,0.114,-0.383,-1.207,2.168,9.294,2.228
a,108971,0.000,-5.412,36.000,-5.412,-2.329,0.130,0.411,-0.626,2.150,9.306,2.248
a,108975,0.000,-4.714,36.000,-4.714,-5.098,-0.069,0.228,0.259,2.248,9.367,2.180
a,108979,0.000,-3.985,36.000,-3.985,-5.098,-0.344,-1.436,-0.077,2.440,9.451,2.227
a,108983,0.000,-3.229,36.000,-3.229,-4.526,-0.359,-0.185,-0.428,2.148,9.348,2.327
a,108987,0.000,-2.452,36.000,-2.452,-3.647,0.466,1.464,0.229,1.681,9.236,2.370
a,108992,0.000,-1.658,36.000,-1.658,-2.988,0.725,0.274,0.122,2.585,9.243,2.059
a,108996,0.000,-0.852,36.000,-0.852,-2.461,-0.420,-0.536,0.763,1.997,9.212,2.138
a,108999,0.000,-0.040,36.000,-0.040,-2.197,0.420,0.090,-0.336,2.352,9.205,2.191
a,109003,0.000,0.773,36.000,0.773,-1.450,-0.939,-0.933,1.343,2.115,9.477,2.051
a,109007,0.000,1.581,36.000,1.581,0.703,0.343,1.357,-1.130,1.948,9.135,2.532
a,109011,0.000,2.379,36.000,2.379,-0.176,0.343,0.274,0.580,2.417,9.391,2.057
a,109016,0.000,3.162,36.000,3.162,0.571,-0.573,-1.085,1.068,2.466,9.290,2.225
a,109020,0.000,3.924,36.000,3.924,2.065,0.282,0.625,-0.504,1.932,9.506,2.144
a,109023,0.000,4.661,36.000,4.661,2.637,-0.344,-0.047,0.396,2.271,9.517,2.243
a,109027,0.000,5.367,36.000,5.367,3.384,0.084,0.701,-0.016,2.043,9.282,2.465
a,109031,0.000,6.038,36.000,6.038,3.911,0.343,0.915,-0.031,2.453,9.339,2.113
a,109035,0.000,6.668,36.000,6.668,4.702,-1.015,-1.788,0.687,2.388,9.446,2.008
a,109040,0.000,7.255,36.000,7.255,5.581,0.130,-0.185,-1.145,1.732,9.184,2.411
a,109043,0.000,7.794,36.000,7.794,6.152,0.176,0.594,-0.626,2.401,9.184,2.087
a,109048,0.000,8.280,36.000,8.280,6.812,-0.252,-0.108,0.763,2.053,9.337,2.154
a,109052,0.000,8.712,36.000,8.712,6.943,0.420,0.899,1.099,2.045,9.354,2.357
a,109055,0.000,9.085,36.000,9.085,7.646,0.023,-0.551,-0.260,2.464,9.218,2.088
a,109059,0.000,9.397,36.000,9.397,9.580,-0.176,0.426,1.099,1.839,9.158,2.301
a,109063,0.000,9.646,36.000,9.646,8.921,0.282,1.022,-1.130,2.146,9.242,2.179
a,109067,0.000,9.830,36.000,9.830,8.965,-0.221,0.121,1.114,2.383,9.485,2.143
a,109071,0.000,9.947,36.000,9.947,9.712,0.252,0.869,0.626,2.146,9.221,2.067
a,109075,0.000,9.998,36.000,9.998,10.327,0.038,-0.459,-0.153,2.246,9.456,2.122
a,109079,0.000,9.981,36.000,9.981,10.371,0.038,0.167,0.717,2.053,9.291,2.330
a,109083,0.000,9.896,36.000,9.896,10.898,0.191,0.640,-0.245,2.284,9.346,2.157
a,109087,0.000,9.744,36.000,9.744,11.250,0.084,0.594,0.198,2.094,9.379,2.132
a,109091,0.000,9.525,36.000,9.525,11.602,-0.084,-0.658,-0.458,2.181,9.434,2.188
a,109095,0.000,9.241,36.000,9.241,11.689,0.084,-0.459,-0.336,2.350,9.311,2.277
a,109100,0.000,8.894,36.000,8.894,11.777,-0.252,0.380,0.045,2.048,9.377,2.144
a,109103,0.000,8.487,36.000,8.487,11.733,-0.023,0.380,-0.382,2.173,9.317,2.261
a,109107,0.000,8.020,36.000,8.020,11.777,-0.069,-0.291,-0.260,2.374,9.333,2.166
a,109111,0.000,7.499,36.000,7.499,11.777,-0.252,-0.551,-0.703,2.206,9.348,2.156
a,109115,0.000,6.926,36.000,6.926,13.711,0.176,0.151,-0.443,2.084,9.377,2.243
a,109119,0.000,6.305,36.000,6.305,11.821,0.053,0.151,-0.550,2.261,9.377,2.247
a,109123,0.000,5.640,36.000,5.640,11.821,-0.130,-0.566,-0.031,2.240,9.272,2.131
a,109127,0.000,4.936,36.000,4.936,15.249,0.038,0.441,0.381,2.266,9.171,2.243
a,109131,0.000,4.198,36.000,4.198,11.118,0.527,0.961,0.015,2.162,9.109,2.039
a,109135,0.000,3.430,36.000,3.430,10.459,-0.405,-0.765,0.351,2.235,9.376,2.137
a,109139,0.000,2.638,36.000,2.638,10.195,0.252,-0.337,0.427,2.382,9.102,2.258
a,109144,0.000,1.827,36.000,1.827,9.492,-0.344,-0.017,-0.367,2.051,9.463,2.201
a,109148,0.000,1.003,36.000,1.003,11.250,-0.237,0.747,0.259,2.308,9.394,2.248
a,109151,0.000,0.171,36.000,0.171,8.350,0.282,0.365,-1.222,2.228,9.388,2.154
a,109156,0.000,-0.662,36.000,-0.662,8.174,-0.344,0.167,0.335,2.225,9.334,2.132
a,109159,0.000,-1.492,36.000,-1.492,6.987,-0.237,-1.055,0.076,2.404,9.369,2.223
a,109163,0.000,-2.311,36.000,-2.311,6.855,0.038,-0.276,-0.153,2.124,9.287,2.163
a,109168,0.000,-3.115,36.000,-3.115,6.284,0.252,1.006,0.183,2.047,9.392,2.330
a,109171,0.000,-3.897,36.000,-3.897,5.977,-0.084,0.609,0.488,2.308,9.459,2.247
a,109175,0.000,-4.653,36.000,-4.653,3.296,-0.038,0.441,0.320,2.023,9.276,2.136
a,109180,0.000,-5.377,36.000,-5.377,3.516,-0.283,-1.849,1.465,2.719,9.391,2.024
a,109184,0.000,-6.064,36.000,-6.064,2.812,-0.908,-1.055,-0.352,1.776,9.388,2.143
a,109188,0.000,-6.708,36.000,-6.708,1.978,0.908,1.877,0.061,2.023,9.260,2.459
a,109191,0.000,-7.306,36.000,-7.306,0.703,-0.298,0.716,0.488,2.327,9.450,1.969
a,109195,0.000,-7.852,36.000,-7.852,-0.132,0.252,-0.276,0.152,2.318,9.199,2.267
a,109199,0.000,-8.344,36.000,-8.344,-0.352,-0.634,-1.803,-0.291,2.415,9.583,1.996
a,109203,0.000,-8.777,36.000,-8.777,-1.538,-0.191,0.197,-0.382,1.911,9.256,2.367
a,109207,0.000,-9.149,36.000,-9.149,-1.582,0.740,1.464,0.610,2.048,9.334,2.292
a,109211,0.000,-9.456,36.000,-9.456,-2.197,0.145,0.380,-0.397,2.433,9.428,2.173
a,109215,0.000,-9.696,36.000,-9.696,-2.856,0.130,0.136,0.473,2.253,9.297,1.932
a,109219,0.000,-9.867,36.000,-9.867,-3.076,-0.252,-0.765,-0.901,2.187,9.273,2.081
a,109223,0.000,-9.969,36.000,-9.969,-3.560,-0.344,-0.719,-0.199,2.126,9.224,2.332
a,109227,0.000,-10.000,36.000,-10.000,-4.351,0.252,0.961,-0.306,2.004,9.178,2.278
a,109231,0.000,-9.959,36.000,-9.959,-4.570,0.313,0.884,1.236,2.359,9.403,2.154
a,109235,0.000,-9.848,36.000,-9.848,-5.010,-0.298,-0.429,0.442,2.337,9.382,2.156
a,109240,0.000,-9.666,36.000,-9.666,-5.054,-0.512,-0.841,-0.245,2.230,9.353,2.229
a,109244,0.000,-9.415,36.000,-9.415,-5.142,0.145,-0.017,-0.062,2.078,9.301,2.217
a,109247,0.000,-9.097,36.000,-9.097,-5.142,0.511,1.251,-0.520,2.090,9.295,2.219
a,109251,0.000,-8.713,36.000,-8.713,-5.229,0.084,0.518,-0.138,2.324,9.377,2.217
a,109255,0.000,-8.266,36.000,-8.266,-5.186,-0.313,-0.551,-1.023,2.334,9.336,2.157
a,109260,0.000,-7.759,36.000,-7.759,-5.142,-0.206,-0.612,-0.581,2.197,9.373,2.201
a,109264,0.000,-7.197,36.000,-7.197,-5.186,0.084,0.151,0.809,2.097,9.346,2.255
a,109267,0.000,-6.582,36.000,-6.582,-5.317,0.191,0.716,1.022,2.156,9.367,2.274
a,109271,0.000,-5.919,36.000,-5.919,-5.098,0.145,0.106,-0.382,2.312,9.422,2.127
a,109275,0.000,-5.213,36.000,-5.213,-5.142,-0.038,-0.673,-1.283,2.296,9.409,2.191
a,109279,0.000,-4.469,36.000,-4.469,-5.229,0.084,-0.230,0.809,2.146,9.433,2.230
a,109283,0.000,-3.693,36.000,-3.693,-5.098,-0.359,-1.192,0.351,2.126,9.330,2.231
a,109287,0.000,-2.888,36.000,-2.888,-4.570,0.298,0.823,0.519,2.069,9.205,2.356
a,109291,0.000,-2.063,36.000,-2.063,-3.867,0.542,1.693,1.267,2.041,9.195,2.204
a,109295,0.000,-1.222,36.000,-1.222,-3.076,-0.237,-0.765,-0.352,2.398,9.306,2.014
a,109299,0.000,-0.371,36.000,-0.371,-2.417,-0.237,-0.398,0.229,2.157,9.242,2.417
a,109304,0.000,0.483,36.000,0.483,-1.582,0.145,0.258,0.305,2.101,9.258,2.128
a,109307,0.000,1.334,36.000,1.334,2.549,-0.206,0.167,0.549,2.303,9.366,2.065
a,109311,0.000,2.176,36.000,2.176,1.099,0.450,1.281,-0.581,2.168,9.062,2.173
a,109315,0.000,3.002,36.000,3.002,0.571,-0.802,-0.459,0.167,2.476,9.372,2.052
a,109320,0.000,3.807,36.000,3.807,1.890,-0.298,-0.444,-0.153,2.033,9.238,2.356
a,109323,0.000,4.584,36.000,4.584,2.461,0.450,0.304,-0.458,2.170,9.468,2.179
a,109327,0.000,5.329,36.000,5.329,3.296,-0.359,-0.123,-0.367,2.359,9.398,2.197
a,109331,0.000,6.034,36.000,6.034,6.284,0.511,0.258,0.030,2.023,9.430,2.401
a,109335,0.000,6.696,36.000,6.696,4.614,-0.527,-1.268,-1.069,2.580,9.349,2.179
a,109339,0.000,7.309,36.000,7.309,5.933,-0.069,-0.108,0.503,1.889,9.270,2.201
a,109343,0.000,7.868,36.000,7.868,6.108,0.298,1.083,0.351,2.240,9.202,2.345
a,109347,0.000,8.369,36.000,8.369,6.812,-0.313,0.380,-0.000,2.405,9.158,2.052
a,109351,0.000,8.809,36.000,8.809,6.943,-0.313,-0.780,-0.794,2.178,9.397,2.223
a,109355,0.000,9.183,36.000,9.183,8.130,-0.298,-0.475,0.335,2.398,9.360,2.150
a,109359,0.000,9.490,36.000,9.490,10.283,-0.069,0.594,0.381,1.938,9.334,2.243
a,109364,0.000,9.726,36.000,9.726,9.009,0.038,0.212,0.259,1.920,9.414,2.307
a,109367,0.000,9.890,36.000,9.890,9.580,0.084,-0.368,1.038,2.619,9.299,2.028
a,109371,0.000,9.981,36.000,9.981,10.371,0.084,0.579,0.030,2.003,9.370,2.083
a,109375,0.000,9.997,36.000,9.997,10.547,-0.206,-0.001,-0.321,2.188,9.343,2.191
a,109379,0.000,9.938,36.000,9.938,11.030,-0.237,-0.490,0.717,2.343,9.311,2.240
a,109383,0.000,9.805,36.000,9.805,11.118,0.298,1.174,0.076,1.970,9.272,2.240
a,109387,0.000,9.599,36.000,9.599,11.602,-0.130,-0.383,0.503,2.395,9.449,2.137
a,109391,0.000,9.320,36.000,9.320,11.602,-0.145,-0.658,-0.092,2.286,9.367,2.222
a,109395,0.000,8.971,36.000,8.971,11.689,0.191,0.090,-0.336,2.140,9.305,2.180
a,109400,0.000,8.555,36.000,8.555,11.689,-0.313,-0.276,-0.703,2.282,9.431,2.188
a,109403,0.000,8.073,36.000,8.073,11.689,0.282,0.441,0.305,2.095,9.248,2.270
a,109407,0.000,7.531,36.000,7.531,11.602,-0.069,-0.047,0.442,2.383,9.379,2.093
a,109411,0.000,6.931,36.000,6.931,11.602,-0.359,-0.383,0.122,2.259,9.353,2.249
a,109415,0.000,6.279,36.000,6.279,11.689,-0.023,0.380,-0.123,2.103,9.307,2.246
a,109420,0.000,5.578,36.000,5.578,11.689,-0.450,-0.123,0.274,2.324,9.475,2.215
a,109424,0.000,4.835,36.000,4.835,15.293,-0.359,-0.383,-0.810,2.241,9.234,2.122
a,109428,0.000,4.055,36.000,4.055,11.646,-0.069,0.274,0.595,2.253,9.506,2.138
a,109431,0.000,3.243,36.000,3.243,16.831,-0.313,-0.429,0.824,2.246,9.437,2.225
a,109435,0.000,2.406,36.000,2.406,11.074,0.527,1.693,0.763,1.955,9.181,2.269
a,109439,0.000,1.550,36.000,1.550,11.865,0.572,0.380,-0.138,2.604,9.120,2.271
a,109444,0.000,0.682,36.000,0.682,10.151,-1.351,-2.948,-0.352,2.455,9.470,1.906
a,109447,0.000,-0.192,36.000,-0.192,9.492,0.282,-0.139,-1.420,1.784,9.171,2.427
a,109452,0.000,-1.065,36.000,-1.065,8.789,0.053,1.083,1.572,2.103,9.625,2.253
a,109456,0.000,-1.930,36.000,-1.930,8.086,0.359,1.205,1.236,2.321,9.465,2.162
a,109459,0.000,-2.781,36.000,-2.781,7.559,0.298,-0.459,-0.123,2.495,9.451,1.960
a,109463,0.000,-3.612,36.000,-3.612,6.724,-0.924,-2.749,-1.176,2.507,9.540,2.154
a,109467,0.000,-4.415,36.000,-4.415,6.196,0.664,0.732,-1.374,1.788,9.238,2.370
a,109471,0.000,-5.185,36.000,-5.185,5.229,0.023,1.098,0.626,2.078,9.424,2.240
a,109475,0.000,-5.915,36.000,-5.915,3.955,0.359,1.464,0.458,2.251,9.045,2.230
a,109479,0.000,-6.600,36.000,-6.600,3.340,-0.252,-1.956,0.793,2.601,9.382,1.930
a,109483,0.000,-7.234,36.000,-7.234,2.549,-0.847,-1.696,-0.336,2.235,9.353,2.294
a,109487,0.000,-7.813,36.000,-7.813,1.758,-0.038,0.701,-0.336,1.761,9.285,2.276
a,109491,0.000,-8.332,36.000,-8.332,3.340,0.939,2.182,0.595,2.319,9.322,2.237
a,109495,0.000,-8.786,36.000,-8.786,2.461,0.252,0.396,0.519,2.518,9.504,2.075
a,109499,0.000,-9.173,36.000,-9.173,-1.450,-0.634,-1.757,-0.291,2.399,9.394,2.235
a,109504,0.000,-9.488,36.000,-9.488,-1.538,-0.695,-1.055,-0.092,1.968,9.345,2.316
a,109507,0.000,-9.730,36.000,-9.730,-2.109,0.298,0.396,0.793,2.060,9.236,2.325
a,109511,0.000,-9.896,36.000,-9.896,-2.461,0.298,1.296,0.290,2.168,9.319,2.065
a,109515,0.000,-9.984,36.000,-9.984,-2.944,0.038,0.243,0.152,2.567,9.446,2.048
a,109519,0.000,-9.995,36.000,-9.995,-3.691,-0.481,-1.314,-0.825,2.228,9.312,2.103
a,109523,0.000,-9.927,36.000,-9.927,-3.955,-0.221,-1.085,1.236,2.193,9.374,2.309
a,109527,0.000,-9.782,36.000,-9.782,-4.526,0.237,0.487,-1.374,1.936,9.263,2.313
a,109531,0.000,-9.559,36.000,-9.559,-4.922,0.710,1.678,-0.489,2.181,9.299,2.215
a,109535,0.000,-9.261,36.000,-9.261,-4.966,-0.206,0.121,0.503,2.419,9.409,2.069
a,109539,0.000,-8.891,36.000,-8.891,-5.010,-0.344,-1.009,-0.306,2.328,9.345,2.223
a,109543,0.000,-8.450,36.000,-8.450,-5.010,-0.450,-0.734,-0.092,2.113,9.349,2.192
a,109547,0.000,-7.941,36.000,-7.941,-5.054,0.160,0.426,0.961,2.036,9.290,2.261
a,109552,0.000,-7.370,36.000,-7.370,-5.010,0.298,0.976,0.183,2.219,9.328,2.227
a,109556,0.000,-6.740,36.000,-6.740,-5.054,-0.420,-0.551,-0.596,2.476,9.470,2.131
a,109559,0.000,-6.057,36.000,-6.057,-5.010,-0.267,-1.101,-1.283,2.234,9.365,2.231
a,109563,0.000,-5.324,36.000,-5.324,-4.966,-0.252,-0.154,0.396,2.109,9.310,2.243
a,109567,0.000,-4.549,36.000,-4.549,-1.802,0.572,0.961,-0.367,2.126,9.268,2.274
a,109571,0.000,-3.738,36.000,-3.738,-4.966,0.679,0.350,1.236,2.313,9.317,2.133
a,109576,0.000,-2.896,36.000,-2.896,-1.582,-0.359,-1.268,-1.329,2.324,9.458,2.075
a,109579,0.000,-2.030,36.000,-2.030,-3.823,0.359,-0.291,-0.000,1.870,9.049,2.443
a,109584,0.000,-1.148,36.000,-1.148,-2.197,0.298,1.464,0.290,2.008,9.339,2.185
a,109588,0.000,-0.255,36.000,-0.255,-2.417,0.359,0.044,0.809,2.444,9.285,2.058
a,109591,0.000,0.639,36.000,0.639,-1.714,-0.405,0.518,0.152,1.895,9.076,2.106
a,109596,0.000,1.530,36.000,1.530,-1.538,-0.405,-1.345,0.427,2.545,9.335,2.204
a,109599,0.000,2.408,36.000,2.408,-0.220,-0.344,-0.139,0.061,1.851,9.307,2.185
a,109603,0.000,3.268,36.000,3.268,0.352,1.061,1.770,-0.275,1.957,9.274,2.421
a,109607,0.000,4.102,36.000,4.102,1.230,-0.206,0.243,-0.443,2.504,9.359,2.040
a,109611,0.000,4.903,36.000,4.903,2.417,0.420,-0.017,-0.168,1.929,9.205,2.201
a,109615,0.000,5.666,36.000,5.666,3.164,0.221,-0.276,-0.611,2.324,9.544,2.269
a,109619,0.000,6.383,36.000,6.383,3.472,-0.344,-0.398,0.167,2.172,9.275,2.227
a,109623,0.000,7.049,36.000,7.049,4.658,0.695,1.678,0.870,1.938,9.170,2.269
a,109627,0.000,7.658,36.000,7.658,5.977,0.252,0.640,0.412,2.368,9.342,2.200
a,109631,0.000,8.206,36.000,8.206,6.636,0.084,-0.444,-0.168,2.288,9.263,2.180
a,109635,0.000,8.687,36.000,8.687,7.603,-0.191,-0.627,-0.306,2.292,9.397,2.132
a,109639,0.000,9.098,36.000,9.098,6.943,0.145,0.212,0.580,2.069,9.379,2.344
a,109645,0.000,9.435,36.000,9.435,8.218,0.130,0.136,-0.489,2.070,9.425,2.271
a,109648,0.000,9.696,36.000,9.696,23.862,0.023,-0.352,-0.810,2.364,9.379,2.219
a,109651,0.000,9.877,36.000,9.877,8.965,-0.145,-0.200,0.641,2.012,9.493,2.217
a,109655,0.000,9.978,36.000,9.978,9.097,0.405,0.121,0.091,2.175,9.154,2.410
a,109659,0.000,9.997,36.000,9.997,9.624,-0.573,-1.742,0.045,2.388,9.580,2.112
a,109663,0.000,9.934,36.000,9.934,10.327,0.038,-0.017,-0.046,1.641,9.329,2.103
a,109668,0.000,9.790,36.000,9.790,10.503,1.855,0.686,-2.703,2.427,9.533,2.106
a,109672,0.000,9.565,36.000,9.565,10.898,-0.328,-0.536,1.923,2.368,9.170,1.840
a,109675,0.000,9.261,36.000,9.261,10.898,0.603,0.426,-1.008,1.879,9.137,2.715
a,109679,0.000,8.881,36.000,8.881,11.074,-0.847,-0.734,-0.306,2.595,9.499,2.288
a,109683,0.000,8.427,36.000,8.427,11.118,0.084,-0.001,0.488,1.985,9.374,2.182
a,109687,0.000,7.904,36.000,7.904,11.206,0.450,0.472,-0.733,2.146,9.264,2.119
a,109692,0.000,7.314,36.000,7.314,11.162,-0.344,-0.383,0.656,2.368,9.340,2.258
a,109696,0.000,6.664,36.000,6.664,11.206,0.221,0.380,-0.672,1.938,9.293,2.193
a,109699,0.000,5.958,36.000,5.958,11.162,-0.069,-0.826,0.564,2.461,9.475,2.151
a,109703,0.000,5.202,36.000,5.202,11.162,0.191,-0.230,0.702,2.160,9.285,2.484
a,109708,0.000,4.402,36.000,4.402,11.074,0.237,0.106,-1.359,2.255,9.348,2.319
a,109711,0.000,3.565,36.000,3.565,11.162,-0.649,-0.734,-0.520,2.362,9.464,2.204
a,109715,0.000,2.698,36.000,2.698,11.030,0.405,0.762,0.122,2.101,9.335,2.211
a,109719,0.000,1.807,36.000,1.807,10.459,0.191,0.869,0.015,2.199,9.248,2.058
a,109723,0.000,0.902,36.000,0.902,14.678,-0.603,-1.146,-1.008,2.398,9.628,2.015
a,109727,0.000,-0.013,36.000,-0.013,9.053,-0.405,-0.948,0.183,2.150,9.287,2.419
a,109731,0.000,-0.927,36.000,-0.927,8.921,0.298,0.212,0.412,2.187,9.400,2.249
a,109735,0.000,-1.835,36.000,-1.835,8.262,0.252,0.655,0.580,2.064,9.260,2.206
a,109739,0.000,-2.727,36.000,-2.727,7.515,1.030,1.357,-0.642,2.181,9.299,2.186
a,109743,0.000,-3.597,36.000,-3.597,6.855,-0.573,-1.604,0.259,2.604,9.365,2.017
a,109747,0.000,-4.438,36.000,-4.438,6.636,-0.359,-0.841,-1.451,2.021,9.284,2.312
a,109752,0.000,-5.241,36.000,-5.241,5.449,0.343,0.411,-0.840,2.178,9.576,2.334
a,109755,0.000,-6.001,36.000,-6.001,4.087,0.420,0.961,0.076,2.095,9.385,2.172
a,109759,0.000,-6.711,36.000,-6.711,6.284,0.237,-0.566,-1.237,2.585,9.406,2.315
a,109763,0.000,-7.364,36.000,-7.364,5.361,-0.710,-1.330,-0.565,2.458,9.288,2.182
a,109767,0.000,-7.955,36.000,-7.955,1.274,-0.069,-0.658,0.290,2.012,9.389,2.246
a,109771,0.000,-8.479,36.000,-8.479,0.483,0.298,1.739,0.595,2.146,9.224,2.237
a,109775,0.000,-8.932,36.000,-8.932,-0.352,-0.023,0.319,0.870,2.383,9.379,2.131
a,109779,0.000,-9.308,36.000,-9.308,-1.450,0.069,-0.123,0.213,2.126,9.324,2.240
a,109783,0.000,-9.606,36.000,-9.606,3.120,-0.359,-1.055,-0.733,2.406,9.421,2.217
a,109787,0.000,-9.821,36.000,-9.821,-2.109,-0.069,-0.383,-0.214,2.014,9.311,2.179
a,109791,0.000,-9.953,36.000,-9.953,-2.505,0.832,1.556,-1.619,2.084,9.378,2.173
a,109795,0.000,-10.000,36.000,-10.000,-2.988,-0.221,-0.062,1.160,2.401,9.336,2.071
a,109800,0.000,-9.961,36.000,-9.961,-3.560,-0.023,-0.475,0.503,2.337,9.319,2.131
a,109804,0.000,-9.837,36.000,-9.837,-4.263,-0.405,-0.490,0.274,2.184,9.325,2.278
a,109808,0.000,-9.628,36.000,-9.628,-4.351,-0.328,0.044,1.282,2.085,9.359,2.325
a,109811,0.000,-9.336,36.000,-9.336,-4.526,0.435,1.037,1.007,2.184,9.285,2.221
a,109815,0.000,-8.963,36.000,-8.963,-4.526,-0.023,0.335,0.641,2.346,9.374,2.151
a,109819,0.000,-8.513,36.000,-8.513,-4.570,-0.191,-0.658,-0.031,2.296,9.273,2.169
a,109823,0.000,-7.989,36.000,-7.989,-4.526,-0.023,-0.337,-0.367,2.215,9.351,2.145
a,109827,0.000,-7.396,36.000,-7.396,-4.570,-0.130,0.151,0.167,2.132,9.360,2.243
a,109832,0.000,-6.738,36.000,-6.738,-4.614,0.084,0.319,0.412,2.212,9.354,2.255
a,109836,0.000,-6.022,36.000,-6.022,-2.461,0.298,-0.123,0.320,2.337,9.421,2.143
a,109840,0.000,-5.253,36.000,-5.253,-4.526,-0.344,-0.734,-0.199,2.237,9.388,2.186
a,109843,0.000,-4.437,36.000,-4.437,-4.570,0.282,-0.246,-0.611,2.170,9.317,2.267
a,109847,0.000,-3.582,36.000,-3.582,-4.922,0.252,0.441,1.190,2.168,9.322,2.201
a,109851,0.000,-2.696,36.000,-2.696,-2.285,-0.069,-0.948,0.137,2.024,9.220,2.246
a,109855,0.000,-1.786,36.000,-1.786,-3.208,0.740,1.251,0.671,1.938,9.194,2.413
a,109859,0.000,-0.859,36.000,-0.859,-2.944,0.618,1.602,0.259,2.209,9.114,2.090
a,109863,0.000,0.076,36.000,0.076,-2.285,-0.084,-0.719,0.030,2.144,9.577,2.078
a,109867,0.000,1.011,36.000,1.011,-1.582,0.450,-0.505,-0.764,2.382,8.981,2.345
a,109871,0.000,1.937,36.000,1.937,2.065,-1.351,-1.055,-0.672,2.140,9.414,1.991
a,109875,0.000,2.847,36.000,2.847,-0.176,0.908,1.342,-0.092,1.938,9.048,2.430
a,109879,0.000,3.733,36.000,3.733,0.483,0.160,0.441,1.740,2.377,9.445,2.131
a,109883,0.000,4.586,36.000,4.586,1.934,0.038,-1.024,0.458,2.191,9.416,2.230
a,109887,0.000,5.400,36.000,5.400,2.549,0.130,-0.001,-1.039,2.139,9.407,2.180
a,109892,0.000,6.166,36.000,6.166,5.361,-0.741,-1.039,0.076,2.150,9.357,2.258
a,109896,0.000,6.878,36.000,6.878,3.999,0.572,1.190,0.076,1.920,9.205,2.274
a,109899,0.000,7.530,36.000,7.530,5.317,0.053,-0.230,-0.932,2.359,9.477,2.114
a,109903,0.000,8.116,36.000,8.116,6.021,-0.252,-0.017,-0.596,2.170,9.124,2.213
a,109907,0.000,8.629,36.000,8.629,8.130,0.145,-0.230,0.381,2.163,9.474,2.233
a,109912,0.000,9.067,36.000,9.067,6.812,0.160,0.212,1.297,2.264,9.373,2.201
a,109916,0.000,9.424,36.000,9.424,7.515,0.817,1.205,1.282,1.857,9.449,2.382
a,109920,0.000,9.698,36.000,9.698,8.262,-0.298,-0.230,0.503,2.415,9.673,2.206
a,109923,0.000,9.885,36.000,9.885,8.877,-0.038,-0.444,-0.596,2.184,9.225,2.243
a,109927,0.000,9.983,36.000,9.983,10.107,0.359,0.319,0.137,2.093,9.360,2.191
a,109931,0.000,9.993,36.000,9.993,10.239,0.145,-0.185,0.213,2.108,9.171,2.379
a,109935,0.000,9.913,36.000,9.913,10.503,0.466,0.823,0.305,2.093,9.311,2.094
a,109940,0.000,9.744,36.000,9.744,11.118,-0.512,-0.872,0.519,2.429,9.560,2.040
a,109944,0.000,9.488,36.000,9.488,11.602,0.038,-0.337,0.015,2.088,9.281,2.449
a,109947,0.000,9.146,36.000,9.146,11.646,0.343,0.533,-0.733,2.217,9.242,2.227
a,109952,0.000,8.722,36.000,8.722,11.646,-0.252,-0.368,0.717,2.326,9.434,2.069
a,109955,0.000,8.218,36.000,8.218,11.602,0.176,-0.352,-0.489,2.100,9.268,2.292
a,109959,0.000,7.640,36.000,7.640,11.733,0.160,-0.169,-0.764,2.280,9.358,2.197
a,109963,0.000,6.993,36.000,6.993,11.733,0.084,0.136,-0.000,2.215,9.294,2.233
a,109967,0.000,6.282,36.000,6.282,11.733,0.069,0.411,-1.268,2.163,9.307,2.179
a,109971,0.000,5.513,36.000,5.513,11.777,0.038,-0.597,0.458,2.393,9.377,2.188
a,109975,0.000,4.694,36.000,4.694,11.733,0.069,0.090,-1.252,2.043,9.251,2.252
a,109979,0.000,3.832,36.000,3.832,11.646,-0.252,0.396,0.641,2.179,9.310,2.201
a,109983,0.000,2.935,36.000,2.935,11.118,-0.512,-0.078,-0.046,2.115,9.457,2.388
a,109987,0.000,2.010,36.000,2.010,10.415,0.176,-0.673,-0.428,2.625,9.345,2.191
a,109991,0.000,1.066,36.000,1.066,13.096,-1.031,-2.230,-0.657,2.417,9.633,1.963
a,109995,0.000,0.112,36.000,0.112,8.965,1.000,0.411,-0.840,1.864,9.103,2.385
a,110000,0.000,-0.844,36.000,-0.844,8.921,-0.252,0.518,-0.932,2.175,9.529,2.144
a,110003,0.000,-1.793,36.000,-1.793,7.734,0.252,0.808,0.305,2.257,9.287,2.373
a,110007,0.000,-2.726,36.000,-2.726,10.459,-0.069,-0.169,-0.321,2.513,9.436,2.096
a,110011,0.000,-3.634,36.000,-3.634,9.097,-1.290,-2.734,0.473,2.522,9.369,2.016
a,110015,0.000,-4.510,36.000,-4.510,9.580,-0.069,0.212,0.320,1.726,9.145,2.379
a,110019,0.000,-5.345,36.000,-5.345,5.405,0.359,1.083,0.290,2.173,9.412,2.283
a,110023,0.000,-6.131,36.000,-6.131,4.131,0.359,1.128,0.778,2.217,9.546,2.265
a,110027,0.000,-6.861,36.000,-6.861,6.108,0.069,-1.162,-1.130,2.697,9.461,2.035
a,110031,0.000,-7.528,36.000,-7.528,2.637,-1.229,-2.230,0.717,2.265,9.408,2.093
a,110035,0.000,-8.125,36.000,-8.125,1.934,0.511,0.915,-0.153,1.883,9.193,2.362
a,110039,0.000,-8.648,36.000,-8.648,0.439,0.679,2.151,-0.000,2.028,9.329,2.064
a,110043,0.000,-9.091,36.000,-9.091,-0.176,0.679,0.121,0.320,2.613,9.313,2.227
a,110048,0.000,-9.450,36.000,-9.450,-1.450,-0.710,-1.482,-0.397,2.233,9.416,2.023
a,110052,0.000,-9.721,36.000,-9.721,1.187,0.023,-1.009,-0.458,2.155,9.360,2.303
a,110055,0.000,-9.902,36.000,-9.902,-2.285,0.237,1.495,-0.581,1.833,9.184,2.258
a,110059,0.000,-9.991,36.000,-9.991,-2.856,0.252,1.480,0.564,2.284,9.546,2.363
a,110063,0.000,-9.986,36.000,-9.986,-3.120,-0.283,-0.062,1.435,2.466,9.480,2.090
a,110067,0.000,-9.888,36.000,-9.888,-3.691,-0.298,-1.436,-0.016,2.388,9.357,2.128
a,110071,0.000,-9.697,36.000,-9.697,-4.263,-0.252,-0.765,-0.458,2.106,9.321,2.156
a,110075,0.000,-9.415,36.000,-9.415,-4.526,0.405,0.854,-0.504,1.969,9.315,2.292
a,110080,0.000,-9.045,36.000,-9.045,-1.011,0.634,1.373,0.839,2.218,9.303,2.294
a,110084,0.000,-8.589,36.000,-8.589,-4.966,-0.130,-0.337,0.610,2.405,9.446,2.077
a,110087,0.000,-8.053,36.000,-8.053,-4.570,-0.359,-0.765,-0.581,2.280,9.328,2.209
a,110091,0.000,-7.440,36.000,-7.440,-4.526,-0.252,-0.383,-0.703,2.191,9.335,2.211
a,110095,0.000,-6.756,36.000,-6.756,-4.526,0.084,0.533,0.626,2.052,9.312,2.253
a,110099,0.000,-6.008,36.000,-6.008,-4.526,0.405,0.884,0.778,2.290,9.316,2.205
a,110103,0.000,-5.203,36.000,-5.203,-4.482,-0.084,-0.734,-1.222,2.386,9.364,2.119
a,110107,0.000,-4.348,36.000,-4.348,-4.570,-0.023,-0.505,-0.153,2.160,9.315,2.236
a,110111,0.000,-3.452,36.000,-3.452,-4.526,0.084,0.044,0.152,2.134,9.299,2.223
a,110115,0.000,-2.521,36.000,-2.521,-2.417,0.145,0.609,0.473,2.113,9.313,2.237
a,110119,0.000,-1.567,36.000,-1.567,-4.438,-0.542,-0.994,-1.176,2.241,9.372,2.174
a,110123,0.000,-0.596,36.000,-0.596,-3.164,0.466,0.319,0.198,2.152,9.124,2.288
a,110127,0.000,0.380,36.000,0.380,-2.900,0.527,0.533,-0.245,2.033,9.307,2.138
a,110131,0.000,1.354,36.000,1.354,-1.802,-0.084,-0.948,-0.413,2.673,9.236,2.271
a,110136,0.000,2.315,36.000,2.315,2.769,0.237,-0.566,-1.466,2.186,9.234,2.249
a,110139,0.000,3.255,36.000,3.255,-0.220,-0.298,-0.185,0.167,2.170,9.240,2.122
a,110143,0.000,4.164,36.000,4.164,0.352,0.343,-0.001,-0.550,1.982,9.291,2.303
a,110147,0.000,5.034,36.000,5.034,1.846,0.893,1.144,-0.000,2.331,8.971,2.230
a,110152,0.000,5.856,36.000,5.856,3.384,0.145,0.732,0.030,2.076,9.303,2.004
a,110156,0.000,6.622,36.000,6.622,3.296,-0.084,-0.383,-0.855,2.436,9.213,2.290
a,110159,0.000,7.325,36.000,7.325,4.087,-0.466,-0.673,-0.520,2.020,9.243,2.313
a,110163,0.000,7.957,36.000,7.957,7.471,0.023,-0.246,-0.596,2.302,9.522,2.240
a,110167,0.000,8.514,36.000,8.514,6.196,0.450,1.128,-0.901,1.905,9.270,2.246
a,110171,0.000,8.988,36.000,8.988,6.812,0.038,-0.398,-0.153,2.217,9.311,2.313
a,110176,0.000,9.375,36.000,9.375,10.151,0.359,0.976,0.396,2.224,9.125,2.204
a,110180,0.000,9.672,36.000,9.672,8.218,-0.313,-0.505,-1.237,2.116,9.431,2.071
a,110184,0.000,9.875,36.000,9.875,20.039,0.527,0.380,0.580,2.271,9.148,2.327
a,110187,0.000,9.982,36.000,9.982,9.009,0.511,0.304,-0.458,2.128,9.321,2.236
a,110191,0.000,9.992,36.000,9.992,9.492,-0.206,-0.246,-0.749,2.361,9.212,2.309
a,110195,0.000,9.905,36.000,9.905,9.668,0.038,-1.146,0.778,2.461,9.252,2.161
a,110199,0.000,9.721,36.000,9.721,10.283,-0.191,0.044,-0.214,1.966,9.418,2.221
a,110203,0.000,9.442,36.000,9.442,13.140,0.435,1.953,1.328,1.745,8.771,2.134
a,110207,0.000,9.070,36.000,9.070,10.503,0.618,0.640,-0.504,2.804,9.443,1.654
a,110211,0.000,8.609,36.000,8.609,10.854,0.267,0.350,-2.199,2.082,9.310,1.921
a,110215,0.000,8.063,36.000,8.063,10.503,-0.053,-0.444,1.114,2.555,9.400,2.407
a,110219,0.000,7.438,36.000,7.438,10.898,0.084,-0.551,0.106,1.967,9.374,2.325
a,110223,0.000,6.739,36.000,6.739,10.942,0.557,0.625,-0.626,2.199,9.292,2.271
a,110227,0.000,5.973,36.000,5.973,10.854,-0.237,-0.276,0.274,2.375,9.385,2.094
a,110232,0.000,5.148,36.000,5.148,13.271,0.359,0.472,-0.184,2.017,9.228,2.296
a,110235,0.000,4.271,36.000,4.271,10.942,-0.191,-0.383,-0.153,2.357,9.482,2.093
a,110239,0.000,3.352,36.000,3.352,10.986,-0.466,-0.078,-0.428,2.070,9.407,2.017
a,110243,0.000,2.399,36.000,2.399,13.271,0.328,1.296,-0.581,2.037,9.323,2.206
a,110247,0.000,1.421,36.000,1.421,9.844,0.206,0.426,1.190,2.516,9.522,2.330
a,110251,0.000,0.429,36.000,0.429,9.448,-0.405,-1.162,-0.245,2.195,9.413,1.967
a,110256,0.000,-0.568,36.000,-0.568,8.789,-0.283,-0.612,0.946,2.106,9.346,2.303
a,110260,0.000,-1.560,36.000,-1.560,8.042,-0.130,0.533,-0.168,2.041,9.383,2.284
a,110263,0.000,-2.538,36.000,-2.538,7.031,0.572,1.083,0.396,2.253,9.210,2.227
a,110267,0.000,-3.490,36.000,-3.490,6.899,-0.634,-1.055,-0.199,2.504,9.537,1.869
a,110271,0.000,-4.408,36.000,-4.408,6.196,-0.237,-0.841,-0.031,2.194,9.205,2.312
a,110275,0.000,-5.283,36.000,-5.283,6.284,-0.252,-0.490,-0.749,2.124,9.339,2.144
a,110280,0.000,-6.106,36.000,-6.106,4.087,0.542,1.739,0.931,1.986,9.346,2.338
a,110284,0.000,-6.867,36.000,-6.867,3.384,0.145,-0.246,0.106,2.601,9.408,2.114
a,110288,0.000,-7.561,36.000,-7.561,2.505,-0.634,-1.039,-0.138,2.303,9.285,2.116
a,110291,0.000,-8.178,36.000,-8.178,1.846,0.145,-0.658,-0.260,2.157,9.276,2.246
a,110295,0.000,-8.714,36.000,-8.714,0.527,-0.069,0.762,0.320,1.973,9.422,2.096
a,110299,0.000,-9.162,36.000,-9.162,1.802,0.588,1.251,1.603,2.326,9.321,2.278
a,110303,0.000,-9.518,36.000,-9.518,0.659,-0.344,-0.398,0.015,2.359,9.443,1.961
a,110307,0.000,-9.778,36.000,-9.778,-1.538,-0.191,-0.948,-0.031,2.444,9.349,2.235
a,110311,0.000,-9.939,36.000,-9.939,-1.714,-0.298,-0.169,0.122,2.031,9.388,2.154
a,110315,0.000,-10.000,36.000,-10.000,-2.461,-0.023,0.732,-0.123,2.133,9.329,2.303
a,110319,0.000,-9.958,36.000,-9.958,-2.988,0.298,0.869,0.412,2.319,9.400,2.186
a,110323,0.000,-9.816,36.000,-9.816,-3.164,0.145,-0.566,0.015,2.326,9.285,2.116
a,110327,0.000,-9.574,36.000,-9.574,-4.307,-0.237,-0.673,0.244,2.295,9.412,2.246
a,110331,0.000,-9.234,36.000,-9.234,-4.482,0.084,-0.276,0.641,2.116,9.378,2.316
a,110335,0.000,-8.799,36.000,-8.799,-4.614,0.145,0.365,-0.397,2.193,9.365,2.192
a,110340,0.000,-8.275,36.000,-8.275,-4.614,0.282,0.518,-0.626,2.224,9.349,2.249
a,110343,0.000,-7.665,36.000,-7.665,-4.614,-0.084,-0.169,-0.855,2.272,9.377,2.131
a,110347,0.000,-6.977,36.000,-6.977,-4.526,-0.313,-0.459,-1.084,2.296,9.328,2.233
a,110352,0.000,-6.216,36.000,-6.216,-4.526,0.069,-0.185,-0.550,2.150,9.336,2.219
a,110355,0.000,-5.391,36.000,-5.391,-4.570,0.084,0.640,0.732,2.157,9.304,2.248
a,110359,0.000,-4.510,36.000,-4.510,-4.614,0.298,0.029,0.213,2.292,9.394,2.195
a,110363,0.000,-3.582,36.000,-3.582,-4.526,-0.191,-0.352,-0.153,2.297,9.335,2.185
a,110367,0.000,-2.617,36.000,-2.617,-4.922,-0.695,-1.116,0.076,2.424,9.279,2.055
a,110372,0.000,-1.624,36.000,-1.624,-3.955,-0.069,-0.459,-0.321,1.988,9.278,2.131
a,110376,0.000,-0.613,36.000,-0.613,-0.439,0.313,1.785,0.870,1.835,9.300,2.484
a,110380,0.000,0.404,36.000,0.404,0.396,0.237,0.640,-0.016,2.450,9.401,2.128
a,110383,0.000,1.418,36.000,1.418,-1.802,0.038,-1.101,0.412,2.350,9.603,2.022
a,110388,0.000,2.418,36.000,2.418,2.505,-0.084,-1.101,-0.352,2.455,9.273,2.203
a,110391,0.000,3.394,36.000,3.394,-0.176,-0.344,-0.429,0.610,2.128,9.410,2.051
a,110396,0.000,4.334,36.000,4.334,0.527,0.374,1.022,1.343,1.872,9.268,2.375
a,110399,0.000,5.231,36.000,5.231,1.890,0.511,1.235,-0.474,2.573,9.363,2.195
a,110403,0.000,6.073,36.000,6.073,2.505,-0.237,-0.352,0.015,2.399,9.565,1.937
a,110407,0.000,6.852,36.000,6.852,3.911,-0.328,-1.375,-1.817,2.333,9.287,2.258
a,110411,0.000,7.560,36.000,7.560,4.087,-0.038,-0.627,-0.458,2.002,9.220,2.316
a,110415,0.000,8.190,36.000,8.190,5.229,0.618,1.067,-0.474,2.067,9.166,2.259
a,110419,0.000,8.734,36.000,8.734,6.108,0.313,1.190,0.885,2.069,9.348,2.160
a,110423,0.000,9.187,36.000,9.187,8.306,-0.298,-1.330,-0.077,2.367,9.292,2.201
a,110427,0.000,9.543,36.000,9.543,7.383,-0.069,0.396,0.534,2.121,9.164,2.246
a,110431,0.000,9.799,36.000,9.799,8.306,-0.237,0.365,-0.123,2.069,9.333,2.064
a,110435,0.000,9.952,36.000,9.952,8.877,0.801,1.464,0.839,2.132,9.085,2.322
a,110439,0.000,10.000,36.000,10.000,9.580,0.084,0.625,-0.397,2.139,9.310,2.206
a,110443,0.000,9.942,36.000,9.942,10.415,-0.512,-0.612,0.626,2.466,9.280,2.024
a,110448,0.000,9.779,36.000,9.779,10.854,0.053,0.258,1.038,2.023,9.191,2.237
a,110451,0.000,9.513,36.000,9.513,16.699,-0.237,-0.246,0.061,2.265,9.364,2.182
a,110455,0.000,9.145,36.000,9.145,11.514,0.634,0.869,-0.260,2.043,9.268,2.252
a,110459,0.000,8.680,36.000,8.680,11.646,0.084,0.151,0.152,2.331,9.388,2.100
a,110463,0.000,8.122,36.000,8.122,11.733,-0.389,-0.658,1.175,2.284,9.325,2.242
a,110467,0.000,7.477,36.000,7.477,11.733,-0.023,-0.078,-0.107,2.113,9.248,2.248
a,110471,0.000,6.752,36.000,6.752,11.777,0.114,0.289,-1.878,2.162,9.319,2.227
a,110475,0.000,5.955,36.000,5.955,11.777,0.405,0.808,-1.054,2.181,9.299,2.242
a,110479,0.000,5.093,36.000,5.093,11.821,-0.130,-0.352,-0.153,2.492,9.397,2.131
a,110483,0.000,4.176,36.000,4.176,11.689,-0.298,-0.490,0.167,2.116,9.273,2.191
a,110487,0.000,3.214,36.000,3.214,14.678,-0.237,-0.017,0.061,2.070,9.254,2.286
a,110492,0.000,2.217,36.000,2.217,11.118,0.542,1.617,0.992,2.162,9.069,2.053
a,110496,0.000,1.195,36.000,1.195,11.206,-0.450,-0.887,-0.199,2.522,9.489,2.045
a,110500,0.000,0.160,36.000,0.160,9.624,-0.908,-1.268,-0.199,2.246,9.243,2.306
a,110503,0.000,-0.878,36.000,-0.878,9.844,0.145,0.197,-0.397,2.088,9.408,2.271
a,110507,0.000,-1.907,36.000,-1.907,10.503,0.099,0.319,1.129,2.218,9.407,2.192
a,110511,0.000,-2.915,36.000,-2.915,8.086,0.679,1.999,0.106,1.981,9.114,2.233
a,110515,0.000,-3.894,36.000,-3.894,8.789,-0.191,-0.123,0.610,2.624,9.386,2.081
a,110519,0.000,-4.830,36.000,-4.830,6.855,-0.741,-1.910,0.427,2.284,9.412,2.017
a,110524,0.000,-5.715,36.000,-5.715,5.581,0.191,0.762,0.412,2.037,9.195,2.243
a,110528,0.000,-6.538,36.000,-6.538,4.175,-0.069,1.190,0.473,1.960,9.561,2.167
a,110532,0.000,-7.291,36.000,-7.291,6.196,0.572,-0.017,-0.336,2.714,9.257,2.227
a,110535,0.000,-7.964,36.000,-7.964,3.999,-1.122,-1.497,-0.000,2.326,9.580,1.846
a,110540,0.000,-8.552,36.000,-8.552,1.362,-0.344,-0.933,0.290,2.039,9.268,2.382
a,110543,0.000,-9.046,36.000,-9.046,0.396,0.572,1.617,0.549,1.951,9.188,2.248
a,110548,0.000,-9.442,36.000,-9.442,-0.308,0.618,1.342,-0.749,2.333,9.388,2.249
a,110551,0.000,-9.734,36.000,-9.734,-1.494,0.038,0.380,0.641,2.255,9.358,2.002
a,110555,0.000,-9.920,36.000,-9.920,-0.791,-0.237,-1.101,0.290,2.321,9.284,2.195
a,110559,0.000,-9.998,36.000,-9.998,-2.241,-0.130,-0.337,0.885,2.079,9.236,2.242
a,110563,0.000,-9.965,36.000,-9.965,-2.988,0.572,0.869,0.412,1.930,9.163,2.398
a,110567,0.000,-9.823,36.000,-9.823,-3.120,0.466,0.869,-0.031,2.339,9.316,2.145
a,110571,0.000,-9.572,36.000,-9.572,-3.560,-0.313,-0.673,-0.520,2.411,9.353,2.108
a,110575,0.000,-9.216,36.000,-9.216,-4.307,-0.069,-0.948,0.183,2.230,9.312,2.198
a,110579,0.000,-8.758,36.000,-8.758,-4.395,-0.038,-0.246,-0.642,2.082,9.221,2.207
a,110583,0.000,-8.202,36.000,-8.202,-4.438,0.359,0.808,-0.077,2.085,9.270,2.350
a,110587,0.000,-7.555,36.000,-7.555,-4.438,0.191,0.518,-0.184,2.303,9.306,2.144
a,110591,0.000,-6.824,36.000,-6.824,-4.395,-0.145,-0.505,-1.023,2.370,9.378,2.103
a,110595,0.000,-6.017,36.000,-6.017,-2.505,-0.038,-0.673,-1.115,2.243,9.318,2.215
a,110600,0.000,-5.142,36.000,-5.142,-4.438,-0.069,0.274,0.427,2.097,9.336,2.215
a,110603,0.000,-4.210,36.000,-4.210,-4.482,0.237,0.686,-0.565,2.166,9.286,2.253
a,110607,0.000,-3.230,36.000,-3.230,-4.438,0.145,0.243,-0.245,2.312,9.300,2.151
a,110611,0.000,-2.213,36.000,-2.213,-2.373,0.252,-0.429,0.641,2.194,9.276,2.114
a,110615,0.000,-1.171,36.000,-1.171,-2.285,-0.405,-1.146,0.290,2.110,9.434,2.264
a,110619,0.000,-0.115,36.000,-0.115,-3.120,-0.023,0.793,-0.062,1.782,9.215,2.465
a,110623,0.000,0.943,36.000,0.943,-2.900,1.504,1.464,0.274,2.368,9.404,2.115
a,110627,0.000,1.991,36.000,1.991,-1.626,0.023,0.304,-1.252,2.033,9.422,2.029
a,110631,0.000,3.018,36.000,3.018,4.087,-0.069,-1.268,-0.245,2.510,9.207,2.342
a,110635,0.000,4.011,36.000,4.011,3.164,-0.145,-0.398,-0.642,2.018,9.246,2.083
a,110639,0.000,4.959,36.000,4.959,0.615,0.420,1.113,-0.031,1.924,9.049,2.351
a,110643,0.000,5.852,36.000,5.852,2.065,0.817,2.289,1.267,2.259,9.110,2.300
a,110648,0.000,6.680,36.000,6.680,3.164,-0.450,-0.627,-0.092,2.513,9.380,2.039
a,110652,0.000,7.433,36.000,7.433,3.955,-0.420,-1.330,-0.611,2.300,9.177,2.278
a,110655,0.000,8.102,36.000,8.102,4.790,-0.573,-0.673,0.030,2.084,9.280,2.253
a,110659,0.000,8.679,36.000,8.679,6.064,0.359,1.510,-0.367,1.926,9.173,2.380
a,110663,0.000,9.158,36.000,9.158,6.724,0.023,0.793,-0.657,2.265,9.334,2.116
a,110667,0.000,9.534,36.000,9.534,6.943,-0.344,-0.123,0.503,2.313,9.195,2.328
a,110672,0.000,9.801,36.000,9.801,8.262,-0.344,-0.444,-0.046,2.215,9.374,2.102
a,110675,0.000,9.957,36.000,9.957,19.600,-0.573,-0.398,-0.107,2.043,9.416,2.298
a,110679,0.000,9.999,36.000,9.999,9.097,0.801,0.518,0.137,2.072,9.421,2.296
a,110684,0.000,9.927,36.000,9.927,9.712,0.282,0.533,-0.504,2.611,9.427,2.116
a,110688,0.000,9.741,36.000,9.741,10.371,-0.695,-1.742,-0.016,2.380,9.391,1.967
a,110692,0.000,9.444,36.000,9.444,10.371,0.832,-1.162,-0.810,1.930,9.465,2.002
a,110695,0.000,9.037,36.000,9.037,10.898,-0.420,0.655,2.503,2.886,9.353,2.175
a,110699,0.000,8.527,36.000,8.527,10.854,-0.512,0.243,-0.168,1.587,9.604,2.719
a,110703,0.000,7.919,36.000,7.919,10.898,0.359,0.243,-0.291,2.497,9.434,2.573
a,110707,0.000,7.218,36.000,7.218,10.986,-1.015,-1.894,0.916,2.619,9.408,1.861
a,110711,0.000,6.434,36.000,6.434,10.854,0.664,0.472,-0.504,1.733,9.036,2.252
a,110715,0.000,5.576,36.000,5.576,10.898,0.099,0.441,0.961,2.467,9.445,2.067
a,110719,0.000,4.652,36.000,4.652,10.898,0.252,0.243,-0.016,2.025,9.402,2.332
a,110723,0.000,3.674,36.000,3.674,10.942,0.511,0.090,-1.145,2.377,9.357,2.253
a,110727,0.000,2.652,36.000,2.652,10.986,-1.290,-1.375,0.106,2.468,9.386,2.298
a,110731,0.000,1.599,36.000,1.599,10.898,0.069,0.365,-0.947,1.845,9.242,2.106
a,110735,0.000,0.527,36.000,0.527,12.305,0.740,2.380,0.198,2.085,9.216,1.987
a,110739,0.000,-0.552,36.000,-0.552,9.492,-0.573,-0.826,0.458,2.453,9.461,1.919
a,110743,0.000,-1.625,36.000,-1.625,8.921,-0.099,-0.627,-1.710,2.043,9.185,2.194
a,110748,0.000,-2.680,36.000,-2.680,8.130,-0.802,-1.620,-0.550,2.312,9.440,2.191
a,110752,0.000,-3.705,36.000,-3.705,6.899,0.817,1.632,1.267,1.763,9.085,2.446
a,110755,0.000,-4.687,36.000,-4.687,11.646,-0.023,1.006,-0.138,2.312,9.312,2.067
a,110759,0.000,-5.614,36.000,-5.614,9.668,-0.374,-0.444,-0.642,2.551,9.323,2.041
a,110763,0.000,-6.476,36.000,-6.476,4.702,-0.695,-1.711,-0.123,2.134,9.444,2.243
a,110767,0.000,-7.263,36.000,-7.263,3.823,0.359,1.022,0.122,2.193,9.214,2.336
a,110772,0.000,-7.965,36.000,-7.965,4.790,-0.405,-0.185,0.015,2.124,9.565,2.011
a,110776,0.000,-8.573,36.000,-8.573,1.362,0.450,0.197,-0.672,2.491,9.197,2.316
a,110780,0.000,-9.081,36.000,-9.081,2.461,-0.435,-0.215,1.435,2.264,9.391,1.991
a,110783,0.000,-9.482,36.000,-9.482,-0.308,0.176,-0.841,-1.023,2.395,9.280,2.309
a,110788,0.000,-9.771,36.000,-9.771,-1.494,0.038,0.732,0.106,1.954,9.272,2.138
a,110791,0.000,-9.944,36.000,-9.944,-1.758,0.252,0.869,0.793,2.246,9.293,2.354
a,110796,0.000,-10.000,36.000,-10.000,2.021,0.084,-0.185,-0.168,2.186,9.388,2.099
a,110799,0.000,-9.937,36.000,-9.937,-3.076,-0.023,-0.612,0.412,2.471,9.366,2.188
a,110803,0.000,-9.756,36.000,-9.756,-3.647,-0.344,-1.009,-0.306,2.186,9.392,2.093
a,110807,0.000,-9.459,36.000,-9.459,-4.351,0.298,0.243,-0.291,2.109,9.245,2.286
a,110811,0.000,-9.048,36.000,-9.048,-4.482,0.420,0.686,0.198,2.240,9.269,2.213
a,110815,0.000,-8.530,36.000,-8.530,-4.570,0.023,0.136,-0.978,2.274,9.233,2.186
a,110819,0.000,-7.909,36.000,-7.909,-4.966,-0.069,-0.337,-0.107,2.266,9.351,2.194
a,110823,0.000,-7.194,36.000,-7.194,-4.966,-0.298,-0.673,-0.352,2.277,9.331,2.237
a,110827,0.000,-6.391,36.000,-6.391,-4.966,0.069,0.243,-1.008,2.079,9.306,2.198
a,110831,0.000,-5.512,36.000,-5.512,-4.966,0.145,0.594,0.305,2.213,9.319,2.248
a,110835,0.000,-4.566,36.000,-4.566,-5.010,-0.069,-0.185,-0.214,2.267,9.284,2.156
a,110839,0.000,-3.564,36.000,-3.564,-4.966,0.191,-0.398,0.106,2.257,9.222,2.207
a,110843,0.000,-2.518,36.000,-2.518,0.483,-0.206,-1.436,-0.886,2.265,9.489,2.103
a,110848,0.000,-1.442,36.000,-1.442,-4.438,-0.908,-0.154,-0.840,2.077,9.398,2.100
a,110852,0.000,-0.348,36.000,-0.348,-3.120,-0.023,1.602,0.183,1.792,9.317,2.448
a,110855,0.000,0.752,36.000,0.752,-2.900,0.664,1.586,2.366,2.430,9.395,2.088
a,110859,0.000,1.843,36.000,1.843,-2.153,-0.695,-0.734,-0.031,2.087,9.450,2.051
a,110863,0.000,2.912,36.000,2.912,0.000,0.282,-0.887,-0.596,2.383,9.195,2.379
a,110867,0.000,3.947,36.000,3.947,-0.352,-1.397,-1.864,0.809,2.035,9.450,2.017
a,110871,0.000,4.935,36.000,4.935,4.087,1.168,1.877,-0.016,1.782,9.084,2.512
a,110875,0.000,5.863,36.000,5.863,1.362,0.160,0.701,1.129,2.471,9.458,2.081
a,110879,0.000,6.720,36.000,6.720,5.537,-0.206,-0.246,-1.405,2.142,9.121,2.069
a,110883,0.000,7.496,36.000,7.496,3.428,-0.267,-0.856,2.534,2.312,9.404,2.303
a,110887,0.000,8.180,36.000,8.180,4.087,-0.344,-0.673,-0.352,2.093,9.452,2.248
a,110891,0.000,8.766,36.000,8.766,10.503,0.359,1.022,0.671,1.908,9.324,2.200
a,110895,0.000,9.244,36.000,9.244,6.680,0.466,0.518,0.030,2.473,9.395,2.061
a,110900,0.000,9.609,36.000,9.609,7.031,-0.908,-0.826,0.244,2.237,9.345,2.334
a,110904,0.000,9.856,36.000,9.856,10.986,0.130,-0.734,-1.023,2.321,9.408,2.134
a,110908,0.000,9.983,36.000,9.983,8.789,0.145,0.212,0.626,2.157,9.421,2.237
a,110911,0.000,9.986,36.000,9.986,11.821,0.267,1.128,1.068,2.082,9.137,2.236
a,110915,0.000,9.867,36.000,9.867,9.536,-0.023,-0.490,0.335,2.444,9.359,2.006
a,110919,0.000,9.625,36.000,9.625,10.283,0.267,-0.001,1.313,2.084,9.349,2.087
a,110923,0.000,9.265,36.000,9.265,10.415,-0.298,-0.062,0.274,2.230,9.480,2.252
a,110927,0.000,8.790,36.000,8.790,10.986,-0.206,-0.780,-0.413,2.375,9.260,2.188
a,110931,0.000,8.205,36.000,8.205,11.162,0.298,1.403,0.229,1.969,9.325,2.064
a,110936,0.000,7.518,36.000,7.518,11.206,-0.038,-0.352,-0.703,2.391,9.412,2.084
a,110940,0.000,6.737,36.000,6.737,11.602,-0.191,-0.108,1.648,2.271,9.266,2.338
a,110944,0.000,5.872,36.000,5.872,14.019,0.359,0.136,-0.123,2.075,9.434,2.188
a,110947,0.000,4.934,36.000,4.934,11.646,-0.252,-0.887,-0.413,2.476,9.416,2.112
a,110951,0.000,3.933,36.000,3.933,14.546,0.069,-0.185,-1.588,2.089,9.349,2.242
a,110955,0.000,2.882,36.000,2.882,11.206,0.252,0.090,-0.382,2.140,9.354,2.223
a,110959,0.000,1.795,36.000,1.795,15.205,-0.023,0.518,-0.062,2.266,9.352,2.224
a,110963,0.000,0.685,36.000,0.685,11.646,-0.115,0.716,1.313,2.204,9.353,2.269
a,110967,0.000,-0.435,36.000,-0.435,12.349,-0.847,-1.650,0.259,2.477,9.707,2.055
a,110971,0.000,-1.550,36.000,-1.550,11.733,0.405,-0.291,-0.550,2.191,9.048,2.433
a,110975,0.000,-2.647,36.000,-2.647,8.745,-0.557,-0.139,0.519,2.100,9.488,2.115
a,110979,0.000,-3.710,36.000,-3.710,7.646,0.634,1.449,-0.199,2.090,9.188,2.307
a,110983,0.000,-4.728,36.000,-4.728,11.602,-0.038,-0.246,-0.428,2.417,9.507,2.016
a,110987,0.000,-5.687,36.000,-5.687,6.152,-0.344,-0.612,0.564,2.327,9.303,2.213
a,110991,0.000,-6.574,36.000,-6.574,4.922,-0.573,-0.856,0.412,2.006,9.299,2.248
a,110996,0.000,-7.379,36.000,-7.379,3.867,0.863,1.403,1.389,2.119,9.041,2.309
a,111000,0.000,-8.091,36.000,-8.091,2.681,-0.206,0.029,-0.749,2.152,9.535,2.010
a,111003,0.000,-8.700,36.000,-8.700,1.890,0.527,0.106,0.320,2.345,9.098,2.379
a,111007,0.000,-9.200,36.000,-9.200,0.396,-0.527,-0.948,-1.069,2.137,9.610,1.917
a,111012,0.000,-9.583,36.000,-9.583,-0.308,0.130,-0.673,-0.596,2.334,9.319,2.298
a,111015,0.000,-9.844,36.000,-9.844,-1.626,0.084,0.625,-0.397,1.814,9.178,2.236
a,111020,0.000,-9.980,36.000,-9.980,-2.197,-0.237,0.304,-0.382,2.339,9.353,2.345
a,111024,0.000,-9.988,36.000,-9.988,-2.944,0.023,0.365,-0.443,2.269,9.248,1.852
a,111028,0.000,-9.869,36.000,-9.869,-3.164,-0.573,-0.994,0.839,2.199,9.355,2.248
a,111031,0.000,-9.623,36.000,-9.623,-3.867,-0.313,-0.352,-1.298,2.108,9.284,2.274
a,111035,0.000,-9.254,36.000,-9.254,-4.570,0.313,0.609,1.022,2.175,9.331,2.224
a,111039,0.000,-8.765,36.000,-8.765,-4.614,-0.008,0.228,-0.367,2.198,9.292,2.209
a,111043,0.000,-8.164,36.000,-8.164,-4.570,-0.008,-0.123,1.542,2.277,9.236,2.230
a,111047,0.000,-7.458,36.000,-7.458,-4.570,0.023,-0.185,-1.405,2.248,9.324,2.131
a,111052,0.000,-6.654,36.000,-6.654,-4.658,0.160,0.121,0.977,2.146,9.268,2.224
a,111055,0.000,-5.765,36.000,-5.765,-4.922,0.237,0.365,-1.115,2.155,9.300,2.237
a,111059,0.000,-4.800,36.000,-4.800,-4.570,0.160,-0.123,-1.252,2.288,9.353,2.205
a,111064,0.000,-3.773,36.000,-3.773,-4.526,0.084,-0.261,0.748,2.240,9.299,2.195
a,111067,0.000,-2.696,36.000,-2.696,-1.494,0.069,-0.780,-0.916,2.411,9.147,2.045
a,111071,0.000,-1.583,36.000,-1.583,-1.758,-0.084,-1.055,-1.283,2.061,9.315,2.150
a,111075,0.000,-0.450,36.000,-0.450,-3.208,-0.069,0.701,0.702,1.876,9.360,2.417
a,111079,0.000,0.691,36.000,0.691,2.461,0.542,0.869,1.297,2.203,9.524,2.298
a,111083,0.000,1.823,36.000,1.823,-2.241,-0.191,-0.276,0.396,2.653,9.221,1.992
a,111087,0.000,2.932,36.000,2.932,0.659,-0.450,-0.230,0.503,2.102,9.213,2.067
a,111091,0.000,4.004,36.000,4.004,-0.923,-0.298,-0.123,0.442,2.002,9.115,2.330
a,111095,0.000,5.024,36.000,5.024,0.659,0.572,0.793,-0.184,2.083,9.261,2.344
a,111099,0.000,5.979,36.000,5.979,1.274,0.466,0.793,-0.245,2.224,9.450,2.267
a,111103,0.000,6.856,36.000,6.856,2.505,-0.038,-0.246,-0.428,2.168,9.334,2.093
a,111107,0.000,7.643,36.000,7.643,6.768,0.355,-0.869,0.308,2.510,9.134,2.204
a,111111,0.000,8.331,36.000,8.331,4.570,-0.042,-0.075,-1.005,1.845,9.220,2.157
a,111116,0.000,8.910,36.000,8.910,6.064,0.355,0.582,0.063,2.241,9.313,2.267
a,111119,0.000,9.372,36.000,9.372,6.680,0.080,0.307,-0.105,2.315,9.147,2.046
a,111123,0.000,9.710,36.000,9.710,8.921,-0.699,-1.205,0.323,2.176,9.237,2.369
a,111127,0.000,9.920,36.000,9.920,11.030,0.660,0.154,-0.578,2.259,9.090,2.227
a,111131,0.000,9.999,36.000,9.999,8.921,0.370,0.643,1.224,2.142,9.222,2.157
a,111135,0.000,9.946,36.000,9.946,9.492,-0.409,-0.457,0.033,2.002,9.400,2.236
a,111139,0.000,9.761,36.000,9.761,10.239,0.187,0.444,0.491,2.333,8.991,2.316
a,111143,0.000,9.446,36.000,9.446,10.547,-0.348,0.200,-0.150,2.133,9.388,2.016
a,111147,0.000,9.006,36.000,9.006,12.568,-0.409,-0.457,-0.181,2.327,9.251,2.283
a,111152,0.000,8.445,36.000,8.445,11.030,0.187,-0.014,-0.196,2.201,9.330,2.163
a,111155,0.000,7.771,36.000,7.771,11.118,0.034,-0.075,-0.135,2.255,9.331,2.267
a,111159,0.000,6.993,36.000,6.993,11.162,-0.073,-0.334,0.689,2.295,9.331,2.138
a,111163,0.000,6.122,36.000,6.122,11.250,0.095,0.444,1.544,2.095,9.254,2.284
a,111167,0.000,5.167,36.000,5.167,11.602,0.034,0.322,0.231,2.210,9.406,2.175
a,111171,0.000,4.143,36.000,4.143,11.558,-0.027,-0.228,0.521,2.385,9.261,2.195
a,111176,0.000,3.063,36.000,3.063,11.250,-0.454,-0.396,0.140,2.186,9.365,2.109
a,111180,0.000,1.941,36.000,1.941,11.118,-0.134,0.108,0.796,2.103,9.190,2.261
a,111184,0.000,0.791,36.000,0.791,10.459,0.630,2.276,0.186,1.936,9.200,2.150
a,111187,0.000,-0.369,36.000,-0.369,13.140,-0.256,-0.563,-0.440,2.703,9.522,1.982
a,111191,0.000,-1.525,36.000,-1.525,9.053,-0.180,-1.281,0.079,2.270,9.238,2.283
a,111195,0.000,-2.662,36.000,-2.662,8.745,0.278,-0.243,-0.746,2.071,9.361,2.286
a,111199,0.000,-3.763,36.000,-3.763,7.646,-0.302,0.811,0.231,2.148,9.470,2.179
a,111203,0.000,-4.814,36.000,-4.814,6.899,0.523,0.673,-0.792,2.436,9.452,2.325
a,111207,0.000,-5.800,36.000,-5.800,6.152,0.095,-0.350,0.628,2.296,9.328,1.970
a,111211,0.000,-6.708,36.000,-6.708,4.658,-0.241,-1.159,-0.166,2.376,9.343,2.223
a,111215,0.000,-7.526,36.000,-7.526,3.472,0.523,1.024,0.201,2.108,9.189,2.283
a,111219,0.000,-8.242,36.000,-8.242,2.681,-0.225,0.215,1.071,2.004,9.486,2.099
a,111223,0.000,-8.846,36.000,-8.846,1.318,0.462,-0.121,0.674,2.533,9.205,2.242
a,111227,0.000,-9.329,36.000,-9.329,0.352,-0.638,-0.243,0.094,2.149,9.462,1.996
a,111232,0.000,-9.686,36.000,-9.686,-0.352,-0.393,-0.762,1.422,2.179,9.307,2.325
a,111235,0.000,-9.910,36.000,-9.910,-1.538,0.446,0.521,-1.295,2.137,9.203,2.115
a,111239,0.000,-9.999,36.000,-9.999,-2.197,-0.134,0.429,0.460,2.206,9.424,2.253
a,111243,0.000,-9.950,36.000,-9.950,-2.900,0.462,0.872,0.659,2.213,9.191,2.081
a,111247,0.000,-9.765,36.000,-9.765,-3.164,0.019,-0.625,-0.929,2.416,9.318,2.221
a,111252,0.000,-9.445,36.000,-9.445,-3.867,-0.470,-0.884,-1.143,2.264,9.372,2.180
a,111256,0.000,-8.995,36.000,-8.995,-4.570,0.263,0.017,1.941,2.286,9.324,2.252
a,111259,0.000,-8.421,36.000,-8.421,-4.614,-0.073,0.627,-0.150,2.029,9.311,2.255
a,111263,0.000,-7.730,36.000,-7.730,-4.966,0.187,0.688,-0.318,2.310,9.333,2.182
a,111267,0.000,-6.932,36.000,-6.932,-4.922,-0.225,-0.121,1.086,2.342,9.365,2.125
a,111271,0.000,-6.037,36.000,-6.037,-4.570,-0.149,-0.502,-0.944,2.203,9.299,2.243
a,111276,0.000,-5.058,36.000,-5.058,-4.526,-0.363,0.047,-1.540,2.175,9.313,2.200
a,111280,0.000,-4.008,36.000,-4.008,-5.010,0.126,0.627,-1.082,2.204,9.328,2.221
a,111283,0.000,-2.902,36.000,-2.902,-1.450,-0.042,-0.243,-1.051,2.514,9.228,2.039
a,111287,0.000,-1.755,36.000,-1.755,-4.526,-0.348,-1.144,0.384,2.201,9.404,2.160
a,111291,0.000,-0.582,36.000,-0.582,-3.867,0.630,0.521,0.109,2.012,9.248,2.415
a,111295,0.000,0.599,36.000,0.599,2.505,0.691,0.811,1.102,2.166,9.199,2.217
a,111299,0.000,1.773,36.000,1.773,-2.856,-0.653,0.032,-0.776,2.406,9.243,2.201
a,111303,0.000,2.922,36.000,2.922,2.725,0.233,-0.625,-1.005,2.064,9.304,2.258
a,111307,0.000,4.032,36.000,4.032,4.043,-0.348,-0.655,0.430,2.307,9.324,2.223
a,111311,0.000,5.086,36.000,5.086,-0.132,0.340,0.521,-0.761,1.899,9.140,2.236
a,111315,0.000,6.069,36.000,6.069,1.802,0.294,0.215,0.552,2.008,9.619,2.204
a,111319,0.000,6.967,36.000,6.967,2.725,0.630,0.811,0.659,2.352,9.112,2.201
a,111323,0.000,7.768,36.000,7.768,3.516,-0.348,-0.212,0.857,2.051,9.394,2.246
a,111327,0.000,8.460,36.000,8.460,4.746,0.110,-0.243,-2.425,2.455,9.346,2.229
a,111332,0.000,9.032,36.000,9.032,6.108,-0.134,0.139,-0.135,2.045,9.228,2.121
a,111335,0.000,9.478,36.000,9.478,8.306,0.462,0.902,0.155,2.155,9.394,2.269
a,111339,0.000,9.790,36.000,9.790,6.899,-0.409,0.093,-0.288,2.225,9.331,2.195
a,111343,0.000,9.963,36.000,9.963,8.086,0.126,-0.228,-1.234,2.295,9.248,2.246
a,111347,0.000,9.995,36.000,9.995,8.789,0.141,0.215,-0.166,2.194,9.145,2.150
a,111351,0.000,9.885,36.000,9.885,9.492,0.141,0.047,0.231,2.218,9.378,2.150
a,111356,0.000,9.634,36.000,9.634,9.756,-0.241,0.475,-0.150,2.233,9.170,2.163
a,111359,0.000,9.246,36.000,9.246,10.459,0.355,0.643,0.277,2.139,9.057,2.236
a,111363,0.000,8.725,36.000,8.725,10.459,-0.317,0.093,-0.624,2.124,9.473,2.179
a,111367,0.000,8.080,36.000,8.080,10.986,0.401,0.001,0.018,2.313,9.164,2.297
a,111371,0.000,7.319,36.000,7.319,11.118,-0.134,-0.273,0.308,2.274,9.366,2.099
a,111375,0.000,6.452,36.000,6.452,25.884,-0.027,-0.334,0.582,2.124,9.330,2.227
a,111380,0.000,5.492,36.000,5.492,11.602,0.309,1.253,0.857,2.134,9.118,2.269
a,111384,0.000,4.453,36.000,4.453,14.414,-0.241,-0.060,0.735,2.187,9.272,2.071
a,111387,0.000,3.350,36.000,3.350,11.162,0.080,0.001,0.231,2.343,9.224,2.224
a,111391,0.000,2.197,36.000,2.197,11.162,-0.119,-0.228,1.086,2.253,9.394,2.084
a,111395,0.000,1.012,36.000,1.012,10.898,-0.241,0.414,-0.196,1.926,9.430,2.480
a,111399,0.000,-0.189,36.000,-0.189,10.459,0.294,0.047,0.613,2.625,9.304,2.195
a,111403,0.000,-1.387,36.000,-1.387,9.141,-0.973,-1.754,-1.616,2.277,9.594,2.002
a,111407,0.000,-2.567,36.000,-2.567,8.921,0.172,0.597,-0.486,2.033,9.210,2.364
a,111411,0.000,-3.710,36.000,-3.710,8.262,-0.744,0.108,0.308,2.218,9.437,2.090
a,111415,0.000,-4.799,36.000,-4.799,9.712,1.011,1.498,-0.227,2.097,9.361,2.345
a,111419,0.000,-5.820,36.000,-5.820,6.768,-0.241,-0.945,0.155,2.526,9.414,1.909
a,111423,0.000,-6.757,36.000,-6.757,8.350,-0.134,-0.838,-0.227,2.237,9.228,2.274
a,111427,0.000,-7.596,36.000,-7.596,4.570,0.034,0.078,-0.837,1.895,9.549,2.160
a,111432,0.000,-8.325,36.000,-8.325,4.614,0.675,0.582,-0.211,2.533,9.207,2.356
a,111435,0.000,-8.932,36.000,-8.932,2.505,-0.515,-0.273,0.369,1.992,9.503,1.914
a,111439,0.000,-9.410,36.000,-9.410,0.703,-0.057,-1.021,0.063,2.433,9.284,2.344
a,111443,0.000,-9.750,36.000,-9.750,-0.088,-0.210,-0.136,-1.112,2.099,9.427,2.064
a,111447,0.000,-9.947,36.000,-9.947,-0.879,0.034,0.307,0.018,2.137,9.391,2.204
a,111452,0.000,-9.998,36.000,-9.998,0.439,0.141,0.811,-0.425,2.300,9.124,2.194
a,111455,0.000,-9.903,36.000,-9.903,-2.153,-0.195,-0.182,-0.349,2.296,9.339,2.008
a,111459,0.000,-9.662,36.000,-9.662,-2.461,0.462,0.688,-0.318,2.100,9.188,2.179
a,111463,0.000,-9.278,36.000,-9.278,-3.076,-0.180,-0.823,0.918,2.370,9.334,2.213
a,111467,0.000,-8.757,36.000,-8.757,-3.647,0.065,-0.075,-0.517,2.217,9.342,2.259
a,111472,0.000,-8.106,36.000,-8.106,-4.307,0.034,-0.166,0.415,2.271,9.304,2.223
a,111476,0.000,-7.335,36.000,-7.335,-4.351,-0.057,0.124,1.514,2.160,9.391,2.213
a,111480,0.000,-6.455,36.000,-6.455,-4.438,0.340,0.307,-0.593,2.142,9.309,2.224
a,111483,0.000,-5.478,36.000,-5.478,-4.438,0.126,-0.289,-0.517,2.350,9.333,2.167
a,111488,0.000,-4.420,36.000,-4.420,-4.351,-0.073,-0.182,-0.395,2.156,9.327,2.182
a,111491,0.000,-3.295,36.000,-3.295,-4.482,0.034,-0.014,-0.288,2.243,9.337,2.204
a,111496,0.000,-2.120,36.000,-2.120,-1.055,0.065,-0.014,-0.578,2.249,9.364,2.194
a,111499,0.000,-0.913,36.000,-0.913,-4.438,-0.531,-0.151,0.415,2.398,9.273,2.046
a,111503,0.000,0.309,36.000,0.309,-0.044,-0.515,-0.563,-0.227,2.187,9.477,2.116
a,111507,0.000,1.526,36.000,1.526,-2.900,0.462,1.345,0.155,1.859,9.395,2.421
a,111511,0.000,2.722,36.000,2.722,1.802,0.080,0.124,-0.563,2.429,9.301,2.206
a,111515,0.000,3.878,36.000,3.878,-1.538,-0.454,-0.136,-0.349,2.279,9.231,1.987
a,111519,0.000,4.976,36.000,4.976,-0.176,-0.348,-0.930,0.002,2.210,9.303,2.388
a,111523,0.000,6.000,36.000,6.000,2.593,-0.210,-0.243,-0.944,2.029,9.279,2.073
a,111527,0.000,6.934,36.000,6.934,2.461,0.416,1.727,-0.349,2.125,9.307,2.363
a,111531,0.000,7.765,36.000,7.765,3.252,0.202,0.750,0.995,2.137,9.364,2.185
a,111535,0.000,8.479,36.000,8.479,4.043,-0.348,-0.731,-0.120,2.629,9.312,2.182
a,111539,0.000,9.065,36.000,9.065,5.361,-0.500,-1.098,1.315,2.155,9.325,2.264
a,111543,0.000,9.515,36.000,9.515,6.240,0.187,-0.258,-0.563,1.964,9.382,2.321
a,111548,0.000,9.821,36.000,9.821,6.855,-0.012,0.979,1.224,2.210,9.406,2.179
a,111551,0.000,9.978,36.000,9.978,7.603,0.798,0.383,0.384,2.240,9.446,2.386
a,111555,0.000,9.984,36.000,9.984,8.745,-0.149,-1.006,-0.654,2.249,9.555,2.128
a,111559,0.000,9.838,36.000,9.838,11.646,-0.134,-1.098,-0.334,2.066,9.334,2.348
a,111563,0.000,9.542,36.000,9.542,9.712,-0.653,-0.625,-0.608,2.237,9.322,2.010
a,111567,0.000,9.100,36.000,9.100,10.371,0.859,1.253,1.422,2.142,9.348,2.188
a,111571,0.000,8.519,36.000,8.519,10.547,0.049,0.124,0.964,2.313,9.379,2.069
a,111575,0.000,7.808,36.000,7.808,10.942,-0.134,-0.930,0.873,2.446,9.342,2.252
a,111579,0.000,6.977,36.000,6.977,10.986,-0.256,-0.625,-0.486,2.175,9.307,2.191
a,111583,0.000,6.038,36.000,6.038,11.074,-0.195,0.230,0.949,1.975,9.334,2.324
a,111587,0.000,5.006,36.000,5.006,10.942,0.675,1.024,0.430,2.269,9.336,2.223
a,111591,0.000,3.896,36.000,3.896,10.986,-0.241,-0.136,-0.181,2.376,9.424,2.087
a,111595,0.000,2.726,36.000,2.726,15.381,0.248,-0.334,0.231,2.312,9.385,2.249
a,111600,0.000,1.513,36.000,1.513,14.634,-0.348,-0.518,-0.868,2.205,9.301,2.219
a,111604,0.000,0.276,36.000,0.276,10.503,0.630,1.024,0.537,2.014,9.237,2.286
a,111607,0.000,-0.966,36.000,-0.966,10.195,0.416,1.864,0.674,2.271,9.470,2.219
a,111611,0.000,-2.195,36.000,-2.195,9.009,-0.912,-1.632,0.399,2.491,9.537,1.972
a,111615,0.000,-3.389,36.000,-3.389,10.898,-0.241,-1.647,-0.318,2.382,9.225,2.357
a,111619,0.000,-4.533,36.000,-4.533,7.603,-0.195,0.261,-0.150,1.830,9.339,2.198
a,111624,0.000,-5.606,36.000,-5.606,6.768,0.416,0.795,0.002,2.346,9.364,2.382
a,111628,0.000,-6.593,36.000,-6.593,6.021,0.416,1.238,-0.395,2.300,9.367,2.073
a,111631,0.000,-7.478,36.000,-7.478,4.131,-0.958,-1.327,-0.257,2.321,9.427,2.039
a,111636,0.000,-8.247,36.000,-8.247,3.340,-0.241,-1.495,-0.364,2.334,9.133,2.354
a,111640,0.000,-8.888,36.000,-8.888,2.065,-0.348,0.139,0.201,1.876,9.379,2.103
a,111644,0.000,-9.390,36.000,-9.390,0.439,0.675,0.475,-0.425,2.078,9.312,2.376
a,111647,0.000,-9.746,36.000,-9.746,-0.264,0.675,1.177,-0.395,2.460,9.058,2.209
a,111651,0.000,-9.950,36.000,-9.950,-2.285,-0.821,-0.823,-1.631,2.132,9.500,1.952
a,111655,0.000,-9.997,36.000,-9.997,-1.758,-0.195,-0.716,0.216,2.328,9.195,2.385
a,111659,0.000,-9.887,36.000,-9.887,-2.505,-0.134,0.200,0.079,1.988,9.342,2.137
a,111663,0.000,-9.622,36.000,-9.622,-2.988,0.736,1.146,1.575,2.358,9.299,2.307
a,111667,0.000,-9.205,36.000,-9.205,-1.406,0.278,-0.014,-1.173,2.359,9.357,1.981
a,111671,0.000,-8.643,36.000,-8.643,-4.395,-0.592,-1.006,-0.547,2.333,9.369,2.236
a,111675,0.000,-7.944,36.000,-7.944,-4.526,-0.470,-0.945,-0.547,2.120,9.248,2.267
a,111679,0.000,-7.118,36.000,-7.118,-4.526,0.248,0.979,0.476,2.018,9.197,2.258
a,111683,0.000,-6.180,36.000,-6.180,-4.570,0.523,0.887,0.582,2.264,9.305,2.191
a,111687,0.000,-5.143,36.000,-5.143,-1.670,-0.088,0.032,-1.112,2.405,9.340,2.154
a,111691,0.000,-4.024,36.000,-4.024,-1.758,-0.409,-1.067,-0.593,2.258,9.323,2.209
a,111695,0.000,-2.840,36.000,-2.840,-4.570,0.156,-0.228,0.888,2.157,9.260,2.219
a,111700,0.000,-1.610,36.000,-1.610,-4.570,-0.012,-0.166,0.964,1.945,9.352,2.267
a,111704,0.000,-0.353,36.000,-0.353,-3.691,0.233,0.521,-0.914,2.132,9.318,2.356
a,111707,0.000,0.910,36.000,0.910,-3.032,0.309,1.314,1.040,1.942,9.273,2.221
a,111711,0.000,2.159,36.000,2.159,1.143,0.248,-0.380,-0.257,2.561,9.233,2.000
a,111715,0.000,3.374,36.000,3.374,-1.670,-0.454,0.475,-0.196,1.597,9.196,2.209
a,111719,0.000,4.536,36.000,4.536,3.999,0.294,-0.121,0.399,2.466,9.317,2.296
a,111724,0.000,5.627,36.000,5.627,4.614,0.019,1.208,0.338,2.079,8.936,2.057
a,111728,0.000,6.627,36.000,6.627,1.274,0.049,-0.060,1.132,2.103,9.566,2.195
a,111731,0.000,7.522,36.000,7.522,2.461,0.126,-0.319,0.460,2.315,9.170,2.247
a,111735,0.000,8.296,36.000,8.296,3.428,-0.851,-0.563,0.216,2.471,9.318,2.259
a,111739,0.000,8.937,36.000,8.937,4.131,-0.149,-0.396,-0.669,1.914,9.509,2.240
a,111743,0.000,9.434,36.000,9.434,10.854,0.080,0.322,0.552,2.271,9.430,2.166
a,111747,0.000,9.778,36.000,9.778,6.768,0.569,0.856,-0.318,2.119,9.080,2.180
a,111752,0.000,9.965,36.000,9.965,7.559,-0.134,-0.487,0.628,2.025,9.419,2.306
a,111755,0.000,9.990,36.000,9.990,8.350,0.507,0.627,-0.761,2.312,9.240,2.249
a,111759,0.000,9.854,36.000,9.854,12.393,0.569,0.750,0.491,2.157,9.316,2.233
a,111764,0.000,9.557,36.000,9.557,12.217,-0.286,0.124,0.903,2.203,9.288,2.248
a,111767,0.000,9.104,36.000,9.104,10.415,-0.027,-0.243,-0.349,2.423,9.172,2.224
a,111771,0.000,8.503,36.000,8.503,14.019,-0.256,-0.243,-1.265,2.253,9.389,2.121
a,111775,0.000,7.763,36.000,7.763,10.986,-0.180,-0.457,0.644,2.213,9.366,2.233
a,111779,0.000,6.895,36.000,6.895,11.118,0.187,0.414,-0.273,2.150,9.336,2.192
a,111783,0.000,5.914,36.000,5.914,11.074,-0.134,0.322,0.353,2.319,9.401,2.125
a,111787,0.000,4.836,36.000,4.836,11.162,-0.134,-0.396,0.140,2.217,9.408,2.221
a,111791,0.000,3.677,36.000,3.677,11.118,0.141,0.154,0.353,2.233,9.290,2.221
a,111795,0.000,2.458,36.000,2.458,11.118,-0.210,-0.075,-0.776,2.300,9.437,2.099
a,111799,0.000,1.197,36.000,1.197,15.864,-0.195,0.047,0.415,2.119,9.333,2.284
a,111803,0.000,-0.084,36.000,-0.084,10.459,1.103,1.177,-0.502,2.033,9.249,2.173
a,111807,0.000,-1.365,36.000,-1.365,16.128,-0.027,-1.128,0.811,2.725,9.379,2.106
a,111811,0.000,-2.624,36.000,-2.624,14.370,-0.073,-1.144,-0.059,2.075,9.406,2.061
a,111816,0.000,-3.841,36.000,-3.841,8.350,0.126,-0.075,-0.792,2.108,9.261,2.188
a,111819,0.000,-4.994,36.000,-4.994,13.052,0.034,0.872,0.567,2.047,9.342,2.194
a,111823,0.000,-6.066,36.000,-6.066,6.812,0.065,0.475,-0.654,2.424,9.374,2.219
a,111827,0.000,-7.038,36.000,-7.038,7.734,-0.454,-0.609,0.644,2.313,9.408,1.967
a,111831,0.000,-7.893,36.000,-7.893,4.746,-0.699,-1.373,-0.105,1.991,9.292,2.316
a,111835,0.000,-8.618,36.000,-8.618,4.834,0.507,1.559,-0.929,2.215,9.091,2.233
a,111840,0.000,-9.200,36.000,-9.200,2.505,-0.806,0.154,-0.242,2.023,9.454,1.873
a,111844,0.000,-9.628,36.000,-9.628,1.099,0.294,-0.060,0.460,2.364,9.170,2.382
a,111847,0.000,-9.896,36.000,-9.896,-0.088,0.080,0.093,-0.364,2.142,9.439,2.083
a,111851,0.000,-9.999,36.000,-9.999,-1.055,-0.409,-0.487,0.415,2.249,9.506,2.160
a,111855,0.000,-9.934,36.000,-9.934,-1.670,0.416,0.047,0.399,2.237,9.167,2.227
a,111859,0.000,-9.703,36.000,-9.703,-2.329,0.095,0.154,1.010,2.205,9.462,2.157
a,111864,0.000,-9.309,36.000,-9.309,-3.076,0.538,0.215,0.873,2.253,9.243,2.300
a,111868,0.000,-8.758,36.000,-8.758,-3.604,0.065,-0.502,-0.639,2.230,9.268,2.081
a,111872,0.000,-8.059,36.000,-8.059,-3.867,-0.241,-0.563,-0.059,2.224,9.278,2.344
a,111875,0.000,-7.224,36.000,-7.224,-4.482,0.187,0.063,0.567,2.142,9.305,2.186
a,111879,0.000,-6.267,36.000,-6.267,-4.526,0.141,0.475,0.063,2.131,9.297,2.235
a,111883,0.000,-5.203,36.000,-5.203,-1.494,0.065,0.032,-0.960,2.324,9.394,2.172
a,111887,0.000,-4.050,36.000,-4.050,-4.526,-0.134,-0.182,-0.288,2.266,9.354,2.223
a,111891,0.000,-2.828,36.000,-2.828,-4.482,-0.241,-0.121,0.476,2.108,9.311,2.217
a,111896,0.000,-1.557,36.000,-1.557,-4.482,-0.027,-0.380,0.476,2.304,9.278,2.157
a,111899,0.000,-0.259,36.000,-0.259,-4.263,-0.134,-0.533,0.415,2.115,9.354,2.173
a,111903,0.000,1.044,36.000,1.044,-3.032,0.462,0.398,0.705,2.094,9.383,2.448
a,111908,0.000,2.330,36.000,2.330,-2.549,0.187,0.368,-0.379,2.406,9.280,2.064
a,111911,0.000,3.578,36.000,3.578,-0.396,-0.470,-1.006,-1.097,2.146,9.443,2.140
a,111915,0.000,4.765,36.000,4.765,3.867,0.080,-1.052,-0.395,2.358,9.166,2.356
a,111919,0.000,5.872,36.000,5.872,4.087,-0.134,-0.075,-0.013,2.063,9.183,2.137
a,111923,0.000,6.878,36.000,6.878,1.318,0.569,0.429,0.216,1.991,9.431,2.284
a,111927,0.000,7.768,36.000,7.768,2.549,0.569,0.902,0.155,2.297,9.178,2.173
a,111931,0.000,8.525,36.000,8.525,3.384,-0.409,-0.136,-0.349,1.951,9.249,2.249
a,111935,0.000,9.135,36.000,9.135,4.614,-0.027,-0.731,-0.059,2.415,9.293,2.156
a,111939,0.000,9.589,36.000,9.589,5.977,-0.302,0.383,0.506,1.948,9.250,2.175
a,111943,0.000,9.878,36.000,9.878,6.724,0.614,0.200,-0.532,2.152,9.438,2.200
a,111947,0.000,9.997,36.000,9.997,6.899,-0.180,0.872,1.071,2.261,9.159,2.274
a,111951,0.000,9.943,36.000,9.943,8.086,0.233,0.001,-0.028,2.279,9.287,2.161
a,111955,0.000,9.717,36.000,9.717,8.833,-0.622,-0.533,0.903,2.215,9.407,2.288
a,111959,0.000,9.323,36.000,9.323,9.097,-0.256,-0.502,-0.669,2.219,9.316,2.093
a,111964,0.000,8.767,36.000,8.767,10.195,-0.027,0.704,0.079,2.043,9.349,2.294
a,111967,0.000,8.058,36.000,8.058,10.371,0.599,0.765,2.201,2.217,9.439,2.269
a,111971,0.000,7.208,36.000,7.208,10.898,-0.317,-0.396,-0.563,2.544,9.470,2.172
a,111975,0.000,6.233,36.000,6.233,10.898,-0.088,-0.884,-0.608,2.125,9.351,2.122
a,111979,0.000,5.148,36.000,5.148,10.986,-0.317,-0.502,-1.372,2.197,9.427,2.264
a,111983,0.000,3.972,36.000,3.972,10.898,0.202,0.811,1.819,2.041,9.340,2.206
a,111987,0.000,2.727,36.000,2.727,15.161,0.080,0.108,0.231,2.328,9.408,2.020
a,111991,0.000,1.433,36.000,1.433,15.205,0.263,-0.762,0.903,2.460,9.385,2.242
a,111996,0.000,0.113,36.000,0.113,16.523,0.141,-0.014,0.124,2.031,9.384,2.246
a,112000,0.000,-1.210,36.000,-1.210,13.140,0.507,1.772,-0.792,2.075,9.234,2.036
a,112003,0.000,-2.513,36.000,-2.513,9.448,-0.302,-0.457,-0.181,2.295,9.404,2.071
a,112007,0.000,-3.772,36.000,-3.772,11.689,-0.470,-1.434,-1.189,2.471,9.310,2.140
a,112011,0.000,-4.965,36.000,-4.965,7.559,0.309,0.383,1.102,1.739,9.330,2.288
a,112015,0.000,-6.072,36.000,-6.072,6.812,0.294,0.108,0.292,2.419,9.306,2.261
a,112019,0.000,-7.072,36.000,-7.072,6.152,0.431,1.406,1.086,2.031,9.406,2.125
a,112023,0.000,-7.948,36.000,-7.948,4.131,-0.088,0.154,-0.395,2.047,9.487,2.288
a,112028,0.000,-8.683,36.000,-8.683,3.252,-0.317,-1.189,0.033,2.735,9.380,2.234
a,112032,0.000,-9.265,36.000,-9.265,2.021,-0.592,-0.182,-0.944,2.046,9.536,1.935
a,112035,0.000,-9.683,36.000,-9.683,0.527,0.065,-0.289,-0.517,2.047,9.280,2.437
a,112039,0.000,-9.929,36.000,-9.929,-0.132,0.462,1.116,-0.181,2.257,9.178,2.206
a,112043,0.000,-9.999,36.000,-9.999,-1.494,-0.348,0.215,0.124,2.199,9.549,2.064
a,112047,0.000,-9.890,36.000,-9.890,-1.670,-0.073,-0.441,0.476,2.545,9.197,2.321
a,112051,0.000,-9.605,36.000,-9.605,-2.812,-0.348,-0.930,0.002,2.060,9.428,2.073
a,112055,0.000,-9.148,36.000,-9.148,-2.900,0.584,0.322,1.865,2.253,9.414,2.411
a,112059,0.000,-8.527,36.000,-8.527,-3.604,0.401,0.154,-1.234,2.274,9.336,2.122
a,112063,0.000,-7.753,36.000,-7.753,-3.604,-0.088,-0.380,-0.502,2.295,9.351,2.167
a,112067,0.000,-6.839,36.000,-6.839,-3.779,0.080,-0.289,-0.410,2.246,9.347,2.201
a,112071,0.000,-5.801,36.000,-5.801,-3.779,-0.134,-0.350,-0.013,2.170,9.318,2.213
a,112075,0.000,-4.659,36.000,-4.659,-3.779,0.278,0.627,-0.761,2.106,9.299,2.252
a,112079,0.000,-3.432,36.000,-3.432,-3.647,0.141,0.078,-0.944,2.318,9.373,2.191
a,112083,0.000,-2.142,36.000,-2.142,-3.735,-0.073,-0.289,-0.013,2.257,9.369,2.173
a,112088,0.000,-0.813,36.000,-0.813,-1.099,0.080,-0.166,-0.364,2.163,9.432,2.211
a,112092,0.000,0.532,36.000,0.532,-3.164,-0.073,-0.563,0.155,2.139,9.437,2.237
a,112096,0.000,1.868,36.000,1.868,-2.900,1.240,1.299,1.025,1.856,9.008,2.428
a,112099,0.000,3.171,36.000,3.171,-2.285,0.233,1.589,0.201,2.419,9.094,2.096
a,112103,0.000,4.417,36.000,4.417,2.769,0.080,0.200,-0.166,2.343,9.171,2.020
a,112107,0.000,5.584,36.000,5.584,-0.264,-0.821,-1.495,-0.914,2.175,9.369,2.309
a,112111,0.000,6.650,36.000,6.650,0.439,-0.348,-0.319,0.476,2.156,9.313,2.325
a,112116,0.000,7.595,36.000,7.595,2.417,-0.302,0.261,0.460,2.243,9.288,2.301
a,112120,0.000,8.403,36.000,8.403,3.384,0.782,0.856,-0.654,2.000,9.395,2.160
a,112123,0.000,9.057,36.000,9.057,6.943,-0.348,-0.060,0.476,2.284,9.158,2.180
a,112127,0.000,9.546,36.000,9.546,5.933,-0.790,-1.037,1.208,2.070,9.352,2.359
a,112131,0.000,9.861,36.000,9.861,6.680,0.065,-0.014,-1.021,2.388,9.194,1.931
a,112135,0.000,9.995,36.000,9.995,9.580,0.202,0.047,0.949,2.108,9.373,2.283
a,112140,0.000,9.946,36.000,9.946,8.130,0.080,0.627,0.170,2.307,9.249,2.145
a,112143,0.000,9.713,36.000,9.713,8.833,-0.256,-0.396,-0.776,2.269,9.594,2.084
a,112147,0.000,9.302,36.000,9.302,9.053,-0.088,-0.243,-0.563,2.160,9.537,2.255
a,112151,0.000,8.719,36.000,8.719,13.975,0.202,-0.166,1.346,2.246,9.347,2.259
a,112156,0.000,7.974,36.000,7.974,10.327,-0.073,0.917,0.659,2.108,9.390,2.144
a,112159,0.000,7.082,36.000,7.082,10.327,0.080,-0.182,-0.150,2.373,9.385,2.265
a,112163,0.000,6.058,36.000,6.058,10.459,-0.424,-1.052,-0.822,2.333,9.268,2.138
a,112168,0.000,4.921,36.000,4.921,10.459,-0.027,0.139,-0.181,2.048,9.318,2.249
a,112171,0.000,3.692,36.000,3.692,10.503,0.080,0.536,0.705,2.100,9.340,2.235
a,112175,0.000,2.393,36.000,2.393,10.459,0.034,0.047,0.476,2.377,9.402,2.116
a,112179,0.000,1.049,36.000,1.049,15.117,-0.302,-0.289,-0.242,2.187,9.351,2.145
a,112183,0.000,-0.315,36.000,-0.315,19.292,-0.027,-0.563,-0.379,2.312,9.345,2.242
a,112187,0.000,-1.674,36.000,-1.674,13.271,0.355,1.467,0.644,1.986,9.123,2.053
a,112191,0.000,-3.003,36.000,-3.003,8.965,0.126,-0.166,-0.853,2.327,9.340,2.137
a,112195,0.000,-4.277,36.000,-4.277,8.262,-0.302,-1.266,0.216,2.476,9.412,2.175
a,112199,0.000,-5.471,36.000,-5.471,11.206,0.584,0.429,0.934,2.020,9.379,2.303
a,112203,0.000,-6.563,36.000,-6.563,11.777,-0.348,-0.350,-0.395,2.257,9.372,2.127
a,112207,0.000,-7.533,36.000,-7.533,13.184,0.736,1.070,-0.013,2.079,9.190,2.357
a,112212,0.000,-8.362,36.000,-8.362,4.043,0.004,1.101,-2.440,2.020,9.790,2.000
a,112215,0.000,-9.034,36.000,-9.034,3.208,-0.363,-2.441,-2.456,2.707,9.251,2.417
a,112219,0.000,-9.537,36.000,-9.537,1.934,-0.500,-0.609,1.102,2.119,9.337,2.029
a,112223,0.000,-9.859,36.000,-9.859,-0.088,0.126,0.215,-0.654,1.811,9.449,2.303
a,112227,0.000,-9.995,36.000,-9.995,-0.352,0.523,0.811,0.705,2.421,9.256,2.356
a,112231,0.000,-9.943,36.000,-9.943,-1.538,0.202,0.643,1.102,2.282,9.475,2.051
a,112235,0.000,-9.701,36.000,-9.701,-2.241,-0.302,-1.388,-0.456,2.450,9.442,2.211
a,112239,0.000,-9.276,36.000,-9.276,-2.505,-0.348,-0.228,-0.349,2.166,9.316,2.265
a,112243,0.000,-8.674,36.000,-8.674,-3.252,0.340,0.536,-0.914,2.031,9.354,2.176
a,112248,0.000,-7.907,36.000,-7.907,-3.560,0.782,0.734,-0.868,2.368,9.342,2.191
a,112251,0.000,-6.988,36.000,-6.988,-3.779,0.355,0.047,0.842,2.253,9.234,2.194
a,112255,0.000,-5.936,36.000,-5.936,-4.263,-0.424,-1.159,-1.204,2.328,9.240,2.213
a,112259,0.000,-4.770,36.000,-4.770,-4.307,0.141,-0.563,0.033,2.099,9.284,2.201
a,112263,0.000,-3.511,36.000,-3.511,-3.911,0.233,1.177,-0.883,2.016,9.316,2.246
a,112268,0.000,-2.185,36.000,-2.185,-0.352,0.233,0.093,-0.685,2.374,9.374,2.211
a,112272,0.000,-0.816,36.000,-0.816,1.802,0.049,-0.380,1.254,2.339,9.373,2.140
a,112276,0.000,0.570,36.000,0.570,0.659,-0.149,-1.434,-0.700,2.520,9.105,2.010
a,112279,0.000,1.945,36.000,1.945,-3.164,-0.714,0.246,-1.280,1.820,9.339,2.211
a,112283,0.000,3.284,36.000,3.284,2.681,0.523,2.001,0.796,1.939,9.104,2.424
a,112287,0.000,4.561,36.000,4.561,-1.714,0.355,1.131,0.750,2.522,9.547,2.221
a,112292,0.000,5.751,36.000,5.751,-0.791,-0.653,-0.838,-0.761,2.751,9.295,2.071
a,112296,0.000,6.830,36.000,6.830,4.043,-0.332,-1.556,-1.784,2.152,9.468,2.108
a,112299,0.000,7.777,36.000,7.777,2.021,-0.134,0.154,0.033,1.858,9.349,2.401
a,112304,0.000,8.575,36.000,8.575,3.164,0.813,1.681,1.071,2.060,9.257,2.227
a,112308,0.000,9.207,36.000,9.207,8.218,0.034,0.490,0.781,2.635,9.382,1.988
a,112311,0.000,9.660,36.000,9.660,4.878,-0.867,-2.029,-1.494,2.422,9.461,2.099
a,112315,0.000,9.926,36.000,9.926,6.196,-0.241,-0.380,0.735,2.023,9.256,2.278
a,112319,0.000,9.998,36.000,9.998,9.624,-0.592,0.414,-0.685,2.090,9.245,2.065
a,112323,0.000,9.876,36.000,9.876,7.559,0.965,2.276,1.453,2.076,9.099,2.484
a,112327,0.000,9.561,36.000,9.561,8.174,0.355,0.490,0.384,2.295,9.470,2.079
a,112331,0.000,9.059,36.000,9.059,8.921,-0.149,-1.876,-0.975,2.557,9.274,2.201
a,112335,0.000,8.379,36.000,8.379,9.141,-0.912,-1.479,-0.150,2.023,9.396,2.277
a,112339,0.000,7.534,36.000,7.534,15.293,0.798,1.788,-0.074,1.973,9.076,2.388
a,112343,0.000,6.541,36.000,6.541,10.371,0.523,2.124,0.796,2.126,9.309,2.131
a,112347,0.000,5.419,36.000,5.419,10.283,-0.057,-0.212,-0.853,2.533,9.391,2.197
a,112351,0.000,4.189,36.000,4.189,10.327,-0.653,-1.693,-1.082,2.368,9.388,2.128
a,112356,0.000,2.876,36.000,2.876,10.327,-0.149,-0.182,-0.669,1.936,9.334,2.236
a,112359,0.000,1.505,36.000,1.505,15.381,0.355,0.643,0.445,2.157,9.371,2.338
a,112363,0.000,0.104,36.000,0.104,14.414,0.294,0.521,-0.273,2.279,9.371,2.243
a,112367,0.000,-1.300,36.000,-1.300,16.479,-0.027,-0.121,0.521,2.343,9.286,2.093
a,112371,0.000,-2.679,36.000,-2.679,9.756,0.569,0.215,0.827,2.100,9.487,2.217
a,112375,0.000,-4.006,36.000,-4.006,8.833,-0.454,-1.434,-0.044,2.362,9.504,2.051
a,112379,0.000,-5.255,36.000,-5.255,7.646,-0.378,-0.991,-0.761,2.131,9.544,2.383
a,112383,0.000,-6.400,36.000,-6.400,11.646,0.645,0.750,-0.914,2.326,9.313,2.358
a,112387,0.000,-7.418,36.000,-7.418,12.217,-0.851,-0.609,0.644,2.090,9.619,2.030
a,112391,0.000,-8.288,36.000,-8.288,5.273,0.416,0.414,-0.318,2.224,9.300,2.382
a,112395,0.000,-8.994,36.000,-8.994,6.987,0.156,0.658,1.056,2.261,9.270,2.058
a,112399,0.000,-9.521,36.000,-9.521,2.461,-0.531,-1.495,-1.082,2.282,9.641,2.148
a,112404,0.000,-9.857,36.000,-9.857,0.659,0.034,-0.182,0.033,2.292,9.129,2.411
a,112408,0.000,-9.996,36.000,-9.996,-0.176,0.187,1.375,1.575,2.230,9.276,2.085
a,112411,0.000,-9.935,36.000,-9.935,-1.582,-0.348,0.047,0.521,2.162,9.486,2.138
a,112415,0.000,-9.674,36.000,-9.674,-1.670,0.675,0.368,-0.166,2.437,9.195,2.261
a,112419,0.000,-9.218,36.000,-9.218,-2.417,-0.348,-0.823,0.811,2.163,9.554,2.061
a,112423,0.000,-8.576,36.000,-8.576,-2.900,0.614,0.429,-1.250,2.233,9.148,2.348
a,112427,0.000,-7.760,36.000,-7.760,-3.516,0.126,0.414,-0.700,2.199,9.284,2.132
a,112431,0.000,-6.788,36.000,-6.788,-3.647,0.248,-0.166,-0.257,2.144,9.348,2.278
a,112436,0.000,-5.677,36.000,-5.677,-3.779,0.141,-0.121,0.292,2.333,9.262,2.166
a,112440,0.000,-4.451,36.000,-4.451,-3.779,-0.241,-0.457,0.201,2.230,9.404,2.236
a,112444,0.000,-3.134,36.000,-3.134,0.352,0.278,0.582,-0.486,2.162,9.420,2.259
a,112447,0.000,-1.752,36.000,-1.752,1.230,0.248,0.001,0.506,2.251,9.325,2.144
a,112451,0.000,-0.334,36.000,-0.334,-3.867,0.187,-0.273,0.292,2.212,9.377,2.209
a,112455,0.000,1.092,36.000,1.092,-0.044,-0.119,-1.128,1.040,2.342,9.485,2.229
a,112459,0.000,2.497,36.000,2.497,-3.032,-0.363,-1.327,-1.677,2.152,9.479,2.169
a,112463,0.000,3.851,36.000,3.851,-2.241,1.179,2.551,0.934,1.899,9.193,2.484
a,112467,0.000,5.128,36.000,5.128,-1.494,1.149,1.742,-0.028,2.237,9.100,2.065
a,112471,0.000,6.301,36.000,6.301,-0.264,-0.531,-0.396,-0.563,2.228,9.446,2.271
a,112475,0.000,7.345,36.000,7.345,1.187,-0.134,-0.762,-0.379,2.215,9.260,2.122
a,112479,0.000,8.239,36.000,8.239,2.681,-0.119,0.536,0.888,2.041,9.110,2.264
a,112483,0.000,8.965,36.000,8.965,3.823,0.538,1.895,1.300,1.845,9.249,2.340
a,112487,0.000,9.507,36.000,9.507,4.746,0.416,0.032,0.186,2.629,9.212,2.065
a,112491,0.000,9.853,36.000,9.853,6.196,-0.073,-0.380,0.628,2.234,9.280,2.253
a,112496,0.000,9.996,36.000,9.996,6.812,-0.470,-1.327,-0.425,2.020,9.464,2.180
a,112500,0.000,9.933,36.000,9.933,7.471,0.660,0.597,-0.486,2.095,9.219,2.344
a,112503,0.000,9.664,36.000,9.664,8.262,0.645,1.849,1.132,1.913,9.456,2.290
a,112507,0.000,9.196,36.000,9.196,8.877,0.553,-0.014,-1.448,2.672,9.264,2.112
a,112511,0.000,8.536,36.000,8.536,9.492,-0.989,-2.151,-1.708,2.359,9.401,2.200
a,112515,0.000,7.699,36.000,7.699,9.668,-0.088,0.200,-0.960,1.917,9.351,2.436
a,112520,0.000,6.701,36.000,6.701,10.283,-0.363,0.795,-0.639,2.207,9.361,2.150
a,112524,0.000,5.563,36.000,5.563,10.371,0.538,1.406,-0.547,2.137,9.242,2.386
a,112527,0.000,4.308,36.000,4.308,10.239,0.034,-0.548,0.491,2.526,9.379,2.083
a,112531,0.000,2.963,36.000,2.963,10.371,-0.821,-1.922,-0.700,2.467,9.474,2.173
a,112535,0.000,1.554,36.000,1.554,10.283,0.141,0.154,0.353,1.950,9.348,2.249
a,112539,0.000,0.113,36.000,0.113,10.854,0.187,0.750,0.827,2.168,9.374,2.253
a,112544,0.000,-1.332,36.000,-1.332,10.151,0.049,0.917,1.269,2.218,9.234,2.207
a,112548,0.000,-2.750,36.000,-2.750,13.140,0.798,1.391,-0.334,2.113,9.342,1.956
a,112551,0.000,-4.111,36.000,-4.111,13.184,-0.928,-2.731,-0.227,2.650,9.370,1.986
a,112556,0.000,-5.386,36.000,-5.386,10.942,-0.744,-1.113,-0.227,1.814,9.206,2.316
a,112560,0.000,-6.549,36.000,-6.549,10.459,0.355,0.414,0.002,2.181,9.210,2.321
a,112563,0.000,-7.575,36.000,-7.575,6.240,0.294,1.620,0.460,2.110,9.446,2.096
a,112567,0.000,-8.441,36.000,-8.441,4.570,0.080,0.108,-0.089,2.082,9.330,2.373
a,112571,0.000,-9.129,36.000,-9.129,6.724,0.416,-0.334,-0.150,2.837,9.403,2.069
a,112575,0.000,-9.625,36.000,-9.625,2.417,-1.523,-1.922,-0.685,2.040,9.614,1.877
a,112579,0.000,-9.917,36.000,-9.917,0.571,0.248,0.032,-0.364,1.821,9.155,2.586
a,112583,0.000,-9.999,36.000,-9.999,0.615,0.843,1.604,0.033,2.484,9.231,2.296
a,112587,0.000,-9.868,36.000,-9.868,-1.099,-0.195,0.627,0.186,2.106,9.543,1.996
a,112591,0.000,-9.527,36.000,-9.527,1.362,0.340,-0.441,-0.853,2.500,9.153,2.271
a,112595,0.000,-8.983,36.000,-8.983,-2.505,-0.912,-0.869,0.430,2.109,9.315,2.045
a,112599,0.000,-8.247,36.000,-8.247,-2.944,0.248,0.521,0.063,2.014,9.346,2.409
a,112604,0.000,-7.334,36.000,-7.334,-2.197,0.462,0.658,0.705,2.310,9.306,2.246
a,112607,0.000,-6.264,36.000,-6.264,-3.867,0.141,0.108,0.353,2.344,9.216,2.219
a,112611,0.000,-5.059,36.000,-5.059,0.615,0.065,-0.060,-0.960,2.222,9.276,2.125
a,112615,0.000,-3.745,36.000,-3.745,-4.307,-0.348,-0.563,-0.059,2.321,9.317,2.235
a,112619,0.000,-2.349,36.000,-2.349,1.230,0.126,0.261,-0.044,2.002,9.313,2.237
a,112623,0.000,-0.902,36.000,-0.902,1.055,0.355,0.627,0.109,2.251,9.321,2.215
a,112627,0.000,0.565,36.000,0.565,2.681,-0.210,-0.182,-0.563,2.342,9.386,2.143
a,112631,0.000,2.021,36.000,2.021,-2.285,-0.515,-1.220,0.002,2.023,9.218,2.248
a,112635,0.000,3.435,36.000,3.435,-2.812,0.523,0.750,0.216,1.932,9.286,2.306
a,112640,0.000,4.775,36.000,4.775,-1.846,0.187,1.635,0.735,2.417,9.264,2.045
a,112643,0.000,6.012,36.000,6.012,5.493,-0.103,-0.060,-1.158,2.047,9.686,1.960
a,112648,0.000,7.120,36.000,7.120,6.855,-0.348,-1.342,0.506,2.624,9.190,2.436
a,112651,0.000,8.075,36.000,8.075,1.802,-0.821,-1.541,-0.746,1.985,9.603,2.061
a,112655,0.000,8.854,36.000,8.854,2.812,0.889,1.024,-1.265,2.031,9.239,2.386
a,112659,0.000,9.442,36.000,9.442,3.955,0.798,1.253,0.476,2.076,9.612,2.427
a,112663,0.000,9.824,36.000,9.824,8.086,-0.073,-1.495,-0.318,2.453,9.446,2.017
a,112668,0.000,9.992,36.000,9.992,7.471,0.065,-0.166,-0.028,2.364,9.184,2.132
a,112671,0.000,9.942,36.000,9.942,7.383,-0.363,-0.487,0.201,1.768,9.589,2.453
a,112676,0.000,9.674,36.000,9.674,8.745,0.950,1.864,0.186,2.022,9.195,2.336
a,112679,0.000,9.195,36.000,9.195,8.965,0.401,1.391,-0.990,2.411,9.291,2.081
a,112683,0.000,8.514,36.000,8.514,9.536,-0.806,-1.510,0.720,2.375,9.572,2.300
a,112687,0.000,7.645,36.000,7.645,10.239,-0.027,-0.869,0.430,2.297,9.322,2.332
a,112691,0.000,6.608,36.000,6.608,10.371,-0.348,-0.212,0.628,2.069,9.477,2.024
a,112695,0.000,5.424,36.000,5.424,10.371,0.584,1.208,1.208,2.121,9.291,2.424
a,112699,0.000,4.120,36.000,4.120,10.283,0.141,0.627,-0.273,2.343,9.414,2.122
a,112703,0.000,2.725,36.000,2.725,10.327,-0.638,-1.021,0.262,2.411,9.561,2.103
a,112708,0.000,1.268,36.000,1.268,15.381,-0.348,-0.731,0.002,2.137,9.401,2.252
a,112712,0.000,-0.218,36.000,-0.218,10.415,0.416,0.612,0.384,2.029,9.220,2.309
a,112715,0.000,-1.699,36.000,-1.699,10.239,-0.134,0.795,-0.028,2.172,9.485,2.207
a,112719,0.000,-3.144,36.000,-3.144,9.448,0.538,0.994,-0.563,2.328,9.505,2.205
a,112724,0.000,-4.521,36.000,-4.521,12.612,-0.912,-1.876,0.231,2.489,9.419,1.943
a,112727,0.000,-5.797,36.000,-5.797,7.646,-0.424,-0.350,-0.669,1.939,9.178,2.363
a,112731,0.000,-6.945,36.000,-6.945,6.899,0.660,0.414,-1.036,2.209,9.262,2.342
a,112735,0.000,-7.939,36.000,-7.939,6.196,0.156,1.681,1.682,1.998,9.219,2.161
a,112739,0.000,-8.757,36.000,-8.757,4.658,0.431,0.154,-0.578,2.334,9.361,2.282
a,112743,0.000,-9.379,36.000,-9.379,3.428,-0.027,-0.014,-0.013,2.591,9.295,1.938
a,112747,0.000,-9.792,36.000,-9.792,2.549,-0.973,-2.502,-0.960,2.002,9.385,1.866
a,112751,0.000,-9.985,36.000,-9.985,0.615,0.248,-0.350,-0.364,1.982,9.106,2.586
a,112755,0.000,-9.955,36.000,-9.955,0.703,0.935,2.169,-0.624,2.084,9.166,2.127
a,112759,0.000,-9.700,36.000,-9.700,-1.494,-0.256,0.032,-0.883,2.193,9.509,1.982
a,112763,0.000,-9.227,36.000,-9.227,-2.153,0.248,-0.625,0.949,2.497,9.172,2.330
a,112767,0.000,-8.546,36.000,-8.546,-2.812,-0.851,-1.144,-0.059,2.206,9.408,2.144
a,112771,0.000,-7.672,36.000,-7.672,-2.988,0.309,0.307,0.567,1.956,9.244,2.271
a,112776,0.000,-6.624,36.000,-6.624,-3.164,0.752,1.101,1.147,2.264,9.313,2.300
a,112779,0.000,-5.425,36.000,-5.425,-3.560,-0.012,0.108,0.964,2.286,9.394,2.188
a,112783,0.000,-4.103,36.000,-4.103,-3.647,-0.454,-0.350,0.094,2.326,9.285,2.134
a,112788,0.000,-2.687,36.000,-2.687,-3.208,-0.409,-0.502,0.140,2.157,9.345,2.219
a,112792,0.000,-1.208,36.000,-1.208,-3.208,-0.149,0.215,-0.746,2.039,9.282,2.265
a,112795,0.000,0.298,36.000,0.298,-3.164,0.278,0.475,-0.654,2.206,9.274,2.192
a,112799,0.000,1.799,36.000,1.799,3.296,-0.348,-0.166,0.369,2.103,9.371,2.253
a,112803,0.000,3.260,36.000,3.260,-2.373,0.019,-0.060,-0.502,2.228,9.305,2.237
a,112808,0.000,4.647,36.000,4.647,-1.582,-0.164,-0.716,-1.418,2.101,9.445,2.201
a,112812,0.000,5.929,36.000,5.929,6.680,0.034,0.261,-0.089,2.246,9.310,2.336
a,112816,0.000,7.076,36.000,7.076,5.361,0.340,0.154,-1.021,2.274,9.281,2.200
a,112819,0.000,8.062,36.000,8.062,2.021,-0.714,0.521,1.407,1.987,9.464,2.221
a,112823,0.000,8.863,36.000,8.863,3.340,1.042,1.009,-1.540,2.160,9.434,2.207
a,112827,0.000,9.461,36.000,9.461,4.658,0.172,0.322,-0.868,2.235,9.422,2.191
a,112831,0.000,9.842,36.000,9.842,6.196,-0.073,0.521,-0.257,1.908,9.176,2.509
a,112835,0.000,9.997,36.000,9.997,6.768,0.675,-0.380,0.567,2.419,9.288,1.881
a,112839,0.000,9.921,36.000,9.921,13.667,0.004,-0.518,2.491,2.349,9.346,2.286
a,112844,0.000,9.615,36.000,9.615,8.833,-0.500,0.154,1.025,1.986,9.401,2.211
a,112848,0.000,9.087,36.000,9.087,8.965,0.110,-0.166,-0.471,2.492,9.394,2.099
a,112852,0.000,8.349,36.000,8.349,9.448,-0.439,0.154,1.025,2.066,9.522,2.224
a,112855,0.000,7.416,36.000,7.416,10.195,0.034,0.261,0.781,2.150,9.382,2.316
a,112860,0.000,6.310,36.000,6.310,10.327,-0.195,-0.380,0.140,2.349,9.412,2.088
a,112863,0.000,5.057,36.000,5.057,10.327,0.034,-0.289,-0.242,2.167,9.361,2.261
a,112867,0.000,3.686,36.000,3.686,10.283,-0.149,0.597,-1.341,2.142,9.322,2.300
a,112871,0.000,2.228,36.000,2.228,10.371,0.294,0.108,0.186,2.249,9.319,2.185
a,112875,0.000,0.716,36.000,0.716,14.590,-0.409,-0.273,0.476,2.303,9.422,2.087
a,112879,0.000,-0.812,36.000,-0.812,10.239,0.080,-0.396,-0.028,2.114,9.316,2.237
a,112883,0.000,-2.323,36.000,-2.323,15.908,0.172,0.521,-0.700,2.163,9.203,2.227
a,112887,0.000,-3.781,36.000,-3.781,12.524,1.057,2.124,0.186,2.067,9.306,2.069
a,112891,0.000,-5.151,36.000,-5.151,13.623,-0.515,-0.991,0.491,2.567,9.513,1.919
a,112895,0.000,-6.400,36.000,-6.400,13.008,0.034,-0.441,-0.013,2.041,9.200,2.443
a,112899,0.000,-7.500,36.000,-7.500,11.030,-0.256,-0.563,-1.250,2.271,9.353,2.252
a,112903,0.000,-8.424,36.000,-8.424,8.745,0.309,1.024,1.086,1.988,9.422,2.134
a,112907,0.000,-9.150,36.000,-9.150,4.175,0.462,0.917,0.323,2.023,9.303,2.409
a,112911,0.000,-9.660,36.000,-9.660,3.252,0.156,-0.609,1.193,2.787,9.311,2.248
a,112916,0.000,-9.942,36.000,-9.942,1.978,-0.958,-1.296,0.399,2.225,9.428,1.927
a,112920,0.000,-9.989,36.000,-9.989,-0.132,0.065,0.001,-0.685,1.689,9.319,2.407
a,112923,0.000,-9.799,36.000,-9.799,-0.835,0.416,0.917,0.750,2.382,9.299,2.316
a,112927,0.000,-9.377,36.000,-9.377,-1.670,0.095,1.406,1.040,2.113,9.434,2.040
a,112931,0.000,-8.731,36.000,-8.731,-2.241,-0.073,-0.991,0.216,2.399,9.421,2.176
a,112935,0.000,-7.877,36.000,-7.877,-2.505,-0.424,-0.884,-0.654,2.319,9.394,2.198
a,112939,0.000,-6.835,36.000,-6.835,-3.120,0.340,0.750,-1.738,1.960,9.529,2.156
a,112943,0.000,-5.629,36.000,-5.629,-3.120,0.355,0.750,0.659,2.172,9.256,2.316
a,112948,0.000,-4.288,36.000,-4.288,-3.252,0.462,0.597,0.445,2.255,9.352,2.237
a,112952,0.000,-2.843,36.000,-2.843,-3.208,-0.348,-0.380,0.521,2.370,9.380,2.079
a,112956,0.000,-1.329,36.000,-1.329,0.527,-0.241,-0.609,0.216,2.277,9.342,2.161
a,112959,0.000,0.217,36.000,0.217,-3.076,-0.348,-0.166,0.415,1.885,9.334,2.350
a,112963,0.000,1.760,36.000,1.760,-2.812,0.141,0.414,0.109,2.184,9.319,2.325
a,112967,0.000,3.261,36.000,3.261,-2.373,0.813,0.994,-0.517,2.106,9.359,2.173
a,112971,0.000,4.684,36.000,4.684,-1.582,-0.134,-0.441,-0.288,2.373,9.434,2.172
a,112975,0.000,5.996,36.000,5.996,-0.879,-0.577,-1.739,-0.364,2.546,9.580,2.237
a,112980,0.000,7.163,36.000,7.163,3.867,0.187,-0.426,0.292,1.998,9.379,2.154
a,112984,0.000,8.159,36.000,8.159,1.758,-0.149,0.200,-1.021,2.115,9.568,2.272
a,112987,0.000,8.957,36.000,8.957,2.725,0.553,1.345,-0.669,2.243,9.195,2.253
a,112991,0.000,9.539,36.000,9.539,3.823,-0.042,-0.609,-0.059,2.300,9.689,2.224
a,112995,0.000,9.889,36.000,9.889,5.229,0.355,-1.098,-0.395,2.362,9.216,2.075
a,112999,0.000,10.000,36.000,10.000,6.284,0.675,0.872,0.094,1.771,9.626,2.283
a,113003,0.000,9.867,36.000,9.867,6.943,-0.134,0.032,-0.074,2.286,9.348,2.309
a,113007,0.000,9.494,36.000,9.494,8.306,0.278,0.200,-0.914,2.334,9.029,2.042
a,113011,0.000,8.889,36.000,8.889,8.877,-0.363,0.154,-0.837,2.113,9.339,2.157
a,113015,0.000,8.066,36.000,8.066,9.624,-0.638,-1.647,0.018,2.455,9.414,2.194
a,113019,0.000,7.046,36.000,7.046,13.887,-0.241,0.536,0.720,2.023,9.367,2.215
a,113023,0.000,5.852,36.000,5.852,10.503,0.172,0.246,-0.486,2.181,9.371,2.277
a,113027,0.000,4.514,36.000,4.514,10.898,-0.073,-0.334,0.247,2.492,9.191,2.156
a,113031,0.000,3.065,36.000,3.065,10.503,0.019,0.169,0.063,2.004,9.226,2.189
a,113035,0.000,1.539,36.000,1.539,10.898,-0.256,-0.563,-0.822,2.437,9.422,2.206
a,113040,0.000,-0.026,36.000,-0.026,10.942,-0.180,-0.151,1.575,2.093,9.231,2.271
a,113044,0.000,-1.591,36.000,-1.591,15.249,0.278,1.040,-0.028,1.981,9.311,2.260
a,113047,0.000,-3.118,36.000,-3.118,15.117,0.721,1.162,0.460,2.225,9.360,2.082
a,113051,0.000,-4.569,36.000,-4.569,9.097,-0.271,-0.487,-1.219,2.382,9.413,2.036
a,113056,0.000,-5.908,36.000,-5.908,8.350,-0.500,-1.724,1.117,2.264,9.353,2.191
a,113060,0.000,-7.101,36.000,-7.101,7.339,-0.057,0.536,1.666,1.991,9.407,2.306
a,113064,0.000,-8.119,36.000,-8.119,13.052,0.172,0.047,-1.127,2.282,9.459,2.201
a,113068,0.000,-8.935,36.000,-8.935,5.361,0.553,0.322,-0.700,2.498,9.030,2.261
a,113071,0.000,-9.530,36.000,-9.530,5.229,-0.515,-0.350,0.201,1.986,9.604,2.185
a,113075,0.000,-9.888,36.000,-9.888,2.725,-0.073,-1.525,0.613,2.642,9.226,2.354
a,113080,0.000,-10.000,36.000,-10.000,1.187,-0.714,-1.327,-0.700,2.191,9.342,2.103
a,113083,0.000,-9.862,36.000,-9.862,-0.264,0.660,1.009,1.651,1.890,9.377,2.272
a,113087,0.000,-9.477,36.000,-9.477,-1.450,0.172,0.261,-1.143,2.358,9.336,2.264
a,113091,0.000,-8.854,36.000,-8.854,-1.714,0.172,0.001,-0.257,2.228,9.250,2.259
a,113095,0.000,-8.010,36.000,-8.010,-2.241,-0.088,-0.884,-0.822,2.324,9.336,2.048
a,113099,0.000,-6.963,36.000,-6.963,1.230,-0.073,-0.609,0.705,2.228,9.221,2.243
a,113103,0.000,-5.741,36.000,-5.741,-2.988,-0.012,0.230,0.888,2.035,9.331,2.185
a,113107,0.000,-4.374,36.000,-4.374,-3.120,0.294,0.414,-0.211,2.279,9.346,2.201
a,113111,0.000,-2.895,36.000,-2.895,-1.055,0.355,0.154,-0.196,2.261,9.307,2.175
a,113115,0.000,-1.343,36.000,-1.343,-3.032,0.080,-0.334,-0.089,2.224,9.328,2.192
a,113119,0.000,0.245,36.000,0.245,2.549,-0.027,-0.502,-0.181,2.193,9.349,2.182
a,113123,0.000,1.827,36.000,1.827,1.362,0.156,-0.609,1.514,2.228,9.497,2.242
a,113127,0.000,3.364,36.000,3.364,-0.879,-1.218,-1.083,-0.868,2.206,9.562,2.154
a,113131,0.000,4.817,36.000,4.817,-1.758,0.736,1.284,0.094,2.043,9.137,2.461
a,113135,0.000,6.148,36.000,6.148,6.680,0.095,0.750,0.934,2.399,9.333,1.944
a,113139,0.000,7.324,36.000,7.324,-0.088,-0.821,-1.876,-0.532,2.452,9.396,2.157
a,113143,0.000,8.314,36.000,8.314,1.714,0.675,0.414,0.063,2.084,9.092,2.246
a,113147,0.000,9.093,36.000,9.093,2.725,-0.057,0.124,1.193,2.079,9.379,2.188
a,113152,0.000,9.640,36.000,9.640,3.999,0.477,1.467,1.254,1.826,9.197,2.398
a,113155,0.000,9.940,36.000,9.940,5.405,-0.134,0.108,-0.013,2.691,9.461,2.017
a,113160,0.000,9.987,36.000,9.987,6.328,-0.424,-0.808,0.873,2.324,9.147,2.130
a,113164,0.000,9.778,36.000,9.778,6.855,-0.363,-0.884,-1.418,2.093,9.471,2.219
a,113167,0.000,9.317,36.000,9.317,7.646,0.355,0.322,-0.425,2.155,9.349,2.322
a,113171,0.000,8.617,36.000,8.617,8.789,0.080,1.788,0.247,2.132,9.440,2.046
a,113175,0.000,7.695,36.000,7.695,8.965,-0.531,-0.670,-0.547,2.411,9.536,2.088
a,113179,0.000,6.573,36.000,6.573,9.141,-0.409,0.230,0.399,2.060,9.248,2.261
a,113184,0.000,5.282,36.000,5.282,9.668,-0.057,-0.151,-1.921,2.155,9.367,2.236
a,113188,0.000,3.853,36.000,3.853,9.668,-0.149,0.017,0.735,2.203,9.404,2.162
a,113191,0.000,2.323,36.000,2.323,9.800,0.660,0.917,-0.502,2.075,9.354,2.259
a,113195,0.000,0.733,36.000,0.733,9.800,-0.302,-0.457,-0.242,2.528,9.537,2.065
a,113199,0.000,-0.878,36.000,-0.878,15.117,-0.241,-1.098,0.537,2.324,9.365,2.215
a,113203,0.000,-2.467,36.000,-2.467,15.205,-0.149,0.414,-0.639,1.979,9.260,2.221
a,113207,0.000,-3.993,36.000,-3.993,16.831,1.118,2.276,0.796,2.212,9.200,2.206
a,113211,0.000,-5.416,36.000,-5.416,11.909,-0.073,-0.945,0.002,2.510,9.580,1.887
a,113215,0.000,-6.698,36.000,-6.698,6.943,0.355,-0.166,0.186,2.088,9.306,2.446
a,113219,0.000,-7.807,36.000,-7.807,13.931,-0.531,-1.708,-1.677,2.507,9.544,2.132
a,113223,0.000,-8.712,36.000,-8.712,9.624,-0.042,0.001,-0.669,2.078,9.225,2.319
a,113227,0.000,-9.390,36.000,-9.390,5.493,0.874,2.276,-0.685,1.763,9.546,2.364
a,113231,0.000,-9.822,36.000,-9.822,3.867,-0.057,-0.701,0.979,2.806,9.202,2.151
a,113235,0.000,-9.996,36.000,-9.996,1.274,-0.699,-2.228,-0.135,2.346,9.301,2.052
a,113239,0.000,-9.909,36.000,-9.909,-0.088,-0.286,-0.426,1.407,2.033,9.389,2.188
a,113244,0.000,-9.560,36.000,-9.560,-1.099,0.065,0.215,-1.570,2.101,9.434,2.303
a,113248,0.000,-8.959,36.000,-8.959,-1.626,1.072,2.353,1.285,2.047,9.106,2.344
a,113251,0.000,-8.122,36.000,-8.122,-2.285,-0.073,0.368,0.018,2.495,9.434,2.000
a,113255,0.000,-7.069,36.000,-7.069,-2.900,-0.577,-1.632,0.338,2.367,9.278,2.201
a,113259,0.000,-5.829,36.000,-5.829,-2.988,0.019,-0.502,-0.624,2.072,9.334,2.207
a,113264,0.000,-4.434,36.000,-4.434,-3.120,0.187,0.108,0.674,2.097,9.395,2.277
a,113268,0.000,-2.920,36.000,-2.920,-3.164,1.042,1.681,-0.135,2.101,9.233,2.291
a,113272,0.000,-1.328,36.000,-1.328,-3.120,-0.042,-0.289,-0.776,2.468,9.471,2.065
a,113275,0.000,0.301,36.000,0.301,3.867,-0.348,-1.037,0.811,2.269,9.339,2.192
a,113279,0.000,1.922,36.000,1.922,2.549,-0.149,-0.457,-1.647,2.085,9.251,2.267
a,113283,0.000,3.494,36.000,3.494,-2.944,0.248,-0.060,0.720,1.981,9.522,2.243
a,113287,0.000,4.973,36.000,4.973,-1.099,0.507,1.803,0.186,1.739,9.227,2.453
a,113292,0.000,6.320,36.000,6.320,0.396,1.057,1.269,0.476,2.514,9.319,2.167
a,113295,0.000,7.499,36.000,7.499,-0.264,-0.653,-1.037,-0.273,2.132,9.462,2.170
a,113300,0.000,8.478,36.000,8.478,1.758,-0.103,-0.548,-0.624,2.014,9.169,2.374
a,113304,0.000,9.230,36.000,9.230,4.878,0.294,0.383,-0.105,2.290,9.219,2.143
a,113307,0.000,9.735,36.000,9.735,4.087,0.126,0.826,0.338,1.717,9.531,2.472
a,113311,0.000,9.978,36.000,9.978,6.021,0.920,0.811,0.873,2.498,9.419,2.127
a,113315,0.000,9.952,36.000,9.952,6.855,-1.035,-1.815,-0.639,2.624,9.428,1.932
a,113319,0.000,9.658,36.000,9.658,7.646,-0.134,-0.060,-0.242,1.830,9.094,2.532
a,113323,0.000,9.103,36.000,9.103,8.877,0.126,1.696,0.186,1.798,9.298,2.324
a,113327,0.000,8.302,36.000,8.302,9.448,1.027,1.803,0.842,2.422,9.148,1.960
a,113331,0.000,7.275,36.000,7.275,9.668,-0.867,-0.457,-0.624,2.357,9.457,2.033
a,113335,0.000,6.051,36.000,6.051,10.327,-0.149,-1.037,-0.715,2.225,9.202,2.385
a,113339,0.000,4.661,36.000,4.661,10.283,-0.592,-0.441,-0.563,2.054,9.500,2.010
a,113343,0.000,3.144,36.000,3.144,14.678,0.523,1.131,-0.440,2.037,9.340,2.496
a,113347,0.000,1.540,36.000,1.540,10.371,0.401,0.215,-0.425,2.515,9.372,2.067
a,113352,0.000,-0.107,36.000,-0.107,10.283,-0.424,-1.434,-1.021,2.344,9.339,2.114
a,113355,0.000,-1.752,36.000,-1.752,10.283,-0.073,-0.899,-0.746,2.043,9.272,2.332
a,113359,0.000,-3.350,36.000,-3.350,9.844,0.675,1.757,0.521,1.861,9.340,2.233
a,113363,0.000,-4.857,36.000,-4.857,8.921,0.507,0.551,0.491,2.440,9.482,2.069
a,113368,0.000,-6.233,36.000,-6.233,8.042,-0.973,-1.693,-0.639,2.417,9.360,2.137
a,113371,0.000,-7.438,36.000,-7.438,6.899,0.416,-0.228,-0.089,2.094,9.121,2.325
a,113375,0.000,-8.440,36.000,-8.440,13.096,-0.928,-0.548,-0.242,1.942,9.610,2.072
a,113379,0.000,-9.210,36.000,-9.210,4.834,0.721,1.314,-0.135,2.188,9.300,2.473
a,113383,0.000,-9.728,36.000,-9.728,4.922,0.156,1.360,1.956,2.170,9.325,1.967
a,113387,0.000,-9.977,36.000,-9.977,2.505,-1.080,-2.029,0.079,2.264,9.428,2.011
a,113391,0.000,-9.951,36.000,-9.951,6.724,-0.485,-1.342,-1.204,2.210,9.191,2.395
a,113396,0.000,-9.650,36.000,-9.650,-0.264,-0.027,0.307,0.124,2.155,9.258,2.194
a,113400,0.000,-9.082,36.000,-9.082,-1.055,0.110,1.192,-1.372,1.905,9.382,2.182
a,113403,0.000,-8.262,36.000,-8.262,-1.802,0.828,1.299,-0.883,2.417,9.145,2.328
a,113407,0.000,-7.212,36.000,-7.212,0.659,-0.714,-1.495,-0.914,2.401,9.477,1.985
a,113411,0.000,-5.960,36.000,-5.960,-2.856,0.202,-0.762,1.361,2.110,9.184,2.325
a,113415,0.000,-4.542,36.000,-4.542,-3.120,0.187,0.337,0.445,2.121,9.324,2.236
a,113419,0.000,-2.997,36.000,-2.997,-3.076,0.507,0.917,0.048,2.142,9.293,2.297
a,113423,0.000,-1.367,36.000,-1.367,1.318,0.278,0.261,-0.318,2.346,9.377,2.119
a,113428,0.000,0.302,36.000,0.302,-3.076,-0.241,-1.021,0.537,2.395,9.461,2.131
a,113432,0.000,1.964,36.000,1.964,2.461,-0.409,-0.396,-0.074,1.985,9.295,2.249
a,113436,0.000,3.572,36.000,3.572,-2.856,0.233,0.276,0.491,2.064,9.319,2.380
a,113440,0.000,5.081,36.000,5.081,4.746,0.507,1.956,-0.898,2.020,9.297,2.280
a,113444,0.000,6.448,36.000,6.448,-0.923,-0.470,-0.731,-0.761,2.616,9.647,2.069
a,113448,0.000,7.634,36.000,7.634,0.352,0.034,-1.510,0.445,2.280,9.268,2.230
a,113451,0.000,8.607,36.000,8.607,2.065,-0.653,-0.716,-1.524,1.903,9.540,2.200
a,113455,0.000,9.338,36.000,9.338,3.296,0.645,0.597,1.102,1.968,9.292,2.332
a,113459,0.000,9.805,36.000,9.805,4.658,1.286,2.276,0.506,2.059,9.322,2.375
a,113463,0.000,9.996,36.000,9.996,6.196,-0.363,-0.334,-0.074,2.230,9.298,2.301
a,113467,0.000,9.904,36.000,9.904,6.899,-0.882,-2.151,-1.982,2.510,9.303,1.838
a,113472,0.000,9.531,36.000,9.531,8.174,0.141,-0.060,0.231,2.041,9.333,2.269
a,113475,0.000,8.887,36.000,8.887,8.877,0.065,1.635,0.567,1.873,9.380,2.391
a,113479,0.000,7.991,36.000,7.991,8.965,0.278,0.383,-0.807,2.510,9.402,2.027
a,113483,0.000,6.867,36.000,6.867,9.492,-0.531,-0.487,-0.242,2.274,9.530,2.037
a,113487,0.000,5.546,36.000,5.546,9.756,-0.424,-0.869,-0.654,2.139,9.335,2.334
a,113491,0.000,4.067,36.000,4.067,9.844,-0.378,-0.487,-0.563,2.168,9.402,2.168
a,113495,0.000,2.470,36.000,2.470,10.283,0.340,1.528,0.689,1.945,9.463,2.294
a,113499,0.000,0.802,36.000,0.802,10.239,-0.027,0.200,0.124,2.466,9.449,2.157
a,113504,0.000,-0.891,36.000,-0.891,9.844,-0.409,-1.037,-0.120,2.327,9.313,2.221
a,113507,0.000,-2.559,36.000,-2.559,15.249,-0.134,0.200,-0.303,1.980,9.170,2.192
a,113511,0.000,-4.154,36.000,-4.154,14.062,0.950,2.001,0.186,2.170,9.285,2.237
a,113515,0.000,-5.631,36.000,-5.631,8.262,-0.302,-0.731,-0.166,2.436,9.511,1.941
a,113519,0.000,-6.947,36.000,-6.947,6.943,0.675,0.551,0.216,2.070,9.264,2.422
a,113523,0.000,-8.064,36.000,-8.064,6.768,-0.470,-1.754,-0.746,2.546,9.525,2.081
a,113527,0.000,-8.949,36.000,-8.949,5.581,0.019,-0.105,0.124,2.187,9.099,2.370
a,113531,0.000,-9.575,36.000,-9.575,3.867,0.660,1.559,-0.715,1.657,9.548,2.315
a,113535,0.000,-9.926,36.000,-9.926,2.593,0.141,-0.472,0.399,2.862,9.238,2.180
a,113539,0.000,-9.988,36.000,-9.988,1.143,-0.531,-1.876,-0.639,2.316,9.335,2.125
a,113543,0.000,-9.761,36.000,-9.761,1.099,0.141,-0.441,0.231,2.023,9.436,2.188
a,113547,0.000,-9.251,36.000,-9.251,-1.494,-0.195,-0.380,-0.181,2.204,9.335,2.294
a,113552,0.000,-8.471,36.000,-8.471,-1.802,1.393,1.986,-0.211,2.029,9.161,2.415
a,113556,0.000,-7.444,36.000,-7.444,-2.373,-0.439,-0.441,-0.502,2.497,9.754,1.840
a,113559,0.000,-6.199,36.000,-6.199,-2.900,0.248,-1.296,0.262,2.343,9.252,2.267
a,113563,0.000,-4.772,36.000,-4.772,-3.032,-0.057,-0.869,-1.524,2.178,9.181,2.199
a,113567,0.000,-3.205,36.000,-3.205,-2.988,0.248,0.093,-0.303,2.048,9.365,2.296
a,113572,0.000,-1.543,36.000,-1.543,1.978,1.057,1.635,1.346,2.023,9.279,2.283
a,113575,0.000,0.165,36.000,0.165,-2.944,0.126,-0.014,-1.173,2.461,9.382,2.185
a,113579,0.000,1.870,36.000,1.870,-1.055,-0.577,-1.541,-0.257,2.266,9.287,2.215
a,113584,0.000,3.520,36.000,3.520,3.911,-0.149,-0.487,-0.456,1.936,9.357,2.290
a,113588,0.000,5.068,36.000,5.068,-1.538,-0.195,1.040,0.598,2.257,9.288,2.172
a,113592,0.000,6.468,36.000,6.468,6.108,-0.286,0.337,1.071,2.327,9.525,2.221
a,113595,0.000,7.678,36.000,7.678,-0.088,0.294,0.322,-0.211,2.380,9.245,2.173
a,113599,0.000,8.662,36.000,8.662,1.802,-0.836,-1.800,2.201,2.300,9.753,2.059
a,113603,0.000,9.390,36.000,9.390,6.240,0.095,0.521,0.292,1.856,9.086,2.442
a,113607,0.000,9.841,36.000,9.841,6.812,0.935,0.795,-0.593,2.029,9.592,2.328
a,113611,0.000,10.000,36.000,10.000,5.537,0.340,0.215,-1.036,2.274,9.456,2.084
a,113615,0.000,9.862,36.000,9.862,6.680,0.462,-0.166,-0.410,2.319,9.188,2.109
a,113619,0.000,9.431,36.000,9.431,8.350,-0.653,-0.502,-0.944,2.155,9.351,2.312
a,113623,0.000,8.719,36.000,8.719,8.789,0.233,-0.136,0.827,1.872,9.401,2.252
a,113627,0.000,7.746,36.000,7.746,9.053,1.378,1.482,0.415,2.312,9.252,2.161
a,113631,0.000,6.542,36.000,6.542,9.624,-0.958,-0.166,0.201,2.272,9.585,2.157
a,113635,0.000,5.141,36.000,5.141,10.239,0.614,-0.182,-0.898,2.187,9.163,2.288
a,113639,0.000,3.586,36.000,3.586,10.415,-0.851,-1.144,-0.227,2.334,9.489,1.985
a,113643,0.000,1.922,36.000,1.922,11.777,0.187,1.024,-0.181,1.861,9.249,2.522
a,113648,0.000,0.199,36.000,0.199,10.415,0.340,0.643,-0.318,2.359,9.394,2.145
a,113652,0.000,-1.531,36.000,-1.531,16.699,-0.577,-1.113,-0.166,2.570,9.416,2.093
a,113655,0.000,-3.215,36.000,-3.215,15.908,-0.012,-0.166,1.407,1.851,9.461,2.367
a,113659,0.000,-4.805,36.000,-4.805,15.996,0.904,0.704,0.491,2.623,9.085,2.354
a,113663,0.000,-6.250,36.000,-6.250,8.745,-0.790,-1.189,0.979,2.350,9.533,1.859
a,113668,0.000,-7.507,36.000,-7.507,7.295,1.011,1.895,-0.456,1.749,9.027,2.288
a,113672,0.000,-8.538,36.000,-8.538,13.843,0.065,-0.640,0.247,2.629,9.416,2.046
a,113676,0.000,-9.311,36.000,-9.311,5.977,-0.485,-1.357,-1.463,2.328,9.121,2.309
a,113679,0.000,-9.803,36.000,-9.803,3.823,0.110,0.704,-1.143,1.624,9.501,2.453
a,113683,0.000,-9.997,36.000,-9.997,2.549,-0.546,-0.334,-0.669,2.533,9.668,2.247
a,113687,0.000,-9.887,36.000,-9.887,0.571,-0.149,-0.563,-1.097,2.168,9.268,2.114
a,113691,0.000,-9.477,36.000,-9.477,-0.747,0.813,0.032,-2.044,2.424,9.200,2.145
a,113696,0.000,-8.777,36.000,-8.777,-1.582,-0.699,-0.823,0.323,2.150,9.448,2.106
a,113699,0.000,-7.809,36.000,-7.809,-2.373,1.057,0.963,-0.181,2.043,9.125,2.522
a,113704,0.000,-6.602,36.000,-6.602,-2.856,-0.195,0.047,-0.288,2.489,9.540,1.987
a,113708,0.000,-5.192,36.000,-5.192,-3.164,-0.271,-1.205,-1.204,2.355,9.333,2.254
a,113711,0.000,-3.622,36.000,-3.622,-2.461,0.065,-0.060,0.079,2.047,9.256,2.182
a,113715,0.000,-1.939,36.000,-1.939,-3.120,-0.119,-0.166,0.903,2.219,9.451,2.322
a,113719,0.000,-0.197,36.000,-0.197,1.143,0.660,1.498,-0.822,2.037,9.216,2.274
a,113723,0.000,1.553,36.000,1.553,0.703,-0.744,-0.655,-0.166,2.484,9.479,2.051
a,113727,0.000,3.257,36.000,3.257,3.955,-0.500,-0.212,0.903,2.175,9.400,2.246
a,113731,0.000,4.861,36.000,4.861,1.318,0.248,0.719,0.552,2.115,9.274,2.307
a,113735,0.000,6.316,36.000,6.316,-1.494,-1.004,-0.166,1.361,2.411,9.548,2.059
a,113739,0.000,7.576,36.000,7.576,-0.308,0.034,0.887,0.491,1.854,9.416,2.357
a,113743,0.000,8.603,36.000,8.603,3.164,0.278,0.490,-0.700,2.292,9.317,2.186
a,113747,0.000,9.364,36.000,9.364,3.999,-0.302,0.124,1.361,2.368,9.275,2.197
a,113751,0.000,9.834,36.000,9.834,5.977,0.004,0.215,-0.853,2.206,9.080,2.125
a,113756,0.000,10.000,36.000,10.000,5.229,-0.134,0.322,0.231,2.513,9.278,1.988
a,113759,0.000,9.854,36.000,9.854,6.899,-0.027,0.475,0.186,2.045,9.293,2.440
a,113763,0.000,9.401,36.000,9.401,6.855,-0.149,-0.273,-0.944,2.228,9.436,2.121
a,113767,0.000,8.655,36.000,8.655,7.690,-0.241,-0.854,0.384,2.514,9.414,2.106
a,113771,0.000,7.637,36.000,7.637,8.833,-0.073,0.917,0.552,1.839,9.389,2.345
a,113775,0.000,6.380,36.000,6.380,9.053,0.233,-0.334,-1.021,2.424,9.407,2.023
a,113779,0.000,4.923,36.000,4.923,9.097,-0.454,-0.426,0.689,2.280,9.442,2.131
a,113783,0.000,3.310,36.000,3.310,9.580,0.110,-0.060,-0.960,2.022,9.345,2.373
a,113787,0.000,1.592,36.000,1.592,13.975,-0.577,-0.991,-0.334,2.495,9.425,2.121
a,113792,0.000,-0.177,36.000,-0.177,9.668,0.294,0.444,0.384,1.992,9.285,2.161
a,113796,0.000,-1.942,36.000,-1.942,16.611,0.065,-0.136,-1.066,2.391,9.390,2.188
a,113799,0.000,-3.646,36.000,-3.646,14.458,-0.760,-0.869,-1.356,2.331,9.474,2.198
a,113803,0.000,-5.237,36.000,-5.237,9.009,0.782,2.444,-1.616,1.851,9.196,2.140
a,113807,0.000,-6.663,36.000,-6.663,14.590,-1.080,-1.235,0.750,2.716,9.633,1.967
a,113811,0.000,-7.879,36.000,-7.879,7.339,0.080,0.429,0.827,2.057,8.990,2.497
a,113815,0.000,-8.846,36.000,-8.846,13.271,-0.363,-0.273,-0.013,2.047,9.623,2.017
a,113820,0.000,-9.533,36.000,-9.533,4.746,-0.393,-0.166,2.002,2.364,9.385,2.388
a,113824,0.000,-9.918,36.000,-9.918,3.472,1.332,2.765,0.384,1.901,8.941,2.073
a,113828,0.000,-9.987,36.000,-9.987,2.505,-0.470,-0.609,-1.143,2.591,9.697,1.954
a,113831,0.000,-9.738,36.000,-9.738,7.603,-0.744,-1.602,-0.211,2.187,9.084,2.446
a,113835,0.000,-9.179,36.000,-9.179,-0.264,0.630,0.872,0.155,1.997,9.157,2.211
a,113839,0.000,-8.326,36.000,-8.326,-1.582,-0.638,0.169,1.254,2.128,9.519,2.099
a,113843,0.000,-7.206,36.000,-7.206,2.681,1.133,1.467,1.208,2.264,9.160,2.474
a,113847,0.000,-5.854,36.000,-5.854,-2.505,-0.256,-0.777,-1.250,2.422,9.523,1.903
a,113852,0.000,-4.314,36.000,-4.314,-3.076,-0.363,-1.205,0.048,2.225,9.390,2.333
a,113855,0.000,-2.635,36.000,-2.635,-3.076,0.126,0.154,-0.364,1.876,9.376,2.266
a,113859,0.000,-0.870,36.000,-0.870,-3.032,-0.073,0.627,-0.028,2.266,9.388,2.292
a,113864,0.000,0.925,36.000,0.925,4.746,0.614,1.024,-0.334,2.134,9.304,2.222
a,113867,0.000,2.691,36.000,2.691,-2.944,-0.714,-0.945,-0.608,2.483,9.464,2.077
a,113871,0.000,4.371,36.000,4.371,3.428,-0.577,-1.144,0.537,2.150,9.427,2.309
a,113875,0.000,5.911,36.000,5.911,2.505,0.721,0.887,-0.303,1.833,9.327,2.373
a,113879,0.000,7.260,36.000,7.260,8.130,-0.348,-0.273,-0.135,2.528,9.592,2.016
a,113883,0.000,8.376,36.000,8.376,5.493,0.446,-0.060,-1.173,2.140,9.127,2.336
a,113887,0.000,9.220,36.000,9.220,1.846,-0.424,-0.716,-1.311,2.297,9.707,2.000
a,113891,0.000,9.765,36.000,9.765,6.943,-0.210,-0.334,0.201,2.199,9.129,2.297
a,113895,0.000,9.993,36.000,9.993,4.043,0.034,1.253,0.170,2.017,9.267,2.361
a,113899,0.000,9.896,36.000,9.896,5.273,0.278,0.322,-0.486,2.405,9.454,2.102
a,113903,0.000,9.476,36.000,9.476,7.471,0.736,0.215,0.338,2.440,9.357,2.052
a,113907,0.000,8.746,36.000,8.746,6.855,-0.714,-0.884,-0.822,2.095,9.474,2.307
a,113912,0.000,7.730,36.000,7.730,8.086,0.416,-0.136,0.018,2.210,9.346,2.380
a,113915,0.000,6.460,36.000,6.460,8.394,0.156,0.917,-0.990,2.191,9.073,2.067
a,113919,0.000,4.978,36.000,4.978,14.678,0.019,0.001,-0.395,2.261,9.419,2.130
a,113923,0.000,3.331,36.000,3.331,8.965,-0.149,-0.044,0.247,2.380,9.330,2.161
a,113927,0.000,1.573,36.000,1.573,13.755,-0.134,-0.808,0.262,2.240,9.431,2.148
a,113931,0.000,-0.237,36.000,-0.237,15.205,-0.103,0.108,-0.669,2.152,9.382,2.274
a,113935,0.000,-2.041,36.000,-2.041,9.053,0.416,0.704,-0.379,2.188,9.392,2.175
a,113939,0.000,-3.778,36.000,-3.778,15.996,-0.073,-0.228,0.689,2.342,9.425,2.150
a,113944,0.000,-5.392,36.000,-5.392,15.908,-0.683,-0.808,1.040,2.271,9.597,2.288
a,113948,0.000,-6.829,36.000,-6.829,8.042,0.385,0.872,-1.372,2.197,9.499,2.301
a,113951,0.000,-8.040,36.000,-8.040,6.899,-0.470,-1.266,-0.822,2.430,9.568,1.996
a,113955,0.000,-8.985,36.000,-8.985,6.680,-0.027,-0.457,0.033,1.991,9.282,2.316
a,113959,0.000,-9.633,36.000,-9.633,4.746,-0.424,-0.334,0.140,2.272,9.355,2.272
a,113963,0.000,-9.960,36.000,-9.960,3.296,0.981,1.635,2.323,2.203,9.060,2.221
a,113967,0.000,-9.956,36.000,-9.956,1.978,-0.088,0.368,-1.173,2.172,9.436,1.879
a,113972,0.000,-9.621,36.000,-9.621,0.396,-0.424,-1.357,-0.746,2.265,9.422,2.300
a,113976,0.000,-8.963,36.000,-8.963,-0.835,0.248,-0.426,0.399,2.310,9.248,2.277
a,113980,0.000,-8.006,36.000,-8.006,-1.582,-0.317,0.047,-0.181,1.975,9.372,2.149
a,113983,0.000,-6.780,36.000,-6.780,-2.285,0.828,1.192,-1.097,2.178,9.123,2.404
a,113988,0.000,-5.326,36.000,-5.326,-2.900,-0.088,0.246,-0.746,2.406,9.377,2.033
a,113991,0.000,-3.693,36.000,-3.693,1.758,-0.653,-1.999,-0.044,2.466,9.361,2.084
a,113996,0.000,-1.934,36.000,-1.934,-2.988,-0.470,0.017,0.308,1.936,9.363,2.148
a,113999,0.000,-0.109,36.000,-0.109,1.934,0.248,0.963,0.155,2.066,9.267,2.376
a,114003,0.000,1.720,36.000,1.720,0.527,0.431,1.635,1.300,2.155,9.321,2.192
a,114007,0.000,3.493,36.000,3.493,-2.417,-0.134,-0.121,0.735,2.430,9.443,2.121
a,114011,0.000,5.149,36.000,5.149,1.934,-0.195,-1.052,-0.120,2.125,9.325,2.224
a,114015,0.000,6.632,36.000,6.632,6.196,-0.271,-1.098,-0.715,2.186,9.410,2.237
a,114019,0.000,7.892,36.000,7.892,5.361,0.614,1.284,-0.669,1.929,9.254,2.194
a,114023,0.000,8.884,36.000,8.884,9.800,0.935,1.498,0.674,2.033,9.129,2.184
a,114027,0.000,9.576,36.000,9.576,3.252,0.446,0.063,-0.273,2.343,9.328,2.193
a,114031,0.000,9.942,36.000,9.942,4.526,-0.699,-0.762,0.491,2.139,9.282,2.345
a,114035,0.000,9.970,36.000,9.970,6.152,-0.393,0.872,0.949,1.935,9.256,2.494
a,114039,0.000,9.659,36.000,9.659,6.943,0.156,-0.121,-0.639,2.306,9.577,1.811
a,114043,0.000,9.017,36.000,9.017,8.130,0.263,0.811,1.269,2.079,9.378,2.593
a,114048,0.000,8.067,36.000,8.067,8.745,-0.195,-0.105,1.193,2.175,9.553,2.278
a,114051,0.000,6.840,36.000,6.840,9.053,-0.164,-0.716,-1.479,2.460,9.341,1.961
a,114055,0.000,5.378,36.000,5.378,9.492,-0.363,-0.426,0.521,2.047,9.491,2.116
a,114059,0.000,3.731,36.000,3.731,15.425,0.278,0.093,-0.960,2.188,9.439,2.525
a,114063,0.000,1.954,36.000,1.954,13.271,-0.134,0.230,1.117,2.279,9.310,1.999
a,114067,0.000,0.109,36.000,0.109,9.800,-0.073,0.017,0.628,2.290,9.369,2.112
a,114071,0.000,-1.741,36.000,-1.741,15.425,-0.210,-0.380,-1.265,2.333,9.339,2.325
a,114075,0.000,-3.532,36.000,-3.532,9.624,-0.302,-0.670,0.109,2.235,9.367,2.151
a,114079,0.000,-5.202,36.000,-5.202,15.776,1.011,2.490,0.506,1.833,9.157,2.213
a,114083,0.000,-6.694,36.000,-6.694,8.350,-0.958,-1.037,0.109,2.619,9.658,2.036
a,114087,0.000,-7.954,36.000,-7.954,6.899,-0.027,-0.228,0.094,2.125,9.295,2.316
a,114091,0.000,-8.940,36.000,-8.940,10.459,0.065,-0.441,-0.578,2.115,9.454,2.211
a,114095,0.000,-9.616,36.000,-9.616,4.878,-0.882,-1.693,-0.593,2.673,9.351,2.280
a,114100,0.000,-9.958,36.000,-9.958,6.987,0.950,2.398,0.338,1.670,9.013,2.334
a,114104,0.000,-9.954,36.000,-9.954,3.164,-0.638,-0.273,-0.074,2.455,9.521,1.804
a,114107,0.000,-9.603,36.000,-9.603,0.439,-0.592,-1.525,-0.425,2.212,9.219,2.217
a,114111,0.000,-8.917,36.000,-8.917,-0.835,0.721,0.047,-0.196,2.106,9.199,2.373
a,114115,0.000,-7.919,36.000,-7.919,-1.670,-0.790,-0.258,2.002,2.178,9.554,2.079
a,114119,0.000,-6.643,36.000,-6.643,-2.461,1.378,1.513,-1.112,2.039,9.087,2.496
a,114123,0.000,-5.133,36.000,-5.133,-3.032,-0.241,0.108,0.369,2.391,9.446,2.022
a,114127,0.000,-3.442,36.000,-3.442,-2.856,-0.895,-2.467,-0.387,2.264,9.448,2.349
a,114132,0.000,-1.630,36.000,-1.630,-2.988,0.524,0.097,1.201,2.010,9.058,2.342
a,114136,0.000,0.241,36.000,0.241,-2.900,-0.086,1.029,1.247,1.955,9.497,2.161
a,114139,0.000,2.105,36.000,2.105,3.428,0.616,0.632,-0.402,2.225,9.135,2.373
a,114143,0.000,3.896,36.000,3.896,-2.461,0.021,0.433,0.972,2.395,9.430,2.002
a,114147,0.000,5.550,36.000,5.550,1.802,-0.086,-0.849,-0.356,2.059,9.228,2.249
a,114151,0.000,7.009,36.000,7.009,5.361,-0.041,-0.330,0.926,2.173,9.363,2.298
a,114155,0.000,8.221,36.000,8.221,5.493,0.402,0.998,0.865,2.082,9.294,2.174
a,114159,0.000,9.143,36.000,9.143,1.802,-0.132,0.220,1.094,2.088,9.652,2.064
a,114163,0.000,9.740,36.000,9.740,5.449,0.616,0.388,0.514,2.346,9.110,2.269
a,114167,0.000,9.992,36.000,9.992,4.087,-0.987,-0.880,0.178,2.203,9.252,2.346
a,114171,0.000,9.889,36.000,9.889,6.724,-0.254,0.036,0.651,2.033,9.392,2.213
a,114175,0.000,9.433,36.000,9.433,6.680,0.433,0.403,-0.463,2.585,9.291,1.988
a,114180,0.000,8.640,36.000,8.640,8.306,-0.376,0.922,0.728,2.140,9.189,2.328
a,114183,0.000,7.538,36.000,7.538,8.965,0.066,-0.620,0.651,2.197,9.336,2.140
a,114187,0.000,6.166,36.000,6.166,9.053,-0.086,-0.361,1.094,2.357,9.210,2.082
a,114191,0.000,4.572,36.000,4.572,9.492,-0.514,-0.116,1.277,1.957,9.686,2.286
a,114195,0.000,2.813,36.000,2.813,20.083,0.494,0.204,0.132,2.306,9.175,2.237
a,114199,0.000,0.952,36.000,0.952,10.371,-0.010,0.693,-1.532,2.186,9.398,2.036
a,114204,0.000,-0.944,36.000,-0.944,10.459,-0.254,-0.345,0.163,2.355,9.436,2.236
a,114207,0.000,-2.808,36.000,-2.808,18.105,-0.285,0.250,-0.998,2.199,9.152,2.253
a,114211,0.000,-4.572,36.000,-4.572,10.327,-0.041,0.983,0.575,2.155,9.292,2.160
a,114215,0.000,-6.172,36.000,-6.172,16.699,-0.590,-1.338,0.254,2.334,9.533,1.996
a,114219,0.000,-7.549,36.000,-7.549,8.306,0.112,-0.620,-0.112,2.106,9.125,2.409
a,114224,0.000,-8.655,36.000,-8.655,7.559,0.158,1.288,-0.753,2.126,9.321,2.163
a,114228,0.000,-9.447,36.000,-9.447,6.240,-0.239,0.159,1.430,2.101,9.622,2.188
a,114232,0.000,-9.898,36.000,-9.898,4.658,0.219,-0.757,-0.066,2.598,9.240,2.186
a,114235,0.000,-9.989,36.000,-9.989,3.384,-0.117,-0.177,-0.921,2.241,9.201,1.936
a,114239,0.000,-9.716,36.000,-9.716,4.790,0.433,-0.498,-1.104,2.072,9.363,2.122
a,114243,0.000,-9.090,36.000,-9.090,-0.088,-0.239,0.052,1.598,1.945,9.383,2.204
a,114247,0.000,-8.132,36.000,-8.132,2.593,0.509,0.846,-0.082,2.364,9.181,2.322
a,114251,0.000,-6.876,36.000,-6.876,-1.670,-0.224,-0.620,-0.417,2.302,9.299,2.079
a,114255,0.000,-5.368,36.000,-5.368,-2.373,0.372,0.097,-1.104,2.172,9.203,2.318
a,114259,0.000,-3.662,36.000,-3.662,-2.856,-0.682,-1.338,-1.822,2.249,9.445,2.265
a,114263,0.000,-1.821,36.000,-1.821,0.659,0.540,0.617,-0.463,2.090,9.152,2.376
a,114267,0.000,0.088,36.000,0.088,3.164,0.234,0.922,0.285,2.115,9.328,2.096
a,114271,0.000,1.995,36.000,1.995,2.461,0.219,-0.681,-0.601,2.404,9.214,2.296
a,114275,0.000,3.830,36.000,3.830,3.955,-0.926,-1.215,0.728,2.251,9.471,2.109
a,114280,0.000,5.525,36.000,5.525,2.681,0.448,0.861,0.407,2.160,9.264,2.350
a,114283,0.000,7.017,36.000,7.017,6.680,-0.590,0.586,0.147,2.303,9.388,2.061
a,114287,0.000,8.251,36.000,8.251,0.000,-0.102,-0.849,-0.692,2.243,9.342,2.227
a,114291,0.000,9.180,36.000,9.180,1.758,-0.193,-0.483,1.048,2.257,9.629,2.103
a,114295,0.000,9.770,36.000,9.770,6.064,0.005,-0.345,-0.433,2.132,9.133,2.227
a,114299,0.000,9.998,36.000,9.998,4.043,-0.758,0.052,0.880,2.084,9.385,2.382
a,114303,0.000,9.854,36.000,9.854,10.942,0.112,0.128,-0.662,2.063,9.450,2.121
a,114308,0.000,9.344,36.000,9.344,6.724,0.204,-0.620,-1.685,2.513,9.549,2.017
a,114311,0.000,8.486,36.000,8.486,7.603,-0.468,0.220,0.590,2.131,9.273,2.309
a,114315,0.000,7.311,36.000,7.311,8.789,-0.361,-0.086,-0.112,2.048,9.476,2.242
a,114319,0.000,5.862,36.000,5.862,8.921,-0.102,0.326,-0.250,2.389,9.284,2.049
a,114323,0.000,4.193,36.000,4.193,9.053,-0.468,-0.406,0.056,2.168,9.548,2.258
a,114327,0.000,2.366,36.000,2.366,9.756,0.280,-0.452,-0.234,2.315,9.182,2.401
a,114332,0.000,0.449,36.000,0.449,15.820,-0.163,0.326,0.865,2.206,9.339,2.052
a,114336,0.000,-1.486,36.000,-1.486,10.283,-0.041,0.036,0.819,2.209,9.364,2.167
a,114340,0.000,-3.367,36.000,-3.367,18.149,0.356,0.113,1.262,2.243,9.297,2.286
a,114343,0.000,-5.121,36.000,-5.121,16.831,-0.453,0.479,-1.043,1.923,9.413,2.151
a,114347,0.000,-6.685,36.000,-6.685,15.864,0.356,0.159,1.094,2.642,9.188,2.267
a,114351,0.000,-7.996,36.000,-7.996,11.558,-1.262,-1.521,0.544,2.146,9.509,2.128
a,114355,0.000,-9.007,36.000,-9.007,15.908,0.784,0.143,0.041,2.017,9.254,2.449
a,114359,0.000,-9.678,36.000,-9.678,6.108,0.021,1.410,0.621,2.230,9.268,1.941
a,114363,0.000,-9.982,36.000,-9.982,3.999,-0.239,0.739,1.262,1.866,9.410,2.330
a,114367,0.000,-9.908,36.000,-9.908,2.593,0.540,-0.238,-0.341,2.468,9.063,2.230
a,114371,0.000,-9.458,36.000,-9.458,0.571,-0.987,-2.681,-0.982,2.593,9.477,1.931
a,114375,0.000,-8.648,36.000,-8.648,-0.264,0.631,0.754,-0.585,1.652,9.068,2.389
a,114379,0.000,-7.508,36.000,-7.508,-0.967,0.219,0.998,0.270,2.225,9.286,2.218
a,114383,0.000,-6.082,36.000,-6.082,-2.417,0.463,0.815,1.506,2.346,9.299,2.235
a,114387,0.000,-4.422,36.000,-4.422,-2.900,-0.239,-1.154,-1.181,2.483,9.499,2.055
a,114391,0.000,-2.592,36.000,-2.592,0.615,-0.331,-1.215,0.132,2.246,9.416,2.217
a,114395,0.000,-0.661,36.000,-0.661,-2.988,-0.086,0.525,0.315,1.810,9.354,2.315
a,114400,0.000,1.295,36.000,1.295,2.769,0.876,1.624,-0.066,2.421,9.290,2.252
a,114404,0.000,3.204,36.000,3.204,5.273,-0.331,-1.032,0.560,2.419,9.510,2.041
a,114407,0.000,4.990,36.000,4.990,-2.241,-0.376,-0.269,0.270,2.066,9.102,2.253
a,114411,0.000,6.586,36.000,6.586,3.384,0.219,0.143,-0.005,2.358,9.312,2.090
a,114415,0.000,7.929,36.000,7.929,-0.396,-0.651,-0.238,0.651,2.168,9.336,2.191
a,114419,0.000,8.967,36.000,8.967,6.680,0.753,0.861,-1.395,2.277,9.190,2.344
a,114424,0.000,9.660,36.000,9.660,2.065,-0.560,0.052,2.254,2.367,9.471,2.148
a,114428,0.000,9.979,36.000,9.979,3.252,0.448,0.113,0.636,1.780,9.414,2.157
a,114431,0.000,9.912,36.000,9.912,5.977,0.158,1.181,-0.524,2.128,9.084,2.409
a,114435,0.000,9.461,36.000,9.461,6.021,-0.193,0.739,1.140,2.059,9.421,2.213
a,114439,0.000,8.642,36.000,8.642,7.427,0.799,0.525,-0.845,2.413,9.195,1.982
a,114443,0.000,7.487,36.000,7.487,8.218,-0.972,-0.666,0.621,2.235,9.442,2.200
a,114448,0.000,6.040,36.000,6.040,7.603,0.036,-0.284,-1.257,1.920,9.251,2.386
a,114454,0.000,4.356,36.000,4.356,8.262,0.723,0.632,-0.082,2.344,9.231,2.143
a,114455,0.000,2.501,36.000,2.501,18.765,0.051,0.174,0.392,2.184,9.527,2.188
a,114459,0.000,0.547,36.000,0.547,13.711,0.112,-0.177,-0.830,2.315,9.295,2.172
a,114463,0.000,-1.429,36.000,-1.429,8.789,-0.041,0.143,0.056,2.228,9.400,2.265
a,114468,0.000,-3.351,36.000,-3.351,16.743,-0.208,-0.742,-0.311,2.261,9.509,2.131
a,114471,0.000,-5.142,36.000,-5.142,15.776,0.295,-0.238,1.689,2.302,9.316,2.290
a,114475,0.000,-6.733,36.000,-6.733,13.799,-0.239,0.479,-0.937,2.041,9.513,2.230
a,114479,0.000,-8.060,36.000,-8.060,13.843,1.059,1.136,1.002,2.342,9.121,2.332
a,114483,0.000,-9.070,36.000,-9.070,13.975,-1.537,-2.467,-0.540,2.435,9.724,1.851
a,114487,0.000,-9.723,36.000,-9.723,8.306,0.097,-0.941,-0.540,2.319,9.006,2.462
a,114491,0.000,-9.993,36.000,-9.993,5.493,-0.605,1.120,-0.082,1.796,9.474,2.041
a,114495,0.000,-9.868,36.000,-9.868,4.570,0.952,1.029,1.491,2.266,9.382,2.459
a,114499,0.000,-9.352,36.000,-9.352,0.703,0.005,-0.132,-0.219,2.460,9.339,1.942
a,114503,0.000,-8.466,36.000,-8.466,-0.176,0.173,-1.353,0.834,2.265,9.351,2.284
a,114507,0.000,-7.242,36.000,-7.242,-1.494,-0.208,-0.635,-0.204,2.175,9.325,2.173
a,114511,0.000,-5.730,36.000,-5.730,-2.153,0.021,0.800,0.208,1.899,9.078,2.350
a,114516,0.000,-3.989,36.000,-3.989,-2.812,0.616,1.136,0.773,2.157,9.345,2.161
a,114519,0.000,-2.088,36.000,-2.088,-2.900,0.021,-0.956,-0.204,2.701,9.081,2.061
a,114523,0.000,-0.103,36.000,-0.103,-2.505,-0.315,-0.681,-0.250,2.131,9.226,2.229
a,114527,0.000,1.888,36.000,1.888,-2.549,-0.422,-0.055,1.873,2.088,9.384,2.274
a,114531,0.000,3.805,36.000,3.805,-2.417,0.433,1.075,-1.349,2.121,9.166,2.252
a,114535,0.000,5.571,36.000,5.571,1.934,0.112,0.494,0.407,2.181,9.473,2.176
a,114540,0.000,7.114,36.000,7.114,8.086,-0.483,-0.727,-1.333,2.357,9.436,2.292
a,114544,0.000,8.373,36.000,8.373,3.208,-0.224,-1.017,-0.692,2.212,9.141,2.134
a,114547,0.000,9.295,36.000,9.295,1.143,-0.468,-0.467,0.117,1.988,9.451,2.140
a,114551,0.000,9.844,36.000,9.844,6.240,0.570,0.647,1.186,2.014,9.173,2.446
a,114555,0.000,9.997,36.000,9.997,3.867,0.524,1.181,-1.395,2.364,9.370,2.221
a,114559,0.000,9.746,36.000,9.746,5.449,0.402,0.006,0.865,2.364,9.220,2.010
a,114564,0.000,9.101,36.000,9.101,6.636,-0.071,-0.651,1.231,2.194,9.310,2.283
a,114568,0.000,8.088,36.000,8.088,7.427,-0.392,0.036,-0.540,1.988,9.386,2.441
a,114572,0.000,6.745,36.000,6.745,8.262,0.555,0.586,-0.402,2.310,9.069,2.207
a,114575,0.000,5.129,36.000,5.129,8.877,0.540,1.288,-0.799,2.100,9.330,2.157
a,114579,0.000,3.303,36.000,3.303,16.084,-0.529,-1.215,0.071,2.570,9.513,2.108
a,114583,0.000,1.341,36.000,1.341,18.105,0.433,0.525,-1.654,2.047,9.038,2.283
a,114587,0.000,-0.676,36.000,-0.676,9.668,-0.102,0.418,-0.937,2.144,9.449,2.100
a,114592,0.000,-2.668,36.000,-2.668,16.128,-1.094,0.265,0.697,1.889,8.693,2.641
a,114595,0.000,-4.551,36.000,-4.551,18.721,0.738,0.479,1.613,2.541,9.245,1.788
a,114599,0.000,-6.250,36.000,-6.250,14.678,-0.132,0.296,-3.395,1.431,9.428,1.808
a,114603,0.000,-7.694,36.000,-7.694,15.117,-0.041,-0.513,-0.112,3.189,9.354,2.569
a,114607,0.000,-8.823,36.000,-8.823,7.471,-0.972,-0.986,1.659,1.745,9.343,2.132
a,114611,0.000,-9.591,36.000,-9.591,6.768,0.265,-0.177,-0.830,2.139,9.291,2.322
a,114615,0.000,-9.965,36.000,-9.965,4.834,-0.254,-1.154,0.132,2.756,9.058,2.195
a,114619,0.000,-9.929,36.000,-9.929,3.911,0.417,1.395,-0.585,1.730,9.001,2.228
a,114623,0.000,-9.484,36.000,-9.484,2.417,0.280,1.059,0.071,2.419,9.534,2.064
a,114627,0.000,-8.647,36.000,-8.647,-0.088,-1.628,-0.986,0.636,2.094,9.383,2.201
a,114631,0.000,-7.452,36.000,-7.452,3.164,0.387,0.617,-0.784,2.014,9.188,2.230
a,114635,0.000,-5.949,36.000,-5.949,-1.758,-0.529,0.296,-0.066,2.413,9.351,1.867
a,114639,0.000,-4.198,36.000,-4.198,-2.241,0.234,-0.116,1.369,2.230,9.232,2.266
a,114643,0.000,-2.271,36.000,-2.271,-2.285,0.173,0.418,0.025,2.059,9.451,1.943
a,114648,0.000,-0.249,36.000,-0.249,-2.241,-0.086,-0.467,-0.372,2.300,9.299,2.265
a,114652,0.000,1.784,36.000,1.784,-2.329,0.341,0.800,0.850,2.053,9.249,2.300
a,114655,0.000,3.745,36.000,3.745,-2.197,-0.056,-0.956,-0.417,2.482,9.425,2.235
a,114659,0.000,5.551,36.000,5.551,4.878,-0.468,-0.498,0.163,2.060,9.348,2.194
a,114663,0.000,7.126,36.000,7.126,-0.967,0.555,-0.132,0.483,2.288,9.385,2.345
a,114667,0.000,8.404,36.000,8.404,1.934,-0.529,-1.124,-0.356,2.433,9.506,2.102
a,114672,0.000,9.331,36.000,9.331,1.934,-0.590,0.510,-0.387,1.811,9.336,2.348
a,114676,0.000,9.868,36.000,9.868,3.340,0.860,1.075,-0.692,2.217,9.564,2.107
a,114680,0.000,9.991,36.000,9.991,4.570,-1.094,-0.452,0.819,2.352,9.346,2.301
a,114683,0.000,9.694,36.000,9.694,6.108,0.265,0.097,0.041,1.846,9.434,2.263
a,114688,0.000,8.989,36.000,8.989,6.855,0.341,-0.345,0.208,2.662,9.661,1.875
a,114692,0.000,7.905,36.000,7.905,8.086,0.127,0.097,-0.127,2.150,9.287,2.259
a,114696,0.000,6.486,36.000,6.486,8.789,-0.056,0.739,-0.875,1.973,9.431,2.336
a,114700,0.000,4.793,36.000,4.793,14.414,-0.117,-0.986,2.315,2.662,9.202,2.064
a,114704,0.000,2.895,36.000,2.895,8.965,-0.086,-0.269,1.109,1.930,9.323,2.197
a,114707,0.000,0.874,36.000,0.874,17.358,0.265,0.052,0.254,2.290,9.312,2.276
a,114711,0.000,-1.185,36.000,-1.185,16.743,-0.239,0.326,0.972,2.188,9.402,2.103
a,114715,0.000,-3.196,36.000,-3.196,17.271,0.127,0.632,0.193,2.148,9.317,2.235
a,114719,0.000,-5.071,36.000,-5.071,17.183,-0.605,-0.864,0.728,2.495,9.366,2.149
a,114723,0.000,-6.733,36.000,-6.733,18.896,-0.590,1.014,-0.188,1.888,9.439,2.325
a,114727,0.000,-8.108,36.000,-8.108,13.096,0.814,0.891,-0.524,2.526,9.078,2.261
a,114731,0.000,-9.138,36.000,-9.138,14.678,-1.094,-2.177,0.651,2.533,9.705,1.976
a,114735,0.000,-9.778,36.000,-9.778,9.624,0.646,0.128,-1.104,1.911,9.220,2.315
a,114739,0.000,-10.000,36.000,-10.000,4.570,-0.743,-0.727,1.338,2.206,9.473,2.249
a,114743,0.000,-9.794,36.000,-9.794,3.296,1.272,1.731,0.147,2.321,9.233,2.264
a,114747,0.000,-9.167,36.000,-9.167,1.978,-0.437,-0.391,-1.471,2.555,9.701,1.810
a,114751,0.000,-8.146,36.000,-8.146,-0.044,-0.972,-2.177,0.483,2.265,9.463,2.354
a,114755,0.000,-6.774,36.000,-6.774,-0.923,0.387,-0.009,-0.387,2.116,9.193,2.342
a,114759,0.000,-5.109,36.000,-5.109,-1.626,0.021,0.876,0.728,2.097,9.428,2.119
a,114764,0.000,-3.223,36.000,-3.223,-2.109,0.387,-0.391,-0.494,2.502,9.325,2.424
a,114767,0.000,-1.196,36.000,-1.196,3.252,0.097,-0.070,-0.555,2.212,9.379,2.041
a,114771,0.000,0.884,36.000,0.884,-1.758,-0.605,-1.093,0.621,2.269,9.336,2.186
a,114775,0.000,2.926,36.000,2.926,3.296,0.494,0.296,-0.738,2.178,9.182,2.312
a,114779,0.000,4.843,36.000,4.843,6.108,-0.285,-0.651,-0.982,2.148,9.615,2.113
a,114783,0.000,6.552,36.000,6.552,6.768,0.265,0.357,-0.738,2.020,9.315,2.430
a,114788,0.000,7.976,36.000,7.976,5.977,0.127,0.418,0.361,2.388,9.285,2.079
a,114792,0.000,9.054,36.000,9.054,3.164,-1.094,-1.414,1.369,2.295,9.650,2.088
a,114796,0.000,9.738,36.000,9.738,2.461,0.494,0.937,0.651,1.687,9.131,2.460
a,114800,0.000,9.998,36.000,9.998,3.428,-0.102,0.250,-0.555,2.644,9.231,2.121
a,114803,0.000,9.821,36.000,9.821,4.702,0.448,0.754,1.399,1.907,9.365,2.138
a,114807,0.000,9.214,36.000,9.214,6.021,0.387,0.388,0.239,2.318,9.250,2.428
a,114811,0.000,8.203,36.000,8.203,6.724,-0.239,-0.925,1.659,2.395,9.412,2.040
a,114815,0.000,6.832,36.000,6.832,6.987,-0.147,0.372,0.483,2.175,9.184,2.243
a,114820,0.000,5.159,36.000,5.159,8.833,0.433,0.357,-0.509,2.148,9.457,2.264
a,114824,0.000,3.259,36.000,3.259,8.262,0.127,-0.345,-0.280,2.350,9.427,2.240
a,114828,0.000,1.214,36.000,1.214,8.394,0.097,0.097,-0.723,2.132,9.264,2.157
a,114831,0.000,-0.886,36.000,-0.886,17.227,-0.361,-0.391,-0.219,2.409,9.228,2.186
a,114835,0.000,-2.948,36.000,-2.948,8.877,0.341,0.418,0.086,2.002,9.299,2.233
a,114839,0.000,-4.882,36.000,-4.882,18.062,-0.102,-0.284,-1.349,2.367,9.422,2.071
a,114843,0.000,-6.600,36.000,-6.600,18.149,-0.361,-0.330,1.491,2.377,9.415,2.257
a,114847,0.000,-8.027,36.000,-8.027,10.986,0.509,2.220,0.163,1.680,9.120,2.144
a,114852,0.000,-9.098,36.000,-9.098,8.921,0.082,-0.070,1.476,2.750,9.371,2.100
a,114855,0.000,-9.766,36.000,-9.766,15.776,-1.094,-1.536,0.147,1.948,9.374,2.242
a,114859,0.000,-10.000,36.000,-10.000,4.746,0.433,-0.132,-0.723,2.064,9.295,2.446
a,114864,0.000,-9.788,36.000,-9.788,6.636,0.051,0.586,-0.845,2.588,9.325,2.064
a,114867,0.000,-9.140,36.000,-9.140,1.978,0.234,0.082,0.041,1.901,9.419,2.127
a,114871,0.000,-8.082,36.000,-8.082,0.396,-0.147,-1.215,0.025,2.458,9.346,2.200
a,114875,0.000,-6.663,36.000,-6.663,-0.352,-0.102,-0.834,-0.738,2.259,9.258,2.277
a,114879,0.000,-4.944,36.000,-4.944,-1.494,-0.010,-0.070,-0.814,1.872,9.434,2.149
a,114883,0.000,-3.002,36.000,-3.002,-1.670,0.005,-0.070,-1.028,2.586,9.252,2.388
a,114887,0.000,-0.924,36.000,-0.924,-1.582,0.616,1.243,0.285,2.000,9.262,2.201
a,114891,0.000,1.196,36.000,1.196,-1.802,-0.437,-0.391,-0.479,2.248,9.644,1.985
a,114895,0.000,3.264,36.000,3.264,-1.714,0.036,-0.941,-1.685,2.497,9.149,2.443
a,114899,0.000,5.187,36.000,5.187,-1.538,-0.437,-0.635,-1.333,2.140,9.380,2.065
a,114903,0.000,6.876,36.000,6.876,6.108,-0.621,0.586,-0.937,1.923,9.298,2.318
a,114907,0.000,8.256,36.000,8.256,4.658,1.211,0.922,0.483,2.333,9.263,2.298
a,114911,0.000,9.263,36.000,9.263,0.703,-0.437,-0.361,-0.479,2.374,9.233,1.991
a,114916,0.000,9.851,36.000,9.851,5.537,0.601,-0.284,-0.937,1.914,9.110,2.359
a,114919,0.000,9.992,36.000,9.992,5.537,-0.529,0.113,0.819,2.458,9.351,2.143
a,114923,0.000,9.679,36.000,9.679,5.229,0.112,0.357,-0.463,2.085,9.233,2.030
a,114927,0.000,8.926,36.000,8.926,6.240,0.402,0.800,0.361,2.170,9.200,2.501
a,114931,0.000,7.766,36.000,7.766,6.899,-0.819,-0.757,0.560,2.507,9.564,2.125
a,114935,0.000,6.250,36.000,6.250,7.734,-0.208,0.036,0.712,2.156,9.231,2.053
a,114939,0.000,4.449,36.000,4.449,8.350,-0.468,-0.162,0.270,2.357,9.378,2.175
a,114944,0.000,2.442,36.000,2.442,9.053,0.158,0.113,-0.250,2.209,9.160,2.295
a,114948,0.000,0.323,36.000,0.323,13.799,-0.239,0.052,1.873,2.393,9.383,2.058
a,114951,0.000,-1.813,36.000,-1.813,16.567,0.005,-0.406,-0.860,2.168,9.407,2.264
a,114955,0.000,-3.866,36.000,-3.866,16.084,-0.361,-0.498,-0.112,2.282,9.334,2.198
a,114959,0.000,-5.744,36.000,-5.744,18.105,-0.468,-0.330,0.331,2.249,9.354,2.180
a,114963,0.000,-7.358,36.000,-7.358,13.228,0.876,1.502,-1.288,1.802,9.234,2.206
a,114968,0.000,-8.634,36.000,-8.634,7.383,0.326,-0.238,-1.104,2.546,9.365,2.048
a,114972,0.000,-9.512,36.000,-9.512,10.195,-1.262,-2.467,-0.860,2.364,9.285,2.173
a,114976,0.000,-9.952,36.000,-9.952,5.405,0.143,-0.483,-1.807,2.243,9.027,2.401
a,114979,0.000,-9.931,36.000,-9.931,3.867,-0.880,0.937,0.605,1.846,9.519,2.215
a,114983,0.000,-9.450,36.000,-9.450,2.461,1.043,0.968,0.392,2.315,9.270,2.467
a,114987,0.000,-8.531,36.000,-8.531,0.703,-0.773,-1.429,-0.402,2.553,9.493,1.820
a,114991,0.000,-7.214,36.000,-7.214,-0.264,-0.208,-1.048,0.285,2.066,9.348,2.307
a,114995,0.000,-5.561,36.000,-5.561,5.977,0.387,0.036,-0.005,2.070,9.125,2.253
a,115000,0.000,-3.649,36.000,-3.649,-1.758,0.402,0.861,0.514,2.179,9.364,2.321
a,115004,0.000,-1.564,36.000,-1.564,-2.153,-0.086,-0.116,0.987,2.125,9.313,2.285
a,115007,0.000,0.594,36.000,0.594,3.252,0.265,-0.086,-0.555,2.477,9.190,2.180
a,115012,0.000,2.726,36.000,2.726,3.296,-0.544,-0.452,-1.135,1.988,9.464,2.093
a,115015,0.000,4.732,36.000,4.732,-1.626,-0.010,-0.452,-0.982,2.197,9.208,2.472
a,115019,0.000,6.518,36.000,6.518,-1.494,0.845,1.090,1.659,2.070,9.177,2.182
a,115023,0.000,7.998,36.000,7.998,1.978,-0.224,0.189,-1.700,2.324,9.499,2.182
a,115027,0.000,9.104,36.000,9.104,0.615,-0.941,-1.704,-0.234,2.277,9.494,2.130
a,115031,0.000,9.782,36.000,9.782,2.461,0.127,0.586,0.361,1.821,9.157,2.519
a,115035,0.000,10.000,36.000,10.000,3.384,0.173,0.571,-0.250,2.421,9.258,2.024
a,115039,0.000,9.745,36.000,9.745,4.658,0.005,0.021,-1.303,1.915,9.592,2.237
a,115043,0.000,9.031,36.000,9.031,6.680,0.784,1.655,-0.005,2.218,9.123,2.315
a,115047,0.000,7.888,36.000,7.888,6.680,-0.331,-0.834,-0.417,2.502,9.365,1.969
a,115051,0.000,6.372,36.000,6.372,6.943,0.341,0.113,0.636,2.166,9.141,2.348
a,115055,0.000,4.552,36.000,4.552,9.712,0.021,0.571,-0.127,2.228,9.583,2.224
a,115059,0.000,2.515,36.000,2.515,8.130,-0.254,-0.009,-0.158,2.312,9.278,2.237
a,115065,0.000,0.357,36.000,0.357,8.086,0.005,-0.147,-0.753,2.168,9.351,2.036
a,115067,0.000,-1.820,36.000,-1.820,20.347,-0.300,-1.002,1.292,2.446,9.352,2.173
a,115071,0.000,-3.911,36.000,-3.911,8.306,0.066,0.021,-0.387,1.961,9.291,2.354
a,115075,0.000,-5.817,36.000,-5.817,8.174,-0.056,0.097,-0.265,2.240,9.324,2.122
a,115079,0.000,-7.446,36.000,-7.446,8.130,-0.025,0.036,2.147,2.235,9.360,2.274
a,115083,0.000,-8.719,36.000,-8.719,6.943,-0.224,0.754,2.667,1.771,9.334,2.356
a,115087,0.000,-9.576,36.000,-9.576,6.812,0.906,-1.246,-2.448,3.059,9.200,2.058
a,115092,0.000,-9.974,36.000,-9.974,5.273,-1.430,-3.063,-0.036,2.896,8.776,1.692
a,115096,0.000,-9.892,36.000,-9.892,3.472,-0.254,0.143,0.499,1.002,9.482,2.846
a,115099,0.000,-9.335,36.000,-9.335,2.505,0.463,1.456,1.445,2.551,9.697,2.608
a,115103,0.000,-8.328,36.000,-8.328,7.559,-0.300,-1.215,1.231,2.555,9.439,2.061
a,115108,0.000,-6.918,36.000,-6.918,2.593,0.646,0.296,-0.845,2.248,9.226,1.950
a,115111,0.000,-5.174,36.000,-5.174,6.021,-0.880,-1.994,-0.875,2.580,9.410,1.979
a,115115,0.000,-3.178,36.000,-3.178,-1.494,-0.941,-0.834,-1.013,1.690,9.104,2.591
a,115120,0.000,-1.026,36.000,-1.026,-1.406,1.364,2.326,-0.143,2.383,9.082,2.489
a,115124,0.000,1.176,36.000,1.176,-1.538,-0.636,0.220,1.201,2.355,9.583,1.956
a,115128,0.000,3.322,36.000,3.322,5.977,0.601,-0.498,-1.486,2.364,9.324,2.230
a,115131,0.000,5.309,36.000,5.309,4.087,-1.476,-2.361,-0.051,2.421,9.494,1.952
a,115135,0.000,7.038,36.000,7.038,4.087,-0.270,-0.177,0.010,1.644,9.181,2.415
a,115139,0.000,8.426,36.000,8.426,5.493,1.914,3.410,0.224,1.985,9.067,2.367
a,115143,0.000,9.403,36.000,9.403,1.230,-0.193,0.036,1.491,2.704,9.597,2.006
a,115147,0.000,9.921,36.000,9.921,6.064,-0.056,-0.513,-1.028,1.799,9.287,2.272
a,115152,0.000,9.954,36.000,9.954,3.911,-0.071,-1.261,1.170,2.520,9.511,2.294
a,115155,0.000,9.500,36.000,9.500,5.186,-0.086,-0.361,-0.265,1.891,9.228,2.045
a,115159,0.000,8.579,36.000,8.579,6.108,1.211,3.136,0.712,1.942,9.200,2.456
a,115164,0.000,7.236,36.000,7.236,10.195,-0.514,-0.727,1.002,2.746,9.591,1.967
a,115167,0.000,5.537,36.000,5.537,8.833,-0.666,-1.154,-0.906,2.327,9.305,2.182
a,115171,0.000,3.563,36.000,3.563,8.086,-0.605,-0.025,-0.601,2.093,9.382,2.094
a,115175,0.000,1.413,36.000,1.413,8.350,-0.147,0.433,0.590,2.094,9.436,2.315
a,115179,0.000,-0.808,36.000,-0.808,8.350,0.845,2.128,0.865,2.014,9.324,2.201
a,115183,0.000,-2.991,36.000,-2.991,8.394,-0.590,-0.895,0.239,2.699,9.471,2.029
a,115187,0.000,-5.027,36.000,-5.027,16.128,-0.651,-1.536,0.529,2.249,9.305,2.242
a,115191,0.000,-6.816,36.000,-6.816,17.974,-0.483,-0.864,0.728,2.093,9.336,2.168
a,115195,0.000,-8.267,36.000,-8.267,11.602,0.524,3.044,0.957,1.537,9.112,2.313
a,115199,0.000,-9.308,36.000,-9.308,6.768,1.486,1.258,0.483,2.766,9.324,2.242
a,115203,0.000,-9.887,36.000,-9.887,13.843,-1.247,-2.238,0.499,2.626,9.421,2.079
a,115207,0.000,-9.973,36.000,-9.973,3.955,-0.163,-1.277,-1.608,1.759,9.499,2.269
a,115211,0.000,-9.562,36.000,-9.562,4.834,0.127,-0.361,-0.234,2.313,9.112,2.303
a,115216,0.000,-8.673,36.000,-8.673,0.659,0.891,1.472,0.224,2.203,9.270,2.213
a,115219,0.000,-7.350,36.000,-7.350,-0.220,0.021,1.059,0.086,2.203,9.278,2.048
a,115223,0.000,-5.657,36.000,-5.657,1.274,-0.544,-1.826,-0.509,2.585,9.331,2.138
a,115227,0.000,-3.680,36.000,-3.680,-1.758,-0.651,-0.742,0.025,1.913,9.380,2.215
a,115231,0.000,-1.517,36.000,-1.517,-2.373,0.509,0.464,-0.188,2.087,9.262,2.290
a,115235,0.000,0.724,36.000,0.724,-2.329,0.127,1.166,-0.372,2.023,9.313,2.223
a,115240,0.000,2.930,36.000,2.930,3.252,0.280,0.418,0.621,2.235,9.321,2.300
a,115243,0.000,4.990,36.000,4.990,2.065,-0.270,-0.574,-0.967,2.476,9.329,2.035
a,115247,0.000,6.799,36.000,6.799,-1.494,-0.453,-0.437,0.926,2.072,9.525,2.306
a,115251,0.000,8.265,36.000,8.265,1.802,0.021,-0.284,0.331,2.234,9.312,2.313
a,115255,0.000,9.315,36.000,9.315,6.152,-0.086,-0.361,-0.219,2.326,9.367,2.230
a,115259,0.000,9.892,36.000,9.892,2.021,0.127,0.647,0.728,1.960,9.396,2.280
a,115264,0.000,9.969,36.000,9.969,6.899,0.433,0.494,0.789,2.008,9.513,2.046
a,115268,0.000,9.539,36.000,9.539,4.702,0.555,0.601,0.575,2.277,9.181,2.379
a,115272,0.000,8.623,36.000,8.623,6.240,0.295,1.014,1.766,1.961,9.133,2.399
a,115275,0.000,7.268,36.000,7.268,7.383,-0.010,0.067,-2.066,2.333,9.227,1.972
a,115279,0.000,5.541,36.000,5.541,7.515,0.265,0.159,0.697,2.261,9.305,2.303
a,115284,0.000,3.529,36.000,3.529,8.218,-0.529,-0.147,-0.158,2.095,9.610,2.296
a,115287,0.000,1.337,36.000,1.337,8.789,0.280,0.143,0.254,2.358,9.319,2.154
a,115292,0.000,-0.926,36.000,-0.926,15.117,-0.483,0.052,-0.066,2.128,9.433,2.128
a,115296,0.000,-3.143,36.000,-3.143,9.053,0.417,0.968,-0.479,1.992,9.193,2.416
a,115299,0.000,-5.200,36.000,-5.200,18.896,-0.132,-0.009,1.155,2.417,9.412,2.023
a,115304,0.000,-6.990,36.000,-6.990,18.105,-0.056,-1.017,-0.585,2.342,9.272,2.221
a,115308,0.000,-8.423,36.000,-8.423,15.161,0.250,1.410,1.277,1.749,9.360,2.100
a,115311,0.000,-9.422,36.000,-9.422,12.612,-0.163,-0.788,-0.585,2.647,9.310,2.084
a,115315,0.000,-9.935,36.000,-9.935,11.602,-1.124,-1.872,-0.433,2.210,9.468,2.162
a,115319,0.000,-9.935,36.000,-9.935,5.229,0.417,0.143,-0.555,2.085,9.025,2.430
a,115323,0.000,-9.422,36.000,-9.422,4.131,-0.132,0.800,1.308,2.337,9.221,1.952
a,115327,0.000,-8.420,36.000,-8.420,2.505,-0.163,0.204,0.041,2.197,9.276,2.282
a,115331,0.000,-6.980,36.000,-6.980,0.483,-0.178,-0.559,-1.349,2.290,9.178,2.101
a,115335,0.000,-5.177,36.000,-5.177,-0.264,-0.468,-0.223,0.270,2.116,9.299,2.227
a,115339,0.000,-3.104,36.000,-3.104,-1.538,0.509,0.678,0.132,2.037,9.194,2.322
a,115343,0.000,-0.867,36.000,-0.867,-1.494,-0.163,-0.834,-1.288,2.637,9.291,2.248
a,115348,0.000,1.416,36.000,1.416,2.681,0.402,0.601,0.621,2.274,9.248,2.284
a,115351,0.000,3.626,36.000,3.626,-1.538,-0.331,0.097,-0.265,2.059,9.519,2.109
a,115355,0.000,5.649,36.000,5.649,4.878,0.173,-0.849,-0.326,2.436,9.263,2.456
a,115359,0.000,7.377,36.000,7.377,0.527,-0.041,-0.177,0.331,2.028,9.412,2.145
a,115363,0.000,8.719,36.000,8.719,6.812,0.799,0.907,-1.349,2.339,9.255,2.406
a,115367,0.000,9.605,36.000,9.605,1.758,-0.254,-0.025,-0.326,2.398,9.594,2.069
a,115371,0.000,9.986,36.000,9.986,2.637,0.555,0.815,0.239,1.861,9.219,2.283
a,115375,0.000,9.843,36.000,9.843,7.295,0.570,0.388,1.995,2.100,9.465,2.246
a,115379,0.000,9.180,36.000,9.180,5.317,-0.773,-0.025,-0.601,2.234,9.377,2.163
a,115383,0.000,8.033,36.000,8.033,8.350,0.814,1.273,-0.753,1.951,9.303,2.393
a,115387,0.000,6.461,36.000,6.461,6.855,-0.529,-0.925,0.514,2.611,9.494,1.976
a,115391,0.000,4.546,36.000,4.546,7.603,0.234,-0.513,-0.280,2.008,9.216,2.446
a,115396,0.000,2.389,36.000,2.389,8.218,-0.163,0.891,-1.059,2.249,9.464,2.079
a,115400,0.000,0.104,36.000,0.104,8.438,0.112,-0.269,0.254,2.295,9.327,2.269
a,115404,0.000,-2.188,36.000,-2.188,8.965,-0.147,0.479,-0.127,2.128,9.267,2.069
a,115407,0.000,-4.366,36.000,-4.366,10.986,-0.041,-0.269,0.758,2.464,9.406,2.188
a,115412,0.000,-6.312,36.000,-6.312,19.424,-0.163,-0.452,-0.433,2.126,9.369,2.194
a,115416,0.000,-7.923,36.000,-7.923,17.183,0.387,0.113,0.590,2.296,9.291,2.168
a,115420,0.000,-9.112,36.000,-9.112,11.646,0.646,2.601,-0.295,1.877,9.402,2.257
a,115423,0.000,-9.814,36.000,-9.814,13.359,-0.254,-2.254,-0.219,2.841,9.553,1.987
a,115427,0.000,-9.992,36.000,-9.992,5.977,-0.315,-1.444,0.041,2.160,9.317,2.325
a,115432,0.000,-9.635,36.000,-9.635,5.273,0.540,0.617,-0.631,1.639,9.530,2.380
a,115436,0.000,-8.761,36.000,-8.761,2.549,0.234,0.311,0.300,2.352,9.412,2.364
a,115439,0.000,-7.415,36.000,-7.415,9.097,0.021,-0.070,0.437,2.292,9.325,2.051
a,115443,0.000,-5.669,36.000,-5.669,-0.791,-0.270,-0.635,-0.631,2.261,9.334,2.186
a,115447,0.000,-3.617,36.000,-3.617,-1.538,0.112,-1.093,0.819,2.178,9.413,2.180
a,115451,0.000,-1.369,36.000,-1.369,3.252,0.219,-0.361,-0.937,2.031,9.199,2.328
a,115456,0.000,0.955,36.000,0.955,4.702,0.891,0.861,0.178,2.404,9.319,2.242
a,115459,0.000,3.229,36.000,3.229,4.131,-0.422,0.540,0.254,2.093,9.492,2.040
a,115463,0.000,5.329,36.000,5.329,-1.758,0.234,-0.345,0.376,2.448,9.209,2.342
a,115467,0.000,7.142,36.000,7.142,6.987,-1.201,-1.200,0.529,2.224,9.468,2.087
a,115471,0.000,8.568,36.000,8.568,6.855,1.028,0.861,-0.860,1.821,9.176,2.405
a,115475,0.000,9.529,36.000,9.529,-0.088,0.066,1.395,-0.158,2.429,9.243,2.134
a,115479,0.000,9.972,36.000,9.972,1.846,0.082,-0.391,1.308,2.106,9.616,2.166
a,115483,0.000,9.873,36.000,9.873,3.208,0.265,0.128,-0.723,2.142,9.136,2.233
a,115487,0.000,9.234,36.000,9.234,6.855,-0.987,-0.757,0.560,2.303,9.226,2.395
a,115491,0.000,8.090,36.000,8.090,5.537,-0.102,0.678,-0.448,1.794,9.438,2.248
a,115495,0.000,6.503,36.000,6.503,6.240,0.555,1.136,0.453,2.491,9.504,2.096
a,115500,0.000,4.559,36.000,4.559,6.812,-0.834,-1.246,-0.158,2.203,9.443,2.212
a,115504,0.000,2.363,36.000,2.363,6.943,0.036,-0.651,-2.341,2.085,9.268,2.359
a,115507,0.000,0.037,36.000,0.037,18.765,-0.697,-0.712,1.063,2.230,9.334,2.108
a,115511,0.000,-2.294,36.000,-2.294,7.603,0.662,1.304,0.560,1.955,9.206,2.409
a,115516,0.000,-4.499,36.000,-4.499,14.414,-0.041,0.128,-0.265,2.440,9.336,2.096
a,115519,0.000,-6.458,36.000,-6.458,14.414,-0.147,-1.215,0.025,2.477,9.303,2.215
a,115524,0.000,-8.062,36.000,-8.062,9.097,-0.270,-0.070,-0.982,1.811,9.363,2.330
a,115528,0.000,-9.220,36.000,-9.220,15.469,0.448,0.418,0.728,2.458,9.202,2.404
a,115532,0.000,-9.870,36.000,-9.870,6.021,-0.544,-0.452,0.224,2.264,9.649,2.033
a,115535,0.000,-9.972,36.000,-9.972,4.131,0.479,1.258,-0.875,1.851,9.414,2.294
a,115539,0.000,-9.522,36.000,-9.522,3.516,-0.163,-1.002,-1.563,2.611,9.293,2.207
a,115543,0.000,-8.541,36.000,-8.541,3.252,-0.361,-0.452,-0.265,2.063,9.385,1.982
a,115547,0.000,-7.085,36.000,-7.085,-0.088,0.234,0.723,-0.295,1.767,9.166,2.430
a,115551,0.000,-5.233,36.000,-5.233,1.978,0.341,0.204,-0.188,2.520,9.331,2.288
a,115555,0.000,-3.089,36.000,-3.089,-1.626,-0.270,-0.177,-0.982,2.075,9.334,2.045
a,115559,0.000,-0.770,36.000,-0.770,2.549,0.830,-0.254,-0.066,2.313,9.445,2.221
a,115563,0.000,1.594,36.000,1.594,-1.714,-0.819,-1.154,0.560,1.960,9.330,2.219
a,115567,0.000,3.869,36.000,3.869,7.383,1.150,1.395,0.819,2.054,9.091,2.436
a,115571,0.000,5.929,36.000,5.929,-1.626,-0.056,0.586,-0.448,2.269,9.439,2.008
a,115575,0.000,7.658,36.000,7.658,7.515,0.662,0.464,-0.356,2.243,9.200,2.338
a,115580,0.000,8.957,36.000,8.957,-0.132,-0.437,-1.429,-1.059,2.444,9.420,2.103
a,115583,0.000,9.752,36.000,9.752,1.362,-0.666,-1.231,-0.524,2.199,9.382,2.243
a,115587,0.000,9.999,36.000,9.999,7.646,0.280,1.380,-0.036,1.681,9.234,2.415
a,115591,0.000,9.681,36.000,9.681,6.943,0.555,0.754,0.850,2.230,9.533,2.284
a,115595,0.000,8.816,36.000,8.816,5.405,-0.041,0.082,0.117,2.251,9.400,1.975
a,115600,0.000,7.451,36.000,7.451,6.724,0.066,0.052,1.094,2.279,9.279,2.259
a,115604,0.000,5.663,36.000,5.663,6.855,-0.987,-1.490,-1.104,2.331,9.535,2.185
a,115607,0.000,3.553,36.000,3.553,7.559,0.814,0.678,-0.463,1.982,9.164,2.272
a,115612,0.000,1.240,36.000,1.240,11.206,-0.880,-0.361,0.804,2.343,9.688,2.049
a,115615,0.000,-1.146,36.000,-1.146,8.789,-0.025,0.006,0.926,2.203,9.346,2.375
a,115620,0.000,-3.467,36.000,-3.467,15.952,-0.147,0.372,-0.341,2.295,9.418,2.051
a,115623,0.000,-5.593,36.000,-5.593,8.789,-0.239,-0.559,1.338,2.435,9.461,2.211
a,115628,0.000,-7.400,36.000,-7.400,18.149,0.173,1.059,-0.204,1.895,9.420,2.375
a,115632,0.000,-8.786,36.000,-8.786,7.383,0.448,0.571,-0.143,2.591,9.161,2.258
a,115636,0.000,-9.669,36.000,-9.669,11.733,-0.926,-2.483,-0.005,2.429,9.571,1.919
a,115639,0.000,-9.998,36.000,-9.998,10.811,0.417,-0.162,-2.082,1.861,9.157,2.421
a,115643,0.000,-9.754,36.000,-9.754,3.955,0.463,1.884,1.262,1.802,9.791,2.201
a,115647,0.000,-8.949,36.000,-8.949,2.549,0.540,-0.345,-0.723,2.756,9.220,2.350
a,115651,0.000,-7.629,36.000,-7.629,0.703,0.112,-1.277,-1.089,2.464,9.301,2.067
a,115655,0.000,-5.868,36.000,-5.868,-0.220,-0.941,-1.109,-0.631,2.156,9.446,2.103
a,115659,0.000,-3.767,36.000,-3.767,-1.055,0.601,0.464,-1.120,1.948,9.076,2.472
a,115663,0.000,-1.447,36.000,-1.447,-1.582,0.417,0.739,1.567,2.495,9.175,2.093
a,115667,0.000,0.958,36.000,0.958,-1.626,-0.163,0.754,0.376,2.072,9.448,2.002
a,115671,0.000,3.309,36.000,3.309,5.317,0.127,0.006,0.529,2.308,9.371,2.221
a,115675,0.000,5.469,36.000,5.469,5.493,-0.208,-0.452,0.010,2.280,9.299,2.173
a,115680,0.000,7.314,36.000,7.314,8.130,0.051,-0.055,0.376,2.128,9.330,2.170
a,115683,0.000,8.734,36.000,8.734,5.537,0.341,1.304,0.224,2.101,9.171,2.249
a,115687,0.000,9.646,36.000,9.646,1.099,-0.361,0.326,0.315,2.272,9.586,2.119
a,115691,0.000,9.997,36.000,9.997,4.878,-0.315,-0.467,0.056,1.895,9.292,2.399
a,115695,0.000,9.764,36.000,9.764,3.867,-0.270,-0.559,0.056,2.546,9.178,2.215
a,115700,0.000,8.960,36.000,8.960,5.361,-0.270,0.113,0.544,2.095,9.293,2.018
a,115704,0.000,7.632,36.000,7.632,6.284,0.891,1.594,-0.219,2.037,9.418,2.507
a,115707,0.000,5.855,36.000,5.855,9.756,-0.605,-0.513,-1.135,2.495,9.688,1.992
a,115711,0.000,3.733,36.000,3.733,7.515,0.051,-0.345,-0.173,2.240,9.222,2.294
a,115716,0.000,1.391,36.000,1.391,8.174,-0.285,0.204,-0.875,2.128,9.521,2.160
a,115720,0.000,-1.035,36.000,-1.035,17.886,0.265,0.143,-0.616,2.241,9.437,2.336
a,115723,0.000,-3.401,36.000,-3.401,16.567,0.494,1.197,0.560,2.082,9.256,2.114
a,115728,0.000,-5.568,36.000,-5.568,17.930,-0.163,-0.177,0.224,2.446,9.406,2.168
a,115732,0.000,-7.408,36.000,-7.408,18.018,-0.758,-1.154,0.667,2.343,9.325,2.227
a,115736,0.000,-8.810,36.000,-8.810,8.086,-0.224,1.075,-0.509,1.839,9.369,2.261
a,115739,0.000,-9.692,36.000,-9.692,6.987,-0.254,1.594,0.071,2.435,9.527,2.962
a,115743,0.000,-10.000,36.000,-10.000,15.337,-1.430,-1.215,-0.784,1.936,9.839,2.172
a,115747,0.000,-9.714,36.000,-9.714,4.702,0.387,-0.773,-1.242,2.297,8.866,2.375
a,115751,0.000,-8.850,36.000,-8.850,3.296,-0.147,-0.223,1.109,2.648,9.442,1.754
a,115755,0.000,-7.459,36.000,-7.459,2.065,0.479,0.586,-0.631,1.626,9.176,2.203
a,115759,0.000,-5.623,36.000,-5.623,0.396,0.708,0.510,-0.463,2.368,9.358,2.477
a,115763,0.000,-3.449,36.000,-3.449,-0.352,-0.834,-1.170,-1.669,2.284,9.414,2.252
a,115767,0.000,-1.069,36.000,-1.069,-1.538,0.341,-1.093,0.499,2.303,9.278,1.967
a,115771,0.000,1.378,36.000,1.378,-1.494,-0.315,1.029,0.728,1.718,9.385,2.052
a,115775,0.000,3.743,36.000,3.743,5.625,0.876,1.792,0.697,2.113,9.255,2.234
a,115780,0.000,5.885,36.000,5.885,7.427,0.051,0.632,-0.570,2.442,9.468,2.125
a,115783,0.000,7.675,36.000,7.675,3.340,-0.651,-2.406,-0.173,2.673,9.305,2.283
a,115787,0.000,9.005,36.000,9.005,7.515,-0.117,-0.834,-1.120,1.811,9.273,2.205
a,115791,0.000,9.793,36.000,9.793,3.340,0.265,1.075,0.071,2.186,9.485,2.397
a,115795,0.000,9.991,36.000,9.991,3.208,0.937,1.853,0.270,2.084,9.249,2.186
a,115800,0.000,9.586,36.000,9.586,7.603,-0.361,-0.299,-0.372,2.339,9.574,2.192
a,115804,0.000,8.601,36.000,8.601,5.977,-0.483,-1.170,-1.013,2.310,9.501,2.116
a,115807,0.000,7.094,36.000,7.094,6.768,0.127,-0.605,1.491,2.235,9.420,2.295
a,115811,0.000,5.157,36.000,5.157,6.987,-0.911,1.120,1.949,1.967,9.457,2.359
a,115816,0.000,2.905,36.000,2.905,8.174,1.135,0.800,-0.585,2.290,9.313,2.100
a,115819,0.000,0.475,36.000,0.475,19.248,-0.315,0.235,0.041,2.352,9.437,1.987
a,115824,0.000,-1.985,36.000,-1.985,14.502,-0.224,-0.712,0.285,2.212,9.336,2.280
a,115828,0.000,-4.326,36.000,-4.326,16.743,0.143,0.494,1.186,2.124,9.221,2.255
a,115832,0.000,-6.404,36.000,-6.404,8.877,-0.056,0.708,0.422,2.201,9.285,2.130
a,115835,0.000,-8.092,36.000,-8.092,16.743,0.097,1.120,-0.524,2.212,9.366,2.167
a,115840,0.000,-9.287,36.000,-9.287,6.987,-0.743,-2.132,-0.601,2.644,9.377,2.030
a,115844,0.000,-9.913,36.000,-9.913,13.843,-1.750,-2.681,0.224,2.230,9.527,2.230
a,115848,0.000,-9.932,36.000,-9.932,7.646,0.417,0.678,-2.036,1.908,9.017,2.456
a,115852,0.000,-9.341,36.000,-9.341,3.384,0.769,2.647,-0.891,2.134,9.149,1.948
a,115855,0.000,-8.175,36.000,-8.175,2.461,-0.361,-1.048,0.071,2.539,9.554,2.269
a,115859,0.000,-6.505,36.000,-6.505,10.283,-0.529,-2.193,0.056,2.518,9.357,2.235
a,115863,0.000,-4.433,36.000,-4.433,-0.264,-0.544,-0.819,0.621,1.960,9.623,2.088
a,115867,0.000,-2.086,36.000,-2.086,4.570,0.906,1.075,-0.479,1.919,9.203,2.387
a,115871,0.000,0.392,36.000,0.392,-1.494,0.188,1.029,1.384,2.022,9.357,2.303
a,115875,0.000,2.847,36.000,2.847,3.428,0.570,0.479,1.842,2.513,9.196,2.236
a,115879,0.000,5.127,36.000,5.127,5.361,-0.941,-1.444,-0.723,2.265,9.465,1.906
a,115883,0.000,7.090,36.000,7.090,-0.835,-0.315,-1.231,-0.143,2.235,9.349,2.359
a,115887,0.000,8.614,36.000,8.614,8.833,0.127,0.876,0.941,1.854,9.172,2.252
a,115891,0.000,9.603,36.000,9.603,6.196,0.509,1.792,0.376,2.388,9.254,2.249
a,115895,0.000,9.995,36.000,9.995,4.219,0.295,0.983,1.445,2.025,9.288,2.114
a,115900,0.000,9.763,36.000,9.763,7.515,-0.331,-1.628,0.911,2.722,9.267,2.211
a,115903,0.000,8.921,36.000,8.921,4.746,-0.682,-0.070,-1.349,1.901,9.319,2.018
a,115907,0.000,7.521,36.000,7.521,6.108,0.677,1.609,1.048,2.134,9.109,2.385
a,115911,0.000,5.649,36.000,5.649,6.768,0.448,0.739,0.682,2.331,9.348,1.881
a,115915,0.000,3.422,36.000,3.422,6.987,0.219,0.754,0.514,2.222,9.395,2.276
a,115919,0.000,0.978,36.000,0.978,7.471,-1.048,-1.872,-0.723,2.373,9.596,1.985
a,115924,0.000,-1.529,36.000,-1.529,8.086,0.021,-0.559,-0.372,1.936,9.073,2.307
a,115927,0.000,-3.941,36.000,-3.941,8.174,0.555,1.655,0.056,2.018,9.287,2.195
a,115931,0.000,-6.106,36.000,-6.106,8.086,-0.041,0.494,0.636,2.413,9.427,2.201
a,115935,0.000,-7.887,36.000,-7.887,18.105,0.066,-0.559,-0.234,2.362,9.313,2.157
a,115939,0.000,-9.171,36.000,-9.171,6.855,0.234,1.029,0.560,1.901,9.317,2.125
a,115943,0.000,-9.876,36.000,-9.876,6.680,-0.453,-1.048,-0.417,2.257,9.442,2.078
a,115948,0.000,-9.955,36.000,-9.955,5.273,-0.208,-0.834,-0.036,2.306,9.062,2.345
a,115952,0.000,-9.403,36.000,-9.403,3.516,0.708,1.227,-0.906,1.932,9.128,2.099
a,115955,0.000,-8.253,36.000,-8.253,2.505,-0.315,-0.819,1.231,2.349,9.528,2.270
a,115959,0.000,-6.578,36.000,-6.578,0.659,-0.163,-0.773,-0.799,2.344,9.231,2.332
a,115963,0.000,-4.482,36.000,-4.482,-0.220,-0.041,0.357,0.147,2.093,9.488,1.998
a,115967,0.000,-2.099,36.000,-2.099,-1.055,0.021,-0.162,0.605,2.249,9.367,2.296
a,115971,0.000,0.419,36.000,0.419,3.867,-1.109,-1.383,-1.486,2.523,9.325,2.312
a,115975,0.000,2.912,36.000,2.912,-1.538,0.372,0.708,-0.860,2.302,9.222,2.303
a,115980,0.000,5.220,36.000,5.220,6.812,-0.621,-0.009,-0.921,2.066,9.761,2.011
a,115984,0.000,7.195,36.000,7.195,-0.923,0.494,-0.132,0.041,2.292,9.109,2.508
a,115988,0.000,8.710,36.000,8.710,0.000,-0.605,0.159,0.499,2.292,9.456,2.018
a,115991,0.000,9.665,36.000,9.665,1.055,-0.224,-0.132,-0.601,2.333,9.321,2.243
a,115995,0.000,10.000,36.000,10.000,6.021,0.662,1.288,0.224,1.810,9.254,2.288
a,115999,0.000,9.690,36.000,9.690,5.361,-0.010,-0.422,-1.792,2.672,9.258,2.166
a,116003,0.000,8.755,36.000,8.755,5.977,-0.163,-0.483,0.392,1.796,9.600,2.096
a,116007,0.000,7.254,36.000,7.254,6.108,0.540,1.395,-0.097,2.315,9.073,2.313
a,116011,0.000,5.282,36.000,5.282,6.680,-0.651,-0.895,-0.036,2.300,9.604,1.845
a,116015,0.000,2.967,36.000,2.967,6.812,-0.071,0.647,1.369,2.139,9.281,2.376
a,116019,0.000,0.459,36.000,0.459,6.987,0.005,-0.238,-0.479,2.346,9.506,2.148
a,116023,0.000,-2.082,36.000,-2.082,13.096,-0.331,-0.834,-0.692,2.334,9.457,2.175
a,116027,0.000,-4.488,36.000,-4.488,13.755,0.021,0.510,-0.066,1.905,9.360,2.253
a,116031,0.000,-6.604,36.000,-6.604,7.031,-0.041,-0.009,0.056,2.355,9.388,2.195
a,116035,0.000,-8.290,36.000,-8.290,16.523,0.234,-0.025,0.102,2.184,9.293,2.185
a,116040,0.000,-9.437,36.000,-9.437,13.096,-0.147,0.403,0.147,1.930,9.288,2.330
a,116044,0.000,-9.967,36.000,-9.967,13.052,0.555,-0.009,-0.173,2.685,9.442,2.211
a,116048,0.000,-9.846,36.000,-9.846,4.087,-1.613,-1.704,-0.494,2.078,9.670,1.960
a,116051,0.000,-9.079,36.000,-9.079,3.164,0.433,-0.651,0.147,2.218,9.078,2.504
a,116055,0.000,-7.716,36.000,-7.716,1.714,-0.208,-0.162,0.331,2.295,9.465,1.930
a,116059,0.000,-5.845,36.000,-5.845,-0.088,0.448,1.014,0.285,1.873,9.218,2.459
a,116064,0.000,-3.589,36.000,-3.589,-1.055,0.127,0.159,0.804,2.482,9.402,2.185
a,116068,0.000,-1.094,36.000,-1.094,-1.538,-0.361,-1.277,-0.311,2.266,9.323,2.093
a,116072,0.000,1.474,36.000,1.474,-1.626,0.036,-0.498,-0.875,1.763,9.380,2.304
a,116075,0.000,3.946,36.000,3.946,5.273,0.570,0.876,1.384,2.243,9.267,2.391
a,116079,0.000,6.159,36.000,6.159,7.339,0.204,1.120,-0.585,2.066,9.416,2.205
a,116083,0.000,7.966,36.000,7.966,7.690,0.311,0.433,-0.585,2.453,9.318,2.206
a,116087,0.000,9.246,36.000,9.246,6.987,-0.331,-1.277,-0.799,2.525,9.349,2.137
a,116092,0.000,9.912,36.000,9.912,4.175,-0.208,-0.452,-0.219,1.970,9.639,2.236
a,116096,0.000,9.921,36.000,9.921,2.637,0.708,1.380,-0.906,1.891,9.205,2.240
a,116099,0.000,9.268,36.000,9.268,3.867,0.234,1.029,0.667,2.166,9.388,2.405
a,116104,0.000,7.998,36.000,7.998,5.273,-0.239,0.143,-1.471,2.405,9.424,2.006
a,116107,0.000,6.193,36.000,6.193,6.196,-0.102,-0.132,0.117,2.188,9.384,2.310
a,116111,0.000,3.974,36.000,3.974,6.680,-0.605,-1.002,-0.463,2.417,9.457,2.192
a,116115,0.000,1.487,36.000,1.487,6.855,0.250,0.494,-1.135,2.039,9.331,2.254
a,116119,0.000,-1.102,36.000,-1.102,6.943,-0.071,-0.025,-2.066,2.342,9.578,2.048
a,116123,0.000,-3.617,36.000,-3.617,7.383,-0.361,-0.605,2.041,2.248,9.384,2.291
a,116127,0.000,-5.892,36.000,-5.892,13.975,0.280,0.159,0.422,2.224,9.331,2.093
a,116131,0.000,-7.772,36.000,-7.772,15.820,-0.590,-0.498,0.651,2.413,9.469,2.143
a,116135,0.000,-9.130,36.000,-9.130,6.855,0.280,0.647,0.361,1.893,9.374,2.359
a,116139,0.000,-9.872,36.000,-9.872,15.996,0.540,0.708,0.407,2.725,9.266,2.318
a,116143,0.000,-9.949,36.000,-9.949,4.043,-1.415,-1.979,-0.173,2.333,9.851,1.877
a,116147,0.000,-9.354,36.000,-9.354,3.164,0.417,-0.727,-1.028,2.269,9.044,2.562
a,116152,0.000,-8.124,36.000,-8.124,1.362,-0.758,-0.559,0.896,2.261,9.561,1.867
a,116155,0.000,-6.344,36.000,-6.344,-0.132,-0.102,1.395,0.086,1.784,9.147,2.507
a,116159,0.000,-4.131,36.000,-4.131,4.834,0.738,0.922,0.880,2.391,9.250,2.160
a,116163,0.000,-1.637,36.000,-1.637,-1.538,-1.155,-1.704,-0.494,2.535,9.408,1.960
a,116167,0.000,0.971,36.000,0.971,3.428,-0.483,-1.109,-0.250,1.483,9.305,2.495
a,116171,0.000,3.514,36.000,3.514,3.911,0.814,1.075,-0.311,2.433,9.084,2.355
a,116175,0.000,5.818,36.000,5.818,7.515,-0.361,0.601,0.697,2.113,9.531,2.052
a,116179,0.000,7.727,36.000,7.727,8.745,0.982,1.533,0.697,2.529,9.153,2.243
a,116183,0.000,9.109,36.000,9.109,-0.176,-1.216,-1.597,-0.219,2.429,9.610,1.848
a,116187,0.000,9.868,36.000,9.868,4.131,-0.331,-0.162,0.544,1.885,9.178,2.381
a,116191,0.000,9.950,36.000,9.950,4.658,0.769,1.334,-0.906,1.976,9.262,2.357
a,116196,0.000,9.350,36.000,9.350,3.867,-0.361,0.876,0.407,2.531,9.321,2.290
a,116200,0.000,8.106,36.000,8.106,4.746,0.219,0.388,0.514,2.222,9.324,1.869
a,116204,0.000,6.303,36.000,6.303,6.196,-0.544,-0.559,-0.540,2.377,9.561,2.422
a,116207,0.000,4.065,36.000,4.065,6.724,-0.422,-0.712,0.621,2.181,9.336,2.209
a,116211,0.000,1.544,36.000,1.544,6.812,0.433,1.181,-0.417,2.094,9.318,2.259
a,116215,0.000,-1.084,36.000,-1.084,12.524,0.158,0.388,0.361,2.295,9.556,2.189
a,116219,0.000,-3.639,36.000,-3.639,6.812,-0.483,-1.215,-0.524,2.413,9.336,2.221
a,116223,0.000,-5.944,36.000,-5.944,12.305,0.127,-0.483,0.254,2.066,9.321,2.186
a,116228,0.000,-7.838,36.000,-7.838,16.479,-0.086,-0.101,1.262,2.243,9.383,2.249
a,116232,0.000,-9.188,36.000,-9.188,6.943,-0.102,0.097,-0.265,2.048,9.244,2.324
a,116236,0.000,-9.901,36.000,-9.901,12.964,1.196,2.433,-1.181,2.217,9.190,2.029
a,116239,0.000,-9.924,36.000,-9.924,4.790,-0.758,-1.903,1.247,2.653,9.487,1.942
a,116243,0.000,-9.255,36.000,-9.255,6.812,-0.285,-0.620,-0.417,2.109,9.037,2.237
a,116247,0.000,-7.939,36.000,-7.939,2.681,-0.163,-0.574,-0.692,1.991,9.525,2.243
a,116251,0.000,-6.067,36.000,-6.067,0.703,0.372,0.617,2.331,2.243,9.116,2.507
a,116255,0.000,-3.770,36.000,-3.770,-0.264,1.043,2.433,0.361,2.035,9.321,2.151
a,116259,0.000,-1.206,36.000,-1.206,10.195,-0.468,-1.048,-0.143,2.606,9.499,2.002
a,116263,0.000,1.443,36.000,1.443,4.658,-1.445,-2.727,-0.417,2.473,9.261,2.201
a,116267,0.000,3.993,36.000,3.993,6.987,0.265,1.197,0.667,1.664,9.322,2.228
a,116271,0.000,6.264,36.000,6.264,7.515,0.280,0.922,1.170,2.203,9.430,2.243
a,116275,0.000,8.094,36.000,8.094,6.855,0.341,1.456,-0.372,2.146,9.099,2.267
a,116279,0.000,9.355,36.000,9.355,10.327,0.021,-0.361,-2.188,2.413,9.372,2.081
a,116283,0.000,9.955,36.000,9.955,1.143,-0.453,-0.941,-0.967,2.500,9.112,2.170
a,116287,0.000,9.852,36.000,9.852,5.493,0.188,1.075,1.002,1.532,9.250,2.382
a,116292,0.000,9.051,36.000,9.051,3.867,-0.132,0.433,1.689,2.576,9.220,2.399
a,116296,0.000,7.607,36.000,7.607,5.317,0.158,0.861,-0.417,2.303,9.108,1.925
a,116299,0.000,5.622,36.000,5.622,6.021,-0.086,0.647,0.529,2.128,9.396,2.211
a,116303,0.000,3.236,36.000,3.236,9.624,-0.331,-1.048,-0.845,2.535,9.554,2.102
a,116307,0.000,0.618,36.000,0.618,6.768,0.158,0.204,-0.463,1.888,9.184,2.272
a,116311,0.000,-2.046,36.000,-2.046,6.812,0.448,0.739,-0.402,2.230,9.339,2.219
a,116316,0.000,-4.565,36.000,-4.565,6.855,-0.376,-0.834,-0.524,2.430,9.324,2.182
a,116320,0.000,-6.759,36.000,-6.759,14.546,0.036,0.372,-0.570,2.006,9.293,2.138
a,116324,0.000,-8.472,36.000,-8.472,17.271,-0.483,-0.757,0.667,2.386,9.386,2.243
a,116327,0.000,-9.578,36.000,-9.578,16.084,0.326,0.418,-0.188,1.945,9.355,2.313
a,116331,0.000,-9.997,36.000,-9.997,8.306,0.814,1.243,-0.372,2.611,9.165,2.276
a,116335,0.000,-9.699,36.000,-9.699,3.516,-1.720,-2.299,-1.028,2.504,9.725,1.754
a,116340,0.000,-8.702,36.000,-8.702,2.505,-0.102,-1.719,-0.952,2.006,9.182,2.461
a,116343,0.000,-7.078,36.000,-7.078,1.143,-0.102,-0.391,-0.860,2.095,9.245,2.240
a,116348,0.000,-4.943,36.000,-4.943,-0.220,0.982,2.006,0.758,2.010,9.497,2.246
a,116352,0.000,-2.449,36.000,-2.449,-1.055,0.723,1.304,0.453,2.368,9.282,2.192
a,116355,0.000,0.224,36.000,0.224,-1.494,-1.262,-3.231,-0.738,2.868,9.450,1.899
a,116359,0.000,2.882,36.000,2.882,-0.264,-0.437,-0.452,0.224,1.765,9.261,2.230
a,116363,0.000,5.333,36.000,5.333,6.064,-0.102,0.433,0.376,2.101,9.262,2.274
a,116367,0.000,7.398,36.000,7.398,8.833,0.295,1.853,0.926,2.224,9.268,2.132
a,116371,0.000,8.927,36.000,8.927,-0.088,0.448,0.311,-0.143,2.235,9.400,2.053
a,116375,0.000,9.807,36.000,9.807,6.021,-0.651,-1.429,0.743,2.437,9.414,2.103
a,116379,0.000,9.973,36.000,9.973,4.087,-0.392,-1.536,-0.784,2.215,9.176,2.298
a,116383,0.000,9.411,36.000,9.411,5.361,0.005,0.418,-0.005,1.975,9.299,2.101
a,116387,0.000,8.161,36.000,8.161,4.746,0.937,1.349,-0.311,2.215,9.414,2.277
a,116391,0.000,6.313,36.000,6.313,6.196,-0.163,0.876,-0.158,2.460,9.561,2.289
a,116395,0.000,4.001,36.000,4.001,6.768,-0.224,-1.811,-0.448,2.586,9.364,1.846
a,116400,0.000,1.395,36.000,1.395,6.943,0.341,0.204,0.025,1.932,9.340,2.315
a,116403,0.000,-1.316,36.000,-1.316,12.568,0.662,1.746,0.926,2.045,9.352,2.355
a,116407,0.000,-3.932,36.000,-3.932,7.559,-0.590,-0.635,-0.356,2.504,9.506,2.042
a,116411,0.000,-6.259,36.000,-6.259,16.655,0.219,0.250,-0.845,2.054,9.274,2.179
a,116415,0.000,-8.127,36.000,-8.127,17.446,-0.041,-0.864,0.560,2.409,9.436,2.206
a,116419,0.000,-9.396,36.000,-9.396,12.261,0.265,0.097,-0.280,2.093,9.250,2.228
a,116423,0.000,-9.971,36.000,-9.971,13.843,1.166,2.235,0.850,2.084,9.295,2.328
a,116427,0.000,-9.808,36.000,-9.808,7.603,-1.079,-1.765,-2.036,2.969,9.406,1.869
a,116431,0.000,-8.918,36.000,-8.918,4.834,0.250,-0.345,-1.486,1.811,8.865,2.288
a,116435,0.000,-7.366,36.000,-7.366,2.109,0.005,-0.055,-0.387,2.119,9.340,2.263
a,116439,0.000,-5.265,36.000,-5.265,0.439,-0.483,-0.238,0.224,2.310,9.154,2.552
a,116443,0.000,-2.771,36.000,-2.771,-0.352,1.135,1.685,-0.021,1.917,9.278,2.130
a,116448,0.000,-0.069,36.000,-0.069,-0.923,-1.873,-2.788,-0.356,2.641,9.728,2.148
a,116452,0.000,2.640,36.000,2.640,-0.967,1.028,0.846,-0.463,1.982,8.970,2.611
a,116455,0.000,5.153,36.000,5.153,-0.791,-0.010,0.204,-0.662,2.352,9.689,1.930
a,116459,0.000,7.282,36.000,7.282,7.515,0.234,0.220,0.728,2.375,9.127,2.336
a,116463,0.000,8.868,36.000,8.868,5.361,-0.117,-0.681,-1.715,2.168,9.428,2.206
a,116467,0.000,9.789,36.000,9.789,1.406,-0.224,-0.773,0.025,2.562,9.458,2.231
a,116471,0.000,9.976,36.000,9.976,8.394,0.417,0.693,-0.845,1.988,9.255,2.133
a,116475,0.000,9.413,36.000,9.413,5.273,-0.605,0.006,0.208,2.497,9.323,2.225
a,116480,0.000,8.141,36.000,8.141,4.658,0.708,0.586,-0.143,2.233,9.125,1.992
a,116484,0.000,6.254,36.000,6.254,6.240,-0.376,0.357,-0.937,2.235,9.600,2.373
a,116488,0.000,3.894,36.000,3.894,6.284,-0.392,-1.231,-1.883,2.455,9.334,2.209
a,116491,0.000,1.239,36.000,1.239,6.812,0.036,0.159,1.384,2.156,9.357,2.140
a,116495,0.000,-1.512,36.000,-1.512,13.052,-0.102,0.006,0.270,2.175,9.549,2.231
a,116499,0.000,-4.151,36.000,-4.151,6.855,-0.117,-0.238,-0.646,2.321,9.454,2.222
a,116503,0.000,-6.476,36.000,-6.476,11.030,0.265,0.143,-0.875,2.148,9.357,2.134
a,116507,0.000,-8.310,36.000,-8.310,15.952,-0.056,-0.559,-0.540,2.429,9.382,2.206
a,116511,0.000,-9.514,36.000,-9.514,6.768,0.280,0.464,-0.250,1.948,9.363,2.306
a,116515,0.000,-9.993,36.000,-9.993,12.437,0.662,0.540,0.407,2.591,9.263,2.350
a,116519,0.000,-9.711,36.000,-9.711,4.570,-1.521,-1.322,0.163,2.279,9.787,1.785
a,116523,0.000,-8.687,36.000,-8.687,5.229,0.616,-0.620,0.499,2.246,8.976,2.541
a,116527,0.000,-6.998,36.000,-6.998,1.758,-0.544,-0.330,-0.234,2.194,9.459,1.852
a,116531,0.000,-4.772,36.000,-4.772,5.537,0.005,0.739,-0.448,1.872,9.227,2.468
a,116535,0.000,-2.179,36.000,-2.179,-1.055,0.876,0.907,-0.585,2.393,9.342,2.201
a,116540,0.000,0.583,36.000,0.583,-1.538,-1.186,-2.483,-1.669,2.689,9.521,2.002
a,116544,0.000,3.302,36.000,3.302,-1.538,0.051,0.204,-0.143,1.654,9.287,2.228
a,116547,0.000,5.768,36.000,5.768,6.064,0.402,0.372,0.468,2.334,9.191,2.316
a,116551,0.000,7.792,36.000,7.792,-1.055,0.372,0.907,-0.646,2.274,9.252,2.201
a,116555,0.000,9.216,36.000,9.216,-0.176,0.433,0.662,0.605,2.175,9.315,2.170
a,116559,0.000,9.928,36.000,9.928,0.615,-0.224,-1.139,0.117,2.430,9.438,2.174
a,116564,0.000,9.873,36.000,9.873,4.131,-0.376,-0.941,-1.669,2.193,9.322,2.345
a,116567,0.000,9.053,36.000,9.053,6.899,0.219,0.494,-0.204,2.033,9.403,2.110
a,116572,0.000,7.531,36.000,7.531,4.614,0.387,1.136,0.346,2.209,9.382,1.993
a,116575,0.000,5.422,36.000,5.422,6.064,0.219,0.800,0.132,2.090,9.402,2.516
a,116579,0.000,2.891,36.000,2.891,6.680,-0.163,-1.338,-1.654,2.658,9.470,1.956
a,116583,0.000,0.132,36.000,0.132,6.680,-0.437,-0.009,-0.112,2.039,9.172,2.234
a,116588,0.000,-2.638,36.000,-2.638,6.855,0.433,1.014,-0.265,1.985,9.264,2.373
a,116592,0.000,-5.204,36.000,-5.204,6.899,-0.376,0.143,-0.372,2.461,9.323,2.145
a,116595,0.000,-7.365,36.000,-7.365,6.812,-0.163,0.006,-0.127,2.160,9.383,2.122
a,116600,0.000,-8.951,36.000,-8.951,15.205,-0.483,-0.605,0.407,2.181,9.406,2.206
a,116604,0.000,-9.836,36.000,-9.836,11.865,-0.132,1.304,1.292,1.804,9.219,2.532
a,116607,0.000,-9.950,36.000,-9.950,5.537,0.937,1.075,0.071,2.617,9.231,2.356
a,116611,0.000,-9.282,36.000,-9.282,3.472,-0.865,-1.429,0.422,2.464,9.509,1.715
a,116615,0.000,-7.884,36.000,-7.884,2.505,-0.208,-1.261,0.132,1.815,9.321,2.248
a,116619,0.000,-5.864,36.000,-5.864,0.659,-0.117,-0.177,-1.517,2.006,9.209,2.364
a,116623,0.000,-3.379,36.000,-3.379,-0.176,0.891,1.563,0.117,2.115,9.199,2.301
a,116627,0.000,-0.627,36.000,-0.627,7.690,0.402,1.014,0.285,2.368,9.293,2.071
a,116631,0.000,2.178,36.000,2.178,-1.494,-1.934,-4.284,-1.257,3.164,9.412,2.122
a,116635,0.000,4.811,36.000,4.811,5.405,0.417,0.326,1.781,1.820,9.084,2.385
a,116639,0.000,7.065,36.000,7.065,-0.220,0.524,1.197,1.934,1.961,9.600,2.173
a,116643,0.000,8.759,36.000,8.759,8.833,1.822,2.723,0.896,2.008,9.191,2.422
a,116648,0.000,9.758,36.000,9.758,1.230,0.448,-0.483,0.254,2.887,9.427,1.935
a,116651,0.000,9.980,36.000,9.980,2.549,-1.170,-2.498,-1.669,1.908,9.408,2.269
a,116655,0.000,9.408,36.000,9.408,6.021,0.326,0.204,-0.295,2.303,9.104,2.367
a,116659,0.000,8.084,36.000,8.084,4.570,0.662,1.899,1.430,1.969,9.415,2.057
a,116663,0.000,6.114,36.000,6.114,12.393,0.555,1.899,0.544,2.266,9.202,2.375
a,116667,0.000,3.653,36.000,3.653,6.768,-0.499,-0.834,-1.227,2.654,9.635,1.954
a,116671,0.000,0.898,36.000,0.898,6.812,-1.323,-2.101,-0.479,2.284,9.549,2.217
a,116675,0.000,-1.931,36.000,-1.931,11.777,0.433,1.609,-0.921,1.727,9.141,2.373
a,116679,0.000,-4.607,36.000,-4.607,13.975,0.219,1.151,0.819,2.415,9.418,2.144
a,116683,0.000,-6.914,36.000,-6.914,15.249,-0.315,-0.880,0.560,2.399,9.439,2.087
a,116687,0.000,-8.665,36.000,-8.665,16.655,-0.117,-0.757,-0.479,2.253,9.274,2.180
a,116691,0.000,-9.719,36.000,-9.719,16.040,-0.376,-0.483,0.712,2.041,9.482,2.316
a,116696,0.000,-9.989,36.000,-9.989,5.449,1.364,1.624,0.575,2.461,8.972,2.401
a,116700,0.000,-9.451,36.000,-9.451,5.493,-0.789,-1.154,-0.906,2.422,9.754,1.703
a,116704,0.000,-8.148,36.000,-8.148,3.867,-0.529,-2.574,0.056,2.327,9.319,2.433
a,116707,0.000,-6.183,36.000,-6.183,1.758,-0.544,-1.109,-1.181,1.960,9.307,2.122
a,116711,0.000,-3.716,36.000,-3.716,0.483,0.616,1.502,0.178,1.835,9.256,2.336
a,116715,0.000,-0.945,36.000,-0.945,5.405,1.135,1.197,0.392,2.468,9.345,2.265
a,116719,0.000,1.905,36.000,1.905,6.152,-0.331,-1.322,-1.318,2.427,9.468,1.958
a,116723,0.000,4.601,36.000,4.601,6.768,-0.682,-2.467,-0.708,2.533,9.208,2.240
a,116728,0.000,6.924,36.000,6.924,-1.450,0.341,0.006,1.201,1.867,9.155,2.309
a,116732,0.000,8.682,36.000,8.682,5.405,0.616,2.143,1.460,1.810,9.464,2.304
a,116736,0.000,9.732,36.000,9.732,9.448,1.059,2.601,1.033,2.535,9.199,2.307
a,116739,0.000,9.985,36.000,9.985,1.099,-0.605,-1.536,-0.509,2.810,9.504,1.725
a,116743,0.000,9.419,36.000,9.419,7.427,-1.063,-1.826,-1.700,1.792,9.227,2.415
a,116747,0.000,8.080,36.000,8.080,3.516,-0.163,0.052,0.147,2.184,9.091,2.424
a,116751,0.000,6.075,36.000,6.075,4.746,0.448,2.388,1.201,1.938,9.425,2.059
a,116755,0.000,3.569,36.000,3.569,6.021,0.387,1.197,0.773,2.327,9.394,2.206
a,116759,0.000,0.767,36.000,0.767,6.196,-1.109,-1.597,-0.112,2.666,9.618,1.967
a,116763,0.000,-2.100,36.000,-2.100,6.284,-0.682,-1.597,-1.059,2.163,9.416,2.237
a,116767,0.000,-4.795,36.000,-4.795,6.680,0.173,0.846,0.025,1.975,9.339,2.265
a,116771,0.000,-7.095,36.000,-7.095,6.768,0.417,1.090,0.880,2.257,9.421,2.294
a,116775,0.000,-8.809,36.000,-8.809,16.787,-0.117,-0.116,-0.616,2.391,9.473,2.116
a,116779,0.000,-9.793,36.000,-9.793,6.284,-0.560,-0.238,-0.540,2.318,9.293,2.136
a,116783,0.000,-9.964,36.000,-9.964,4.702,0.158,0.617,0.499,1.867,9.388,2.184
a,116788,0.000,-9.306,36.000,-9.306,3.867,0.127,-0.620,0.499,2.569,9.363,2.036
a,116792,0.000,-7.872,36.000,-7.872,2.549,-1.033,-1.597,0.041,2.035,9.422,2.023
a,116795,0.000,-5.782,36.000,-5.782,1.143,0.769,-0.132,-0.173,2.066,9.175,2.594
a,116799,0.000,-3.207,36.000,-3.207,-0.220,0.417,1.258,-0.601,2.048,9.432,2.096
a,116803,0.000,-0.362,36.000,-0.362,-0.923,0.830,0.800,0.728,2.327,9.245,2.296
a,116807,0.000,2.515,36.000,2.515,-1.450,-0.010,-0.376,-0.723,2.415,9.486,2.004
a,116812,0.000,5.183,36.000,5.183,-1.055,-1.369,-2.223,0.102,1.858,9.467,2.318
a,116816,0.000,7.417,36.000,7.417,7.559,0.937,0.662,0.941,2.054,9.057,2.375
a,116819,0.000,9.030,36.000,9.030,4.658,0.265,1.792,0.758,1.986,9.353,2.149
a,116823,0.000,9.883,36.000,9.883,8.965,0.891,1.090,1.491,2.413,9.284,2.294
a,116827,0.000,9.904,36.000,9.904,2.637,-1.216,-1.414,0.697,2.529,9.542,1.919
a,116831,0.000,9.090,36.000,9.090,3.384,-0.483,-1.017,-1.456,2.041,9.316,2.345
a,116835,0.000,7.507,36.000,7.507,4.614,-0.102,0.830,0.514,1.821,9.493,2.222
a,116840,0.000,5.288,36.000,5.288,6.021,0.402,1.960,1.644,2.047,9.312,2.559
a,116843,0.000,2.619,36.000,2.619,6.240,0.417,0.311,-0.784,2.577,9.437,1.872
a,116848,0.000,-0.273,36.000,-0.273,6.680,-1.140,-1.704,0.270,2.444,9.330,2.128
a,116852,0.000,-3.144,36.000,-3.144,12.568,-0.270,-0.361,-1.028,1.969,9.262,2.393
a,116855,0.000,-5.749,36.000,-5.749,6.768,0.051,0.647,0.789,2.204,9.353,2.195
a,116859,0.000,-7.867,36.000,-7.867,16.523,0.601,0.861,-0.799,2.088,9.353,2.217
a,116863,0.000,-9.315,36.000,-9.315,15.337,0.066,-0.009,0.041,2.421,9.414,2.166
a,116867,0.000,-9.969,36.000,-9.969,10.898,0.540,0.097,-0.280,2.172,9.256,2.415
a,116871,0.000,-9.771,36.000,-9.771,4.702,0.540,0.907,-0.158,2.344,9.194,2.320
a,116875,0.000,-8.737,36.000,-8.737,7.559,-0.270,-1.368,-1.318,2.468,9.549,1.806
a,116879,0.000,-6.953,36.000,-6.953,2.461,-0.895,-1.429,-0.998,1.907,9.310,2.361
a,116883,0.000,-4.571,36.000,-4.571,0.615,0.753,0.815,-0.692,2.140,9.151,2.424
a,116887,0.000,-1.796,36.000,-1.796,-0.176,0.127,1.304,0.773,2.156,9.346,2.061
a,116891,0.000,1.136,36.000,1.136,-0.747,0.509,-0.788,0.224,2.433,9.416,2.069
a,116895,0.000,3.972,36.000,3.972,-0.308,-0.376,0.052,0.819,1.839,9.509,2.130
a,116900,0.000,6.468,36.000,6.468,6.899,0.769,0.601,-0.097,2.101,9.142,2.450
a,116903,0.000,8.406,36.000,8.406,7.603,-0.972,-0.299,-0.265,2.359,9.345,2.006
a,116907,0.000,9.618,36.000,9.618,0.527,1.150,1.349,0.270,2.173,9.267,2.468
a,116911,0.000,9.998,36.000,9.998,1.978,-0.880,-0.727,0.132,2.313,9.379,1.973
a,116915,0.000,9.512,36.000,9.512,3.296,0.250,-0.055,-0.677,2.119,9.108,2.355
a,116919,0.000,8.199,36.000,8.199,3.911,-0.850,0.113,1.430,2.215,9.328,2.172
a,116923,0.000,6.173,36.000,6.173,5.317,0.494,0.876,0.285,2.334,9.176,2.367
a,116927,0.000,3.609,36.000,3.609,6.196,0.051,0.326,-0.036,2.126,9.606,1.993
a,116931,0.000,0.728,36.000,0.728,6.724,-0.376,-0.986,0.163,2.327,9.481,2.266
a,116935,0.000,-2.219,36.000,-2.219,13.271,0.112,-0.055,0.697,2.142,9.537,2.075
a,116939,0.000,-4.973,36.000,-4.973,15.908,-0.422,-0.086,-0.158,2.115,9.512,2.119
a,116944,0.000,-7.294,36.000,-7.294,15.820,0.051,0.723,0.392,2.225,9.348,2.377
a,116948,0.000,-8.977,36.000,-8.977,18.149,0.158,0.265,-0.311,2.377,9.359,2.133
a,116952,0.000,-9.874,36.000,-9.874,15.820,0.173,-0.635,1.201,2.352,9.234,2.099
a,116955,0.000,-9.904,36.000,-9.904,6.680,0.387,2.143,0.315,1.861,9.469,2.295
a,116959,0.000,-9.063,36.000,-9.063,4.790,-0.712,-2.116,0.697,2.658,9.633,2.039
a,116963,0.000,-7.424,36.000,-7.424,3.296,-0.270,-0.559,-0.860,2.187,8.959,2.253
a,116967,0.000,-5.128,36.000,-5.128,2.065,0.143,-0.223,-1.379,2.012,9.304,2.078
a,116971,0.000,-2.379,36.000,-2.379,10.986,-0.163,-0.498,-0.326,2.315,9.269,2.358
a,116976,0.000,0.583,36.000,0.583,-0.220,0.799,-0.009,-0.998,2.116,9.462,2.099
a,116980,0.000,3.494,36.000,3.494,-0.132,-1.201,-1.124,1.002,1.985,9.637,2.107
a,116984,0.000,6.098,36.000,6.098,7.515,1.410,1.288,-0.005,2.186,8.911,2.558
a,116987,0.000,8.163,36.000,8.163,9.009,-0.331,0.220,-0.021,2.199,9.555,1.925
a,116991,0.000,9.503,36.000,9.503,8.921,0.158,-1.048,-0.372,2.515,9.345,2.387
a,116995,0.000,9.999,36.000,9.999,4.878,-0.102,-0.223,0.102,1.932,9.354,2.126
a,116999,0.000,9.604,36.000,9.604,2.593,0.662,0.815,0.361,2.173,9.319,2.240
a,117003,0.000,8.352,36.000,8.352,6.812,-0.056,0.143,-0.540,2.075,9.459,2.160
a,117007,0.000,6.353,36.000,6.353,4.746,0.250,0.693,-1.120,2.197,9.170,2.078
a,117011,0.000,3.784,36.000,3.784,6.021,0.005,0.632,-0.875,2.206,9.499,2.088
a,117015,0.000,0.876,36.000,0.876,6.240,-0.529,-0.483,1.598,2.350,9.437,2.289
a,117019,0.000,-2.114,36.000,-2.114,6.724,-0.010,0.479,-0.555,2.113,9.197,2.168
a,117023,0.000,-4.915,36.000,-4.915,13.975,-0.239,-0.452,0.926,2.411,9.456,2.114
a,117027,0.000,-7.276,36.000,-7.276,15.425,-0.178,-0.330,-0.769,2.152,9.322,2.298
a,117031,0.000,-8.984,36.000,-8.984,15.952,-0.056,-0.269,-0.066,2.259,9.370,2.151
a,117035,0.000,-9.883,36.000,-9.883,12.480,-0.056,-0.116,0.102,2.144,9.380,2.167
a,117040,0.000,-9.890,36.000,-9.890,4.702,0.952,0.265,0.896,2.433,9.137,2.338
a,117044,0.000,-9.004,36.000,-9.004,3.516,-0.926,-1.735,0.422,2.707,9.571,1.776
a,117047,0.000,-7.302,36.000,-7.302,2.461,-0.972,-2.422,-1.914,2.144,9.359,2.265
a,117052,0.000,-4.938,36.000,-4.938,6.196,0.479,-0.238,-0.616,1.963,9.244,2.533
a,117055,0.000,-2.124,36.000,-2.124,-0.132,0.417,1.792,1.048,2.085,9.306,2.233
a,117059,0.000,0.885,36.000,0.885,7.559,0.402,1.029,0.392,2.344,9.369,2.166
a,117064,0.000,3.815,36.000,3.815,4.614,-1.109,-2.620,0.224,2.398,9.641,2.176
a,117068,0.000,6.399,36.000,6.399,-0.747,0.982,0.326,0.178,2.261,8.959,2.531
a,117071,0.000,8.402,36.000,8.402,-0.220,-0.728,0.311,-0.341,1.830,9.570,2.009
a,117075,0.000,9.638,36.000,9.638,8.965,0.494,1.487,0.590,2.362,9.135,2.575
a,117079,0.000,9.994,36.000,9.994,1.714,-0.315,-0.452,0.056,2.522,9.870,1.867
a,117083,0.000,9.436,36.000,9.436,6.636,-0.499,-1.032,-1.471,2.295,9.226,2.203
a,117088,0.000,8.011,36.000,8.011,9.141,-0.224,-0.941,-0.463,2.048,9.492,2.373
a,117092,0.000,5.851,36.000,5.851,4.878,0.555,1.884,0.102,2.128,8.829,2.264
a,117095,0.000,3.152,36.000,3.152,5.977,0.662,2.281,2.132,2.029,9.215,2.168
a,117100,0.000,0.160,36.000,0.160,6.196,-0.279,-0.932,1.461,2.586,9.297,2.169
a,117103,0.000,-2.847,36.000,-2.847,6.680,-0.463,-0.505,-0.798,2.172,9.228,2.215
a,117107,0.000,-5.595,36.000,-5.595,14.458,-0.188,-0.474,0.561,2.113,9.450,2.182
a,117111,0.000,-7.826,36.000,-7.826,15.469,0.194,0.640,0.042,2.184,9.288,2.286
a,117115,0.000,-9.336,36.000,-9.336,17.578,0.148,0.915,0.851,2.255,9.378,2.169
a,117119,0.000,-9.981,36.000,-9.981,13.315,-0.325,-0.489,-1.073,2.444,9.832,2.176
a,117123,0.000,-9.702,36.000,-9.702,4.570,0.545,-0.062,-0.600,2.585,9.158,2.395
a,117127,0.000,-8.521,36.000,-8.521,3.428,-0.539,-1.589,-0.600,2.637,9.495,1.936
a,117131,0.000,-6.547,36.000,-6.547,2.373,-0.661,-1.360,-1.042,1.786,9.328,2.228
a,117135,0.000,-3.962,36.000,-3.962,0.527,0.728,1.022,-0.081,1.970,9.252,2.416
a,117139,0.000,-1.006,36.000,-1.006,1.143,0.087,1.266,1.125,2.312,9.367,2.148
a,117143,0.000,2.045,36.000,2.045,6.196,-0.371,-0.260,-1.195,2.255,9.507,1.936
a,117147,0.000,4.908,36.000,4.908,-1.494,-0.921,-2.841,-0.844,2.435,9.391,2.328
a,117152,0.000,7.312,36.000,7.312,8.086,0.453,0.488,-0.126,2.157,9.063,2.381
a,117155,0.000,9.034,36.000,9.034,-0.791,-0.447,1.480,0.805,1.852,9.632,2.150
a,117159,0.000,9.908,36.000,9.908,7.603,1.110,1.617,-0.371,2.515,9.064,2.497
a,117163,0.000,9.852,36.000,9.852,1.758,-0.814,-1.573,0.316,2.500,9.850,1.714
a,117167,0.000,8.870,36.000,8.870,7.383,-0.142,-1.146,-0.508,1.979,9.200,2.350
a,117171,0.000,7.051,36.000,7.051,3.867,0.866,0.533,1.477,1.991,9.278,2.427
a,117175,0.000,4.566,36.000,4.566,4.790,0.087,1.098,1.019,2.142,9.510,2.217
a,117179,0.000,1.648,36.000,1.648,6.108,0.789,2.014,-0.050,2.302,9.343,2.247
a,117183,0.000,-1.427,36.000,-1.427,6.240,-0.768,-1.573,-0.401,2.676,9.329,2.094
a,117187,0.000,-4.370,36.000,-4.370,13.228,-0.432,-1.100,-0.447,1.955,9.258,2.276
a,117191,0.000,-6.899,36.000,-6.899,6.987,0.224,0.701,-1.363,2.075,9.287,2.188
a,117196,0.000,-8.776,36.000,-8.776,6.943,0.240,0.656,0.698,2.272,9.351,2.246
a,117200,0.000,-9.819,36.000,-9.819,15.996,0.072,0.167,0.393,2.172,9.309,2.128
a,117203,0.000,-9.929,36.000,-9.929,5.361,0.347,1.297,-0.462,2.029,9.196,2.209
a,117207,0.000,-9.092,36.000,-9.092,5.537,0.362,0.121,0.927,2.417,9.430,2.167
a,117211,0.000,-7.387,36.000,-7.387,3.120,-1.043,-3.039,-1.241,2.529,9.293,2.130
a,117215,0.000,-4.976,36.000,-4.976,1.802,0.148,0.152,0.057,1.938,9.038,2.462
a,117219,0.000,-2.086,36.000,-2.086,-0.044,0.301,1.312,1.019,2.004,9.402,2.157
a,117223,0.000,1.005,36.000,1.005,4.658,0.591,1.098,1.293,2.446,9.268,2.240
a,117228,0.000,4.001,36.000,4.001,-0.264,-0.829,-1.726,-1.378,2.215,9.586,2.178
a,117232,0.000,6.615,36.000,6.615,-0.220,0.545,-0.001,-0.920,2.362,9.087,2.456
a,117235,0.000,8.595,36.000,8.595,8.262,-1.012,-0.047,1.171,1.913,9.556,2.034
a,117239,0.000,9.748,36.000,9.748,3.867,0.072,1.465,-0.355,2.279,9.123,2.441
a,117243,0.000,9.962,36.000,9.962,2.021,-0.585,0.106,0.026,2.446,9.675,1.926
a,117247,0.000,9.215,36.000,9.215,3.208,-0.081,-0.688,0.454,2.051,9.541,2.144
a,117251,0.000,7.576,36.000,7.576,5.405,-0.218,-0.276,-1.119,2.025,9.251,2.303
a,117255,0.000,5.203,36.000,5.203,5.493,0.911,1.694,0.942,2.157,9.158,2.346
a,117259,0.000,2.324,36.000,2.324,6.152,0.438,1.190,-0.844,2.324,9.377,1.919
a,117263,0.000,-0.782,36.000,-0.782,6.636,-0.432,-0.367,1.003,2.468,9.543,2.172
a,117267,0.000,-3.815,36.000,-3.815,6.724,-0.417,-1.039,0.042,2.343,9.415,2.289
a,117271,0.000,-6.477,36.000,-6.477,15.425,-0.310,-0.917,0.530,2.188,9.495,2.113
a,117275,0.000,-8.511,36.000,-8.511,15.864,0.240,0.533,0.148,2.000,9.352,2.278
a,117279,0.000,-9.716,36.000,-9.716,17.490,-0.188,0.885,1.858,2.272,9.390,2.288
a,117283,0.000,-9.972,36.000,-9.972,11.689,0.469,1.312,1.125,2.193,9.197,1.980
a,117288,0.000,-9.253,36.000,-9.253,4.043,-0.035,-0.505,-0.523,2.308,9.512,1.938
a,117292,0.000,-7.628,36.000,-7.628,2.812,-0.921,-3.100,0.240,2.489,9.319,2.364
a,117295,0.000,-5.254,36.000,-5.254,1.846,0.240,0.747,-0.875,1.648,9.439,2.261
a,117299,0.000,-2.362,36.000,-2.362,0.000,0.637,1.205,0.469,2.170,9.248,2.370
a,117303,0.000,0.763,36.000,0.763,-0.308,0.667,1.144,0.072,2.367,9.279,2.182
a,117307,0.000,3.816,36.000,3.816,8.130,-0.692,-2.780,-0.035,2.713,9.556,1.903
a,117312,0.000,6.494,36.000,6.494,5.449,-0.463,-0.627,0.835,1.782,9.403,2.215
a,117316,0.000,8.533,36.000,8.533,9.448,0.728,0.595,-0.661,1.942,9.207,2.391
a,117320,0.000,9.730,36.000,9.730,7.690,0.377,1.587,1.355,1.923,9.400,2.145
a,117323,0.000,9.965,36.000,9.965,1.187,0.606,0.213,-0.997,2.523,9.434,2.288
a,117327,0.000,9.213,36.000,9.213,3.384,-1.180,-1.833,1.034,2.266,9.498,2.046
a,117331,0.000,7.547,36.000,7.547,3.867,-0.768,-1.512,-0.890,2.446,9.292,2.405
a,117336,0.000,5.130,36.000,5.130,4.790,0.255,2.014,0.942,2.035,9.123,1.993
a,117340,0.000,2.201,36.000,2.201,5.977,0.209,0.991,0.896,2.228,9.416,2.237
a,117343,0.000,-0.949,36.000,-0.949,7.559,-0.356,-0.260,0.835,2.546,9.372,2.067
a,117348,0.000,-4.006,36.000,-4.006,6.768,-0.753,-1.024,0.530,2.364,9.215,2.266
a,117352,0.000,-6.666,36.000,-6.666,16.479,-0.401,-0.535,0.942,1.929,9.298,2.195
a,117355,0.000,-8.660,36.000,-8.660,15.293,0.423,0.869,0.087,2.101,9.191,2.274
a,117359,0.000,-9.789,36.000,-9.789,17.183,0.286,0.488,-0.233,2.297,9.398,2.148
a,117363,0.000,-9.937,36.000,-9.937,6.328,0.041,0.152,-0.203,2.121,9.576,2.309
a,117367,0.000,-9.088,36.000,-9.088,5.405,0.789,-0.367,0.042,2.784,9.304,2.395
a,117371,0.000,-7.326,36.000,-7.326,6.196,-1.089,-1.314,0.286,2.186,9.570,1.749
a,117375,0.000,-4.825,36.000,-4.825,2.417,0.011,-1.131,-0.966,1.841,9.392,2.387
a,117379,0.000,-1.836,36.000,-1.836,10.239,0.667,1.144,0.683,2.204,9.194,2.355
a,117383,0.000,1.340,36.000,1.340,6.680,0.286,0.991,-0.035,2.217,9.349,2.082
a,117387,0.000,4.382,36.000,4.382,6.064,-1.379,-3.268,-1.821,3.146,9.416,2.059
a,117391,0.000,6.983,36.000,6.983,8.789,-0.249,0.014,0.286,1.814,9.352,2.221
a,117396,0.000,8.879,36.000,8.879,7.998,-0.127,0.747,-0.111,2.150,9.529,2.051
a,117399,0.000,9.875,36.000,9.875,0.527,0.255,1.388,0.087,2.156,9.145,2.236
a,117403,0.000,9.869,36.000,9.869,2.065,0.194,0.442,1.416,2.421,9.616,2.225
a,117407,0.000,8.860,36.000,8.860,4.043,-0.585,-1.070,0.835,2.201,9.579,2.069
a,117411,0.000,6.948,36.000,6.948,3.999,-0.035,-0.337,0.026,1.867,9.251,2.339
a,117415,0.000,4.327,36.000,4.327,5.405,0.453,0.930,0.515,2.203,9.347,2.428
a,117419,0.000,1.262,36.000,1.262,6.108,0.163,0.915,-0.630,2.315,9.310,1.988
a,117423,0.000,-1.933,36.000,-1.933,6.680,-0.295,-0.627,-0.020,2.388,9.592,2.173
a,117427,0.000,-4.933,36.000,-4.933,6.724,-0.340,-0.856,0.301,2.339,9.233,2.301
a,117431,0.000,-7.429,36.000,-7.429,15.205,-0.539,-0.489,-0.691,2.101,9.454,2.067
a,117435,0.000,-9.165,36.000,-9.165,16.787,0.179,0.320,-0.172,2.140,9.327,2.375
a,117439,0.000,-9.960,36.000,-9.960,15.996,0.621,1.083,0.194,2.097,9.238,2.203
a,117444,0.000,-9.731,36.000,-9.731,7.515,0.667,0.640,0.148,2.500,9.313,2.330
a,117448,0.000,-8.500,36.000,-8.500,3.867,-1.211,-1.970,-0.478,2.468,9.646,1.775
a,117452,0.000,-6.391,36.000,-6.391,2.549,-0.722,-2.444,1.660,2.312,9.353,2.477
a,117455,0.000,-3.621,36.000,-3.621,6.108,0.179,0.335,0.698,1.897,9.280,2.370
a,117460,0.000,-0.475,36.000,-0.475,-0.220,1.018,1.755,0.393,2.076,9.243,2.233
a,117463,0.000,2.722,36.000,2.722,-0.791,0.621,0.595,-0.126,2.318,9.404,2.155
a,117467,0.000,5.639,36.000,5.639,6.855,-1.852,-2.459,-1.333,1.903,9.570,2.206
a,117471,0.000,7.972,36.000,7.972,8.262,1.308,0.640,-0.508,2.261,8.964,2.539
a,117475,0.000,9.479,36.000,9.479,6.812,-1.455,-0.642,0.805,2.253,9.518,1.927
a,117480,0.000,10.000,36.000,10.000,7.646,1.812,2.457,0.530,1.967,8.933,2.507
a,117484,0.000,9.479,36.000,9.479,3.120,-0.753,-0.413,0.438,2.613,9.716,1.812
a,117488,0.000,7.969,36.000,7.969,3.340,-0.172,-1.589,-1.821,2.194,9.389,2.269
a,117491,0.000,5.626,36.000,5.626,4.043,0.515,0.350,0.515,2.023,9.266,2.180
a,117495,0.000,2.692,36.000,2.692,5.273,0.133,1.053,0.606,2.066,9.352,2.377
a,117499,0.000,-0.525,36.000,-0.525,12.964,0.240,0.976,-0.462,2.181,9.301,2.156
a,117503,0.000,-3.689,36.000,-3.689,12.305,-0.142,-0.230,-0.966,2.476,9.546,2.055
a,117507,0.000,-6.468,36.000,-6.468,16.699,-0.508,-1.253,-0.126,2.124,9.285,2.191
a,117511,0.000,-8.569,36.000,-8.569,15.293,-0.035,0.106,0.133,2.093,9.313,2.269
a,117515,0.000,-9.768,36.000,-9.768,14.502,-0.035,0.228,0.500,2.209,9.439,2.182
a,117519,0.000,-9.939,36.000,-9.939,16.611,0.179,0.824,0.133,2.113,9.337,2.203
a,117523,0.000,-9.061,36.000,-9.061,4.482,0.606,1.617,-0.478,2.249,9.501,2.313
a,117527,0.000,-7.224,36.000,-7.224,5.361,-0.585,-2.993,-0.844,3.037,9.513,2.099
a,117531,0.000,-4.622,36.000,-4.622,2.065,-1.485,-2.780,-1.210,1.836,9.510,2.018
a,117535,0.000,-1.528,36.000,-1.528,10.239,0.270,0.335,-1.012,1.817,9.079,2.571
a,117540,0.000,1.729,36.000,1.729,-0.264,0.759,2.564,1.538,2.162,9.291,2.288
a,117544,0.000,4.805,36.000,4.805,4.834,0.026,-0.978,0.133,2.682,9.552,2.186
a,117547,0.000,7.372,36.000,7.372,8.306,0.652,0.106,-0.645,2.592,9.057,2.386
a,117551,0.000,9.155,36.000,9.155,11.602,-1.180,-1.970,0.347,2.319,9.705,1.856
a,117555,0.000,9.963,36.000,9.963,8.877,-0.432,0.503,-1.699,1.823,9.182,2.412
a,117560,0.000,9.708,36.000,9.708,5.581,0.576,1.297,0.087,2.375,9.499,2.173
a,117564,0.000,8.414,36.000,8.414,3.252,0.469,0.900,1.064,2.010,9.365,2.182
a,117568,0.000,6.218,36.000,6.218,5.317,-0.356,0.091,-0.691,2.436,9.184,2.150
a,117571,0.000,3.355,36.000,3.355,4.878,-0.463,-0.596,0.423,2.217,9.439,2.357
a,117575,0.000,0.129,36.000,0.129,6.021,0.026,0.427,0.011,2.094,9.538,2.096
a,117579,0.000,-3.112,36.000,-3.112,6.284,0.530,0.717,0.530,2.217,9.206,2.286
a,117583,0.000,-6.020,36.000,-6.020,16.040,-0.020,-0.092,1.431,2.337,9.397,2.191
a,117588,0.000,-8.282,36.000,-8.282,6.328,-0.295,-0.932,0.255,2.228,9.345,2.206
a,117592,0.000,-9.651,36.000,-9.651,15.249,-0.249,-0.154,0.225,2.119,9.297,2.199
a,117595,0.000,-9.979,36.000,-9.979,15.205,-0.066,0.610,0.759,2.039,9.578,2.388
a,117600,0.000,-9.227,36.000,-9.227,7.383,0.789,0.869,-0.401,2.580,9.222,2.397
a,117603,0.000,-7.475,36.000,-7.475,8.921,-0.401,-1.482,-0.004,2.781,9.586,1.924
a,117607,0.000,-4.911,36.000,-4.911,3.164,-0.982,-2.612,-1.348,2.116,9.275,2.182
a,117611,0.000,-1.813,36.000,-1.813,0.615,0.179,-0.276,-1.409,1.982,9.190,2.448
a,117615,0.000,1.485,36.000,1.485,-0.132,0.423,2.411,0.973,2.047,9.303,2.294
a,117619,0.000,4.623,36.000,4.623,9.492,0.408,-0.444,-1.684,3.061,9.220,1.820
a,117623,0.000,7.259,36.000,7.259,6.196,-0.524,-0.444,-0.142,1.891,9.592,2.024
a,117627,0.000,9.104,36.000,9.104,8.833,0.301,-0.886,0.026,2.240,9.228,2.478
a,117631,0.000,9.956,36.000,9.956,8.745,-0.295,1.098,0.255,1.763,9.450,2.195
a,117635,0.000,9.718,36.000,9.718,2.505,0.759,1.480,1.461,2.357,9.224,2.478
a,117639,0.000,8.415,36.000,8.415,3.164,-0.340,0.121,0.896,2.318,9.618,1.824
a,117643,0.000,6.188,36.000,6.188,6.680,-0.890,-1.405,0.973,2.430,9.402,2.409
a,117648,0.000,3.279,36.000,3.279,5.317,-0.081,0.732,0.805,1.945,9.131,2.301
a,117651,0.000,0.008,36.000,0.008,6.021,0.484,0.930,1.400,2.375,9.493,2.167
a,117655,0.000,-3.266,36.000,-3.266,11.602,0.316,1.175,-1.882,2.069,9.290,2.313
a,117659,0.000,-6.181,36.000,-6.181,6.284,-0.218,-0.932,-0.829,2.541,9.445,2.082
a,117663,0.000,-8.416,36.000,-8.416,13.887,-0.585,-0.841,0.408,2.134,9.390,2.142
a,117667,0.000,-9.722,36.000,-9.722,16.875,0.148,-0.123,-0.218,2.150,9.346,2.242
a,117671,0.000,-9.952,36.000,-9.952,16.479,0.530,1.327,1.232,2.075,9.280,2.205
a,117675,0.000,-9.079,36.000,-9.079,4.658,1.003,2.274,-0.584,2.031,9.339,2.211
a,117679,0.000,-7.197,36.000,-7.197,4.834,-0.356,-1.253,-0.783,2.903,9.547,1.881
a,117683,0.000,-4.514,36.000,-4.514,2.505,-1.577,-3.299,0.408,2.292,9.436,2.145
a,117687,0.000,-1.327,36.000,-1.327,0.571,-0.172,-0.673,-1.928,1.739,9.097,2.535
a,117691,0.000,2.010,36.000,2.010,-0.132,0.453,2.457,0.698,2.090,9.290,2.295
a,117696,0.000,5.125,36.000,5.125,2.461,0.453,-0.764,-0.630,2.629,9.506,2.180
a,117700,0.000,7.669,36.000,7.669,8.965,0.133,0.335,0.484,2.342,9.250,2.186
a,117703,0.000,9.356,36.000,9.356,11.821,-0.768,-1.894,-1.210,2.446,9.633,2.021
a,117707,0.000,9.997,36.000,9.997,0.703,0.194,0.442,0.377,1.889,9.164,2.300
a,117711,0.000,9.517,36.000,9.517,7.383,0.805,1.969,2.103,2.179,9.212,2.421
a,117715,0.000,7.967,36.000,7.967,3.384,-0.630,-0.108,0.515,2.515,9.465,1.896
a,117719,0.000,5.521,36.000,5.521,4.131,0.072,0.137,-0.539,1.998,9.379,1.998
a,117723,0.000,2.451,36.000,2.451,5.405,-0.417,-0.795,0.515,2.413,9.572,2.176
a,117728,0.000,-0.897,36.000,-0.897,6.196,0.408,0.488,-0.615,1.955,9.128,2.442
a,117732,0.000,-4.145,36.000,-4.145,6.196,0.301,1.205,0.515,2.224,9.477,2.103
a,117736,0.000,-6.928,36.000,-6.928,14.502,-0.371,-0.917,-0.737,2.522,9.487,2.180
a,117740,0.000,-8.928,36.000,-8.928,15.820,-0.096,-0.383,-0.691,2.162,9.238,2.269
a,117744,0.000,-9.917,36.000,-9.917,16.831,-0.646,-1.131,0.240,2.302,9.494,2.155
a,117748,0.000,-9.781,36.000,-9.781,5.317,0.469,1.846,0.011,1.539,9.161,2.312
a,117751,0.000,-8.534,36.000,-8.534,3.999,0.850,2.182,1.446,2.654,9.333,2.314
a,117755,0.000,-6.316,36.000,-6.316,4.702,-1.211,-3.818,-0.645,2.905,9.491,1.755
a,117759,0.000,-3.376,36.000,-3.376,1.846,-0.829,-1.787,-0.997,1.889,9.136,2.425
a,117763,0.000,-0.050,36.000,-0.050,0.703,0.057,0.610,-0.462,1.872,9.444,2.230
a,117767,0.000,3.285,36.000,3.285,6.240,0.896,2.625,0.591,2.170,9.109,2.362
a,117771,0.000,6.246,36.000,6.246,-0.220,-0.249,-0.596,0.851,2.310,9.570,2.081
a,117775,0.000,8.493,36.000,8.493,8.174,-0.035,-1.222,-1.271,2.592,9.252,2.306
a,117779,0.000,9.768,36.000,9.768,8.350,-1.256,-2.123,-0.401,2.047,9.724,2.105
a,117783,0.000,9.922,36.000,9.922,3.208,0.224,1.999,-0.859,2.054,9.161,2.472
a,117787,0.000,8.936,36.000,8.936,2.593,0.469,1.633,1.828,2.382,9.501,2.069
a,117791,0.000,6.921,36.000,6.921,6.680,-0.569,-1.131,0.576,2.405,9.471,2.334
a,117795,0.000,4.107,36.000,4.107,4.790,0.286,-0.337,-0.371,2.312,9.382,1.859
a,117799,0.000,0.817,36.000,0.817,11.074,-0.356,-0.902,0.408,2.184,9.449,2.270
a,117804,0.000,-2.570,36.000,-2.570,6.240,0.347,1.037,-0.096,2.004,9.335,2.374
a,117807,0.000,-5.661,36.000,-5.661,6.636,0.560,1.144,0.790,2.437,9.439,2.148
a,117811,0.000,-8.098,36.000,-8.098,6.240,-1.027,-1.848,0.805,2.388,9.553,1.969
a,117815,0.000,-9.598,36.000,-9.598,6.680,-0.218,-0.810,-1.562,2.137,9.340,2.368
a,117819,0.000,-9.983,36.000,-9.983,15.820,-0.142,0.243,0.637,2.064,9.433,2.148
a,117823,0.000,-9.208,36.000,-9.208,7.383,0.667,2.121,0.011,2.094,9.293,2.409
a,117827,0.000,-7.360,36.000,-7.360,4.834,0.026,-0.612,-0.126,2.886,9.552,1.941
a,117831,0.000,-4.653,36.000,-4.653,2.461,-1.745,-3.604,-0.539,2.228,9.415,2.184
a,117835,0.000,-1.400,36.000,-1.400,9.492,0.240,-0.703,0.164,1.877,9.312,2.470
a,117839,0.000,2.018,36.000,2.018,-0.088,0.270,1.953,-0.752,1.908,9.396,2.252
a,117843,0.000,5.202,36.000,5.202,5.581,0.774,-0.367,-1.485,3.008,9.267,2.186
a,117847,0.000,7.778,36.000,7.778,8.350,0.102,0.869,1.309,2.064,9.412,1.869
a,117852,0.000,9.443,36.000,9.443,8.965,-0.844,-2.352,0.118,2.500,9.518,2.045
a,117856,0.000,10.000,36.000,10.000,2.021,0.026,1.480,0.377,1.587,8.917,2.234
a,117859,0.000,9.380,36.000,9.380,9.097,1.079,2.182,1.339,2.163,9.533,2.156
a,117863,0.000,7.655,36.000,7.655,3.999,-1.104,-1.024,1.095,2.514,9.486,2.290
a,117867,0.000,5.026,36.000,5.026,5.317,-0.050,0.152,-1.012,2.350,9.232,2.067
a,117872,0.000,1.801,36.000,1.801,6.636,-0.737,-0.780,0.255,2.388,9.434,2.016
a,117875,0.000,-1.638,36.000,-1.638,6.943,-0.020,0.121,0.729,1.879,9.436,2.437
a,117879,0.000,-4.886,36.000,-4.886,15.908,1.110,1.953,-0.157,2.284,9.348,2.186
a,117883,0.000,-7.556,36.000,-7.556,10.195,-0.600,-0.596,-0.844,2.421,9.494,1.923
a,117888,0.000,-9.331,36.000,-9.331,17.358,-0.310,-0.856,0.301,2.230,9.382,2.361
a,117892,0.000,-9.998,36.000,-9.998,16.611,0.408,0.808,-1.317,1.961,9.456,2.342
a,117896,0.000,-9.475,36.000,-9.475,12.437,0.392,1.022,-0.508,2.337,9.250,2.225
a,117899,0.000,-7.822,36.000,-7.822,4.746,-0.447,-2.138,-0.264,2.567,9.620,2.081
a,117903,0.000,-5.235,36.000,-5.235,3.428,0.255,-0.612,-0.355,2.310,9.148,2.413
a,117907,0.000,-2.020,36.000,-2.020,2.461,-0.524,-0.215,0.408,1.842,9.555,1.941
a,117911,0.000,1.438,36.000,1.438,0.703,0.286,0.640,0.042,2.241,9.080,2.539
a,117915,0.000,4.726,36.000,4.726,7.383,0.911,1.419,0.408,2.146,9.431,2.109
a,117919,0.000,7.449,36.000,7.449,4.790,-1.485,-2.947,-1.485,2.442,9.510,2.188
a,117923,0.000,9.279,36.000,9.279,11.030,1.293,0.976,-0.264,2.162,8.918,2.561
a,117927,0.000,9.994,36.000,9.994,0.659,-0.524,0.503,0.271,2.337,9.686,1.963
a,117931,0.000,9.507,36.000,9.507,5.273,0.560,2.121,-0.157,2.160,9.116,2.272
a,117935,0.000,7.872,36.000,7.872,3.296,-0.860,-1.207,-1.592,2.616,9.661,1.846
a,117939,0.000,5.286,36.000,5.286,6.284,-0.905,-1.299,0.545,2.199,9.195,2.246
a,117944,0.000,2.059,36.000,2.059,5.361,0.408,1.251,-0.462,1.888,9.288,2.209
a,117948,0.000,-1.419,36.000,-1.419,6.021,0.041,0.885,1.034,2.382,9.359,2.174
a,117951,0.000,-4.727,36.000,-4.727,6.196,0.286,0.946,0.225,2.157,9.292,2.188
a,117955,0.000,-7.463,36.000,-7.463,14.502,-0.249,-1.085,0.301,2.546,9.391,2.109
a,117959,0.000,-9.295,36.000,-9.295,8.086,-0.768,-1.314,-0.768,2.121,9.409,2.209
a,117964,0.000,-9.996,36.000,-9.996,6.108,0.179,0.610,-0.081,2.039,9.309,2.387
a,117968,0.000,-9.480,36.000,-9.480,4.614,-0.020,1.175,0.209,2.288,9.336,2.106
a,117972,0.000,-7.808,36.000,-7.808,3.208,-0.081,-0.550,0.072,2.629,9.482,2.037
a,117975,0.000,-5.180,36.000,-5.180,2.549,-0.982,-2.398,-0.645,2.277,9.430,2.097
a,117979,0.000,-1.917,36.000,-1.917,6.108,-0.142,-1.222,-0.997,2.103,9.135,2.405
a,117983,0.000,1.582,36.000,1.582,7.603,0.240,1.419,0.851,1.701,9.309,2.197
a,117987,0.000,4.890,36.000,4.890,4.834,1.156,2.014,0.454,2.448,9.355,2.249
a,117991,0.000,7.600,36.000,7.600,9.492,-1.714,-2.352,-0.294,1.774,9.576,2.016
a,117996,0.000,9.376,36.000,9.376,9.536,1.522,0.991,-1.531,2.358,8.784,2.597
a,117999,0.000,10.000,36.000,10.000,8.086,-0.905,-0.749,0.912,2.355,9.517,1.666
a,118003,0.000,9.391,36.000,9.391,5.977,1.675,3.022,-0.249,1.721,9.024,2.626
a,118008,0.000,7.623,36.000,7.623,3.867,-0.646,-0.749,0.744,3.285,9.573,1.550
a,118011,0.000,4.912,36.000,4.912,4.570,-1.012,-1.207,-0.081,1.848,9.506,2.106
a,118015,0.000,1.592,36.000,1.592,5.317,0.255,0.640,-0.279,2.134,9.371,2.267
a,118019,0.000,-1.928,36.000,-1.928,6.021,-0.493,-0.215,1.782,2.513,9.403,2.156
a,118023,0.000,-5.211,36.000,-5.211,6.240,0.347,0.991,-0.371,1.939,9.443,2.221
a,118027,0.000,-7.849,36.000,-7.849,14.722,-0.234,-0.856,0.469,2.635,9.523,2.145
a,118031,0.000,-9.512,36.000,-9.512,16.787,-0.630,-1.024,0.790,2.209,9.383,2.215
a,118035,0.000,-9.992,36.000,-9.992,15.820,0.301,0.442,1.309,2.119,9.279,2.215
a,118039,0.000,-9.225,36.000,-9.225,4.658,0.026,1.679,-0.142,2.043,9.379,2.191
a,118043,0.000,-7.307,36.000,-7.307,4.131,0.850,0.732,2.164,2.529,9.233,2.189
a,118047,0.000,-4.473,36.000,-4.473,2.549,-1.134,-3.070,0.515,2.222,9.546,1.955
a,118051,0.000,-1.078,36.000,-1.078,7.690,-0.157,-1.512,-1.317,2.162,9.197,2.514
a,118055,0.000,2.454,36.000,2.454,6.636,0.820,2.381,-1.149,1.879,9.205,2.344
a,118059,0.000,5.680,36.000,5.680,-0.176,0.682,0.717,1.263,2.713,9.285,2.160
a,118064,0.000,8.195,36.000,8.195,9.053,-0.203,0.350,0.591,2.025,9.538,1.817
a,118067,0.000,9.680,36.000,9.680,10.459,0.057,-1.787,-0.462,2.528,9.293,2.288
a,118071,0.000,9.947,36.000,9.947,1.187,-0.142,-0.260,0.729,1.810,9.394,2.113
a,118075,0.000,8.958,36.000,8.958,9.141,1.553,2.075,0.545,2.016,9.285,2.528
a,118079,0.000,6.838,36.000,6.838,3.428,-0.508,-0.138,1.217,2.886,9.380,1.949
a,118083,0.000,3.851,36.000,3.851,4.570,0.133,-0.169,-0.371,2.016,9.363,2.168
a,118087,0.000,0.375,36.000,0.375,5.361,-0.081,-0.612,0.148,2.344,9.236,2.322
a,118092,0.000,-3.151,36.000,-3.151,10.151,-0.157,0.366,-2.004,2.045,9.099,2.223
a,118096,0.000,-6.279,36.000,-6.279,6.196,0.423,1.816,1.538,2.025,9.366,2.145
a,118099,0.000,-8.611,36.000,-8.611,6.196,-0.646,-0.550,0.026,2.573,9.456,2.110
a,118103,0.000,-9.848,36.000,-9.848,16.743,-0.218,-0.764,-0.783,2.197,9.373,2.195
a,118107,0.000,-9.830,36.000,-9.830,6.152,-0.096,-0.047,-1.088,2.140,9.220,2.180
a,118111,0.000,-8.558,36.000,-8.558,4.175,0.744,2.732,0.988,1.857,9.384,2.276
a,118115,0.000,-6.191,36.000,-6.191,6.284,-0.371,-1.741,-0.707,2.886,9.544,2.113
a,118120,0.000,-3.031,36.000,-3.031,2.021,-1.424,-2.444,-1.623,2.303,9.500,2.114
a,118124,0.000,0.520,36.000,0.520,9.844,-0.279,-0.780,-2.249,1.794,9.323,2.303
a,118128,0.000,4.006,36.000,4.006,7.471,0.682,2.075,1.385,2.037,9.258,2.322
a,118131,0.000,6.980,36.000,6.980,8.789,0.179,-0.199,0.316,2.230,9.529,2.345
a,118135,0.000,9.058,36.000,9.058,9.053,0.789,1.053,0.393,2.334,9.135,2.178
a,118139,0.000,9.971,36.000,9.971,7.383,-1.409,-1.390,0.866,2.079,9.949,2.125
a,118143,0.000,9.598,36.000,9.598,2.505,1.110,0.259,-0.722,2.060,9.216,2.601
a,118147,0.000,7.986,36.000,7.986,3.472,-0.814,-0.154,0.286,2.740,9.588,1.838
a,118152,0.000,5.340,36.000,5.340,4.702,0.179,0.381,0.103,1.985,9.347,2.218
a,118155,0.000,2.002,36.000,2.002,6.064,-0.356,1.022,-1.210,2.148,9.461,2.109
a,118160,0.000,-1.599,36.000,-1.599,6.680,-0.524,-0.749,0.683,2.492,9.517,2.278
a,118164,0.000,-4.994,36.000,-4.994,16.567,-0.188,0.381,-0.218,2.045,9.340,2.173
a,118167,0.000,-7.742,36.000,-7.742,17.490,0.255,0.274,0.637,2.257,9.422,2.192
a,118171,0.000,-9.484,36.000,-9.484,19.468,-0.371,-0.383,-0.691,2.313,9.408,2.173
a,118175,0.000,-9.992,36.000,-9.992,17.534,0.347,-0.154,0.881,2.215,9.330,2.182
a,118179,0.000,-9.196,36.000,-9.196,6.636,0.133,0.991,0.790,1.730,9.505,2.203
a,118183,0.000,-7.199,36.000,-7.199,7.427,0.469,-0.703,0.942,2.862,9.240,2.309
a,118187,0.000,-4.259,36.000,-4.259,5.581,-0.829,-1.467,0.973,2.124,9.425,1.991
a,118191,0.000,-0.759,36.000,-0.759,3.164,0.011,-1.085,-1.012,1.985,9.231,2.507
a,118195,0.000,2.842,36.000,2.842,8.130,0.133,1.694,0.286,2.057,9.125,2.252
a,118199,0.000,6.073,36.000,6.073,12.437,0.408,0.717,0.255,2.181,9.473,2.072
a,118203,0.000,8.507,36.000,8.507,0.659,-1.058,-2.245,-1.897,2.334,9.459,2.119
a,118207,0.000,9.823,36.000,9.823,8.833,0.728,-0.367,-0.172,2.346,9.038,2.488
a,118211,0.000,9.844,36.000,9.844,6.987,-0.905,0.656,1.385,1.858,9.627,2.057
a,118216,0.000,8.567,36.000,8.567,8.789,2.057,2.839,2.011,2.342,8.983,2.501
a,118219,0.000,6.156,36.000,6.156,3.823,-1.150,-1.696,-0.478,2.608,9.855,1.891
a,118223,0.000,2.930,36.000,2.930,4.790,0.240,-0.383,-0.813,2.444,9.112,2.345
a,118227,0.000,-0.687,36.000,-0.687,5.493,-0.081,0.259,-0.920,1.961,9.628,1.954
a,118231,0.000,-4.215,36.000,-4.215,6.108,0.041,0.839,1.034,2.233,9.413,2.399
a,118235,0.000,-7.185,36.000,-7.185,6.240,0.515,1.251,0.133,2.178,9.380,2.237
a,118240,0.000,-9.202,36.000,-9.202,15.952,-0.722,-1.619,-1.210,2.600,9.541,2.022
a,118244,0.000,-9.994,36.000,-9.994,16.655,-0.539,-1.360,-0.936,2.140,9.328,2.246
a,118247,0.000,-9.454,36.000,-9.454,5.361,0.118,1.007,-1.760,1.677,9.459,2.532
a,118251,0.000,-7.651,36.000,-7.651,6.284,1.049,2.686,0.683,2.444,9.383,2.339
a,118255,0.000,-4.824,36.000,-4.824,3.164,-0.432,-2.459,-1.623,2.871,9.444,2.030
a,118259,0.000,-1.349,36.000,-1.349,1.978,-0.463,-2.123,-1.027,2.212,9.270,2.544
a,118264,0.000,2.308,36.000,2.308,12.568,-0.264,-0.337,-0.691,1.765,9.345,2.184
a,118268,0.000,5.658,36.000,5.658,0.396,1.629,2.946,1.461,2.060,9.149,2.409
a,118272,0.000,8.250,36.000,8.250,7.603,-1.027,-0.215,0.729,1.885,9.546,2.084
a,118275,0.000,9.733,36.000,9.733,9.536,1.049,0.381,-1.531,2.507,9.058,2.430
a,118279,0.000,9.906,36.000,9.906,1.802,-1.852,-1.329,-1.836,2.334,9.511,1.884
a,118283,0.000,8.742,36.000,8.742,2.505,1.171,1.190,-0.035,2.017,9.041,2.528
a,118287,0.000,6.397,36.000,6.397,7.690,-0.447,-0.138,1.645,2.713,9.497,1.941
a,118292,0.000,3.185,36.000,3.185,5.405,0.423,0.747,-0.386,2.041,9.364,2.313
a,118296,0.000,-0.460,36.000,-0.460,5.537,-0.737,-0.321,1.171,2.442,9.582,2.103
a,118299,0.000,-4.045,36.000,-4.045,13.184,-0.310,-1.192,-0.355,2.290,9.269,2.266
a,118304,0.000,-7.083,36.000,-7.083,13.184,0.347,0.915,0.026,1.960,9.361,2.205
a,118308,0.000,-9.160,36.000,-9.160,15.381,-0.310,-0.321,0.622,2.467,9.485,2.154
a,118311,0.000,-9.991,36.000,-9.991,16.831,-0.142,0.014,-0.050,2.170,9.293,2.236
a,118315,0.000,-9.461,36.000,-9.461,8.921,-0.249,0.045,-0.035,1.826,9.398,2.224
a,118319,0.000,-7.639,36.000,-7.639,3.955,0.652,0.442,1.477,2.350,9.193,2.240
a,118323,0.000,-4.772,36.000,-4.772,3.164,-1.348,-2.505,-1.271,2.502,9.511,1.982
a,118327,0.000,-1.250,36.000,-1.250,1.890,-0.432,-0.993,-0.722,2.075,9.209,2.424
a,118331,0.000,2.445,36.000,2.445,0.571,0.453,0.991,-0.035,1.991,9.407,2.164
a,118335,0.000,5.807,36.000,5.807,6.855,0.240,-0.154,0.393,2.678,9.087,2.231
a,118339,0.000,8.374,36.000,8.374,0.000,0.194,0.610,1.751,2.144,9.365,2.113
a,118343,0.000,9.790,36.000,9.790,0.703,-0.875,-0.550,-0.966,2.430,9.549,2.097
a,118347,0.000,9.859,36.000,9.859,1.802,-0.050,-0.215,-0.645,2.119,9.329,2.188
a,118351,0.000,8.568,36.000,8.568,8.306,0.469,1.587,0.240,2.103,9.348,2.242
a,118355,0.000,6.094,36.000,6.094,3.428,0.438,-0.444,1.385,2.541,9.295,2.148
a,118359,0.000,2.775,36.000,2.775,4.614,0.179,-0.108,0.438,1.998,9.419,2.052
a,118364,0.000,-0.930,36.000,-0.930,5.449,-0.066,-0.047,1.125,2.255,9.465,2.057
a,118367,0.000,-4.508,36.000,-4.508,6.021,-0.371,-0.169,-0.844,2.255,9.276,2.276
a,118371,0.000,-7.463,36.000,-7.463,6.108,0.133,1.098,0.118,2.257,9.306,2.164
a,118375,0.000,-9.383,36.000,-9.383,15.381,-0.371,-0.825,-0.569,2.404,9.495,2.067
a,118379,0.000,-9.998,36.000,-9.998,16.699,-0.081,-0.489,-0.249,2.175,9.305,2.254
a,118383,0.000,-9.220,36.000,-9.220,4.658,-0.585,0.152,-0.310,1.815,9.318,2.283
a,118388,0.000,-7.156,36.000,-7.156,3.428,0.942,0.701,0.042,2.586,9.129,2.272
a,118392,0.000,-4.090,36.000,-4.090,2.593,-1.424,-2.337,-1.241,2.319,9.645,1.700
a,118395,0.000,-0.451,36.000,-0.451,1.406,-0.142,-1.528,-0.004,2.279,9.084,2.533
a,118399,0.000,3.254,36.000,3.254,0.000,-0.569,0.549,0.988,1.805,9.439,2.186
a,118403,0.000,6.504,36.000,6.504,7.471,0.515,0.335,0.255,2.541,9.275,2.269
a,118407,0.000,8.844,36.000,8.844,9.097,-0.005,0.656,1.645,1.817,9.664,1.930
a,118411,0.000,9.941,36.000,9.941,8.130,0.515,-0.688,0.393,2.364,9.550,2.415
a,118416,0.000,9.640,36.000,9.640,1.978,-0.524,0.549,0.332,1.981,9.410,2.103
a,118419,0.000,7.980,36.000,7.980,3.208,0.942,0.396,0.423,2.240,9.377,2.399
a,118424,0.000,5.192,36.000,5.192,7.471,-0.249,0.228,-0.279,2.137,9.331,2.034
a,118427,0.000,1.669,36.000,1.669,10.898,0.560,0.991,0.851,1.973,9.246,2.559
a,118431,0.000,-2.093,36.000,-2.093,13.623,-0.630,-0.321,0.408,2.555,9.439,2.000
a,118435,0.000,-5.560,36.000,-5.560,18.677,-0.188,-0.489,-0.142,2.095,9.371,2.246
a,118439,0.000,-8.241,36.000,-8.241,16.040,0.362,0.732,1.080,2.094,9.352,2.234
a,118443,0.000,-9.752,36.000,-9.752,15.820,-0.356,-0.413,0.881,2.357,9.378,2.142
a,118448,0.000,-9.878,36.000,-9.878,15.820,0.255,0.610,1.202,2.017,9.402,2.282
a,118451,0.000,-8.597,36.000,-8.597,4.834,0.057,0.152,-0.813,2.393,9.384,2.254
a,118455,0.000,-6.089,36.000,-6.089,7.471,-0.585,-0.474,0.667,2.277,9.437,1.948
a,118460,0.000,-2.710,36.000,-2.710,2.549,-0.050,-1.696,-1.195,2.280,9.416,2.269
a,118463,0.000,1.058,36.000,1.058,6.284,-0.463,-0.688,0.347,2.178,9.260,2.288
a,118467,0.000,4.678,36.000,4.678,9.492,0.240,1.144,0.072,1.888,9.307,2.197
a,118471,0.000,7.629,36.000,7.629,8.174,-0.707,-2.184,-0.645,3.109,9.374,2.195
a,118475,0.000,9.487,36.000,9.487,11.821,0.026,0.549,0.545,1.852,9.337,2.225
a,118479,0.000,9.982,36.000,9.982,0.571,0.041,0.213,-0.050,2.172,9.367,2.271
a,118483,0.000,9.042,36.000,9.042,2.065,-0.203,0.671,0.637,1.960,9.297,2.332
a,118487,0.000,6.798,36.000,6.798,3.296,1.171,1.144,0.286,2.257,9.301,2.309
a,118491,0.000,3.572,36.000,3.572,3.911,-1.119,-1.085,1.477,1.992,9.564,1.944
a,118495,0.000,-0.172,36.000,-0.172,4.702,0.927,0.976,-1.012,2.093,9.108,2.574
a,118499,0.000,-3.893,36.000,-3.893,12.568,-0.646,-0.474,0.225,2.409,9.668,1.846
a,118503,0.000,-7.053,36.000,-7.053,15.029,0.224,0.106,-0.859,1.960,9.312,2.374
a,118507,0.000,-9.192,36.000,-9.192,5.977,0.072,0.289,0.408,2.368,9.437,2.128
a,118512,0.000,-9.998,36.000,-9.998,15.732,-0.356,-1.146,0.194,2.318,9.506,2.162
a,118515,0.000,-9.350,36.000,-9.350,6.108,0.728,1.648,0.332,1.755,9.288,2.320
a,118519,0.000,-7.342,36.000,-7.342,3.955,0.560,-0.154,0.545,2.813,9.351,2.203
a,118523,0.000,-4.261,36.000,-4.261,2.461,-1.302,-2.581,0.393,1.991,9.272,2.257
a,118527,0.000,-0.557,36.000,-0.557,1.230,0.774,-0.016,-1.729,2.150,9.221,2.404
a,118531,0.000,3.231,36.000,3.231,10.239,-0.585,0.243,0.377,2.131,9.426,2.067
a,118535,0.000,6.548,36.000,6.548,-0.264,1.370,1.953,-1.088,2.010,9.238,2.410
a,118540,0.000,8.908,36.000,8.908,10.503,-1.318,-0.489,-0.447,1.930,9.645,1.992
a,118544,0.000,9.963,36.000,9.963,0.527,0.652,-0.550,-1.027,2.219,9.044,2.620
a,118547,0.000,9.555,36.000,9.555,1.714,-0.524,0.885,0.316,1.951,9.510,1.976
a,118551,0.000,7.741,36.000,7.741,6.724,0.881,1.404,-0.569,2.453,9.176,2.367
a,118555,0.000,4.786,36.000,4.786,4.658,-1.363,-2.276,-1.241,2.576,9.882,2.197
a,118559,0.000,1.124,36.000,1.124,7.031,0.270,-0.001,-1.302,2.121,9.328,2.345
a,118564,0.000,-2.707,36.000,-2.707,14.414,-0.417,0.121,0.286,2.152,9.643,2.072
a,118568,0.000,-6.140,36.000,-6.140,14.546,-0.066,0.228,0.927,2.217,9.404,2.373
a,118572,0.000,-8.666,36.000,-8.666,16.128,0.408,0.488,-0.447,2.255,9.428,2.090
a,118575,0.000,-9.909,36.000,-9.909,17.183,-0.753,-1.039,-0.233,2.473,9.415,2.176
a,118579,0.000,-9.682,36.000,-9.682,15.820,0.194,-0.489,0.164,2.100,9.268,2.261
a,118583,0.000,-8.017,36.000,-8.017,4.746,0.453,1.480,0.622,1.908,9.424,2.168
a,118588,0.000,-5.157,36.000,-5.157,4.175,0.347,0.182,0.362,2.598,9.262,2.178
a,118592,0.000,-1.527,36.000,-1.527,2.505,-1.623,-2.352,-0.676,2.002,9.529,2.024
a,118595,0.000,2.333,36.000,2.333,1.362,0.392,-0.932,-0.416,2.241,9.189,2.444
a,118600,0.000,5.846,36.000,5.846,0.571,0.179,1.114,0.667,1.899,9.397,2.260
a,118603,0.000,8.488,36.000,8.488,10.415,0.560,0.274,-0.020,2.290,9.392,2.438
a,118607,0.000,9.860,36.000,9.860,10.459,0.438,0.885,1.248,2.382,9.306,2.036
a,118611,0.000,9.754,36.000,9.754,7.515,-1.424,-1.421,-0.798,2.209,9.592,2.217
a,118615,0.000,8.184,36.000,8.184,9.712,0.820,1.190,-1.165,2.146,8.991,2.422
a,118619,0.000,5.382,36.000,5.382,3.384,-0.630,-1.192,1.568,2.819,9.488,1.990
a,118623,0.000,1.769,36.000,1.769,4.087,0.224,0.869,-1.714,1.686,9.212,2.383
a,118627,0.000,-2.114,36.000,-2.114,4.878,0.148,-0.169,0.011,2.562,9.224,2.316
a,118631,0.000,-5.680,36.000,-5.680,7.646,-0.508,-0.596,2.225,2.175,9.448,1.975
a,118635,0.000,-8.389,36.000,-8.389,14.722,0.667,0.946,0.713,1.957,9.196,2.180
a,118639,0.000,-9.831,36.000,-9.831,5.977,-0.340,-0.612,-0.233,2.520,9.540,2.182
a,118643,0.000,-9.785,36.000,-9.785,14.458,-0.035,-0.596,0.423,2.172,9.319,2.283
a,118648,0.000,-8.254,36.000,-8.254,4.043,0.835,2.152,-0.859,1.829,9.427,2.036
a,118651,0.000,-5.468,36.000,-5.468,4.746,0.026,-1.726,0.927,2.843,9.402,2.425
a,118655,0.000,-1.849,36.000,-1.849,2.505,-0.921,-1.207,-0.340,2.006,9.386,2.276
a,118659,0.000,2.054,36.000,2.054,14.019,0.301,-0.428,0.606,2.199,9.256,2.235
a,118663,0.000,5.646,36.000,5.646,6.680,-0.417,0.427,-1.302,1.969,9.292,2.195
a,118667,0.000,8.378,36.000,8.378,7.383,-0.111,-0.780,-2.142,2.816,9.316,2.424
a,118671,0.000,9.831,36.000,9.831,12.305,-0.234,0.198,-0.371,2.264,9.450,1.859
a,118675,0.000,9.780,36.000,9.780,8.174,-0.432,0.152,-0.630,1.930,9.312,2.199
a,118679,0.000,8.230,36.000,8.230,4.219,1.140,2.182,-0.600,2.148,8.905,2.386
a,118683,0.000,5.416,36.000,5.416,3.296,-0.127,0.121,1.721,2.455,9.656,1.944
a,118687,0.000,1.768,36.000,1.768,3.999,-0.127,-0.321,0.774,1.701,9.281,2.332
a,118692,0.000,-2.154,36.000,-2.154,4.878,0.148,0.014,1.217,2.489,9.379,2.212
a,118695,0.000,-5.747,36.000,-5.747,5.493,-0.921,-0.596,0.423,2.199,9.458,2.103
a,118700,0.000,-8.456,36.000,-8.456,5.581,0.774,0.717,-1.500,1.963,9.321,2.294
a,118703,0.000,-9.860,36.000,-9.860,15.908,-0.508,-0.764,0.362,2.546,9.493,2.154
a,118707,0.000,-9.740,36.000,-9.740,15.337,-0.325,-0.596,-0.844,2.128,9.383,2.206
a,118711,0.000,-8.112,36.000,-8.112,9.536,0.347,1.862,0.606,1.510,9.379,2.209
a,118715,0.000,-5.225,36.000,-5.225,3.428,0.301,-1.573,1.309,2.989,9.279,2.465
a,118719,0.000,-1.525,36.000,-1.525,5.317,-1.363,-1.726,-0.600,1.969,9.413,1.920
a,118723,0.000,2.415,36.000,2.415,13.843,0.011,-1.192,-0.630,2.201,9.228,2.289
a,118728,0.000,5.981,36.000,5.981,8.833,-0.524,0.503,-0.279,1.945,9.340,2.206
a,118732,0.000,8.617,36.000,8.617,9.756,-0.478,-0.871,-0.783,2.844,9.386,2.422
a,118736,0.000,9.910,36.000,9.910,11.162,-0.020,0.885,0.744,2.218,9.331,1.973
a,118739,0.000,9.655,36.000,9.655,8.921,-1.089,-0.749,-0.233,2.321,9.225,2.161
a,118743,0.000,7.889,36.000,7.889,2.549,0.942,2.625,0.042,1.867,8.999,2.316
a,118747,0.000,4.887,36.000,4.887,3.340,-0.814,-1.299,0.927,2.931,9.614,1.919
a,118751,0.000,1.116,36.000,1.116,3.999,-0.142,1.205,0.637,1.804,9.379,2.113
a,118755,0.000,-2.833,36.000,-2.833,13.184,0.408,0.717,0.377,2.455,9.367,2.314
a,118759,0.000,-6.338,36.000,-6.338,5.361,-0.860,-0.642,0.362,2.421,9.548,2.107
a,118763,0.000,-8.848,36.000,-8.848,5.581,0.377,0.030,-2.065,1.997,9.307,2.307
a,118767,0.000,-9.964,36.000,-9.964,16.040,-0.508,-0.612,-0.081,2.557,9.497,2.127
a,118771,0.000,-9.508,36.000,-9.508,13.975,-0.218,-1.131,-0.462,2.124,9.317,2.274
a,118775,0.000,-7.548,36.000,-7.548,4.087,0.286,2.121,0.011,1.426,9.280,2.339
a,118779,0.000,-4.392,36.000,-4.392,3.428,0.667,-1.482,0.255,3.089,9.341,2.367
a,118784,0.000,-0.539,36.000,-0.539,6.064,-0.860,-2.169,-0.111,2.053,9.445,2.197
a,118787,0.000,3.403,36.000,3.403,12.393,0.377,-0.780,-2.050,2.051,9.363,2.301
a,118791,0.000,6.806,36.000,6.806,10.371,-0.188,1.098,1.263,2.025,9.255,2.222
a,118795,0.000,9.129,36.000,9.129,1.802,0.515,-0.474,-0.126,2.212,9.633,2.453
a,118799,0.000,9.998,36.000,9.998,5.405,0.026,0.350,0.255,2.374,9.425,2.145
a,118803,0.000,9.274,36.000,9.274,7.471,-0.203,-0.596,0.576,2.175,9.570,2.249
a,118807,0.000,7.067,36.000,7.067,5.977,0.560,0.717,-0.020,2.230,9.169,2.215
a,118812,0.000,3.729,36.000,3.729,4.570,-0.234,-1.070,1.125,2.471,9.436,2.088
a,118815,0.000,-0.208,36.000,-0.208,5.493,-0.417,0.396,0.332,1.935,9.386,2.252
a,118819,0.000,-4.114,36.000,-4.114,6.284,0.545,0.396,-0.844,2.374,9.266,2.362
a,118823,0.000,-7.362,36.000,-7.362,16.699,-0.569,-0.154,0.454,2.367,9.722,1.972
a,118827,0.000,-9.429,36.000,-9.429,18.105,0.438,0.335,-0.508,2.113,9.364,2.291
a,118831,0.000,-9.979,36.000,-9.979,16.611,-0.478,0.014,-0.752,2.175,9.544,2.224
a,118836,0.000,-8.922,36.000,-8.922,5.493,0.240,-0.657,-0.462,2.497,9.425,2.223
a,118840,0.000,-6.424,36.000,-6.424,3.999,-0.493,-0.993,-1.882,1.955,9.515,2.034
a,118843,0.000,-2.886,36.000,-2.886,3.208,0.255,-0.917,0.896,2.333,9.133,2.570
a,118847,0.000,1.120,36.000,1.120,2.461,-0.096,0.503,-0.936,2.249,9.443,2.161
a,118851,0.000,4.948,36.000,4.948,13.096,0.179,-0.092,0.484,2.218,9.389,2.168
a,118855,0.000,7.975,36.000,7.975,1.318,-0.371,-2.688,-1.729,3.120,9.067,2.053
a,118859,0.000,9.709,36.000,9.709,8.394,-0.203,0.549,0.042,1.774,9.215,2.260
a,118863,0.000,9.865,36.000,9.865,2.065,0.576,2.457,0.271,1.950,9.278,2.301
a,118867,0.000,8.415,36.000,8.415,5.229,1.125,2.014,0.347,2.119,9.248,2.334
a,118871,0.000,5.592,36.000,5.592,8.789,-0.539,-1.726,-0.951,2.757,9.590,2.151
a,118875,0.000,1.854,36.000,1.854,4.834,-0.737,-2.001,0.500,2.510,9.219,2.023
a,118879,0.000,-2.189,36.000,-2.189,5.977,0.408,1.694,-0.279,1.623,9.251,2.155
a,118883,0.000,-5.876,36.000,-5.876,6.284,0.286,1.923,0.484,2.324,9.455,2.270
a,118887,0.000,-8.603,36.000,-8.603,15.908,0.499,0.595,-0.493,2.373,9.236,2.176
a,118891,0.000,-9.919,36.000,-9.919,17.402,-0.524,-1.634,-0.386,2.502,9.537,1.996
a,118895,0.000,-9.607,36.000,-9.607,16.523,-0.035,-1.390,0.469,1.945,9.249,2.358
a,118900,0.000,-7.714,36.000,-7.714,4.746,0.896,2.366,0.469,1.780,9.061,2.357
a,118904,0.000,-4.549,36.000,-4.549,3.867,0.423,0.167,1.767,2.715,9.509,1.919
a,118907,0.000,-0.632,36.000,-0.632,2.725,-0.707,-1.802,-0.981,2.271,9.528,2.035
a,118911,0.000,3.392,36.000,3.392,1.846,0.133,-1.314,0.087,2.266,8.997,2.482
a,118915,0.000,6.858,36.000,6.858,14.019,-0.524,0.152,-0.096,1.938,9.427,2.154
a,118919,0.000,9.190,36.000,9.190,0.571,0.270,-0.703,-0.920,2.751,9.179,2.399
a,118924,0.000,10.000,36.000,10.000,10.503,0.453,1.114,0.561,2.296,9.290,2.084
a,118928,0.000,9.150,36.000,9.150,2.021,-0.768,-0.993,-0.722,2.531,9.470,2.072
a,118931,0.000,6.779,36.000,6.779,2.461,0.270,1.846,-0.691,1.779,8.994,2.205
a,118935,0.000,3.279,36.000,3.279,3.384,0.240,0.701,0.148,2.897,9.201,1.932
a,118940,0.000,-0.771,36.000,-0.771,8.789,-0.234,0.503,0.500,1.720,9.340,2.125
a,118944,0.000,-4.694,36.000,-4.694,9.580,0.270,0.228,-0.951,2.409,9.471,2.333
a,118947,0.000,-7.835,36.000,-7.835,13.843,-0.646,-0.215,0.408,2.302,9.467,2.145
a,118952,0.000,-9.668,36.000,-9.668,4.790,0.438,0.381,-0.768,1.982,9.222,2.249
a,118955,0.000,-9.882,36.000,-9.882,4.746,-0.249,-0.474,-0.050,2.452,9.489,2.097
a,118959,0.000,-8.439,36.000,-8.439,7.559,-0.478,-0.169,-0.584,1.976,9.451,2.431
a,118963,0.000,-5.578,36.000,-5.578,5.977,0.805,0.900,-0.249,2.288,9.248,2.388
a,118967,0.000,-1.777,36.000,-1.777,2.461,-0.875,-2.016,-0.478,2.812,9.584,1.906
a,118971,0.000,2.325,36.000,2.325,0.703,-0.203,-1.207,-0.187,1.841,9.152,2.510
a,118975,0.000,6.038,36.000,6.038,11.558,0.331,0.701,-1.042,2.045,9.298,2.205
a,118979,0.000,8.734,36.000,8.734,10.898,0.423,1.327,1.003,2.178,9.354,2.197
a,118983,0.000,9.955,36.000,9.955,11.074,-0.249,-0.337,-0.844,1.431,9.396,2.283
a,118987,0.000,9.493,36.000,9.493,8.130,0.453,-0.276,-0.050,2.753,8.979,2.332
a,118991,0.000,7.421,36.000,7.421,2.417,-1.089,0.717,0.408,1.739,9.482,2.109
a,118995,0.000,4.089,36.000,4.089,2.681,1.431,2.182,0.484,2.212,9.193,2.422
a,119000,0.000,0.060,36.000,0.060,4.175,-1.302,-1.238,0.866,2.251,9.459,1.760
a,119003,0.000,-3.981,36.000,-3.981,12.349,0.515,-0.001,-0.218,1.935,9.158,2.701
a,119007,0.000,-7.347,36.000,-7.347,16.084,-0.127,0.335,1.110,2.559,9.535,1.857
a,119011,0.000,-9.462,36.000,-9.462,17.534,-0.356,-0.718,-0.126,2.139,9.327,2.270
a,119015,0.000,-9.962,36.000,-9.962,16.084,0.423,0.762,0.530,2.109,9.207,2.283
a,119019,0.000,-8.760,36.000,-8.760,4.746,0.179,0.030,0.698,2.467,9.321,2.253
a,119023,0.000,-6.056,36.000,-6.056,3.911,0.026,-0.703,-0.096,2.235,9.291,2.053
a,119027,0.000,-2.313,36.000,-2.313,3.120,-0.722,-2.215,-0.875,2.300,9.364,2.128
a,119031,0.000,1.829,36.000,1.829,5.537,0.286,0.869,0.026,2.000,9.209,2.444
a,119035,0.000,5.660,36.000,5.660,13.271,0.637,1.511,-0.355,2.148,9.316,2.161
a,119039,0.000,8.519,36.000,8.519,3.164,0.301,1.037,0.408,2.292,9.225,2.201
a,119043,0.000,9.912,36.000,9.912,10.415,-1.684,-1.222,0.469,1.759,9.549,2.132
a,119048,0.000,9.595,36.000,9.595,6.284,1.278,1.022,-0.035,1.939,8.929,2.559
a,119052,0.000,7.621,36.000,7.621,6.855,0.255,2.457,0.927,1.936,9.178,1.993
a,119055,0.000,4.327,36.000,4.327,3.867,0.744,1.007,1.278,2.398,9.352,2.326
a,119059,0.000,0.282,36.000,0.282,4.790,-1.318,-2.398,-0.401,2.860,9.431,1.976
a,119063,0.000,-3.815,36.000,-3.815,6.021,-1.073,-1.589,-0.279,1.938,9.378,2.106
a,119067,0.000,-7.251,36.000,-7.251,13.975,0.682,1.694,0.225,1.960,9.313,2.516
a,119071,0.000,-9.429,36.000,-9.429,17.271,0.576,1.587,0.622,2.435,9.213,2.340
a,119075,0.000,-9.967,36.000,-9.967,15.908,-0.249,-0.444,-0.096,2.409,9.352,1.926
a,119080,0.000,-8.768,36.000,-8.768,4.922,-0.905,-1.299,1.034,2.315,9.285,2.276
a,119084,0.000,-6.038,36.000,-6.038,3.999,-0.142,-1.085,-0.310,2.173,9.451,2.203
a,119088,0.000,-2.250,36.000,-2.250,3.340,-0.371,-1.344,-1.653,2.191,9.254,2.301
a,119091,0.000,1.933,36.000,1.933,2.461,1.293,2.075,1.217,2.116,9.208,2.449
a,119095,0.000,5.780,36.000,5.780,13.271,-0.127,0.045,0.072,2.421,9.542,2.046
a,119099,0.000,8.616,36.000,8.616,0.527,-0.081,-2.367,-1.455,2.498,9.477,2.093
a,119103,0.000,9.939,36.000,9.939,10.898,-1.302,-0.413,0.515,1.524,9.504,2.291
a,119107,0.000,9.516,36.000,9.516,6.724,1.599,1.526,-0.111,2.053,8.869,2.504
a,119111,0.000,7.416,36.000,7.416,7.559,0.209,2.839,1.156,2.078,9.249,2.027
a,119115,0.000,4.007,36.000,4.007,7.603,0.392,0.167,-0.737,2.685,9.573,2.421
a,119119,0.000,-0.112,36.000,-0.112,4.658,-1.577,-2.505,-0.737,2.703,9.542,1.633
a,119123,0.000,-4.213,36.000,-4.213,5.449,-0.432,-0.810,-1.394,1.681,9.311,2.254
a,119127,0.000,-7.571,36.000,-7.571,17.490,0.667,2.946,-0.065,1.917,9.237,2.222
a,119131,0.000,-9.589,36.000,-9.589,16.523,0.667,1.755,0.835,2.471,9.358,2.346
a,119135,0.000,-9.907,36.000,-9.907,16.611,-0.585,-1.299,0.316,2.595,9.513,1.872
a,119139,0.000,-8.464,36.000,-8.464,5.273,-1.195,-1.360,-0.584,2.012,9.339,2.338
a,119143,0.000,-5.514,36.000,-5.514,3.867,0.942,0.533,0.209,2.186,9.154,2.444
a,119147,0.000,-1.580,36.000,-1.580,6.021,-1.485,-1.589,-0.539,2.257,9.796,1.730
a,119152,0.000,2.638,36.000,2.638,1.714,1.324,1.602,0.423,2.144,8.977,2.710
a,119155,0.000,6.388,36.000,6.388,10.986,-0.142,0.167,0.622,2.382,9.621,1.984
a,119159,0.000,8.997,36.000,8.997,0.483,-0.844,-2.459,-1.806,2.835,9.112,1.978
a,119163,0.000,9.997,36.000,9.997,10.239,0.102,1.266,1.019,1.675,9.288,2.083
a,119167,0.000,9.205,36.000,9.205,6.724,-0.585,0.335,0.713,2.266,9.390,2.338
a,119172,0.000,6.759,36.000,6.759,2.681,1.492,3.816,0.606,1.991,9.094,2.160
a,119176,0.000,3.097,36.000,3.097,6.021,-0.417,-1.009,-0.508,3.030,9.195,1.917
a,119180,0.000,-1.125,36.000,-1.125,4.175,-0.310,-1.802,-1.195,1.929,9.157,2.240
a,119183,0.000,-5.146,36.000,-5.146,5.229,0.240,0.427,-0.554,1.981,9.123,2.472
a,119188,0.000,-8.242,36.000,-8.242,5.273,0.301,1.022,-0.081,2.274,9.367,2.300
a,119192,0.000,-9.850,36.000,-9.850,13.140,0.423,0.808,-0.279,2.150,9.311,2.138
a,119196,0.000,-9.676,36.000,-9.676,13.755,-0.661,-1.421,-0.493,2.672,9.422,2.030
a,119200,0.000,-7.750,36.000,-7.750,3.999,0.301,0.824,1.034,1.599,9.161,2.259
a,119203,0.000,-4.417,36.000,-4.417,3.296,0.637,0.045,0.118,2.531,9.224,2.330
a,119207,0.000,-0.279,36.000,-0.279,2.065,-1.333,-1.528,-0.310,2.399,9.579,1.852
a,119211,0.000,3.912,36.000,3.912,10.283,-0.035,-0.276,-0.523,1.891,9.133,2.516
a,119215,0.000,7.393,36.000,7.393,11.162,0.148,0.640,0.377,2.303,9.340,2.161
a,119219,0.000,9.528,36.000,9.528,9.756,-0.081,-1.329,-0.493,2.953,8.900,1.927
a,119223,0.000,9.925,36.000,9.925,9.536,0.530,1.969,0.881,1.633,9.305,2.065
a,119227,0.000,8.508,36.000,8.508,1.934,0.682,1.297,0.729,2.186,9.459,2.382
a,119231,0.000,5.533,36.000,5.533,5.581,-0.020,1.022,0.148,2.126,9.385,2.121
a,119235,0.000,1.542,36.000,1.542,3.823,-0.035,-0.337,-0.584,2.859,9.084,2.035
a,119239,0.000,-2.735,36.000,-2.735,4.878,-0.951,-1.299,1.034,2.324,9.341,1.907
a,119243,0.000,-6.512,36.000,-6.512,5.493,0.240,1.282,0.835,1.864,9.285,2.316
a,119248,0.000,-9.092,36.000,-9.092,5.977,0.469,1.098,0.790,2.300,9.367,2.292
a,119251,0.000,-10.000,36.000,-10.000,10.415,-0.417,-0.337,-0.462,2.473,9.477,2.051
a,119255,0.000,-9.063,36.000,-9.063,8.965,-0.463,0.396,0.393,1.970,9.313,2.249
a,119259,0.000,-6.452,36.000,-6.452,7.603,0.347,-0.642,0.118,2.622,9.197,2.228
a,119263,0.000,-2.647,36.000,-2.647,3.296,-1.806,-2.856,-1.638,2.255,9.509,2.014
a,119267,0.000,1.652,36.000,1.652,2.461,1.095,1.755,-0.600,1.687,8.885,2.583
a,119271,0.000,5.646,36.000,5.646,11.865,0.423,1.266,0.576,2.364,9.427,2.096
a,119275,0.000,8.595,36.000,8.595,9.756,0.270,0.060,-1.104,2.224,9.294,2.215
a,119279,0.000,9.948,36.000,9.948,11.689,-1.669,-2.886,0.148,2.059,9.470,2.280
a,119283,0.000,9.450,36.000,9.450,1.978,0.255,0.656,0.866,2.140,9.015,2.522
a,119287,0.000,7.191,36.000,7.191,2.769,0.896,3.220,0.469,1.595,9.434,2.120
a,119291,0.000,3.589,36.000,3.589,7.427,0.805,0.839,1.187,2.703,9.319,2.357
a,119296,0.000,-0.686,36.000,-0.686,12.393,-0.310,-1.909,-1.424,2.778,9.325,1.833
a,119300,0.000,-4.836,36.000,-4.836,16.831,-0.753,-1.161,-0.569,1.883,9.149,2.207
a,119304,0.000,-8.082,36.000,-8.082,6.768,0.255,1.205,0.683,1.895,9.137,2.446
a,119307,0.000,-9.814,36.000,-9.814,18.149,1.156,3.114,0.683,2.240,9.207,2.401
a,119311,0.000,-9.704,36.000,-9.704,17.490,0.148,0.610,1.095,2.274,9.598,1.954
a,119315,0.000,-7.770,36.000,-7.770,11.865,-0.356,-2.780,-0.081,2.936,9.264,2.189
a,119319,0.000,-4.371,36.000,-4.371,4.131,-1.470,-2.398,-0.951,1.751,9.457,2.023
a,119323,0.000,-0.146,36.000,-0.146,5.273,0.606,0.060,-0.936,1.926,9.239,2.587
a,119327,0.000,4.109,36.000,4.109,2.505,0.896,2.579,0.637,2.008,9.250,2.206
a,119332,0.000,7.590,36.000,7.590,1.362,0.270,-0.276,-0.432,2.479,9.610,2.088
a,119336,0.000,9.637,36.000,9.637,1.274,-1.608,-4.520,-2.325,3.037,9.299,2.065
a,119339,0.000,9.858,36.000,9.858,12.480,-0.035,-0.734,0.347,1.810,9.254,2.450
a,119343,0.000,8.210,36.000,8.210,3.472,0.072,1.190,-1.119,1.901,9.391,2.150
a,119347,0.000,5.000,36.000,5.000,3.208,2.255,4.686,0.026,2.148,8.969,2.387
a,119351,0.000,0.838,36.000,0.838,3.911,-0.020,0.030,1.110,2.648,9.722,1.760
a,119355,0.000,-3.487,36.000,-3.487,4.614,-1.195,-2.749,0.576,2.212,9.218,2.367
a,119359,0.000,-7.149,36.000,-7.149,5.449,-0.234,-0.459,-2.050,1.930,9.304,2.324
a,119363,0.000,-9.448,36.000,-9.448,16.040,0.484,1.755,1.064,1.945,9.400,2.227
a,119367,0.000,-9.943,36.000,-9.943,15.996,0.896,1.908,-0.172,2.312,9.199,2.263
a,119371,0.000,-8.534,36.000,-8.534,13.184,-1.592,-1.955,-0.386,2.757,9.574,1.875
a,119375,0.000,-5.488,36.000,-5.488,3.955,0.087,0.549,0.316,1.794,9.242,2.179
a,119380,0.000,-1.387,36.000,-1.387,4.087,0.148,-1.497,-1.928,2.476,9.348,2.209
a,119383,0.000,2.983,36.000,2.983,2.109,-1.241,-0.703,0.377,2.048,9.312,2.173
a,119387,0.000,6.782,36.000,6.782,12.480,1.018,1.633,0.561,1.893,9.195,2.361
a,119391,0.000,9.276,36.000,9.276,10.415,-0.417,-1.283,0.576,2.962,9.576,1.761
a,119395,0.000,9.982,36.000,9.982,9.580,-0.860,-0.169,-0.142,1.656,9.408,2.069
a,119400,0.000,8.760,36.000,8.760,9.580,0.850,1.755,0.561,1.835,9.468,2.490
a,119404,0.000,5.843,36.000,5.843,4.658,-0.005,1.037,1.202,2.531,9.457,2.059
a,119408,0.000,1.793,36.000,1.793,8.218,0.713,1.740,-0.905,2.188,9.075,2.160
a,119411,0.000,-2.608,36.000,-2.608,11.821,-0.860,-2.367,0.698,2.606,9.566,2.041
a,119415,0.000,-6.505,36.000,-6.505,5.493,-0.463,0.442,0.271,1.981,9.197,2.564
a,119419,0.000,-9.139,36.000,-9.139,15.293,0.667,1.892,-0.096,1.975,9.427,2.161
a,119424,0.000,-9.996,36.000,-9.996,15.381,-0.524,0.152,0.240,2.544,9.495,2.119
a,119428,0.000,-8.905,36.000,-8.905,4.746,0.163,-0.123,-0.600,2.069,9.309,2.203
a,119432,0.000,-6.076,36.000,-6.076,3.955,0.255,-1.726,0.683,2.713,9.353,2.079
a,119435,0.000,-2.057,36.000,-2.057,3.252,-1.730,-3.955,-0.279,2.240,9.523,1.942
a,119439,0.000,2.367,36.000,2.367,2.505,1.644,2.335,-0.554,1.469,8.935,2.739
a,119443,0.000,6.330,36.000,6.330,15.117,0.530,1.770,1.095,2.440,9.522,2.069
a,119447,0.000,9.053,36.000,9.053,8.042,0.179,-1.970,-1.653,2.413,9.518,2.090
a,119451,0.000,10.000,36.000,10.000,9.448,-1.195,-1.100,-0.004,1.597,9.430,2.128
a,119455,0.000,8.980,36.000,8.980,7.559,1.003,0.824,0.698,2.152,8.832,2.476
a,119459,0.000,6.192,36.000,6.192,3.252,0.515,3.068,0.790,1.640,9.248,2.022
a,119463,0.000,2.181,36.000,2.181,4.043,0.637,2.259,1.965,2.513,9.335,2.063
a,119467,0.000,-2.264,36.000,-2.264,4.790,-1.898,-3.802,0.500,2.744,9.663,1.984
a,119471,0.000,-6.263,36.000,-6.263,6.108,-0.768,-1.696,-1.531,2.063,9.147,2.222
a,119475,0.000,-9.025,36.000,-9.025,6.284,0.453,1.602,0.652,1.873,9.354,2.234
a,119480,0.000,-10.000,36.000,-10.000,17.886,0.957,2.472,1.416,2.246,9.196,2.387
a,119483,0.000,-8.991,36.000,-8.991,10.503,0.270,0.228,-0.508,2.460,9.505,1.906
a,119487,0.000,-6.195,36.000,-6.195,4.087,-0.646,-3.329,-0.737,2.784,9.488,2.169
a,119491,0.000,-2.164,36.000,-2.164,6.812,-1.256,-3.192,-1.806,2.002,9.431,2.312
a,119495,0.000,2.300,36.000,2.300,2.505,-0.157,1.358,-1.042,1.379,9.172,2.393
a,119500,0.000,6.308,36.000,6.308,13.052,1.507,3.236,1.919,2.393,9.324,2.203
a,119503,0.000,9.058,36.000,9.058,10.283,-0.310,-2.428,0.438,2.735,9.693,1.799
a,119507,0.000,9.999,36.000,9.999,1.714,-1.638,-2.169,-1.348,1.846,9.479,2.180
a,119512,0.000,8.938,36.000,8.938,8.262,0.957,0.808,-0.279,1.903,8.814,2.501
a,119515,0.000,6.084,36.000,6.084,3.252,0.698,3.312,1.522,1.985,9.383,1.982
a,119519,0.000,2.007,36.000,2.007,3.472,0.957,3.220,0.576,2.391,9.205,2.160
a,119523,0.000,-2.475,36.000,-2.475,4.878,-1.363,-3.467,-0.936,2.750,9.731,1.932
a,119528,0.000,-6.463,36.000,-6.463,17.534,-1.089,-2.352,0.194,2.172,9.165,2.449
a,119532,0.000,-9.150,36.000,-9.150,16.523,0.850,1.755,0.286,1.702,9.263,2.284
a,119535,0.000,-9.993,36.000,-9.993,15.820,0.957,2.671,1.156,2.235,9.336,2.386
a,119539,0.000,-8.817,36.000,-8.817,4.922,-0.264,0.717,-1.210,2.437,9.516,1.907
a,119543,0.000,-5.856,36.000,-5.856,3.955,-0.569,-2.444,0.500,2.862,9.227,2.137
a,119547,0.000,-1.708,36.000,-1.708,3.296,-1.745,-4.031,-0.920,2.094,9.534,2.037
a,119551,0.000,2.790,36.000,2.790,2.505,0.728,1.785,0.118,1.401,9.073,2.589
a,119555,0.000,6.723,36.000,6.723,13.359,1.614,3.282,1.110,2.243,9.315,2.295
a,119559,0.000,9.292,36.000,9.292,0.571,0.515,0.060,0.148,2.436,9.322,2.055
a,119563,0.000,9.971,36.000,9.971,13.008,-1.363,-4.230,-1.180,2.660,9.560,2.067
a,119567,0.000,8.617,36.000,8.617,1.274,-1.089,-1.894,0.942,1.982,9.373,2.391
a,119571,0.000,5.503,36.000,5.503,6.812,0.866,3.724,2.225,1.095,9.367,2.434
a,119575,0.000,1.263,36.000,1.263,3.252,2.377,3.984,1.370,2.891,9.184,2.288
a,119579,0.000,-3.239,36.000,-3.239,3.867,-1.150,-1.299,-1.531,2.386,9.705,1.458
a,119583,0.000,-7.079,36.000,-7.079,14.590,-0.539,-2.932,-1.027,2.498,9.061,2.513
a,119587,0.000,-9.469,36.000,-9.469,16.523,-0.722,-0.657,-0.615,1.810,9.373,2.072
a,119591,0.000,-9.916,36.000,-9.916,15.073,1.003,2.961,0.362,1.829,9.249,2.460
a,119595,0.000,-8.322,36.000,-8.322,4.087,1.110,2.289,0.393,2.413,9.444,2.061
a,119600,0.000,-5.014,36.000,-5.014,3.428,-0.921,-2.947,0.133,3.083,9.336,2.148
a,119603,0.000,-0.670,36.000,-0.670,2.593,-1.363,-3.436,-0.539,1.991,9.510,2.061
a,119607,0.000,3.816,36.000,3.816,1.978,0.255,-0.825,-1.897,1.950,9.278,2.421
a,119612,0.000,7.515,36.000,7.515,13.271,1.049,3.068,3.431,1.846,9.309,2.304
a,119615,0.000,9.660,36.000,9.660,11.953,1.507,2.686,0.896,2.389,9.249,2.307
a,119619,0.000,9.805,36.000,9.805,10.942,-2.157,-2.184,-0.187,2.047,9.564,1.816
a,119624,0.000,7.914,36.000,7.914,2.065,1.614,-0.123,0.698,2.006,8.873,2.725
a,119628,0.000,4.377,36.000,4.377,7.383,0.423,1.801,1.660,1.914,9.396,1.998
a,119632,0.000,-0.072,36.000,-0.072,3.867,1.125,1.953,-0.035,2.197,9.301,2.332
a,119636,0.000,-4.510,36.000,-4.510,4.746,-0.203,-0.795,0.408,2.415,9.436,2.022
a,119640,0.000,-8.009,36.000,-8.009,17.490,-1.043,-2.016,-0.539,2.514,9.309,2.361
a,119644,0.000,-9.837,36.000,-9.837,15.996,0.438,0.991,0.896,1.690,9.196,2.195
a,119648,0.000,-9.609,36.000,-9.609,11.558,0.957,2.396,1.049,2.318,9.319,2.282
a,119651,0.000,-7.368,36.000,-7.368,4.043,-0.081,-1.573,0.652,2.933,9.497,1.919
a,119655,0.000,-3.581,36.000,-3.581,7.295,-1.745,-4.276,-0.707,2.395,9.483,2.113
a,119659,0.000,0.961,36.000,0.961,2.681,0.560,0.366,-0.936,1.659,9.202,2.506
a,119663,0.000,5.303,36.000,5.303,10.503,0.484,1.908,1.721,2.132,9.307,2.278
a,119667,0.000,8.531,36.000,8.531,13.008,0.835,2.182,0.286,2.240,9.294,2.193
a,119671,0.000,9.963,36.000,9.963,0.703,0.011,-1.680,-0.890,2.611,9.571,1.869
a,119675,0.000,9.294,36.000,9.294,9.009,-1.837,-3.818,-1.134,1.957,9.425,2.261
a,119679,0.000,6.660,36.000,6.660,4.790,1.583,2.014,-0.829,1.535,8.905,2.715
a,119683,0.000,2.615,36.000,2.615,4.570,0.759,4.289,1.293,2.170,9.400,2.081
a,119687,0.000,-1.986,36.000,-1.986,8.262,0.682,0.732,0.958,2.606,9.440,2.168
a,119691,0.000,-6.169,36.000,-6.169,4.614,-0.539,-2.489,-0.432,2.720,9.397,1.976
a,119696,0.000,-9.044,36.000,-9.044,16.128,-1.195,-2.184,-0.142,1.808,9.467,2.160
a,119700,0.000,-9.997,36.000,-9.997,5.273,1.431,2.885,0.744,1.646,9.094,2.545
a,119703,0.000,-8.822,36.000,-8.822,13.096,1.125,2.885,0.988,2.265,9.396,2.282
a,119707,0.000,-5.765,36.000,-5.765,3.867,-0.035,-0.581,0.347,2.847,9.462,2.034
a,119711,0.000,-1.475,36.000,-1.475,3.208,-1.852,-4.673,-1.562,2.404,9.667,2.049
a,119715,0.000,3.132,36.000,3.132,2.417,-0.142,-1.482,-0.707,1.733,9.067,2.540
a,119719,0.000,7.072,36.000,7.072,13.711,0.240,2.457,-0.340,1.677,9.197,2.307
a,119723,0.000,9.499,36.000,9.499,10.898,1.324,2.778,0.805,2.421,9.262,2.272
a,119727,0.000,9.888,36.000,9.888,12.437,-1.806,-3.436,-0.920,2.466,9.829,1.859
a,119731,0.000,8.154,36.000,8.154,2.109,0.499,-0.612,-0.905,2.029,9.125,2.733
a,119735,0.000,4.664,36.000,4.664,5.317,0.163,1.526,1.355,1.792,9.618,2.004
a,119739,0.000,0.167,36.000,0.167,3.823,0.789,2.152,0.438,2.471,9.158,2.367
a,119743,0.000,-4.369,36.000,-4.369,4.702,0.286,0.045,0.225,2.467,9.603,2.011
a,119748,0.000,-7.963,36.000,-7.963,17.974,-1.180,-2.444,0.408,2.629,9.592,2.219
a,119752,0.000,-9.838,36.000,-9.838,5.977,-0.234,-0.383,-0.203,1.654,9.270,2.284
a,119755,0.000,-9.584,36.000,-9.584,6.987,1.095,2.885,-1.058,2.097,9.286,2.346
a,119759,0.000,-7.252,36.000,-7.252,4.131,-0.539,-1.863,-1.195,2.971,9.491,1.850
a,119763,0.000,-3.344,36.000,-3.344,3.384,-1.256,-3.375,-1.210,2.274,9.391,2.280
a,119768,0.000,1.293,36.000,1.293,2.593,0.331,0.427,-1.317,1.751,9.285,2.430
a,119772,0.000,5.652,36.000,5.652,1.934,0.423,1.098,0.469,2.181,9.385,2.267
a,119776,0.000,8.781,36.000,8.781,13.008,1.232,2.304,1.614,2.140,9.272,2.241
a,119780,0.000,9.996,36.000,9.996,11.865,-0.417,-3.436,-1.378,3.365,9.209,1.687
a,119783,0.000,9.028,36.000,9.028,3.999,-1.180,-1.299,0.561,1.648,9.389,2.059
a,119788,0.000,6.085,36.000,6.085,2.681,1.125,3.358,0.087,1.654,9.245,2.591
a,119792,0.000,1.807,36.000,1.807,3.384,0.682,2.778,1.263,2.673,9.084,2.075
a,119796,0.000,-2.870,36.000,-2.870,4.087,-0.020,0.549,0.393,2.277,9.625,2.048
a,119799,0.000,-6.920,36.000,-6.920,17.183,-0.432,-2.352,-0.371,2.744,9.497,2.022
a,119803,0.000,-9.450,36.000,-9.450,17.227,-1.195,-1.970,0.072,1.810,9.492,2.182
a,119807,0.000,-9.901,36.000,-9.901,15.996,1.324,2.656,-0.020,1.628,9.140,2.533
a,119811,0.000,-8.170,36.000,-8.170,9.536,0.301,2.366,1.416,2.541,9.487,2.043
a,119815,0.000,-4.635,36.000,-4.635,3.867,-0.936,-2.673,-0.966,2.862,9.501,1.901
a,119819,0.000,-0.073,36.000,-0.073,3.428,-1.470,-3.329,-0.065,2.063,9.419,2.128
a,119823,0.000,4.508,36.000,4.508,2.417,0.194,0.060,0.438,1.792,9.142,2.575
a,119827,0.000,8.093,36.000,8.093,14.019,1.049,3.175,0.622,1.866,9.336,2.291
a,119831,0.000,9.884,36.000,9.884,11.689,0.530,-0.963,1.217,2.902,9.623,2.090
a,119835,0.000,9.481,36.000,9.481,1.802,-1.974,-2.215,-0.478,2.004,9.725,1.767
a,119839,0.000,6.969,36.000,6.969,2.461,1.263,0.121,-0.844,1.932,8.950,2.710
a,119843,0.000,2.903,36.000,2.903,3.252,0.179,1.801,0.606,2.349,9.334,1.948
a,119848,0.000,-1.813,36.000,-1.813,3.955,0.347,0.885,0.408,2.157,9.415,2.297
a,119852,0.000,-6.126,36.000,-6.126,4.790,-0.035,-0.596,0.576,2.531,9.386,1.975
a,119855,0.000,-9.073,36.000,-9.073,15.381,-1.363,-2.673,-0.676,2.453,9.516,2.178
a,119859,0.000,-9.990,36.000,-9.990,17.446,0.255,0.442,0.530,1.652,9.234,2.350
a,119863,0.000,-8.669,36.000,-8.669,11.206,1.217,1.969,-0.401,2.455,9.347,2.246
a,119867,0.000,-5.401,36.000,-5.401,11.646,-0.737,-1.741,0.164,2.709,9.592,2.000
a,119872,0.000,-0.918,36.000,-0.918,3.428,-0.432,-2.550,-0.813,2.173,9.218,2.332
a,119875,0.000,3.775,36.000,3.775,2.725,-0.142,-0.047,-0.264,1.926,9.395,2.344
a,119879,0.000,7.620,36.000,7.620,2.461,0.621,1.022,-0.081,2.037,9.209,2.278
a,119883,0.000,9.748,36.000,9.748,14.678,1.171,1.892,0.164,2.286,9.248,2.179
a,119887,0.000,9.676,36.000,9.676,1.758,-1.806,-3.970,-0.707,3.345,9.541,1.938
a,119891,0.000,7.416,36.000,7.416,2.417,-1.104,-0.871,-0.813,1.609,9.373,2.110
a,119895,0.000,3.475,36.000,3.475,3.208,1.018,2.656,0.591,1.774,9.396,2.313
a,119899,0.000,-1.257,36.000,-1.257,3.911,0.942,1.755,0.774,2.616,8.867,2.230
a,119904,0.000,-5.706,36.000,-5.706,4.570,0.026,0.335,0.881,2.212,9.480,2.034
a,119907,0.000,-8.860,36.000,-8.860,5.361,-1.363,-2.749,-2.462,2.732,9.465,2.215
a,119911,0.000,-10.000,36.000,-10.000,16.084,-0.661,-1.131,-1.012,1.839,9.369,2.241
a,119915,0.000,-8.862,36.000,-8.862,13.931,1.156,3.098,-1.226,1.858,9.339,2.512
a,119919,0.000,-5.700,36.000,-5.700,8.218,0.347,0.595,0.209,2.847,9.334,2.212
a,119923,0.000,-1.235,36.000,-1.235,3.296,-1.623,-4.230,-1.073,2.500,9.511,2.006
a,119927,0.000,3.516,36.000,3.516,8.921,-0.493,-0.993,-1.836,1.854,9.244,2.551
a,119931,0.000,7.464,36.000,7.464,11.074,0.148,0.778,1.248,1.973,9.353,2.205
a,119935,0.000,9.703,36.000,9.703,14.458,1.186,2.839,1.355,2.069,9.216,2.321
a,119939,0.000,9.714,36.000,9.714,11.909,0.286,-1.085,0.286,3.201,9.212,1.769
a,119943,0.000,7.492,36.000,7.492,6.284,-2.172,-1.558,0.866,1.854,9.519,2.009
a,119947,0.000,3.543,36.000,3.543,2.769,0.728,1.511,-0.142,1.659,9.309,2.575
a,119952,0.000,-1.224,36.000,-1.224,3.428,0.652,2.900,3.110,2.382,9.492,2.036
a,119955,0.000,-5.713,36.000,-5.713,4.131,0.011,1.419,-0.630,2.051,9.566,2.059
a,119959,0.000,-8.883,36.000,-8.883,18.633,-0.249,-1.726,0.316,2.642,9.353,2.116
a,119963,0.000,-10.000,36.000,-10.000,18.105,-1.363,-1.634,-0.416,2.017,9.395,2.114
a,119967,0.000,-8.800,36.000,-8.800,12.349,1.385,2.824,-0.508,1.597,8.984,2.575
a,119971,0.000,-5.557,36.000,-5.557,4.131,0.255,-0.108,1.767,3.123,9.535,2.017
a,119976,0.000,-1.022,36.000,-1.022,3.428,-2.203,-4.413,-1.836,2.246,9.578,2.113
a,119980,0.000,3.754,36.000,3.754,2.681,0.621,-0.169,-0.813,1.897,9.239,2.500
a,119984,0.000,7.658,36.000,7.658,11.777,-0.218,0.610,1.645,2.219,9.506,2.138
a,119987,0.000,9.779,36.000,9.779,14.502,1.324,2.106,-0.707,1.888,9.042,2.461
a,119991,0.000,9.618,36.000,9.618,4.131,-0.478,-2.123,-1.409,3.467,9.358,1.909
a,119995,0.000,7.207,36.000,7.207,10.239,-1.089,-1.894,-0.111,1.988,9.352,2.295
a,119999,0.000,3.109,36.000,3.109,3.208,0.896,2.396,0.042,1.578,9.249,2.380
a,120003,0.000,-1.721,36.000,-1.721,3.516,-0.066,1.434,1.568,2.569,9.732,2.110
a,120007,0.000,-6.150,36.000,-6.150,4.570,-0.524,0.213,-0.264,2.035,9.510,2.116
a,120011,0.000,-9.136,36.000,-9.136,16.479,-0.539,-1.863,-0.813,2.658,9.542,2.197
a,120015,0.000,-9.975,36.000,-9.975,16.743,-0.936,-0.718,-0.783,1.870,9.388,2.215
a,120019,0.000,-8.463,36.000,-8.463,10.986,1.324,3.220,0.561,1.670,9.159,2.430
a,120023,0.000,-4.954,36.000,-4.954,3.955,0.026,-0.520,0.271,3.055,9.524,1.906
a,120027,0.000,-0.273,36.000,-0.273,5.273,-1.745,-4.230,-0.584,2.266,9.517,1.941
a,120031,0.000,4.476,36.000,4.476,9.756,0.438,0.274,-0.508,1.665,9.019,2.552
a,120035,0.000,8.167,36.000,8.167,1.934,0.102,1.098,1.293,2.219,9.518,2.154
a,120040,0.000,9.924,36.000,9.924,11.602,1.278,2.137,0.042,1.994,9.146,2.386
a,120044,0.000,9.326,36.000,9.326,10.327,-1.485,-3.039,-1.271,2.152,9.664,1.919
a,120047,0.000,6.511,36.000,6.511,2.505,-0.401,-0.581,0.942,2.224,9.021,2.549
a,120051,0.000,2.144,36.000,2.144,3.296,0.545,2.121,-1.516,1.851,9.513,2.034
a,120055,0.000,-2.736,36.000,-2.736,3.823,0.408,0.396,0.591,2.902,8.944,2.297
a,120060,0.000,-6.967,36.000,-6.967,12.568,-0.142,0.320,-0.371,2.148,9.454,2.012
a,120064,0.000,-9.535,36.000,-9.535,16.699,-1.501,-2.306,-1.821,2.569,9.620,2.116
a,120068,0.000,-9.824,36.000,-9.824,16.523,-0.142,-0.123,0.179,1.737,9.218,2.294
a,120071,0.000,-7.759,36.000,-7.759,15.820,1.110,2.472,0.469,1.985,9.234,2.249
a,120075,0.000,-3.832,36.000,-3.832,5.537,0.637,1.495,1.339,2.489,9.288,2.012
a,120079,0.000,1.017,36.000,1.017,3.296,-0.982,-3.955,-1.271,2.778,9.443,1.914
a,120083,0.000,5.625,36.000,5.625,12.349,-1.089,-1.940,0.438,1.845,9.151,2.405
a,120088,0.000,8.881,36.000,8.881,15.117,0.408,1.648,0.759,1.821,9.383,2.301
a,120091,0.000,9.998,36.000,9.998,10.371,0.408,0.289,0.729,2.670,9.407,2.024
a,120095,0.000,8.702,36.000,8.702,8.789,-0.432,0.824,1.813,1.948,9.589,1.753
a,120100,0.000,5.302,36.000,5.302,2.725,1.095,-0.169,-0.813,2.308,9.279,2.386
a,120103,0.000,0.617,36.000,0.617,3.384,-0.661,-0.444,-0.905,2.399,9.203,2.057
a,120107,0.000,-4.221,36.000,-4.221,4.043,0.408,0.976,-0.462,2.140,9.239,2.201
a,120111,0.000,-8.037,36.000,-8.037,10.195,0.072,-0.154,0.713,2.399,9.358,2.168
a,120115,0.000,-9.903,36.000,-9.903,17.227,-0.218,-0.260,-1.195,2.215,9.440,2.222
a,120119,0.000,-9.361,36.000,-9.361,16.699,0.347,0.656,-0.294,2.094,9.407,2.303
a,120123,0.000,-6.539,36.000,-6.539,10.459,0.545,1.266,-0.645,2.148,9.366,2.070
a,120127,0.000,-2.120,36.000,-2.120,6.196,0.072,-1.696,-1.104,2.812,9.428,2.172
a,120131,0.000,2.819,36.000,2.819,3.208,-2.005,-3.314,-0.035,1.876,9.524,1.948
a,120135,0.000,7.072,36.000,7.072,12.261,0.637,1.282,-1.882,1.732,8.932,2.570
a,120139,0.000,9.596,36.000,9.596,15.249,0.286,1.770,0.591,2.264,9.377,2.139
a,120143,0.000,9.769,36.000,9.769,10.986,-0.295,-2.092,0.072,3.197,9.171,2.140
a,120148,0.000,7.545,36.000,7.545,7.383,-0.417,-0.703,0.530,2.076,9.347,2.148
a,120151,0.000,3.465,36.000,3.465,2.725,-0.142,0.533,-0.157,1.932,9.388,2.316
a,120155,0.000,-1.470,36.000,-1.470,3.867,0.850,1.999,-0.310,2.078,9.207,2.459
a,120159,0.000,-6.046,36.000,-6.046,4.175,-0.081,1.129,-0.233,2.735,9.391,1.798
a,120163,0.000,-9.133,36.000,-9.133,17.402,-0.630,-1.131,1.019,2.152,9.570,1.929
a,120167,0.000,-9.966,36.000,-9.966,17.930,0.286,-0.154,-0.065,2.066,9.250,2.364
a,120171,0.000,-8.335,36.000,-8.335,5.273,0.209,2.137,1.446,1.923,9.348,2.459
a,120175,0.000,-4.638,36.000,-4.638,7.603,0.408,0.320,-0.126,2.707,9.226,2.265
a,120179,0.000,0.210,36.000,0.210,6.899,-1.699,-4.276,-1.134,2.557,9.647,2.046
a,120183,0.000,5.009,36.000,5.009,2.637,-0.432,-0.642,-1.500,1.516,8.984,2.564
a,120187,0.000,8.566,36.000,8.566,2.109,0.606,1.801,-0.768,2.144,9.389,2.157
a,120191,0.000,9.993,36.000,9.993,14.678,0.301,1.755,2.042,2.233,9.322,2.211
a,120196,0.000,8.930,36.000,8.930,9.536,-0.539,-2.459,-1.180,2.395,9.686,2.069
a,120200,0.000,5.638,36.000,5.638,2.593,-0.661,-1.696,-0.768,2.296,9.238,2.304
a,120203,0.000,0.935,36.000,0.935,2.769,0.347,1.923,0.209,1.646,9.476,2.345
a,120207,0.000,-4.004,36.000,-4.004,3.472,0.408,1.465,-0.401,2.784,9.154,2.333
a,120211,0.000,-7.944,36.000,-7.944,3.999,0.011,0.488,-0.600,2.358,9.365,1.957
a,120215,0.000,-9.893,36.000,-9.893,4.570,-0.997,-2.230,-1.852,2.415,9.498,2.101
a,120219,0.000,-9.359,36.000,-9.359,14.458,-0.157,-0.550,-0.584,1.893,9.199,2.344
a,120223,0.000,-6.471,36.000,-6.471,9.800,1.400,3.282,1.278,1.708,9.268,2.280
a,120228,0.000,-1.952,36.000,-1.952,3.340,0.133,-0.978,-0.111,2.891,9.416,1.912
a,120232,0.000,3.062,36.000,3.062,5.493,-1.104,-2.291,-0.951,2.095,9.395,2.090
a,120236,0.000,7.306,36.000,7.306,1.978,0.179,-0.596,-0.264,1.926,9.377,2.381
a,120239,0.000,9.705,36.000,9.705,12.568,-0.066,0.640,0.011,2.172,9.388,2.195
a,120243,0.000,9.650,36.000,9.650,11.953,1.339,2.472,1.507,2.000,9.182,2.386
a,120247,0.000,7.150,36.000,7.150,9.009,-1.089,-1.696,-1.470,2.035,9.531,1.998
a,120251,0.000,2.834,36.000,2.834,2.417,0.988,-0.444,-0.920,2.097,8.976,2.589
a,120255,0.000,-2.205,36.000,-2.205,3.164,0.087,2.091,2.026,1.897,9.360,2.067
a,120259,0.000,-6.686,36.000,-6.686,12.524,-0.401,-0.154,1.339,2.269,9.609,2.186
a,120263,0.000,-9.466,36.000,-9.466,17.358,0.041,-0.459,-2.218,2.413,9.193,2.101
a,120267,0.000,-9.834,36.000,-9.834,14.458,-0.921,-0.917,0.912,2.157,9.603,2.081
a,120271,0.000,-7.691,36.000,-7.691,11.602,0.728,1.801,0.774,1.755,9.140,2.415
a,120275,0.000,-3.581,36.000,-3.581,8.921,0.728,-0.612,-0.523,2.917,9.321,2.112
a,120279,0.000,1.449,36.000,1.449,7.471,-1.577,-3.039,-0.187,2.184,9.552,2.132
a,120283,0.000,6.110,36.000,6.110,10.239,0.530,0.045,-1.867,1.695,9.117,2.488
a,120288,0.000,9.206,36.000,9.206,14.062,0.194,1.327,1.003,2.450,9.457,2.085
a,120292,0.000,9.938,36.000,9.938,13.096,-0.249,-0.795,0.774,2.440,9.461,2.193
a,120295,0.000,8.113,36.000,8.113,1.143,-0.539,-0.749,-0.630,1.897,9.541,2.063
a,120299,0.000,4.197,36.000,4.197,5.977,0.041,-0.856,1.080,2.225,9.373,2.494
a,120303,0.000,-0.804,36.000,-0.804,2.769,0.896,2.488,0.164,1.895,9.238,2.182
a,120307,0.000,-5.601,36.000,-5.601,3.516,-0.401,-0.108,0.942,2.271,9.634,2.122
a,120312,0.000,-8.951,36.000,-8.951,15.908,-0.371,-0.444,-1.180,2.489,9.195,2.314
a,120316,0.000,-9.986,36.000,-9.986,15.908,-0.539,-0.718,-0.997,2.124,9.437,2.011
a,120319,0.000,-8.432,36.000,-8.432,12.612,0.453,1.388,0.286,1.749,9.385,2.502
a,120323,0.000,-4.688,36.000,-4.688,9.800,0.789,0.335,0.255,2.710,9.294,2.344
a,120327,0.000,0.277,36.000,0.277,2.725,-1.806,-3.253,1.370,2.551,9.628,1.869
a,120331,0.000,5.173,36.000,5.173,4.043,0.224,-0.703,-0.600,1.805,9.195,2.485
a,120335,0.000,8.723,36.000,8.723,14.590,0.240,1.587,0.103,2.022,9.363,2.304
a,120339,0.000,10.000,36.000,10.000,11.689,0.148,-1.070,0.927,2.522,9.623,2.125
a,120343,0.000,8.664,36.000,8.664,1.890,-0.325,0.427,-0.707,1.592,9.384,2.109
a,120348,0.000,5.061,36.000,5.061,6.987,0.408,0.824,0.255,2.280,9.298,2.462
a,120352,0.000,0.130,36.000,0.130,4.658,-0.753,0.549,-0.340,2.308,9.075,2.059
a,120355,0.000,-4.838,36.000,-4.838,3.999,0.179,0.182,0.240,2.255,9.312,2.254
a,120359,0.000,-8.538,36.000,-8.538,18.853,-0.188,-0.902,1.339,2.606,9.398,2.081
a,120364,0.000,-9.996,36.000,-9.996,16.567,-0.921,-0.596,0.240,2.012,9.535,2.136
a,120367,0.000,-8.822,36.000,-8.822,15.337,0.621,0.824,0.744,2.070,9.322,2.338
a,120371,0.000,-5.323,36.000,-5.323,4.219,0.301,1.984,1.645,2.204,9.425,2.116
a,120375,0.000,-0.416,36.000,-0.416,3.823,-0.111,-2.398,-1.806,2.818,9.446,2.167
a,120379,0.000,4.604,36.000,4.604,3.384,-2.005,-2.596,0.347,1.936,9.416,1.930
a,120383,0.000,8.408,36.000,8.408,15.293,0.942,1.022,-0.081,1.761,9.112,2.431
a,120387,0.000,9.987,36.000,9.987,12.524,0.637,2.243,1.721,2.162,9.270,2.203
a,120391,0.000,8.917,36.000,8.917,2.549,-0.203,-2.230,-0.050,2.498,9.758,2.246
a,120395,0.000,5.477,36.000,5.477,3.120,-0.539,-0.718,-0.447,2.219,9.237,2.280
a,120399,0.000,0.579,36.000,0.579,5.405,-0.463,0.595,-0.218,2.064,9.675,2.236
a,120403,0.000,-4.477,36.000,-4.477,10.898,1.217,1.694,0.148,2.203,8.972,2.401
a,120407,0.000,-8.341,36.000,-8.341,12.305,-0.142,1.129,-0.065,2.228,9.409,1.906
a,120411,0.000,-9.981,36.000,-9.981,5.449,-0.753,-1.787,-0.187,2.477,9.188,2.316
a,120416,0.000,-8.953,36.000,-8.953,13.052,0.133,1.037,0.576,1.811,9.109,2.149
a,120419,0.000,-5.528,36.000,-5.528,7.603,0.728,2.625,-0.065,2.059,9.487,2.162
a,120423,0.000,-0.620,36.000,-0.620,3.472,-0.432,-3.543,-0.768,2.928,9.553,2.101
a,120427,0.000,4.458,36.000,4.458,3.120,-1.165,-2.138,-1.775,1.748,9.199,2.368
a,120431,0.000,8.341,36.000,8.341,2.505,1.217,1.251,-0.584,2.037,9.459,2.166
a,120435,0.000,9.982,36.000,9.982,2.505,-0.035,1.159,0.729,2.292,9.309,2.182
a,120439,0.000,8.935,36.000,8.935,10.503,-0.142,-1.451,0.362,2.357,9.507,2.313
a,120443,0.000,5.477,36.000,5.477,11.162,0.286,-0.321,-0.126,2.544,9.252,2.389
a,120448,0.000,0.538,36.000,0.538,3.384,-0.020,1.419,1.095,1.743,9.509,2.170
a,120452,0.000,-4.550,36.000,-4.550,4.131,1.492,1.755,0.271,2.395,9.003,2.507
a,120455,0.000,-8.409,36.000,-8.409,15.205,-0.722,-0.642,-0.966,2.355,9.397,1.970
a,120459,0.000,-9.990,36.000,-9.990,15.952,-0.432,-1.192,-0.584,2.209,9.395,2.283
a,120463,0.000,-8.860,36.000,-8.860,15.952,0.850,1.755,1.339,1.683,9.330,2.234
a,120467,0.000,-5.321,36.000,-5.321,7.559,1.140,2.014,-0.539,2.187,9.372,2.332
a,120471,0.000,-0.332,36.000,-0.332,3.384,-1.531,-4.138,-0.584,2.884,9.868,1.949
a,120476,0.000,4.751,36.000,4.751,8.218,-0.768,-1.970,-1.470,1.659,9.021,2.541
a,120480,0.000,8.540,36.000,8.540,9.800,1.217,1.495,0.484,2.004,9.482,2.231
a,120483,0.000,9.998,36.000,9.998,13.975,0.041,1.098,1.690,2.277,9.339,2.168
a,120488,0.000,8.723,36.000,8.723,1.978,-0.890,-1.925,-1.806,1.802,9.614,2.199
a,120491,0.000,5.057,36.000,5.057,7.603,0.515,0.152,0.225,2.482,9.015,2.381
a,120496,0.000,0.002,36.000,0.002,3.340,-0.814,0.732,0.698,2.028,9.303,2.128
a,120499,0.000,-5.056,36.000,-5.056,3.999,0.652,1.465,-1.058,2.364,9.390,2.418
a,120503,0.000,-8.727,36.000,-8.727,16.084,-0.310,0.396,-0.386,2.453,9.436,1.897
a,120507,0.000,-9.998,36.000,-9.998,17.930,-0.463,-2.230,-0.203,2.508,9.438,2.288
a,120511,0.000,-8.513,36.000,-8.513,16.084,-0.295,-0.031,1.110,1.924,9.309,2.154
a,120515,0.000,-4.678,36.000,-4.678,4.131,1.400,2.396,1.355,2.100,9.509,2.241
a,120519,0.000,0.452,36.000,0.452,3.516,-0.371,-2.550,-0.661,3.000,9.518,2.055
a,120523,0.000,5.460,36.000,5.460,2.769,-1.089,-2.276,-0.050,1.960,9.327,2.523
a,120527,0.000,8.958,36.000,8.958,11.646,0.774,0.762,-1.500,1.870,9.252,2.259
a,120531,0.000,9.974,36.000,9.974,14.634,0.209,1.495,2.225,2.249,9.372,2.174
a,120535,0.000,8.219,36.000,8.219,11.646,-0.035,-0.764,-0.294,1.966,9.553,2.418
a,120539,0.000,4.178,36.000,4.178,6.812,0.560,0.320,-0.172,2.526,9.190,2.162
a,120544,0.000,-1.029,36.000,-1.029,3.428,-0.524,0.121,0.835,1.957,9.439,2.128
a,120547,0.000,-5.953,36.000,-5.953,8.086,0.789,1.694,0.057,2.160,9.262,2.444
a,120551,0.000,-9.217,36.000,-9.217,15.249,-0.340,-0.245,1.431,2.333,9.425,1.976
a,120555,0.000,-9.907,36.000,-9.907,15.161,-0.081,-1.421,-0.325,2.251,9.312,2.298
a,120559,0.000,-7.824,36.000,-7.824,4.175,0.744,1.969,1.339,1.829,9.287,2.295
a,120563,0.000,-3.547,36.000,-3.547,3.472,0.576,-1.360,-0.081,3.275,9.408,2.127
a,120567,0.000,1.727,36.000,1.727,2.769,-2.692,-4.459,-1.607,2.110,9.753,1.872
a,120571,0.000,6.519,36.000,6.519,2.417,0.942,0.869,-1.226,1.548,8.715,2.668
a,120575,0.000,9.481,36.000,9.481,14.414,0.545,1.969,-0.600,2.282,9.450,1.955
a,120579,0.000,9.773,36.000,9.773,2.769,0.072,-1.115,0.713,2.818,9.214,2.128
a,120583,0.000,7.309,36.000,7.309,5.933,-0.157,0.869,-1.149,1.879,9.390,1.719
a,120588,0.000,2.780,36.000,2.780,2.681,0.835,-0.031,0.484,2.251,9.313,2.465
a,120592,0.000,-2.538,36.000,-2.538,3.384,0.515,2.518,0.194,2.029,9.245,2.309
a,120595,0.000,-7.141,36.000,-7.141,12.612,0.301,0.182,0.896,2.033,9.661,2.205
a,120599,0.000,-9.722,36.000,-9.722,18.149,-0.218,-1.146,-0.569,2.829,9.487,2.160
a,120603,0.000,-9.545,36.000,-9.545,16.084,-0.707,-1.146,-0.187,2.020,9.366,2.122
a,120607,0.000,-6.655,36.000,-6.655,10.371,0.988,2.137,-0.539,1.695,9.134,2.479
a,120611,0.000,-1.870,36.000,-1.870,3.823,-0.249,-1.680,-0.126,3.207,9.369,2.161
a,120615,0.000,3.451,36.000,3.451,3.252,-1.440,-3.161,-1.714,2.012,9.619,1.984
a,120620,0.000,7.790,36.000,7.790,10.459,0.988,0.014,-1.699,2.069,9.262,2.479
a,120624,0.000,9.907,36.000,9.907,15.293,-0.188,1.114,2.057,2.137,9.567,2.161
a,120627,0.000,9.191,36.000,9.191,13.843,0.560,-0.031,0.484,2.436,9.311,2.297
a,120631,0.000,5.843,36.000,5.843,6.680,-0.966,-0.596,0.240,1.883,9.629,1.899
a,120635,0.000,0.817,36.000,0.817,3.911,0.728,0.335,0.133,2.076,9.167,2.654
a,120639,0.000,-4.446,36.000,-4.446,3.428,-0.081,1.694,0.576,2.084,9.406,1.976
a,120643,0.000,-8.434,36.000,-8.434,12.393,-0.020,0.518,1.095,1.930,9.400,2.113
a,120647,0.000,-9.997,36.000,-9.997,15.337,0.560,-0.199,0.255,2.567,9.290,2.344
a,120652,0.000,-8.679,36.000,-8.679,13.975,-0.860,-0.993,-0.187,2.212,9.470,2.043
a,120656,0.000,-4.856,36.000,-4.856,8.965,1.339,2.198,2.011,1.590,9.120,2.377
a,120659,0.000,0.372,36.000,0.372,3.384,0.942,-0.657,0.133,3.012,9.358,2.247
a,120663,0.000,5.496,36.000,5.496,3.120,-1.409,-1.787,0.271,1.873,9.538,2.170
a,120668,0.000,9.031,36.000,9.031,12.393,1.095,0.930,-1.394,1.888,9.085,2.434
a,120671,0.000,9.948,36.000,9.948,13.843,-0.279,0.427,1.767,2.324,9.504,2.116
a,120675,0.000,7.977,36.000,7.977,8.306,-0.432,-2.108,-1.042,2.687,9.313,2.332
a,120679,0.000,3.685,36.000,3.685,2.769,0.728,0.717,0.087,1.786,9.236,2.174
a,120683,0.000,-1.682,36.000,-1.682,3.823,0.270,1.312,1.248,2.217,9.596,2.292
a,120687,0.000,-6.563,36.000,-6.563,13.931,0.453,0.396,0.591,2.523,9.102,2.082
a,120691,0.000,-9.530,36.000,-9.530,17.534,-0.142,0.228,0.271,2.272,9.494,1.841
a,120695,0.000,-9.714,36.000,-9.714,16.699,-0.646,-1.421,-0.279,2.333,9.352,2.364
a,120699,0.000,-7.055,36.000,-7.055,11.865,0.163,1.633,-1.363,1.581,9.238,2.316
a,120703,0.000,-2.328,36.000,-2.328,3.955,1.018,1.220,0.942,2.624,9.274,2.403
a,120707,0.000,3.086,36.000,3.086,8.394,-2.463,-3.848,-0.645,2.455,9.651,1.820
a,120712,0.000,7.596,36.000,7.596,13.228,1.140,0.808,-1.531,1.739,9.044,2.689
a,120715,0.000,9.874,36.000,9.874,14.722,0.087,1.007,0.942,2.331,9.614,2.043
a,120719,0.000,9.246,36.000,9.246,11.118,0.392,-1.131,-0.813,2.841,8.971,2.081
a,120723,0.000,5.891,36.000,5.891,2.461,0.072,1.205,-0.371,1.528,9.541,1.856
a,120727,0.000,0.794,36.000,0.794,6.680,0.408,0.839,0.851,2.321,9.392,2.345
a,120731,0.000,-4.540,36.000,-4.540,3.472,0.286,1.480,-0.264,2.002,9.464,2.037
a,120735,0.000,-8.533,36.000,-8.533,12.480,0.087,0.533,0.042,1.870,9.566,2.090
a,120739,0.000,-10.000,36.000,-10.000,17.314,0.347,-0.917,0.118,2.746,9.325,2.346
a,120744,0.000,-8.500,36.000,-8.500,14.546,-0.463,0.182,0.530,1.901,9.240,2.063
a,120748,0.000,-4.473,36.000,-4.473,8.350,1.431,2.640,0.408,2.075,9.403,2.237
a,120751,0.000,0.887,36.000,0.887,3.296,-0.646,-2.428,0.759,2.993,9.561,2.024
a,120755,0.000,5.986,36.000,5.986,11.909,-0.463,-1.405,-0.340,1.786,9.340,2.466
a,120759,0.000,9.302,36.000,9.302,1.978,0.927,0.869,-1.546,2.054,9.322,2.310
a,120763,0.000,9.842,36.000,9.842,12.305,-0.295,0.946,1.019,2.321,9.394,2.157
a,120767,0.000,7.440,36.000,7.440,2.549,-0.860,-1.726,0.438,1.307,9.422,2.403
a,120772,0.000,2.808,36.000,2.808,8.789,0.942,1.526,-0.264,2.468,9.044,2.436
a,120776,0.000,-2.668,36.000,-2.668,3.823,-0.447,0.656,0.759,1.997,9.535,1.945
a,120779,0.000,-7.347,36.000,-7.347,4.482,-0.325,-0.444,-0.630,2.510,9.341,2.428
a,120783,0.000,-9.820,36.000,-9.820,16.479,-0.142,0.137,0.393,2.355,9.692,2.021
a,120787,0.000,-9.339,36.000,-9.339,16.787,-1.195,-1.131,0.087,2.290,9.691,2.252
a,120792,0.000,-6.044,36.000,-6.044,4.570,1.568,3.511,-1.241,1.640,9.069,2.464
a,120796,0.000,-0.923,36.000,-0.923,3.867,0.347,-1.528,0.194,3.403,9.607,1.901
a,120799,0.000,4.479,36.000,4.479,3.164,-2.997,-4.718,-0.294,1.988,9.598,1.936
a,120804,0.000,8.530,36.000,8.530,5.581,2.011,1.373,-1.088,1.765,8.948,2.686
a,120807,0.000,10.000,36.000,10.000,14.414,-0.127,1.541,1.675,2.377,9.634,1.978
a,120811,0.000,8.438,36.000,8.438,11.206,-0.539,-1.863,-0.493,2.944,9.179,2.406
a,120815,0.000,4.313,36.000,4.313,3.208,0.408,1.648,0.484,2.020,9.309,2.040
a,120819,0.000,-1.125,36.000,-1.125,3.384,-1.119,-0.795,0.958,2.484,9.331,2.120
a,120823,0.000,-6.224,36.000,-6.224,4.043,0.789,1.541,0.667,2.012,9.130,2.326
a,120827,0.000,-9.429,36.000,-9.429,15.381,-0.249,1.312,-0.142,2.144,9.462,1.846
a,120831,0.000,-9.758,36.000,-9.758,15.864,-0.524,-1.573,0.148,2.557,9.276,2.280
a,120835,0.000,-7.106,36.000,-7.106,14.634,0.026,1.007,0.790,1.767,9.206,2.047
a,120839,0.000,-2.278,36.000,-2.278,3.911,0.469,1.541,1.385,2.321,9.475,2.205
a,120843,0.000,3.251,36.000,3.251,3.472,-1.440,-3.925,-1.806,2.868,9.395,1.963
a,120847,0.000,7.786,36.000,7.786,13.799,-0.096,-0.535,-1.470,1.664,9.110,2.593
a,120851,0.000,9.932,36.000,9.932,13.711,0.667,0.991,0.515,2.172,9.367,2.170
a,120855,0.000,9.025,36.000,9.025,9.624,-1.150,-2.566,-1.607,3.376,9.221,2.160
a,120860,0.000,5.339,36.000,5.339,7.559,0.744,2.304,1.355,1.739,9.218,2.017
a,120863,0.000,0.005,36.000,0.005,3.252,0.240,0.778,0.576,2.607,9.409,2.203
a,120867,0.000,-5.334,36.000,-5.334,3.867,0.011,0.060,-0.478,2.297,9.191,2.211
a,120871,0.000,-9.027,36.000,-9.027,15.425,0.194,0.137,-0.111,1.782,9.594,2.319
a,120875,0.000,-9.929,36.000,-9.929,16.040,0.270,-0.642,-0.981,2.813,9.370,2.201
a,120879,0.000,-7.755,36.000,-7.755,15.996,-0.386,-0.077,-1.775,1.751,9.413,2.120
a,120883,0.000,-3.173,36.000,-3.173,11.821,1.385,1.801,0.087,1.963,9.425,2.476
a,120887,0.000,2.397,36.000,2.397,3.867,-0.264,-2.276,-1.470,3.027,9.334,2.381
a,120891,0.000,7.225,36.000,7.225,10.239,-1.531,-2.764,-0.355,2.016,9.519,1.917
a,120895,0.000,9.805,36.000,9.805,16.040,0.118,-0.367,-0.493,2.010,9.088,2.462
a,120900,0.000,9.329,36.000,9.329,10.898,-0.264,-1.436,0.744,2.539,9.519,2.156
a,120904,0.000,5.940,36.000,5.940,8.965,-0.127,2.228,0.133,1.548,9.554,1.985
a,120907,0.000,0.692,36.000,0.692,6.899,1.110,1.327,0.606,2.319,9.378,2.437
a,120911,0.000,-4.776,36.000,-4.776,4.131,-0.615,0.396,1.599,2.355,9.485,1.816
a,120915,0.000,-8.750,36.000,-8.750,16.699,0.331,-1.039,-0.905,2.531,9.334,2.332
a,120919,0.000,-9.980,36.000,-9.980,18.062,0.026,-0.474,0.225,2.409,9.148,1.964
a,120923,0.000,-8.076,36.000,-8.076,16.655,-0.218,0.610,2.194,1.899,9.500,2.322
a,120927,0.000,-3.629,36.000,-3.629,5.229,1.599,3.129,0.500,2.037,9.124,2.502
a,120932,0.000,1.964,36.000,1.964,3.428,-1.256,-4.780,-0.523,3.578,9.811,1.729
a,120936,0.000,6.940,36.000,6.940,9.756,-1.409,-2.184,-0.630,1.468,9.188,2.557
a,120940,0.000,9.727,36.000,9.727,2.461,1.812,2.289,-0.416,1.830,9.117,2.437
a,120944,0.000,9.440,36.000,9.440,13.052,-0.081,0.411,0.377,3.073,9.177,1.709
a,120947,0.000,6.164,36.000,6.164,10.195,0.789,2.014,0.774,1.486,9.193,2.195
a,120951,0.000,0.932,36.000,0.932,3.296,0.026,-1.085,0.576,2.818,9.524,2.052
a,120955,0.000,-4.599,36.000,-4.599,3.867,-0.875,-0.856,-0.966,2.448,9.163,2.116
a,120959,0.000,-8.672,36.000,-8.672,15.864,1.156,1.480,-0.371,2.097,9.495,2.322
a,120963,0.000,-9.987,36.000,-9.987,16.040,-0.569,-0.596,1.187,2.593,9.345,1.755
a,120967,0.000,-8.121,36.000,-8.121,15.996,0.026,0.717,-0.233,1.848,9.313,2.577
a,120971,0.000,-3.662,36.000,-3.662,4.043,1.202,2.137,-0.890,2.187,9.428,2.310
a,120975,0.000,1.969,36.000,1.969,3.472,-0.035,-2.703,0.561,3.372,9.328,1.920
a,120979,0.000,6.973,36.000,6.973,2.812,-2.081,-3.314,-0.355,1.541,9.495,2.154
a,120983,0.000,9.747,36.000,9.747,13.315,1.690,2.121,-1.745,1.763,8.950,2.678
a,120987,0.000,9.397,36.000,9.397,13.711,0.911,2.579,1.797,2.266,9.536,2.059
a,120992,0.000,6.030,36.000,6.030,8.789,0.179,1.587,0.576,1.478,9.431,2.209
a,120996,0.000,0.722,36.000,0.722,5.405,0.362,0.182,1.080,2.401,9.410,2.265
a,120999,0.000,-4.821,36.000,-4.821,4.570,-0.951,-0.795,1.293,2.194,9.380,2.004
a,121003,0.000,-8.814,36.000,-8.814,4.087,0.621,1.846,-0.096,1.815,9.194,2.199
a,121007,0.000,-9.965,36.000,-9.965,15.952,0.026,-0.047,0.896,2.644,9.222,1.899
a,121011,0.000,-7.896,36.000,-7.896,13.799,-0.707,-0.352,0.393,2.014,9.455,2.298
a,121016,0.000,-3.272,36.000,-3.272,10.283,1.370,1.908,-0.676,2.051,9.331,2.330
a,121020,0.000,2.415,36.000,2.415,3.384,-1.211,-3.360,-0.462,3.257,9.424,1.960
a,121023,0.000,7.322,36.000,7.322,10.854,-1.791,-2.932,0.301,1.652,9.482,2.144
a,121027,0.000,9.854,36.000,9.854,14.414,1.308,1.511,-1.180,1.790,8.924,2.559
a,121031,0.000,9.183,36.000,9.183,13.008,0.637,2.075,2.103,2.339,9.488,2.036
a,121035,0.000,5.522,36.000,5.522,8.394,-1.134,-1.726,-0.218,1.344,9.412,2.346
a,121039,0.000,0.058,36.000,0.058,3.208,1.263,0.991,-0.920,2.747,9.143,2.285
a,121044,0.000,-5.427,36.000,-5.427,3.823,-1.287,-0.535,1.019,2.204,9.649,1.741
a,121048,0.000,-9.142,36.000,-9.142,6.680,0.331,-0.001,-0.645,2.075,9.305,2.728
a,121051,0.000,-9.867,36.000,-9.867,8.174,-0.249,0.152,-0.355,2.685,9.324,1.976
a,121056,0.000,-7.360,36.000,-7.360,12.480,-0.310,-0.413,0.500,1.821,9.378,1.912
a,121059,0.000,-2.437,36.000,-2.437,3.867,1.705,2.732,0.133,1.951,9.064,2.367
a,121063,0.000,3.290,36.000,3.290,8.438,-1.104,-3.421,-1.424,3.185,9.767,1.809
a,121067,0.000,7.938,36.000,7.938,2.637,-1.104,-2.489,-1.287,1.668,9.154,2.345
a,121071,0.000,9.974,36.000,9.974,9.668,1.431,2.381,-0.936,1.903,9.227,2.373
a,121075,0.000,8.723,36.000,8.723,2.021,-0.692,-1.894,1.690,3.061,9.720,1.833
a,121079,0.000,4.591,36.000,4.591,7.646,-0.081,1.251,-0.233,1.128,9.359,2.282
a,121083,0.000,-1.061,36.000,-1.061,2.725,0.820,1.037,-1.134,2.559,9.409,2.288
a,121087,0.000,-6.365,36.000,-6.365,8.789,-0.844,-0.520,0.927,2.277,9.518,1.903
a,121091,0.000,-9.563,36.000,-9.563,16.611,0.896,2.014,-0.386,1.553,9.245,2.270
a,121095,0.000,-9.589,36.000,-9.589,15.381,0.133,-0.856,0.347,3.047,9.390,2.119
a,121099,0.000,-6.429,36.000,-6.429,4.175,-0.417,0.503,0.881,1.602,9.462,2.316
a,121104,0.000,-1.128,36.000,-1.128,5.361,1.919,2.014,0.148,2.228,9.221,2.345
a,121107,0.000,4.551,36.000,4.551,9.009,-1.806,-3.604,0.362,3.189,9.735,1.768
a,121111,0.000,8.716,36.000,8.716,10.942,0.148,0.030,-1.729,1.185,9.143,2.577
a,121115,0.000,9.973,36.000,9.973,14.414,1.156,1.465,-1.241,2.297,9.254,2.237
a,121119,0.000,7.895,36.000,7.895,11.162,-0.585,-2.367,0.545,3.302,9.222,1.973
a,121123,0.000,3.174,36.000,3.174,5.493,0.774,1.846,-0.645,1.572,9.058,2.282
a,121127,0.000,-2.615,36.000,-2.615,2.637,0.240,1.129,-0.249,2.595,9.487,2.047
a,121131,0.000,-7.529,36.000,-7.529,3.340,0.530,-0.535,0.988,2.477,9.106,2.225
a,121135,0.000,-9.915,36.000,-9.915,16.655,0.255,0.808,-1.760,2.004,9.518,2.144
a,121139,0.000,-8.967,36.000,-8.967,8.921,-0.737,-1.955,0.973,2.788,9.530,2.164
a,121143,0.000,-4.997,36.000,-4.997,12.524,1.125,2.106,-1.836,1.603,9.121,2.557
a,121148,0.000,0.661,36.000,0.661,3.252,0.789,-0.535,-0.172,3.086,9.516,2.075
a,121152,0.000,6.099,36.000,6.099,2.681,-2.569,-4.993,-0.981,2.588,9.641,1.846
a,121156,0.000,9.478,36.000,9.478,11.865,0.499,0.808,-0.661,1.273,8.908,2.559
a,121159,0.000,9.648,36.000,9.648,13.799,0.347,1.419,-0.371,2.295,9.428,2.240
a,121163,0.000,6.548,36.000,6.548,9.712,-1.089,-1.604,0.377,3.042,9.151,2.110
a,121167,0.000,1.223,36.000,1.223,2.505,0.713,1.892,-0.645,1.765,9.205,2.107
a,121171,0.000,-4.521,36.000,-4.521,3.296,-0.921,-1.146,-0.233,2.781,9.373,2.109
a,121175,0.000,-8.730,36.000,-8.730,3.911,0.881,0.488,-0.447,2.264,9.026,2.234
a,121179,0.000,-9.966,36.000,-9.966,15.381,0.453,1.037,-0.371,2.057,9.665,2.024
a,121184,0.000,-7.802,36.000,-7.802,13.931,-1.134,-2.108,-0.050,2.561,9.574,2.188
a,121188,0.000,-2.971,36.000,-2.971,9.580,1.354,2.808,-1.806,1.550,8.996,2.416
a,121192,0.000,2.878,36.000,2.878,3.428,-0.142,-2.123,-1.027,3.130,9.465,1.979
a,121195,0.000,7.746,36.000,7.746,13.008,-2.111,-3.131,0.790,1.973,9.343,2.040
a,121199,0.000,9.959,36.000,9.959,9.097,1.110,2.060,-1.623,1.532,8.973,2.646
a,121203,0.000,8.754,36.000,8.754,14.019,-0.005,0.762,1.538,2.658,9.571,1.992
a,121207,0.000,4.539,36.000,4.539,11.162,-1.043,-2.077,-1.348,1.757,9.485,2.485
a,121211,0.000,-1.242,36.000,-1.242,3.120,1.690,2.243,-1.699,2.230,8.867,2.368
a,121215,0.000,-6.597,36.000,-6.597,3.384,-1.119,-0.215,1.187,2.266,9.795,1.919
a,121219,0.000,-9.679,36.000,-9.679,3.955,0.438,0.701,-0.936,2.300,9.194,2.637
a,121223,0.000,-9.418,36.000,-9.418,17.227,-0.310,-0.154,0.347,2.837,9.408,1.863
a,121227,0.000,-5.898,36.000,-5.898,13.799,-0.905,-1.604,1.416,2.279,9.564,2.116
a,121231,0.000,-0.333,36.000,-0.333,3.955,1.125,1.846,-2.233,1.630,9.084,2.667
a,121235,0.000,5.351,36.000,5.351,3.384,-0.249,-0.459,0.271,2.928,9.482,2.082
a,121239,0.000,9.180,36.000,9.180,12.612,-1.150,-1.726,-0.600,1.955,9.379,2.053
a,121244,0.000,9.818,36.000,9.818,14.678,0.545,0.808,-0.722,2.095,9.151,2.362
a,121248,0.000,7.038,36.000,7.038,11.602,-1.089,-2.260,0.606,3.170,9.315,1.791
a,121251,0.000,1.803,36.000,1.803,3.164,0.499,3.526,-0.936,1.192,9.079,2.168
a,121255,0.000,-4.065,36.000,-4.065,3.428,1.431,2.747,0.240,2.259,9.300,2.370
a,121259,0.000,-8.515,36.000,-8.515,13.228,-0.508,0.167,1.507,2.716,9.449,1.809
a,121263,0.000,-9.988,36.000,-9.988,17.227,0.515,0.701,-0.279,1.706,9.164,2.120
a,121268,0.000,-7.962,36.000,-7.962,6.680,-0.417,-0.932,-0.569,2.732,9.205,2.144
a,121272,0.000,-3.141,36.000,-3.141,3.955,0.576,1.755,0.774,1.757,9.176,2.175
a,121275,0.000,2.786,36.000,2.786,6.855,-0.050,-1.863,-1.577,2.732,9.535,2.061
a,121279,0.000,7.736,36.000,7.736,2.725,-1.409,-2.383,0.958,2.389,9.382,2.128
a,121283,0.000,9.965,36.000,9.965,13.228,1.003,1.846,-1.394,1.603,9.224,2.453
a,121287,0.000,8.681,36.000,8.681,12.612,0.133,-0.993,0.179,3.236,9.176,1.906
a,121292,0.000,4.331,36.000,4.331,2.593,-0.356,1.602,0.454,1.593,9.082,2.149
a,121296,0.000,-1.552,36.000,-1.552,3.120,1.599,2.366,0.790,1.945,9.329,2.339
a,121299,0.000,-6.890,36.000,-6.890,3.472,-0.524,0.503,0.606,2.672,9.363,1.757
a,121304,0.000,-9.788,36.000,-9.788,15.864,-0.371,0.213,-1.088,1.799,9.390,2.241
a,121307,0.000,-9.215,36.000,-9.215,16.655,0.011,-1.344,-1.058,2.778,9.408,2.170
a,121311,0.000,-5.367,36.000,-5.367,13.184,-0.188,0.671,1.797,1.854,9.221,2.110
a,121315,0.000,0.392,36.000,0.392,3.867,1.324,1.846,-0.111,2.097,9.183,2.320
a,121319,0.000,6.015,36.000,6.015,3.296,-1.638,-3.314,-0.523,3.099,9.645,1.730
a,121323,0.000,9.496,36.000,9.496,2.725,0.270,-0.337,-0.920,1.403,8.982,2.605
a,121327,0.000,9.588,36.000,9.588,12.524,0.728,1.434,0.606,2.224,9.380,2.155
a,121331,0.000,6.251,36.000,6.251,10.898,-0.844,-2.734,-1.791,3.469,9.239,2.027
a,121335,0.000,0.675,36.000,0.675,3.252,1.415,2.274,-0.920,1.459,9.080,2.269
a,121339,0.000,-5.147,36.000,-5.147,9.712,-0.142,0.640,0.057,2.777,9.645,2.017
a,121343,0.000,-9.124,36.000,-9.124,17.402,-0.188,0.335,0.332,2.327,9.260,2.140
a,121347,0.000,-9.825,36.000,-9.825,18.193,0.133,0.778,0.240,2.064,9.383,1.957
a,121352,0.000,-6.990,36.000,-6.990,16.040,-0.966,-0.902,0.835,2.466,9.188,2.358
a,121356,0.000,-1.636,36.000,-1.636,7.427,1.217,2.060,-0.493,1.718,9.112,2.114
a,121359,0.000,4.312,36.000,4.312,3.384,-0.432,-2.978,-1.409,3.191,9.674,2.222
a,121363,0.000,8.706,36.000,8.706,3.208,-2.340,-3.543,-0.798,2.142,9.403,2.112
a,121367,0.000,9.953,36.000,9.953,13.184,1.324,2.152,-0.981,1.578,9.188,2.405
a,121371,0.000,7.597,36.000,7.597,11.646,-0.692,-1.955,0.866,3.061,9.509,2.046
a,121375,0.000,2.486,36.000,2.486,3.296,0.942,1.740,-0.752,2.101,8.963,2.668
a,121379,0.000,-3.532,36.000,-3.532,3.955,0.057,1.037,1.202,2.388,9.714,1.958
a,121383,0.000,-8.269,36.000,-8.269,4.658,-0.035,-0.718,0.255,2.738,9.221,2.298
a,121387,0.000,-9.999,36.000,-9.999,17.402,0.057,0.396,-1.226,1.765,9.360,1.960
a,121391,0.000,-8.086,36.000,-8.086,16.523,-0.127,-1.512,0.591,2.513,9.287,2.348
a,121395,0.000,-3.222,36.000,-3.222,8.877,1.675,3.602,1.232,1.543,9.084,2.270
a,121400,0.000,2.822,36.000,2.822,3.955,0.606,-0.825,-0.798,3.218,9.480,2.009
a,121403,0.000,7.837,36.000,7.837,3.340,-2.936,-5.009,-0.829,2.093,9.592,2.071
a,121407,0.000,9.985,36.000,9.985,14.634,1.660,1.679,-1.363,1.423,8.859,2.719
a,121411,0.000,8.472,36.000,8.472,13.667,0.682,0.762,1.751,2.531,9.674,1.992
a,121415,0.000,3.848,36.000,3.848,7.559,0.469,1.526,1.461,1.463,9.334,2.278
a,121419,0.000,-2.194,36.000,-2.194,3.516,1.263,1.617,-1.638,2.458,9.358,2.221
a,121423,0.000,-7.431,36.000,-7.431,3.999,-1.333,-1.405,1.217,2.591,9.661,1.799
a,121428,0.000,-9.933,36.000,-9.933,16.655,0.408,-0.123,-0.157,1.488,9.194,2.652
a,121432,0.000,-8.770,36.000,-8.770,15.864,0.026,0.396,0.332,2.676,9.386,2.241
a,121436,0.000,-4.366,36.000,-4.366,13.931,0.347,0.442,0.637,1.836,9.355,2.201
a,121439,0.000,1.656,36.000,1.656,3.955,1.766,2.335,-0.126,2.181,9.108,2.291
a,121443,0.000,7.068,36.000,7.068,9.668,-2.111,-4.749,0.988,3.117,9.662,1.717
a,121447,0.000,9.861,36.000,9.861,3.252,-0.035,-0.825,-0.126,1.426,9.008,2.623
a,121451,0.000,8.994,36.000,8.994,13.843,1.171,2.137,0.591,1.967,9.243,2.294
a,121455,0.000,4.781,36.000,4.781,9.624,-1.516,-0.963,0.912,2.134,9.645,2.304
a,121459,0.000,-1.213,36.000,-1.213,3.428,2.026,3.205,-0.310,1.994,8.718,2.520
a,121463,0.000,-6.759,36.000,-6.759,3.955,-0.463,-0.123,-0.096,2.720,9.814,1.891
a,121467,0.000,-9.785,36.000,-9.785,13.271,-0.569,-1.634,0.164,2.549,9.357,2.446
a,121471,0.000,-9.156,36.000,-9.156,15.908,0.728,1.373,-0.203,1.782,9.389,2.041
a,121476,0.000,-5.100,36.000,-5.100,13.184,-0.844,-1.222,1.935,2.641,9.544,2.012
a,121479,0.000,0.869,36.000,0.869,6.284,0.896,1.846,-0.264,1.866,8.868,2.422
a,121483,0.000,6.516,36.000,6.516,3.296,-0.707,-0.871,-0.783,2.502,9.503,1.767
a,121487,0.000,9.718,36.000,9.718,13.315,-0.921,-1.848,-0.126,1.905,9.091,2.304
a,121492,0.000,9.267,36.000,9.267,14.634,1.110,2.014,-0.004,1.852,9.068,2.437
a,121495,0.000,5.326,36.000,5.326,11.074,-1.562,-2.596,1.125,3.062,9.614,2.084
a,121499,0.000,-0.625,36.000,-0.625,2.637,0.682,1.480,0.362,1.636,9.023,2.488
a,121503,0.000,-6.344,36.000,-6.344,3.384,0.408,2.014,0.103,2.386,9.469,2.122
a,121508,0.000,-9.668,36.000,-9.668,10.195,-0.401,-0.474,1.828,2.670,9.190,2.138
a,121512,0.000,-9.334,36.000,-9.334,11.602,0.408,1.022,0.087,1.805,9.386,1.942
a,121516,0.000,-5.463,36.000,-5.463,4.526,-1.440,-2.337,1.507,2.598,9.464,2.258
a,121519,0.000,0.483,36.000,0.483,3.867,1.125,2.243,0.667,1.656,9.001,2.398
a,121523,0.000,6.249,36.000,6.249,7.383,0.728,0.121,-0.233,2.766,9.431,1.986
a,121527,0.000,9.641,36.000,9.641,3.164,-1.837,-3.451,0.530,2.194,9.425,2.069
a,121531,0.000,9.363,36.000,9.363,15.732,1.186,1.572,-2.294,1.506,9.061,2.549
a,121535,0.000,5.515,36.000,5.515,11.206,-0.432,-0.718,-0.829,3.217,9.222,1.755
a,121540,0.000,-0.442,36.000,-0.442,2.812,-0.463,0.808,-0.157,1.490,9.355,2.142
a,121543,0.000,-6.233,36.000,-6.233,3.296,1.492,1.770,-1.256,2.295,9.325,2.344
a,121548,0.000,-9.641,36.000,-9.641,11.865,-1.119,-1.222,1.675,2.884,9.279,1.891
a,121552,0.000,-9.356,36.000,-9.356,16.040,0.484,0.579,-1.913,1.671,9.098,2.265
a,121555,0.000,-5.480,36.000,-5.480,12.524,-0.325,-0.932,-0.447,2.676,9.299,2.184
a,121559,0.000,0.504,36.000,0.504,5.493,-0.081,0.839,0.316,1.773,9.149,2.259
a,121563,0.000,6.297,36.000,6.297,7.559,1.003,0.595,0.103,2.476,9.388,2.149
a,121567,0.000,9.668,36.000,9.668,15.337,-2.172,-3.711,0.164,2.508,9.578,1.838
a,121571,0.000,9.312,36.000,9.312,15.425,1.034,1.373,-0.798,1.528,9.038,2.580
a,121575,0.000,5.359,36.000,5.359,11.953,0.789,-0.932,-1.607,3.358,8.977,1.820
a,121579,0.000,-0.668,36.000,-0.668,3.208,0.560,1.908,-0.279,1.531,9.143,2.253
a,121583,0.000,-6.440,36.000,-6.440,3.428,1.599,3.068,0.438,2.025,9.335,2.314
a,121587,0.000,-9.719,36.000,-9.719,16.699,-1.119,-1.283,1.156,3.015,9.561,1.822
a,121591,0.000,-9.227,36.000,-9.227,16.743,0.148,0.686,-1.867,1.657,9.358,2.099
a,121595,0.000,-5.149,36.000,-5.149,13.975,-0.081,-0.642,0.469,2.585,9.236,2.154
a,121600,0.000,0.935,36.000,0.935,3.867,0.545,0.885,1.187,2.109,9.206,2.286
a,121603,0.000,6.658,36.000,6.658,3.340,0.057,-0.917,-0.645,2.355,9.357,2.116
a,121607,0.000,9.787,36.000,9.787,11.250,-1.302,-1.970,0.179,2.460,9.258,2.078
a,121611,0.000,9.094,36.000,9.094,13.140,0.805,1.373,0.576,1.677,9.196,2.364
a,121615,0.000,4.845,36.000,4.845,12.217,-0.463,-1.802,-1.531,3.067,9.303,1.852
a,121619,0.000,-1.304,36.000,-1.304,2.593,-0.585,1.511,0.209,1.705,9.322,2.033
a,121623,0.000,-6.945,36.000,-6.945,10.547,1.522,1.862,-0.997,2.039,9.256,2.443
a,121627,0.000,-9.863,36.000,-9.863,12.305,-0.386,-0.062,1.828,2.735,9.518,1.840
a,121631,0.000,-8.906,36.000,-8.906,15.293,-0.142,-0.245,0.545,1.545,9.243,2.228
a,121635,0.000,-4.442,36.000,-4.442,12.305,0.682,-0.245,-0.371,2.750,9.242,2.286
a,121639,0.000,1.774,36.000,1.774,6.196,-0.569,-0.352,1.767,1.982,9.384,2.085
a,121643,0.000,7.294,36.000,7.294,10.415,0.667,0.045,-0.645,2.219,9.319,2.307
a,121647,0.000,9.935,36.000,9.935,13.975,-1.027,-1.314,-0.172,2.228,9.386,1.964
a,121652,0.000,8.648,36.000,8.648,14.634,0.637,1.022,0.026,1.877,9.224,2.421
a,121656,0.000,3.935,36.000,3.935,8.833,-1.150,-1.360,-0.478,1.475,9.628,2.221
a,121660,0.000,-2.341,36.000,-2.341,7.646,1.537,3.175,0.438,2.187,8.790,2.656
a,121663,0.000,-7.691,36.000,-7.691,13.184,0.682,2.014,0.606,2.259,9.590,1.823
a,121667,0.000,-9.987,36.000,-9.987,15.864,-0.463,-1.528,-1.470,2.101,9.112,2.286
a,121671,0.000,-8.308,36.000,-8.308,16.831,0.392,-0.276,-0.707,2.468,9.256,2.303
a,121675,0.000,-3.318,36.000,-3.318,10.459,-1.180,-1.344,0.820,2.079,9.758,2.006
a,121679,0.000,3.000,36.000,3.000,3.823,1.721,1.480,1.064,2.156,9.057,2.591
a,121684,0.000,8.122,36.000,8.122,3.252,-0.844,-1.925,-0.218,2.539,9.568,1.864
a,121688,0.000,9.998,36.000,9.998,15.864,0.026,-0.550,-0.798,1.895,9.181,2.436
a,121692,0.000,7.870,36.000,7.870,13.228,0.453,1.022,-0.081,2.163,9.226,2.188
a,121695,0.000,2.584,36.000,2.584,9.756,-2.264,-2.337,1.141,1.998,9.646,2.310
a,121699,0.000,-3.742,36.000,-3.742,3.340,1.858,3.205,-0.737,1.976,8.699,2.467
a,121703,0.000,-8.567,36.000,-8.567,8.130,-0.249,1.007,0.515,2.601,9.634,1.827
a,121707,0.000,-9.946,36.000,-9.946,14.766,-0.844,-1.589,-0.065,2.484,9.522,2.563
a,121711,0.000,-7.316,36.000,-7.316,14.590,0.392,0.121,-1.256,2.577,9.239,2.316
a,121715,0.000,-1.732,36.000,-1.732,9.097,-1.134,-0.795,0.790,1.907,9.902,2.090
a,121719,0.000,4.555,36.000,4.555,4.834,1.721,0.976,-0.371,2.215,8.796,2.591
a,121723,0.000,9.003,36.000,9.003,3.208,-1.333,-2.001,0.347,2.388,9.536,1.883
a,121727,0.000,9.806,36.000,9.806,13.799,-0.066,-0.001,0.026,1.811,9.104,2.382
a,121731,0.000,6.631,36.000,6.631,2.593,1.553,1.098,0.286,2.308,9.382,2.194
a,121735,0.000,0.762,36.000,0.762,2.725,-1.882,-1.634,0.179,1.617,9.667,2.108
a,121740,0.000,-5.421,36.000,-5.421,3.340,1.889,2.808,-2.249,2.051,8.900,2.650
a,121744,0.000,-9.400,36.000,-9.400,3.911,-0.279,0.640,1.324,2.570,9.738,1.750
a,121747,0.000,-9.548,36.000,-9.548,4.175,-0.371,-0.932,-0.401,1.991,9.456,2.643
a,121751,0.000,-5.800,36.000,-5.800,5.493,0.896,0.320,-0.768,2.672,9.285,2.334
a,121755,0.000,0.322,36.000,0.322,5.405,-1.379,-1.131,1.751,2.000,9.644,1.985
a,121760,0.000,6.315,36.000,6.315,3.164,0.835,-0.047,-0.065,2.303,9.202,2.577
a,121763,0.000,9.724,36.000,9.724,2.549,-1.348,-1.726,0.500,2.391,9.492,1.788
a,121767,0.000,9.145,36.000,9.145,14.634,0.286,0.488,-0.768,1.854,9.137,2.471
a,121771,0.000,4.810,36.000,4.810,10.854,-0.768,-2.108,-0.600,2.502,9.656,2.304
a,121775,0.000,-1.507,36.000,-1.507,2.593,0.896,1.816,0.484,1.870,9.086,2.441
a,121779,0.000,-7.206,36.000,-7.206,3.384,0.911,2.686,0.973,2.155,9.510,2.221
a,121783,0.000,-9.937,36.000,-9.937,16.611,-1.089,-2.077,-0.371,3.020,9.542,2.421
a,121787,0.000,-8.567,36.000,-8.567,15.293,0.026,-0.993,0.148,2.146,9.281,2.072
a,121791,0.000,-3.655,36.000,-3.655,11.074,-1.302,-1.421,-0.310,2.125,9.650,1.973
a,121795,0.000,2.772,36.000,2.772,8.174,0.744,2.381,-0.172,1.846,8.981,2.643
a,121799,0.000,8.055,36.000,8.055,2.769,0.255,-0.260,1.767,2.802,9.497,1.998
a,121804,0.000,9.998,36.000,9.998,15.337,-1.409,-2.535,0.881,2.125,9.369,2.107
a,121807,0.000,7.788,36.000,7.788,13.271,0.835,1.190,-0.142,1.879,9.072,2.465
a,121811,0.000,2.338,36.000,2.338,2.461,-2.081,-1.833,2.423,1.514,9.752,2.288
a,121815,0.000,-4.090,36.000,-4.090,3.208,2.698,4.503,-0.187,1.687,8.546,2.783
a,121819,0.000,-8.815,36.000,-8.815,13.096,0.637,2.014,0.835,2.672,9.805,1.817
a,121823,0.000,-9.862,36.000,-9.862,8.350,-1.150,-2.673,-1.058,2.206,9.246,2.283
a,121827,0.000,-6.787,36.000,-6.787,13.711,0.835,-0.062,-0.218,2.234,9.262,2.309
a,121831,0.000,-0.869,36.000,-0.869,3.955,-1.241,-0.795,0.576,1.913,9.748,2.110
a,121836,0.000,5.417,36.000,5.417,3.296,1.766,2.259,0.805,2.070,9.023,2.489
a,121840,0.000,9.432,36.000,9.432,14.634,-1.119,-1.970,0.958,2.598,9.705,1.835
a,121843,0.000,9.487,36.000,9.487,14.458,0.072,-0.993,-0.416,2.004,9.249,2.413
a,121847,0.000,5.550,36.000,5.550,10.986,-1.760,-3.497,-2.447,3.335,9.152,2.237
a,121851,0.000,-0.727,36.000,-0.727,3.252,0.637,1.969,0.454,1.646,9.181,2.388
a,121855,0.000,-6.701,36.000,-6.701,3.472,1.675,4.152,1.156,1.979,9.343,2.309
a,121859,0.000,-9.848,36.000,-9.848,14.678,-0.295,0.182,1.751,3.156,9.342,1.642
a,121864,0.000,-8.833,36.000,-8.833,16.567,-0.371,-1.085,-0.462,2.069,9.343,1.954
a,121868,0.000,-4.078,36.000,-4.078,12.349,-0.463,-0.657,-0.722,2.108,9.549,2.386
a,121871,0.000,2.408,36.000,2.408,4.043,0.667,0.533,-0.997,2.292,9.074,2.526
a,121875,0.000,7.876,36.000,7.876,3.428,-0.417,-1.512,0.652,2.415,9.746,1.726
a,121879,0.000,10.000,36.000,10.000,13.799,-0.249,-1.115,-1.104,2.079,9.116,2.424
a,121883,0.000,7.870,36.000,7.870,12.437,0.453,1.266,0.622,2.072,9.221,2.307
a,121887,0.000,2.386,36.000,2.386,2.725,-1.333,-3.344,-1.638,3.000,9.494,2.097
a,121892,0.000,-4.119,36.000,-4.119,7.559,1.812,2.839,0.423,1.699,8.766,2.631
a,121895,0.000,-8.868,36.000,-8.868,3.999,0.194,1.953,-0.035,2.504,9.743,2.023
a,121900,0.000,-9.828,36.000,-9.828,18.721,-0.157,-1.238,-0.905,2.722,9.184,2.034
a,121904,0.000,-6.579,36.000,-6.579,16.084,0.423,0.595,-0.279,1.923,9.351,2.011
a,121907,0.000,-0.509,36.000,-0.509,4.746,-1.134,-1.253,-0.707,2.415,9.621,2.340
a,121911,0.000,5.784,36.000,5.784,3.955,0.911,0.030,0.057,2.070,9.152,2.306
a,121915,0.000,9.594,36.000,9.594,3.867,-0.768,-1.909,-1.363,2.349,9.711,1.767
a,121919,0.000,9.277,36.000,9.277,3.340,-0.066,-0.856,0.530,2.008,9.085,2.449
a,121923,0.000,4.963,36.000,4.963,3.208,0.881,-1.192,-0.752,3.015,9.006,2.075
a,121927,0.000,-1.494,36.000,-1.494,3.867,-0.951,2.243,1.736,1.592,9.602,1.846
a,121931,0.000,-7.310,36.000,-7.310,4.175,2.163,3.373,1.675,2.085,9.090,2.650
a,121935,0.000,-9.967,36.000,-9.967,20.742,-0.997,-0.657,1.843,3.031,9.579,1.443
a,121939,0.000,-8.310,36.000,-8.310,17.271,0.316,0.259,-1.928,1.821,9.208,2.333
a,121943,0.000,-3.048,36.000,-3.048,14.766,-0.432,-1.253,-1.317,2.616,9.391,2.018
a,121948,0.000,3.540,36.000,3.540,4.175,-0.142,0.213,0.057,1.997,9.290,2.351
a,121951,0.000,8.592,36.000,8.592,10.459,1.049,0.396,0.744,2.142,9.219,2.257
a,121955,0.000,9.908,36.000,9.908,15.952,-0.966,-1.528,-0.218,2.489,9.476,2.113
a,121959,0.000,6.907,36.000,6.907,15.249,0.286,0.152,-0.371,1.957,9.233,2.381
a,121963,0.000,0.891,36.000,0.891,3.340,-2.844,-3.696,-0.539,2.094,9.601,2.304
a,121967,0.000,-5.518,36.000,-5.518,3.955,2.163,3.740,0.118,1.724,8.908,2.716
a,121971,0.000,-9.517,36.000,-9.517,4.746,0.927,1.648,2.209,2.582,9.766,2.018
a,121975,0.000,-9.350,36.000,-9.350,15.996,-0.585,-1.619,0.698,2.484,9.463,2.616
a,121979,0.000,-5.082,36.000,-5.082,16.084,0.820,0.213,-0.493,2.119,9.208,2.333
a,121983,0.000,1.419,36.000,1.419,4.570,-1.302,-1.802,0.179,2.331,9.881,1.938
a,121987,0.000,7.300,36.000,7.300,3.911,0.377,-0.841,-1.836,2.175,8.946,2.751
a,121991,0.000,9.971,36.000,9.971,13.228,-0.310,0.488,0.011,2.047,9.480,1.877
a,121996,0.000,8.249,36.000,8.249,15.073,-0.218,-0.535,-0.707,2.292,9.336,2.221
a,122000,0.000,2.886,36.000,2.886,9.536,-1.211,-1.696,-0.584,1.475,9.491,2.339
a,122003,0.000,-3.755,36.000,-3.755,3.823,1.049,1.846,0.011,2.178,9.057,2.670
a,122007,0.000,-8.739,36.000,-8.739,10.503,0.530,2.625,2.133,2.076,9.610,1.963
a,122011,0.000,-9.854,36.000,-9.854,15.073,-0.493,-0.947,-2.462,2.853,9.523,2.434
a,122015,0.000,-6.600,36.000,-6.600,15.117,-0.264,-0.856,-0.630,2.539,9.322,2.231
a,122019,0.000,-0.414,36.000,-0.414,4.043,-0.203,-0.383,-1.073,1.948,9.712,2.108
a,122023,0.000,5.960,36.000,5.960,3.472,1.125,0.213,-2.203,2.460,9.075,2.507
a,122028,0.000,9.685,36.000,9.685,3.208,-1.134,-1.512,0.209,2.253,9.615,1.899
a,122032,0.000,9.094,36.000,9.094,14.414,0.621,0.930,-0.096,1.841,9.199,2.355
a,122036,0.000,4.445,36.000,4.445,11.074,0.133,-0.764,-1.012,3.099,9.051,1.827
a,122039,0.000,-2.193,36.000,-2.193,2.769,-0.921,0.335,0.332,1.701,9.582,1.996
a,122043,0.000,-7.854,36.000,-7.854,11.909,1.812,1.679,-1.088,2.144,9.049,2.512
a,122047,0.000,-9.999,36.000,-9.999,17.183,-0.218,0.106,1.125,2.782,9.499,1.960
a,122051,0.000,-7.660,36.000,-7.660,15.205,0.392,0.213,-0.936,1.718,9.215,2.240
a,122055,0.000,-1.881,36.000,-1.881,11.953,-0.081,-1.253,0.148,2.608,9.104,2.193
a,122059,0.000,4.748,36.000,4.748,9.536,-0.020,1.220,0.896,1.876,9.355,2.136
a,122063,0.000,9.243,36.000,9.243,2.812,-0.050,-1.650,-1.913,2.452,9.354,2.045
a,122067,0.000,9.573,36.000,9.573,14.590,-0.982,-1.405,-0.676,2.035,9.190,2.276
a,122071,0.000,5.583,36.000,5.583,11.206,1.675,0.503,0.515,1.932,9.334,2.417
a,122075,0.000,-0.932,36.000,-0.932,5.581,-0.630,1.098,0.637,1.796,9.661,1.811
a,122080,0.000,-7.029,36.000,-7.029,3.384,1.660,2.503,0.316,2.094,9.050,2.665
a,122083,0.000,-9.945,36.000,-9.945,3.999,-0.295,0.625,1.263,2.608,9.640,1.421
a,122087,0.000,-8.351,36.000,-8.351,15.996,-0.142,-0.642,0.240,2.126,9.366,2.105
a,122092,0.000,-2.963,36.000,-2.963,12.437,-0.142,-1.146,0.087,2.257,9.343,2.043
a,122096,0.000,3.775,36.000,3.775,3.823,0.606,0.259,-0.493,2.203,9.147,2.401
a,122099,0.000,8.798,36.000,8.798,3.384,0.286,-0.352,0.591,2.255,9.389,2.203
a,122103,0.000,9.813,36.000,9.813,14.722,-0.829,-1.405,-1.378,2.286,9.358,2.128
a,122107,0.000,6.349,36.000,6.349,14.458,0.392,0.533,-1.042,2.066,9.258,2.307
a,122111,0.000,-0.018,36.000,-0.018,2.681,-2.218,-3.314,0.500,3.474,9.161,2.091
a,122116,0.000,-6.381,36.000,-6.381,3.472,0.560,2.091,0.271,1.539,8.945,2.641
a,122120,0.000,-9.824,36.000,-9.824,3.911,0.957,2.411,1.568,2.467,9.697,2.199
a,122124,0.000,-8.761,36.000,-8.761,16.699,-1.531,-1.909,-0.691,2.860,9.477,2.249
a,122127,0.000,-3.674,36.000,-3.674,4.219,0.744,-0.215,0.271,2.039,9.292,2.182
a,122131,0.000,3.106,36.000,3.106,3.955,-1.027,-2.566,-0.096,2.538,9.778,2.174
a,122136,0.000,8.459,36.000,8.459,3.472,0.560,0.488,-0.279,1.897,9.079,2.586
a,122140,0.000,9.915,36.000,9.915,13.228,0.286,0.747,0.148,2.109,9.548,1.988
a,122143,0.000,6.795,36.000,6.795,14.678,-0.066,-0.215,0.408,2.344,9.188,2.248
a,122148,0.000,0.532,36.000,0.532,6.592,-1.989,-3.436,-2.859,3.394,9.242,2.041
a,122151,0.000,-5.980,36.000,-5.980,3.867,0.072,1.480,0.851,1.595,9.197,2.144
a,122155,0.000,-9.725,36.000,-9.725,15.776,1.171,2.762,-0.065,2.094,9.422,2.477
a,122159,0.000,-8.960,36.000,-8.960,16.787,-0.188,0.030,1.049,2.716,9.533,2.289
a,122163,0.000,-4.032,36.000,-4.032,13.008,0.240,-0.612,-1.455,2.398,9.260,2.204
a,122167,0.000,2.774,36.000,2.774,3.999,-0.310,-0.444,-0.310,2.155,9.396,1.976
a,122172,0.000,8.292,36.000,8.292,3.823,-1.379,-4.688,-2.371,2.551,9.491,2.052
a,122175,0.000,9.946,36.000,9.946,15.469,-1.043,-0.276,-0.462,1.392,9.172,2.333
a,122179,0.000,6.958,36.000,6.958,14.414,2.087,3.648,0.301,2.031,9.183,2.508
a,122183,0.000,0.716,36.000,0.716,7.471,-1.470,-2.505,0.194,3.578,9.290,1.776
a,122187,0.000,-5.865,36.000,-5.865,3.384,1.278,0.488,-1.271,1.899,8.639,2.729
a,122192,0.000,-9.701,36.000,-9.701,12.349,-0.234,0.503,1.049,2.479,9.737,1.992
a,122195,0.000,-8.987,36.000,-8.987,15.293,0.301,0.503,0.591,2.448,9.202,2.169
a,122199,0.000,-4.050,36.000,-4.050,14.062,1.431,1.694,0.209,2.084,9.285,2.052
a,122203,0.000,2.794,36.000,2.794,3.955,-1.455,-2.062,1.843,2.793,9.867,2.009
a,122207,0.000,8.326,36.000,8.326,3.384,1.003,0.152,-0.218,1.973,8.904,2.537
a,122211,0.000,9.935,36.000,9.935,14.062,-0.982,-1.207,-0.615,2.215,9.699,1.812
a,122215,0.000,6.854,36.000,6.854,14.019,-0.035,0.274,-0.279,1.994,9.080,2.438
a,122219,0.000,0.531,36.000,0.531,8.789,-0.172,-1.268,-2.035,3.042,9.116,2.151
a,122223,0.000,-6.047,36.000,-6.047,3.384,-0.798,0.610,0.759,1.997,9.402,2.079
a,122227,0.000,-9.762,36.000,-9.762,4.614,0.805,2.167,0.774,2.235,9.506,2.255
a,122231,0.000,-8.847,36.000,-8.847,15.205,-1.043,-1.405,-0.890,2.816,9.578,2.374
a,122235,0.000,-3.728,36.000,-3.728,13.887,0.606,0.152,-0.981,2.334,9.061,2.307
a,122240,0.000,3.167,36.000,3.167,3.867,-0.218,0.060,1.721,2.297,9.585,1.887
a,122243,0.000,8.558,36.000,8.558,3.823,-0.661,-3.100,-0.523,2.510,9.404,2.240
a,122247,0.000,9.870,36.000,9.870,14.634,-0.050,0.259,-1.134,1.802,9.270,2.374
a,122251,0.000,6.470,36.000,6.470,15.381,0.637,1.770,0.988,2.163,9.311,2.324
a,122255,0.000,-0.025,36.000,-0.025,3.208,-0.585,-2.627,-1.409,3.326,9.291,2.014
a,122259,0.000,-6.511,36.000,-6.511,3.384,0.072,1.083,-1.058,1.644,9.231,2.376
a,122264,0.000,-9.881,36.000,-9.881,15.161,0.270,1.205,2.057,2.328,9.436,2.235
a,122268,0.000,-8.510,36.000,-8.510,16.128,-0.814,-0.657,0.255,2.339,9.353,2.443
a,122272,0.000,-3.050,36.000,-3.050,11.602,0.301,1.022,-0.020,2.206,9.157,2.236
a,122275,0.000,3.881,36.000,3.881,3.823,-0.432,-0.321,-0.707,2.666,9.512,1.877
a,122279,0.000,8.946,36.000,8.946,3.428,-0.707,-3.268,-0.783,2.279,9.185,2.186
a,122283,0.000,9.699,36.000,9.699,10.371,-0.356,-0.612,-0.829,1.675,9.273,2.198
a,122287,0.000,5.769,36.000,5.769,3.164,0.835,2.411,0.576,2.000,9.197,2.460
a,122291,0.000,-0.953,36.000,-0.953,2.461,-1.012,-0.260,1.171,2.022,9.674,2.269
a,122295,0.000,-7.217,36.000,-7.217,3.384,1.018,1.083,0.087,2.404,9.048,2.404
a,122300,0.000,-9.986,36.000,-9.986,3.428,-1.012,-0.321,0.942,2.279,9.649,1.765
a,122304,0.000,-7.910,36.000,-7.910,3.428,-0.142,-0.230,0.026,1.753,9.135,2.608
a,122307,0.000,-1.990,36.000,-1.990,9.009,0.438,-0.062,-0.539,2.601,9.370,2.180
a,122312,0.000,4.902,36.000,4.902,3.296,-0.966,-0.917,0.530,2.088,9.589,2.033
a,122316,0.000,9.409,36.000,9.409,14.590,0.682,-0.825,-0.249,2.427,9.295,2.448
a,122319,0.000,9.330,36.000,9.330,13.359,-1.531,-1.909,-0.966,2.297,9.555,1.955
a,122323,0.000,4.694,36.000,4.694,11.074,0.667,1.053,0.606,1.808,9.121,2.476
a,122327,0.000,-2.240,36.000,-2.240,2.593,-1.089,-0.810,-0.340,1.586,9.507,2.345
a,122331,0.000,-8.081,36.000,-8.081,10.371,1.919,2.564,-0.310,2.321,8.859,2.602
a,122335,0.000,-9.963,36.000,-9.963,4.043,0.362,1.816,1.538,2.277,9.663,1.765
a,122339,0.000,-6.957,36.000,-6.957,16.084,-0.325,-0.138,-1.775,2.219,9.227,2.252
a,122343,0.000,-0.531,36.000,-0.531,12.349,0.652,-0.825,1.064,2.368,8.999,2.211
a,122347,0.000,6.161,36.000,6.161,3.911,-0.463,0.014,0.454,2.097,9.322,1.926
a,122351,0.000,9.820,36.000,9.820,14.062,-0.478,-1.741,-0.493,2.300,9.470,2.168
a,122355,0.000,8.638,36.000,8.638,14.766,-0.463,-0.215,0.622,1.924,9.165,2.380
a,122359,0.000,3.189,36.000,3.189,13.052,0.576,-0.749,0.896,2.562,9.497,2.075
a,122364,0.000,-3.840,36.000,-3.840,3.208,-1.012,0.488,-0.325,1.839,9.457,1.996
a,122367,0.000,-8.972,36.000,-8.972,3.867,1.431,2.472,0.667,2.116,8.967,2.522
a,122371,0.000,-9.658,36.000,-9.658,4.131,-0.646,0.167,0.622,2.751,9.603,1.663
a,122375,0.000,-5.552,36.000,-5.552,4.131,0.255,0.091,0.011,2.059,9.371,2.213
a,122379,0.000,1.316,36.000,1.316,10.151,0.011,0.381,-0.600,2.156,9.474,2.483
a,122383,0.000,7.533,36.000,7.533,8.130,-0.050,-1.360,-0.554,2.616,9.149,2.128
a,122387,0.000,10.000,36.000,10.000,3.164,-1.150,-2.215,-1.287,2.053,9.483,1.955
a,122391,0.000,7.480,36.000,7.480,15.249,0.606,1.083,-1.271,1.830,9.032,2.528
a,122395,0.000,1.223,36.000,1.223,4.746,-1.089,-1.634,0.118,3.320,9.181,2.168
a,122400,0.000,-5.649,36.000,-5.649,2.681,0.469,1.617,0.347,1.955,9.070,2.286
a,122403,0.000,-9.696,36.000,-9.696,10.283,0.438,1.266,1.355,2.282,9.622,2.154
a,122407,0.000,-8.885,36.000,-8.885,14.546,-0.814,-1.253,-1.546,2.872,9.342,2.156
a,122411,0.000,-3.613,36.000,-3.613,12.964,0.224,0.045,-1.241,2.059,9.193,2.078
a,122415,0.000,3.478,36.000,3.478,4.746,-0.860,-1.787,0.545,2.484,9.503,2.015
a,122419,0.000,8.822,36.000,8.822,8.218,0.667,0.671,0.790,1.765,9.007,2.533
a,122423,0.000,9.724,36.000,9.724,15.161,0.805,1.679,0.011,2.266,9.248,2.100
a,122428,0.000,5.721,36.000,5.721,13.843,-0.844,-0.917,0.912,2.339,9.457,2.002
a,122432,0.000,-1.173,36.000,-1.173,6.855,0.163,-0.337,-0.707,2.179,9.094,2.391
a,122436,0.000,-7.478,36.000,-7.478,3.384,-2.340,-2.993,-1.363,2.010,9.571,2.207
a,122440,0.000,-10.000,36.000,-10.000,16.831,1.980,4.075,-0.096,1.827,8.872,2.658
a,122444,0.000,-7.453,36.000,-7.453,16.831,0.240,1.205,0.790,2.762,9.707,1.861
a,122448,0.000,-1.122,36.000,-1.122,7.427,-0.325,-1.528,-0.981,2.442,9.240,2.203
a,122451,0.000,5.783,36.000,5.783,3.955,0.163,0.427,1.141,2.000,9.406,2.163
a,122455,0.000,9.749,36.000,9.749,11.733,-0.615,-3.115,-1.653,3.012,9.285,2.061
a,122459,0.000,8.749,36.000,8.749,6.240,-1.730,-2.291,-0.737,1.522,9.360,2.059
a,122463,0.000,3.286,36.000,3.286,11.689,1.431,0.503,0.240,2.140,9.476,2.488
a,122467,0.000,-3.859,36.000,-3.859,3.867,-0.615,3.068,2.958,1.605,9.760,1.877
a,122471,0.000,-9.034,36.000,-9.034,14.546,1.995,2.350,0.912,2.290,8.854,2.507
a,122475,0.000,-9.586,36.000,-9.586,17.930,-1.943,-2.260,1.049,2.887,9.785,1.322
a,122479,0.000,-5.223,36.000,-5.223,16.567,0.515,0.488,-0.722,1.581,9.114,2.526
a,122483,0.000,1.823,36.000,1.823,4.570,0.789,1.755,-0.325,2.093,9.171,2.230
a,122487,0.000,7.936,36.000,7.936,10.986,-0.447,-2.383,0.820,3.037,9.402,2.137
a,122491,0.000,9.968,36.000,9.968,16.040,-0.585,-1.589,-0.432,1.579,9.330,2.163
a,122496,0.000,6.865,36.000,6.865,13.184,1.217,-0.260,0.133,2.300,9.372,2.370
a,122499,0.000,0.219,36.000,0.219,3.340,-1.821,0.152,0.255,1.317,9.626,2.157
a,122503,0.000,-6.544,36.000,-6.544,3.911,2.957,4.610,-0.126,2.063,8.817,2.828
a,122507,0.000,-9.926,36.000,-9.926,16.084,-0.844,-0.215,1.507,2.816,9.743,1.348
a,122511,0.000,-8.170,36.000,-8.170,18.018,-0.463,-1.115,-0.890,2.210,9.092,2.367
a,122515,0.000,-2.176,36.000,-2.176,16.040,0.438,-1.253,-1.287,2.399,9.097,2.240
a,122519,0.000,4.950,36.000,4.950,4.702,-0.249,0.182,0.805,1.926,9.380,2.170
a,122523,0.000,9.507,36.000,9.507,4.614,0.911,-0.016,-0.050,2.358,9.410,2.272
a,122527,0.000,9.119,36.000,9.119,15.425,-1.302,-2.230,0.301,2.455,9.425,1.982
a,122531,0.000,3.979,36.000,3.979,3.472,0.469,0.366,0.148,1.802,9.163,2.386
a,122535,0.000,-3.239,36.000,-3.239,3.911,-0.966,1.526,0.698,1.221,9.600,2.170
a,122540,0.000,-8.770,36.000,-8.770,4.746,2.957,4.366,0.591,2.137,8.716,2.498
a,122543,0.000,-9.716,36.000,-9.716,18.149,-0.569,1.312,0.316,2.600,9.712,1.140
a,122547,0.000,-5.575,36.000,-5.575,15.996,0.026,-0.780,-1.378,2.265,9.210,2.373
a,122551,0.000,1.491,36.000,1.491,4.702,-0.722,-0.871,-0.401,2.142,9.621,2.328
a,122555,0.000,7.779,36.000,7.779,3.911,0.515,-0.978,0.408,2.557,9.179,2.415
a,122559,0.000,9.980,36.000,9.980,3.516,-1.195,-1.802,0.286,1.935,9.573,1.976
a,122564,0.000,6.931,36.000,6.931,12.305,0.805,-1.039,-0.203,2.326,9.371,2.461
a,122568,0.000,0.228,36.000,0.228,7.471,-0.936,1.419,1.751,1.195,9.603,2.144
a,122572,0.000,-6.599,36.000,-6.599,3.911,2.316,2.075,0.469,2.265,9.026,2.672
a,122575,0.000,-9.944,36.000,-9.944,15.073,-1.119,-0.321,0.362,2.840,9.597,1.548
a,122579,0.000,-8.031,36.000,-8.031,15.908,0.392,-0.444,-0.478,2.152,9.203,2.254
a,122583,0.000,-1.864,36.000,-1.864,14.414,-0.860,-1.970,-0.218,2.395,9.431,1.975
a,122587,0.000,5.295,36.000,5.295,3.999,-0.218,0.381,-0.920,2.014,9.280,2.438
a,122591,0.000,9.646,36.000,9.646,3.384,0.362,0.228,0.423,2.119,9.278,2.112
a,122595,0.000,8.872,36.000,8.872,14.722,-0.524,-0.428,-0.218,2.237,9.290,2.157
a,122600,0.000,3.376,36.000,3.376,3.428,0.255,0.518,-0.279,2.113,9.300,2.173
a,122603,0.000,-3.922,36.000,-3.922,3.164,-2.188,-2.657,-0.584,1.888,9.538,2.332
a,122607,0.000,-9.131,36.000,-9.131,9.800,1.232,2.671,1.248,1.805,8.833,2.586
a,122612,0.000,-9.465,36.000,-9.465,12.612,0.087,1.602,1.751,2.467,9.634,1.856
a,122615,0.000,-4.737,36.000,-4.737,12.524,-0.539,-0.550,-0.462,2.078,9.137,2.167
a,122619,0.000,2.530,36.000,2.530,3.867,1.492,0.274,0.790,2.337,9.304,2.399
a,122623,0.000,8.445,36.000,8.445,3.208,0.286,-1.085,0.774,2.580,9.232,2.209
a,122627,0.000,9.829,36.000,9.829,13.096,-1.837,-3.986,-1.088,2.333,9.633,1.912
a,122631,0.000,5.930,36.000,5.930,14.019,0.057,1.205,0.912,1.499,8.938,2.541
a,122635,0.000,-1.162,36.000,-1.162,5.405,0.453,1.923,2.591,1.205,9.633,2.395
a,122639,0.000,-7.632,36.000,-7.632,2.637,1.599,2.991,-0.340,2.557,8.908,2.344
a,122643,0.000,-9.988,36.000,-9.988,15.161,0.148,1.205,0.729,2.491,9.396,1.484
a,122647,0.000,-6.949,36.000,-6.949,12.524,-0.569,-1.039,-0.020,2.339,9.470,2.224
a,122651,0.000,-0.150,36.000,-0.150,11.074,-0.401,-2.062,0.561,2.409,9.351,2.200
a,122656,0.000,6.733,36.000,6.733,3.164,0.408,1.434,0.667,1.689,9.274,2.349
a,122659,0.000,9.970,36.000,9.970,12.612,0.942,0.488,0.103,2.606,9.285,2.449
a,122663,0.000,7.795,36.000,7.795,13.843,-1.180,-1.222,0.103,2.233,9.528,1.871
a,122667,0.000,1.382,36.000,1.382,10.283,0.744,0.411,-0.233,2.053,9.297,2.272
a,122671,0.000,-5.786,36.000,-5.786,2.461,-1.516,-1.482,-0.645,1.555,9.542,2.186
a,122675,0.000,-9.806,36.000,-9.806,12.568,1.919,3.633,-1.073,1.802,8.905,2.619
a,122679,0.000,-8.477,36.000,-8.477,13.755,0.163,1.724,2.576,2.631,9.444,1.640
a,122683,0.000,-2.517,36.000,-2.517,5.977,0.026,-0.871,-1.165,2.288,9.418,1.915
a,122687,0.000,4.823,36.000,4.823,3.340,-0.127,-0.932,-0.020,2.170,9.369,2.388
a,122692,0.000,9.525,36.000,9.525,13.008,0.240,-1.802,-1.058,2.555,9.206,2.471
a,122696,0.000,9.007,36.000,9.007,15.293,-0.569,-0.444,-0.249,1.872,9.427,1.958
a,122699,0.000,3.544,36.000,3.544,2.417,1.003,1.572,-0.187,2.029,9.149,2.531
a,122703,0.000,-3.870,36.000,-3.870,2.505,-1.012,0.167,1.232,1.592,9.452,2.136
a,122707,0.000,-9.158,36.000,-9.158,11.118,1.782,1.846,-0.004,2.339,8.973,2.559
a,122711,0.000,-9.403,36.000,-9.403,14.019,-0.340,0.946,1.568,2.419,9.523,1.663
a,122716,0.000,-4.459,36.000,-4.459,11.777,0.530,0.533,0.103,2.108,9.213,2.194
a,122720,0.000,2.950,36.000,2.950,3.384,-0.600,-1.802,-0.493,2.631,9.406,2.132
a,122724,0.000,8.731,36.000,8.731,7.031,0.423,0.045,-0.050,2.070,9.191,2.398
a,122727,0.000,9.681,36.000,9.681,13.755,0.087,-0.764,0.026,2.212,9.303,2.144
a,122731,0.000,5.263,36.000,5.263,13.755,-0.737,-0.047,0.347,2.101,9.288,2.221
a,122735,0.000,-2.079,36.000,-2.079,2.461,-0.539,-2.352,-0.539,2.689,9.497,2.209
a,122739,0.000,-8.269,36.000,-8.269,3.208,0.576,1.908,0.881,1.726,9.123,2.336
a,122743,0.000,-9.860,36.000,-9.860,14.590,0.911,2.137,1.980,2.391,9.556,2.345
a,122748,0.000,-5.957,36.000,-5.957,13.140,-0.066,0.915,0.484,2.319,9.288,2.163
a,122752,0.000,1.271,36.000,1.271,9.536,-0.753,-2.062,-0.218,2.632,9.369,2.072
a,122755,0.000,7.793,36.000,7.793,3.516,-0.371,-1.299,-1.439,2.101,9.254,2.237
a,122759,0.000,9.960,36.000,9.960,3.340,0.026,-0.993,-0.829,2.224,9.292,2.407
a,122764,0.000,6.550,36.000,6.550,13.975,-0.188,0.640,-0.325,2.029,9.400,2.272
a,122767,0.000,-0.534,36.000,-0.534,7.515,0.072,-1.787,-0.355,2.715,9.510,2.110
a,122771,0.000,-7.322,36.000,-7.322,3.252,-1.608,-0.367,1.522,1.864,9.679,1.912
a,122775,0.000,-9.998,36.000,-9.998,14.062,1.537,2.656,-1.210,1.997,8.796,2.632
a,122779,0.000,-7.049,36.000,-7.049,5.361,0.179,0.869,0.194,2.762,9.503,1.744
a,122783,0.000,-0.126,36.000,-0.126,11.689,0.423,0.152,-0.218,2.124,9.313,2.109
a,122787,0.000,6.872,36.000,6.872,4.043,-0.050,-0.444,1.171,2.413,9.515,2.112
a,122791,0.000,9.991,36.000,9.991,3.867,-0.661,-2.780,-1.439,2.606,9.361,2.209
a,122795,0.000,7.461,36.000,7.461,13.052,-0.860,-0.993,0.042,1.556,9.264,2.145
a,122799,0.000,0.705,36.000,0.705,10.459,2.087,2.366,0.408,1.961,9.305,2.438
a,122803,0.000,-6.455,36.000,-6.455,3.867,-0.722,1.526,1.095,1.581,9.503,2.071
a,122808,0.000,-9.953,36.000,-9.953,16.611,1.919,2.549,-0.126,2.453,8.770,2.549
a,122811,0.000,-7.797,36.000,-7.797,17.271,-1.516,-1.970,-0.584,2.859,9.987,1.460
a,122815,0.000,-1.202,36.000,-1.202,13.271,0.652,-0.001,-0.478,1.815,8.944,2.465
a,122819,0.000,6.081,36.000,6.081,8.394,1.110,1.205,0.576,2.399,9.433,1.975
a,122823,0.000,9.899,36.000,9.899,12.480,-1.470,-3.863,-0.111,2.981,9.534,2.145
a,122827,0.000,8.064,36.000,8.064,4.526,0.026,-0.154,0.057,1.422,9.131,2.405
a,122831,0.000,1.616,36.000,1.616,11.733,0.240,-1.360,0.148,2.653,9.650,2.128
a,122835,0.000,-5.761,36.000,-5.761,6.855,-1.027,2.152,0.606,1.390,9.723,2.072
a,122840,0.000,-9.838,36.000,-9.838,13.799,2.469,2.930,-1.500,2.218,8.979,2.720
a,122844,0.000,-8.270,36.000,-8.270,16.523,-2.463,-2.734,-1.241,3.251,9.801,1.694
a,122847,0.000,-1.948,36.000,-1.948,4.570,0.423,0.060,0.271,1.624,8.990,2.376
a,122851,0.000,5.499,36.000,5.499,3.955,0.621,1.220,0.500,2.297,9.437,2.120
a,122855,0.000,9.781,36.000,9.781,13.931,-1.882,-4.673,0.133,2.731,9.531,2.128
a,122859,0.000,8.422,36.000,8.422,15.996,0.240,0.686,-1.592,1.360,9.049,2.354
a,122864,0.000,2.198,36.000,2.198,2.681,-0.035,-1.467,0.866,3.000,9.663,2.055
a,122868,0.000,-5.300,36.000,-5.300,3.208,-0.890,1.785,1.187,1.514,9.437,2.020
a,122872,0.000,-9.733,36.000,-9.733,3.428,2.347,2.824,-1.073,2.103,8.893,2.685
a,122875,0.000,-8.526,36.000,-8.526,16.523,-0.951,-0.917,1.675,2.844,9.646,1.602
a,122879,0.000,-2.368,36.000,-2.368,10.986,0.453,-0.062,-1.577,1.767,9.231,2.306
a,122883,0.000,5.169,36.000,5.169,3.823,-0.340,0.014,1.171,2.297,9.402,2.274
a,122887,0.000,9.702,36.000,9.702,11.821,-0.081,-0.978,0.790,2.476,9.224,2.370
a,122891,0.000,8.585,36.000,8.585,15.073,-0.325,-0.276,-1.012,1.852,9.345,1.973
a,122895,0.000,2.459,36.000,2.459,11.602,0.347,0.381,-0.493,2.241,9.293,2.344
a,122900,0.000,-5.106,36.000,-5.106,2.593,-0.630,-0.367,1.660,1.232,9.521,2.297
a,122904,0.000,-9.689,36.000,-9.689,11.646,1.965,2.625,-1.012,2.306,8.857,2.443
a,122907,0.000,-8.601,36.000,-8.601,15.073,-0.386,1.312,1.370,2.386,9.561,1.635
a,122912,0.000,-2.470,36.000,-2.470,11.689,0.270,0.259,-1.317,2.217,9.339,2.272
a,122916,0.000,5.114,36.000,5.114,3.384,-0.585,-2.169,0.103,2.611,9.493,2.174
a,122919,0.000,9.696,36.000,9.696,3.472,-0.386,-0.917,1.080,1.929,9.243,2.300
a,122923,0.000,8.575,36.000,8.575,14.766,0.682,0.732,0.103,2.137,9.273,2.363
a,122927,0.000,2.401,36.000,2.401,13.755,-0.585,0.320,-0.371,2.312,9.494,2.091
a,122931,0.000,-5.192,36.000,-5.192,2.769,0.438,-0.825,-1.180,2.726,9.066,2.004
a,122935,0.000,-9.723,36.000,-9.723,3.340,-0.844,0.549,0.393,1.858,9.687,1.900
a,122939,0.000,-8.506,36.000,-8.506,14.502,0.576,1.801,0.774,2.063,9.474,2.526
a,122943,0.000,-2.252,36.000,-2.252,11.865,0.179,0.304,-0.936,2.037,9.397,1.883
a,122947,0.000,5.340,36.000,5.340,3.428,0.728,0.946,0.500,2.355,9.189,2.428
a,122951,0.000,9.767,36.000,9.767,13.315,0.118,-2.841,-1.134,2.964,9.279,1.853
a,122955,0.000,8.391,36.000,8.391,6.943,-2.951,-5.329,-0.447,2.006,9.646,1.993
a,122960,0.000,2.022,36.000,2.022,10.195,2.576,3.602,0.545,1.292,8.911,2.835
a,122963,0.000,-5.555,36.000,-5.555,7.603,0.576,3.511,1.935,1.602,9.511,2.161
a,122967,0.000,-9.822,36.000,-9.822,4.614,1.507,3.144,0.026,2.616,9.248,2.354
a,122971,0.000,-8.226,36.000,-8.226,14.678,-0.539,-1.696,-1.302,2.759,9.521,1.681
a,122975,0.000,-1.710,36.000,-1.710,3.955,-1.089,-2.215,0.790,2.022,9.209,2.297
a,122979,0.000,5.833,36.000,5.833,3.428,1.156,1.526,0.729,1.788,8.953,2.587
a,122983,0.000,9.884,36.000,9.884,3.340,0.026,-0.596,0.851,2.682,9.452,1.954
a,122987,0.000,8.004,36.000,8.004,14.766,-0.768,-1.146,-0.890,2.028,9.279,2.036
a,122992,0.000,1.313,36.000,1.313,2.725,1.095,0.915,-1.226,2.132,9.293,2.352
a,122996,0.000,-6.171,36.000,-6.171,3.120,-1.455,0.717,1.339,1.724,9.506,1.967
a,122999,0.000,-9.941,36.000,-9.941,3.340,2.026,3.297,-1.500,1.883,8.854,2.661
a,123003,0.000,-7.717,36.000,-7.717,16.128,-0.264,1.098,2.240,2.624,9.734,1.754
a,123007,0.000,-0.832,36.000,-0.832,10.371,-0.249,-1.253,-1.058,2.264,9.408,2.099
a,123011,0.000,6.560,36.000,6.560,3.472,0.118,-0.260,-0.554,2.140,9.355,2.339
a,123015,0.000,9.984,36.000,9.984,11.821,-0.417,-1.726,0.087,2.328,9.175,2.133
a,123020,0.000,7.358,36.000,7.358,15.425,-0.203,-0.367,0.286,1.761,9.409,1.999
a,123024,0.000,0.265,36.000,0.265,2.593,0.789,-0.581,0.271,2.433,9.407,2.393
a,123027,0.000,-6.993,36.000,-6.993,3.252,-0.722,1.755,1.996,1.917,9.416,1.935
a,123031,0.000,-10.000,36.000,-10.000,14.590,1.308,2.137,-0.615,2.110,9.038,2.504
a,123035,0.000,-6.917,36.000,-6.917,16.128,-0.417,0.930,0.637,2.744,9.510,1.522
a,123039,0.000,0.386,36.000,0.386,10.459,-0.142,-0.337,-0.630,2.108,9.363,2.195
a,123043,0.000,7.457,36.000,7.457,3.428,-0.020,0.671,1.309,2.110,9.327,2.149
a,123048,0.000,9.972,36.000,9.972,16.523,-1.241,-4.321,-0.111,2.664,9.503,2.034
a,123052,0.000,6.384,36.000,6.384,15.249,-0.463,-0.230,-0.035,1.346,9.178,2.377
a,123055,0.000,-1.119,36.000,-1.119,2.505,2.301,2.152,0.515,2.203,9.303,2.557
a,123060,0.000,-7.939,36.000,-7.939,2.505,-0.447,1.908,1.950,2.072,9.607,1.706
a,123063,0.000,-9.885,36.000,-9.885,10.415,0.820,0.533,-0.936,2.103,9.097,2.559
a,123067,0.000,-5.750,36.000,-5.750,13.359,-0.814,-0.260,0.622,2.757,9.458,1.586
a,123071,0.000,1.928,36.000,1.928,2.681,0.179,0.381,-1.363,1.689,9.276,2.127
a,123075,0.000,8.421,36.000,8.421,2.593,0.041,0.060,1.446,2.357,9.226,2.316
a,123079,0.000,9.718,36.000,9.718,2.593,-0.417,-0.581,0.835,2.292,9.244,2.212
a,123083,0.000,5.007,36.000,5.007,14.019,0.011,0.259,-0.432,1.836,9.409,2.004
a,123087,0.000,-2.805,36.000,-2.805,8.789,0.026,-0.581,0.561,2.555,9.269,2.217
a,123091,0.000,-8.883,36.000,-8.883,6.899,-1.302,-0.917,0.927,1.579,9.509,2.418
a,123095,0.000,-9.452,36.000,-9.452,13.271,1.202,2.625,-0.844,2.132,9.191,2.447
a,123099,0.000,-4.149,36.000,-4.149,3.296,-0.111,1.144,1.858,2.608,9.705,1.776
a,123103,0.000,3.738,36.000,3.738,2.812,0.133,0.045,-0.707,2.156,9.321,2.083
a,123107,0.000,9.300,36.000,9.300,2.812,-0.157,-0.550,-1.012,2.334,9.437,2.283
a,123112,0.000,9.066,36.000,9.066,12.437,-0.600,-1.955,-0.951,2.297,9.184,2.206
a,123116,0.000,3.171,36.000,3.171,13.315,-0.340,-0.031,-1.348,1.695,9.284,2.067
a,123119,0.000,-4.709,36.000,-4.709,6.636,0.744,-0.459,0.912,2.944,8.984,2.133
a,123123,0.000,-9.646,36.000,-9.646,15.952,1.400,3.709,1.400,1.506,9.391,2.184
a,123127,0.000,-8.540,36.000,-8.540,15.908,0.835,0.793,-0.722,2.539,9.297,2.452
a,123131,0.000,-2.076,36.000,-2.076,3.867,-0.295,-1.100,0.637,2.264,9.267,1.985
a,123135,0.000,5.696,36.000,5.696,6.064,1.003,0.595,-0.447,2.017,9.549,2.417
a,123139,0.000,9.889,36.000,9.889,11.953,-0.905,-1.879,1.141,2.557,9.366,1.907
a,123143,0.000,7.856,36.000,7.856,15.381,-0.646,-1.726,0.148,1.765,9.275,2.243
a,123148,0.000,0.869,36.000,0.869,8.877,1.415,2.762,-0.508,1.879,9.276,2.355
a,123152,0.000,-6.671,36.000,-6.671,3.208,-0.630,-0.596,1.629,1.932,9.523,2.184
a,123155,0.000,-9.997,36.000,-9.997,14.678,1.644,2.930,-1.058,2.160,8.960,2.479
a,123159,0.000,-6.999,36.000,-6.999,16.040,-0.279,0.259,2.835,2.722,9.742,1.589
a,123163,0.000,0.436,36.000,0.436,11.602,0.087,-0.260,1.492,2.078,9.164,2.174
a,123167,0.000,7.598,36.000,7.598,3.384,0.637,2.304,1.080,1.799,9.298,2.380
a,123171,0.000,9.937,36.000,9.937,3.120,-1.684,-4.810,-0.157,3.273,9.614,2.036
a,123175,0.000,5.957,36.000,5.957,15.117,-1.531,-1.787,-1.302,1.459,9.210,2.313
a,123180,0.000,-1.818,36.000,-1.818,7.603,1.278,0.320,-3.149,2.956,8.832,2.215
a,123184,0.000,-8.438,36.000,-8.438,2.681,-0.554,3.129,2.194,2.115,9.573,1.668
a,123187,0.000,-9.675,36.000,-9.675,15.337,1.660,2.854,0.729,1.997,9.120,2.787
a,123191,0.000,-4.729,36.000,-4.729,14.019,-0.234,-1.039,0.087,3.322,9.533,1.601
a,123195,0.000,3.246,36.000,3.246,7.515,-0.554,-1.955,1.584,2.023,9.295,2.109
a,123199,0.000,9.145,36.000,9.145,2.812,1.003,2.060,-0.035,1.742,9.061,2.370
a,123203,0.000,9.181,36.000,9.181,15.425,-1.760,-3.757,-1.760,2.775,9.586,1.954
a,123207,0.000,3.320,36.000,3.320,14.722,0.530,1.129,-1.775,1.208,8.960,2.410
a,123211,0.000,-4.679,36.000,-4.679,2.461,0.377,0.427,2.545,1.500,9.697,2.549
a,123215,0.000,-9.669,36.000,-9.669,15.029,1.339,2.793,1.293,2.453,8.899,2.282
a,123219,0.000,-8.428,36.000,-8.428,15.381,0.896,2.747,0.530,2.297,9.483,1.636
a,123223,0.000,-1.747,36.000,-1.747,13.271,-0.142,-1.299,0.148,2.697,9.366,2.119
a,123228,0.000,6.067,36.000,6.067,6.636,-0.722,-2.596,-0.768,2.261,9.363,2.174
a,123231,0.000,9.959,36.000,9.959,3.384,-0.249,0.091,-0.584,1.810,9.268,2.316
a,123235,0.000,7.401,36.000,7.401,15.952,0.133,0.396,-0.187,2.184,9.481,2.094
a,123239,0.000,0.042,36.000,0.042,2.769,0.560,1.266,0.576,2.078,9.222,2.303
a,123243,0.000,-7.349,36.000,-7.349,3.164,-0.432,-1.589,-0.813,2.486,9.704,2.088
a,123247,0.000,-9.964,36.000,-9.964,13.271,-0.035,0.610,0.652,2.016,9.158,2.395
a,123252,0.000,-6.094,36.000,-6.094,13.315,0.255,1.602,1.324,2.193,9.501,1.820
a,123255,0.000,1.750,36.000,1.750,10.195,0.240,0.747,-0.447,2.405,9.377,2.128
a,123259,0.000,8.456,36.000,8.456,3.340,0.438,-0.230,-1.088,2.066,9.280,2.253
a,123263,0.000,9.640,36.000,9.640,15.337,-0.539,-2.932,-1.287,2.835,9.239,2.017
a,123267,0.000,4.517,36.000,4.517,14.414,-1.638,-2.352,-1.271,1.665,9.462,2.097
a,123272,0.000,-3.567,36.000,-3.567,2.769,-1.043,-0.596,-1.119,2.878,9.007,2.483
a,123276,0.000,-9.315,36.000,-9.315,3.823,1.018,4.106,1.919,1.970,9.443,1.975
a,123280,0.000,-8.950,36.000,-8.950,14.766,0.652,1.587,1.080,2.551,9.528,2.207
a,123283,0.000,-2.700,36.000,-2.700,13.315,-1.531,-2.886,-0.829,3.314,9.352,2.018
a,123287,0.000,5.330,36.000,5.330,3.911,-0.234,0.427,-0.218,1.463,9.397,2.175
a,123291,0.000,9.852,36.000,9.852,12.305,1.293,0.610,0.362,2.726,8.920,2.300
a,123295,0.000,7.874,36.000,7.874,15.381,-4.401,-6.520,-0.172,2.222,9.947,1.782
a,123300,0.000,0.693,36.000,0.693,12.393,2.408,2.274,-1.760,1.592,8.726,2.855
a,123303,0.000,-6.950,36.000,-6.950,2.812,0.270,3.190,2.316,2.370,9.882,1.713
a,123307,0.000,-9.994,36.000,-9.994,3.340,0.789,1.877,0.545,2.337,9.134,2.383
a,123312,0.000,-6.412,36.000,-6.412,15.996,0.438,0.381,-0.829,2.804,9.298,1.512
a,123315,0.000,1.429,36.000,1.429,10.459,-1.409,-2.596,-0.157,2.544,9.528,2.043
a,123319,0.000,8.323,36.000,8.323,3.428,0.606,0.442,-0.508,1.788,8.797,2.431
a,123323,0.000,9.682,36.000,9.682,14.370,-0.310,-1.619,-0.126,2.638,9.527,2.021
a,123327,0.000,4.589,36.000,4.589,14.590,-0.707,-0.047,0.835,1.753,9.251,2.320
a,123331,0.000,-3.568,36.000,-3.568,7.427,1.125,-0.780,-1.989,3.121,8.893,2.228
a,123335,0.000,-9.346,36.000,-9.346,11.602,-0.188,1.541,1.400,1.784,9.612,2.059
a,123339,0.000,-8.875,36.000,-8.875,13.315,1.370,1.694,-0.722,1.991,9.052,2.662
a,123343,0.000,-2.461,36.000,-2.461,11.030,0.301,0.610,1.095,2.482,9.442,2.012
a,123347,0.000,5.607,36.000,5.607,3.208,0.240,-0.734,0.713,2.382,9.386,2.240
a,123351,0.000,9.914,36.000,9.914,2.681,-0.081,-0.474,0.622,2.125,9.224,2.028
a,123355,0.000,7.560,36.000,7.560,15.249,-1.898,-3.482,-0.111,2.266,9.663,2.006
a,123359,0.000,0.117,36.000,0.117,10.283,1.110,0.228,-0.355,1.733,9.130,2.549
a,123364,0.000,-7.408,36.000,-7.408,2.549,0.194,3.343,1.446,1.926,9.489,2.030
a,123367,0.000,-9.939,36.000,-9.939,10.986,1.553,2.732,1.461,2.429,9.301,2.266
a,123371,0.000,-5.758,36.000,-5.758,6.724,0.224,-0.062,-0.478,2.662,9.445,1.591
a,123375,0.000,2.319,36.000,2.319,3.428,-0.432,-1.741,-0.981,2.406,9.373,2.260
a,123379,0.000,8.830,36.000,8.830,3.164,-0.188,-1.329,1.187,2.212,9.341,2.161
a,123383,0.000,9.358,36.000,9.358,15.864,-0.096,-0.978,-1.287,2.233,9.294,2.333
a,123388,0.000,3.535,36.000,3.535,13.315,0.179,0.656,-0.294,1.963,9.346,2.206
a,123392,0.000,-4.694,36.000,-4.694,2.637,-0.875,-2.062,-1.088,3.363,8.963,2.053
a,123395,0.000,-9.733,36.000,-9.733,3.252,0.072,1.526,0.469,1.577,9.416,2.272
a,123400,0.000,-8.143,36.000,-8.143,5.933,0.957,1.602,1.584,2.321,9.436,2.502
a,123403,0.000,-0.999,36.000,-0.999,11.689,0.286,0.442,0.637,2.206,9.238,2.061
a,123407,0.000,6.832,36.000,6.832,3.516,0.560,-0.230,-1.516,2.162,9.474,2.286
a,123411,0.000,9.994,36.000,9.994,13.711,-0.707,-2.215,-0.065,2.678,9.159,2.022
a,123416,0.000,6.316,36.000,6.316,14.766,-1.256,-1.970,-0.371,1.721,9.377,2.215
a,123420,0.000,-1.693,36.000,-1.693,10.195,1.171,2.640,1.141,1.751,9.075,2.470
a,123423,0.000,-8.544,36.000,-8.544,3.208,0.728,0.732,0.576,2.553,9.783,2.164
a,123427,0.000,-9.528,36.000,-9.528,15.952,0.957,1.679,-0.096,2.206,9.012,2.411
a,123431,0.000,-3.957,36.000,-3.957,15.996,-0.310,-0.444,-0.203,2.679,9.646,1.802
a,123435,0.000,4.342,36.000,4.342,3.823,0.453,-0.123,-0.600,1.945,9.109,2.115
a,123439,0.000,9.651,36.000,9.651,3.340,0.896,2.518,0.805,2.000,9.194,2.324
a,123443,0.000,8.298,36.000,8.298,15.381,-1.256,-4.276,-0.325,2.865,9.638,1.709
a,123447,0.000,1.208,36.000,1.208,11.118,-0.127,-0.047,1.064,1.335,9.039,2.472
a,123452,0.000,-6.722,36.000,-6.722,2.812,0.148,2.304,1.202,1.367,9.378,2.375
a,123455,0.000,-9.997,36.000,-9.997,11.909,1.675,4.106,1.797,2.406,9.129,2.309
a,123459,0.000,-6.337,36.000,-6.337,15.952,0.606,1.984,0.194,2.231,9.537,1.993
a,123464,0.000,1.727,36.000,1.727,3.955,-0.600,-1.619,-0.447,2.539,9.300,1.963
a,123467,0.000,8.594,36.000,8.594,3.472,0.163,-0.978,-1.027,1.982,9.134,2.406
a,123471,0.000,9.479,36.000,9.479,3.296,-0.081,-2.337,0.164,2.720,9.319,2.125
a,123475,0.000,3.754,36.000,3.754,3.208,-1.730,-1.726,0.103,1.938,9.475,2.024
a,123479,0.000,-4.594,36.000,-4.594,6.987,1.125,0.640,0.148,2.370,8.983,2.538
a,123483,0.000,-9.735,36.000,-9.735,13.096,0.423,2.686,1.034,2.209,9.407,1.872
a,123487,0.000,-8.065,36.000,-8.065,15.908,0.087,1.037,0.958,2.269,9.452,2.191
a,123491,0.000,-0.744,36.000,-0.744,10.283,0.011,-0.169,-1.012,2.225,9.143,2.126
a,123495,0.000,7.103,36.000,7.103,3.472,0.072,0.259,-0.875,2.100,9.479,2.255
a,123499,0.000,9.965,36.000,9.965,3.340,-0.340,-3.879,-2.569,3.043,9.334,1.841
a,123503,0.000,5.819,36.000,5.819,16.479,-2.020,-2.718,-0.676,1.465,9.372,2.291
a,123507,0.000,-2.426,36.000,-2.426,10.239,2.744,5.098,1.935,1.401,8.814,2.928
a,123512,0.000,-8.964,36.000,-8.964,2.505,-0.798,0.503,1.599,2.585,9.998,1.805
a,123516,0.000,-9.179,36.000,-9.179,13.228,1.095,1.037,-0.645,2.184,9.005,2.507
a,123519,0.000,-2.906,36.000,-2.906,13.052,-0.508,-0.856,0.744,2.632,9.499,1.616
a,123523,0.000,5.426,36.000,5.426,3.999,-0.676,-0.749,1.309,2.029,9.396,2.207
a,123527,0.000,9.918,36.000,9.918,10.195,0.667,1.007,0.454,2.010,9.385,2.459
a,123531,0.000,7.377,36.000,7.377,14.502,-0.417,-1.696,-0.111,2.772,9.497,2.057
a,123535,0.000,-0.404,36.000,-0.404,9.756,-0.447,-0.780,-0.081,1.845,9.305,2.179
a,123540,0.000,-7.901,36.000,-7.901,2.593,-0.340,-1.757,-1.745,2.887,9.251,2.119
a,123544,0.000,-9.777,36.000,-9.777,12.656,0.728,2.091,0.332,1.810,9.007,2.541
a,123547,0.000,-4.685,36.000,-4.685,13.228,1.049,2.625,0.820,2.328,9.468,2.191
a,123551,0.000,3.754,36.000,3.754,3.428,-0.325,-0.260,-0.645,2.460,9.294,1.861
a,123555,0.000,9.514,36.000,9.514,3.208,0.087,-0.092,1.034,1.961,9.311,2.297
a,123559,0.000,8.470,36.000,8.470,15.293,0.057,-3.925,-1.165,3.230,9.384,1.941
a,123564,0.000,1.359,36.000,1.359,10.415,-2.600,-2.993,0.164,1.431,9.653,2.249
a,123568,0.000,-6.730,36.000,-6.730,2.505,1.812,3.816,-0.111,0.594,8.978,3.150
a,123572,0.000,-9.991,36.000,-9.991,13.140,1.965,5.465,2.225,2.726,9.346,1.914
a,123575,0.000,-6.071,36.000,-6.071,6.812,-0.127,0.564,1.263,2.617,9.699,1.978
a,123579,0.000,2.221,36.000,2.221,9.624,0.072,-1.405,-0.035,2.391,9.225,2.005
a,123583,0.000,8.916,36.000,8.916,8.965,-0.921,-1.894,-0.187,2.115,9.358,2.326
a,123587,0.000,9.181,36.000,9.181,16.040,0.163,-1.344,-0.844,2.319,9.078,2.307
a,123591,0.000,2.813,36.000,2.813,11.206,-1.394,-0.810,1.477,1.926,9.439,2.090
a,123595,0.000,-5.592,36.000,-5.592,2.505,0.148,0.732,1.782,1.299,9.413,2.682
a,123600,0.000,-9.952,36.000,-9.952,3.384,1.446,3.617,0.881,2.405,8.819,2.076
a,123604,0.000,-7.098,36.000,-7.098,16.655,-0.096,0.717,-0.554,2.349,9.926,1.885
a,123608,0.000,0.911,36.000,0.911,3.428,0.774,0.824,-1.500,2.327,9.112,2.316
a,123612,0.000,8.261,36.000,8.261,3.823,0.041,-1.634,0.316,2.386,9.507,2.048
a,123616,0.000,9.603,36.000,9.603,14.546,-0.722,-2.383,-0.875,2.168,9.352,2.438
a,123619,0.000,3.949,36.000,3.949,15.161,0.438,0.335,-0.569,1.924,9.331,2.206
a,123623,0.000,-4.589,36.000,-4.589,3.164,-0.050,-0.764,-0.447,2.429,9.652,2.195
a,123627,0.000,-9.779,36.000,-9.779,3.252,0.041,2.152,1.767,1.577,9.349,2.167
a,123631,0.000,-7.820,36.000,-7.820,14.502,1.110,1.602,0.591,2.357,9.127,2.241
a,123635,0.000,-0.135,36.000,-0.135,11.733,-1.409,-1.451,0.484,2.715,9.791,1.964
a,123639,0.000,7.653,36.000,7.653,6.724,0.530,-0.337,-0.157,2.142,9.311,2.653
a,123643,0.000,9.827,36.000,9.827,3.428,0.026,-0.795,0.515,2.515,9.544,1.853
a,123647,0.000,4.781,36.000,4.781,15.469,-1.898,-3.436,-0.111,2.300,9.459,2.105
a,123651,0.000,-3.785,36.000,-3.785,3.164,0.087,-1.634,-0.340,2.168,9.163,2.336
a,123655,0.000,-9.567,36.000,-9.567,3.384,0.316,3.037,2.423,1.563,9.816,2.114
a,123659,0.000,-8.295,36.000,-8.295,15.161,2.652,3.709,1.324,2.290,9.057,2.424
a,123664,0.000,-0.897,36.000,-0.897,4.131,-0.585,-0.993,-0.187,2.860,9.616,1.386
a,123667,0.000,7.168,36.000,7.168,3.867,-0.478,-0.749,-0.462,2.000,9.394,2.309
a,123671,0.000,9.931,36.000,9.931,3.428,1.370,0.488,-0.676,2.601,8.976,2.395
a,123675,0.000,5.335,36.000,5.335,3.340,-3.272,-6.505,-0.645,2.703,9.896,1.690
a,123679,0.000,-3.222,36.000,-3.222,9.624,2.301,2.732,-0.050,0.953,8.659,2.838
a,123683,0.000,-9.389,36.000,-9.389,9.492,1.247,4.228,2.667,1.706,9.493,2.218
a,123688,0.000,-8.574,36.000,-8.574,15.249,0.438,1.633,1.232,2.557,8.999,2.455
a,123692,0.000,-1.374,36.000,-1.374,14.370,0.057,-0.062,-1.348,2.624,9.425,1.420
a,123695,0.000,6.855,36.000,6.855,3.955,-0.463,-1.451,0.469,2.352,9.370,2.186
a,123699,0.000,9.969,36.000,9.969,11.821,0.728,-0.169,0.225,1.973,9.295,2.405
a,123703,0.000,5.633,36.000,5.633,3.516,-1.302,-1.848,-0.279,2.383,9.631,1.899
a,123708,0.000,-2.921,36.000,-2.921,8.130,0.179,-0.138,0.637,2.415,8.786,2.120
a,123711,0.000,-9.290,36.000,-9.290,3.823,0.682,3.724,1.385,1.530,9.584,2.085
a,123716,0.000,-8.693,36.000,-8.693,17.271,0.576,1.327,1.171,2.624,9.653,2.240
a,123720,0.000,-1.566,36.000,-1.566,13.843,-0.035,-0.047,0.057,2.562,9.246,1.624
a,123724,0.000,6.742,36.000,6.742,4.175,1.431,0.778,0.347,2.069,9.331,2.342
a,123727,0.000,9.978,36.000,9.978,13.711,0.163,-0.291,0.637,2.424,9.054,2.212
a,123731,0.000,5.692,36.000,5.692,14.019,-2.356,-4.810,-0.355,2.271,9.653,1.955
a,123735,0.000,-2.892,36.000,-2.892,3.428,0.057,-0.596,-0.478,1.755,9.018,2.418
a,123739,0.000,-9.294,36.000,-9.294,3.867,0.850,4.381,1.980,1.413,9.639,2.344
a,123743,0.000,-8.668,36.000,-8.668,14.414,1.934,2.900,1.782,2.500,9.091,2.266
a,123748,0.000,-1.474,36.000,-1.474,13.799,-0.157,-1.405,-0.447,2.944,9.306,1.528
a,123751,0.000,6.840,36.000,6.840,4.087,-0.096,-1.085,-0.584,1.970,9.602,2.246
a,123755,0.000,9.964,36.000,9.964,13.271,1.049,-0.108,-0.386,2.246,9.013,2.424
a,123760,0.000,5.514,36.000,5.514,14.546,-2.630,-4.337,-1.989,2.286,9.896,1.867
a,123763,0.000,-3.136,36.000,-3.136,4.922,1.934,2.411,1.293,1.319,8.837,2.679
a,123767,0.000,-9.400,36.000,-9.400,2.725,0.652,2.595,0.576,1.745,9.641,2.245
a,123771,0.000,-8.493,36.000,-8.493,13.975,0.408,1.282,0.225,2.437,9.152,2.351
a,123775,0.000,-1.097,36.000,-1.097,11.909,0.499,-0.428,-0.722,2.545,9.249,1.930
a,123779,0.000,7.142,36.000,7.142,3.340,-0.417,-0.978,-0.310,2.427,9.471,1.988
a,123783,0.000,9.915,36.000,9.915,12.480,-0.585,-0.749,-0.310,1.951,9.331,2.218
a,123787,0.000,5.086,36.000,5.086,14.019,0.362,0.060,1.110,2.266,9.276,2.367
a,123791,0.000,-3.650,36.000,-3.650,3.120,-0.340,0.625,2.011,2.106,9.404,2.090
a,123795,0.000,-9.584,36.000,-9.584,3.252,-0.676,-1.879,-2.126,3.051,9.255,2.155
a,123799,0.000,-8.145,36.000,-8.145,16.611,-0.234,1.541,1.187,1.757,9.400,2.088
a,123803,0.000,-0.429,36.000,-0.429,12.568,0.240,0.243,0.408,2.513,9.386,2.167
a,123807,0.000,7.621,36.000,7.621,3.867,-0.157,1.617,-0.508,2.121,9.258,1.993
a,123812,0.000,9.789,36.000,9.789,11.118,0.438,-0.047,-0.661,2.515,9.479,2.191
a,123815,0.000,4.387,36.000,4.387,3.867,-1.806,-4.596,-0.707,2.528,9.471,1.822
a,123819,0.000,-4.414,36.000,-4.414,3.428,-0.218,-0.978,-1.012,1.537,9.125,2.531
a,123823,0.000,-9.797,36.000,-9.797,9.844,-0.356,1.266,-0.020,1.765,9.444,2.516
a,123827,0.000,-7.579,36.000,-7.579,16.084,1.934,3.984,1.706,2.389,9.097,2.405
a,123831,0.000,0.531,36.000,0.531,12.656,-0.600,-1.467,-1.378,2.701,9.697,1.550
a,123835,0.000,8.231,36.000,8.231,4.087,-1.699,-3.360,-0.462,2.057,9.398,2.483
a,123840,0.000,9.522,36.000,9.522,13.140,1.263,-0.428,-0.951,2.197,9.175,2.389
a,123843,0.000,3.388,36.000,3.388,12.524,-2.340,-3.787,0.438,2.541,9.810,1.730
a,123847,0.000,-5.395,36.000,-5.395,3.384,0.499,1.266,-0.966,1.354,8.832,2.589
a,123851,0.000,-9.964,36.000,-9.964,3.384,0.194,3.450,1.125,1.568,9.536,2.133
a,123855,0.000,-6.735,36.000,-6.735,16.611,1.278,1.541,0.438,2.608,9.185,2.383
a,123859,0.000,1.774,36.000,1.774,13.228,-0.753,-0.612,0.194,2.364,9.510,1.636
a,123864,0.000,8.895,36.000,8.895,7.295,0.453,-0.154,-0.172,2.163,9.264,2.161
a,123868,0.000,9.031,36.000,9.031,13.096,-0.325,-1.787,-0.615,2.358,9.471,2.043
a,123872,0.000,2.064,36.000,2.064,13.052,-1.104,-2.215,-0.691,2.274,9.597,2.139
a,123875,0.000,-6.532,36.000,-6.532,3.472,0.133,-1.787,0.179,2.187,9.307,2.221
a,123879,0.000,-9.981,36.000,-9.981,4.043,0.301,3.663,2.057,1.352,9.663,2.205
a,123883,0.000,-5.552,36.000,-5.552,16.128,1.125,1.923,1.706,2.391,9.391,2.535
a,123887,0.000,3.268,36.000,3.268,4.219,-1.150,-1.192,-0.569,2.691,9.537,1.668
a,123891,0.000,9.505,36.000,9.505,4.043,0.515,2.091,0.652,1.431,9.637,2.276
a,123896,0.000,8.215,36.000,8.215,15.337,-0.569,-4.337,-3.180,3.478,9.335,2.037
a,123900,0.000,0.407,36.000,0.407,3.428,-2.798,-2.566,-1.928,1.421,9.436,2.206
a,123903,0.000,-7.728,36.000,-7.728,3.296,3.049,3.541,-1.317,1.917,8.643,2.641
a,123908,0.000,-9.721,36.000,-9.721,13.887,-0.066,3.969,2.698,2.561,9.664,1.513
a,123912,0.000,-3.975,36.000,-3.975,4.790,0.606,0.869,-1.271,2.070,9.390,2.610
a,123915,0.000,4.942,36.000,4.942,7.471,-0.142,-1.772,0.790,3.124,9.140,1.544
a,123919,0.000,9.919,36.000,9.919,13.711,-0.066,2.243,1.675,1.255,9.452,2.211
a,123923,0.000,6.972,36.000,6.972,15.117,-0.172,-3.619,-2.737,3.030,9.290,1.913
a,123927,0.000,-1.554,36.000,-1.554,7.559,-3.485,-3.176,0.866,1.976,9.649,2.105
a,123931,0.000,-8.839,36.000,-8.839,2.681,1.522,2.610,-1.317,0.694,9.049,3.178
a,123935,0.000,-9.039,36.000,-9.039,13.140,1.614,3.938,1.690,3.176,9.379,1.913
a,123939,0.000,-1.981,36.000,-1.981,13.096,-0.921,-0.199,0.881,2.266,9.705,1.951
a,123943,0.000,6.673,36.000,6.673,3.252,0.331,-0.428,-0.875,2.201,9.160,2.097
a,123947,0.000,9.959,36.000,9.959,3.296,-1.180,-3.238,1.996,2.713,9.428,2.155
a,123951,0.000,5.222,36.000,5.222,15.908,-0.783,-1.100,-2.050,1.517,9.237,2.164
a,123955,0.000,-3.731,36.000,-3.731,9.009,1.095,2.182,-0.875,2.020,9.199,2.344
a,123960,0.000,-9.674,36.000,-9.674,2.637,0.453,0.137,0.423,2.946,9.141,1.894
a,123964,0.000,-7.795,36.000,-7.795,2.812,0.392,1.312,-0.752,1.913,9.455,2.017
a,123967,0.000,0.397,36.000,0.397,11.865,0.286,-0.703,-0.325,2.342,9.454,2.328
a,123971,0.000,8.271,36.000,8.271,2.681,-0.371,0.304,0.805,1.930,9.176,2.277
a,123975,0.000,9.435,36.000,9.435,3.164,1.370,0.762,-0.752,2.383,9.280,2.263
a,123979,0.000,2.931,36.000,2.931,14.502,-1.745,-3.222,-1.424,2.853,9.528,1.856
a,123983,0.000,-5.960,36.000,-5.960,3.340,0.057,-0.108,-0.722,1.650,9.157,2.438
a,123987,0.000,-10.000,36.000,-10.000,13.096,-0.035,-0.215,0.118,2.377,9.601,2.237
a,123991,0.000,-5.885,36.000,-5.885,15.337,0.087,2.518,1.034,2.022,9.239,2.316
a,123996,0.000,3.038,36.000,3.038,10.415,0.530,1.816,1.538,2.507,9.559,1.961
a,123999,0.000,9.481,36.000,9.481,7.383,-1.440,-2.184,-1.791,2.592,9.500,1.891
a,124003,0.000,8.165,36.000,8.165,13.096,-0.050,-0.978,-0.966,2.070,9.263,2.397
a,124007,0.000,0.157,36.000,0.157,11.953,-0.478,-2.001,-0.386,2.255,9.418,2.145
a,124011,0.000,-7.984,36.000,-7.984,3.340,0.163,0.717,-1.271,1.854,9.363,2.403
a,124016,0.000,-9.569,36.000,-9.569,3.296,0.041,0.701,-0.050,2.518,9.679,2.277
a,124019,0.000,-3.283,36.000,-3.283,12.305,0.255,0.228,0.698,2.337,9.342,2.252
a,124024,0.000,5.709,36.000,5.709,3.296,-0.463,-1.528,-0.493,2.391,9.615,2.010
a,124028,0.000,9.998,36.000,9.998,3.340,-0.142,0.610,0.820,1.957,9.035,2.349
a,124031,0.000,6.035,36.000,6.035,13.315,0.331,-0.215,-0.875,2.310,9.151,2.205
a,124035,0.000,-2.918,36.000,-2.918,3.252,-1.302,-1.986,0.332,2.156,9.531,1.891
a,124040,0.000,-9.460,36.000,-9.460,3.208,1.049,0.824,-0.081,1.823,9.122,2.535
a,124044,0.000,-8.167,36.000,-8.167,12.480,-0.188,0.885,0.530,1.877,9.499,2.229
a,124047,0.000,-0.098,36.000,-0.098,11.118,1.049,1.755,0.164,2.333,9.050,2.386
a,124052,0.000,8.056,36.000,8.056,3.208,-0.310,-0.535,-0.371,2.342,9.664,2.067
a,124055,0.000,9.514,36.000,9.514,3.296,0.224,-0.932,-0.905,2.440,9.309,2.425
a,124059,0.000,3.052,36.000,3.052,11.777,-0.249,-0.902,0.286,2.150,9.474,1.919
a,124063,0.000,-5.957,36.000,-5.957,3.164,-0.234,0.243,1.034,1.944,9.177,2.406
a,124067,0.000,-9.999,36.000,-9.999,3.164,-0.203,-0.932,-0.020,2.800,9.316,2.174
a,124071,0.000,-5.687,36.000,-5.687,13.008,-0.295,1.816,1.721,2.010,9.348,2.002
a,124075,0.000,3.384,36.000,3.384,8.394,0.255,0.350,1.248,2.450,9.792,2.203
a,124079,0.000,9.625,36.000,9.625,3.296,-0.982,-1.512,-1.592,2.513,9.369,2.174
a,124083,0.000,7.797,36.000,7.797,14.502,0.163,0.503,-0.508,1.626,9.185,2.266
a,124087,0.000,-0.578,36.000,-0.578,3.428,-0.524,-1.253,0.148,2.551,9.309,2.132
a,124091,0.000,-8.471,36.000,-8.471,3.252,-0.020,0.518,1.095,1.870,9.319,2.218
a,124095,0.000,-9.238,36.000,-9.238,3.384,0.286,0.549,0.087,2.508,9.420,2.109
a,124099,0.000,-2.221,36.000,-2.221,13.096,-0.569,-0.154,1.828,2.342,9.602,2.037
a,124104,0.000,6.673,36.000,6.673,3.296,0.744,0.228,1.141,2.100,9.299,2.332
a,124107,0.000,9.934,36.000,9.934,12.393,-0.478,-0.856,-1.073,2.119,9.418,1.969
a,124111,0.000,4.795,36.000,4.795,13.887,0.530,0.182,0.896,2.271,9.105,2.488
a,124115,0.000,-4.406,36.000,-4.406,3.296,-0.264,-0.215,-0.752,2.187,9.446,1.960
a,124119,0.000,-9.876,36.000,-9.876,9.624,0.240,0.274,-0.142,2.249,9.367,2.370
a,124123,0.000,-6.966,36.000,-6.966,13.799,0.301,0.457,1.187,2.362,9.319,2.085
a,124127,0.000,1.865,36.000,1.865,10.547,0.179,-0.123,0.164,2.288,9.352,2.184
a,124131,0.000,9.113,36.000,9.113,5.229,-0.050,-0.383,-0.523,2.442,9.451,2.154
a,124135,0.000,8.602,36.000,8.602,4.834,0.041,0.075,1.324,2.101,9.209,2.211
a,124139,0.000,0.754,36.000,0.754,11.689,-0.340,-0.215,2.042,2.234,9.444,2.082
a,124143,0.000,-7.741,36.000,-7.741,3.252,0.011,-0.108,-0.600,2.201,9.237,2.295
a,124148,0.000,-9.622,36.000,-9.622,3.340,0.072,0.289,0.729,2.473,9.088,1.988
a,124152,0.000,-3.267,36.000,-3.267,12.480,0.301,1.098,1.293,1.979,9.258,2.149
a,124155,0.000,5.890,36.000,5.890,5.405,0.240,-0.215,0.103,2.333,9.536,2.259
a,124159,0.000,9.998,36.000,9.998,3.384,-0.707,-1.528,-1.149,2.421,9.461,2.350
a,124163,0.000,5.519,36.000,5.519,14.414,0.438,0.213,-0.493,2.233,9.406,2.265
a,124167,0.000,-3.708,36.000,-3.708,3.252,-0.860,-1.344,-0.020,2.255,9.462,2.065
a,124171,0.000,-9.746,36.000,-9.746,3.296,0.347,0.656,0.255,2.060,9.159,2.434
a,124175,0.000,-7.384,36.000,-7.384,15.117,0.133,1.114,0.774,2.240,9.503,2.096
a,124180,0.000,1.353,36.000,1.353,10.942,-0.081,-0.321,0.347,2.358,9.408,2.162
a,124184,0.000,8.925,36.000,8.925,3.208,0.347,-0.154,-0.279,2.261,9.361,2.230
a,124188,0.000,8.778,36.000,8.778,16.128,-0.722,-0.749,-0.462,2.115,9.315,2.215
a,124191,0.000,1.027,36.000,1.027,13.711,0.057,0.030,-0.233,2.327,9.155,2.207
a,124195,0.000,-7.618,36.000,-7.618,2.812,-0.646,-0.215,-0.218,2.072,9.486,1.992
a,124199,0.000,-9.651,36.000,-9.651,12.349,-0.035,0.350,0.255,2.155,9.322,2.324
a,124203,0.000,-3.294,36.000,-3.294,13.184,-0.127,0.778,1.584,1.935,9.366,2.289
a,124207,0.000,5.933,36.000,5.933,2.769,0.224,-0.077,0.423,2.476,9.240,2.143
a,124211,0.000,9.994,36.000,9.994,10.898,-0.218,0.259,-0.707,2.094,9.361,2.021
a,124215,0.000,5.336,36.000,5.336,13.096,0.118,-0.978,-0.432,2.296,9.236,2.338
a,124220,0.000,-3.985,36.000,-3.985,9.580,-0.478,-0.215,-0.432,2.134,9.397,2.116
a,124223,0.000,-9.825,36.000,-9.825,8.086,0.331,0.549,-0.630,2.006,9.321,2.342
a,124227,0.000,-7.063,36.000,-7.063,13.975,-0.356,0.533,-0.371,1.888,9.434,2.126
a,124231,0.000,1.892,36.000,1.892,10.283,1.110,1.327,0.606,2.355,9.106,2.338
a,124235,0.000,9.190,36.000,9.190,3.208,-0.524,-0.825,0.194,2.368,9.509,1.944
a,124239,0.000,8.415,36.000,8.415,14.502,-0.203,-0.154,0.118,1.976,9.257,2.225
a,124244,0.000,0.235,36.000,0.235,10.942,-0.417,-0.520,0.759,2.271,9.383,2.313
a,124248,0.000,-8.156,36.000,-8.156,3.164,-0.417,0.060,0.774,2.144,9.402,2.139
a,124251,0.000,-9.356,36.000,-9.356,13.315,0.347,0.839,0.622,2.144,9.568,2.406
a,124255,0.000,-2.295,36.000,-2.295,3.252,0.255,1.282,1.828,2.219,9.433,2.373
a,124259,0.000,6.799,36.000,6.799,3.252,-0.447,-0.352,1.431,2.272,9.513,2.090
a,124263,0.000,9.878,36.000,9.878,11.118,-0.050,-0.657,-0.615,2.193,9.339,2.528
a,124268,0.000,4.204,36.000,4.204,14.634,-0.310,-0.810,-0.035,2.593,9.284,2.234
a,124272,0.000,-5.203,36.000,-5.203,3.384,-1.089,-0.520,0.561,1.854,9.412,2.033
a,124275,0.000,-9.991,36.000,-9.991,9.844,1.354,1.816,-0.554,2.014,9.147,2.448
a,124279,0.000,-5.895,36.000,-5.895,13.140,-0.463,1.450,1.828,1.939,9.515,1.962
a,124283,0.000,3.453,36.000,3.453,3.208,0.942,0.259,-0.126,2.405,9.159,2.415
a,124287,0.000,9.726,36.000,9.726,8.086,-0.463,-0.245,0.500,2.310,9.366,1.984
a,124292,0.000,7.320,36.000,7.320,8.130,-0.249,-0.337,0.133,2.029,9.442,2.320
a,124295,0.000,-1.629,36.000,-1.629,10.898,-0.081,-1.238,-0.355,2.265,9.366,2.176
a,124300,0.000,-9.124,36.000,-9.124,3.823,-1.531,-2.062,-1.073,1.644,9.409,2.310
a,124304,0.000,-8.448,36.000,-8.448,15.073,2.209,4.366,1.049,1.930,9.007,2.557
a,124307,0.000,-0.195,36.000,-0.195,14.458,-0.264,-0.245,0.011,2.896,9.838,1.829
a,124311,0.000,8.237,36.000,8.237,3.999,-0.600,-0.749,-0.630,2.020,9.270,2.597
a,124315,0.000,9.267,36.000,9.267,14.019,1.049,0.747,-0.233,2.419,9.122,2.401
a,124319,0.000,1.955,36.000,1.955,12.261,-2.814,-4.810,0.912,2.528,9.740,1.695
a,124323,0.000,-7.122,36.000,-7.122,3.823,0.270,0.824,-0.890,1.210,8.894,2.749
a,124327,0.000,-9.776,36.000,-9.776,10.986,-0.035,1.648,0.347,1.581,9.596,2.453
a,124331,0.000,-3.600,36.000,-3.600,14.458,1.873,2.946,0.133,2.689,8.920,2.320
a,124335,0.000,5.835,36.000,5.835,3.911,-0.432,-0.260,-1.134,2.271,9.722,1.628
a,124339,0.000,9.990,36.000,9.990,14.370,-0.371,-0.367,-0.539,2.002,8.989,2.403
a,124343,0.000,5.089,36.000,5.089,14.370,0.713,-1.573,-1.287,2.757,9.135,2.049
a,124347,0.000,-4.433,36.000,-4.433,3.384,-3.226,-4.092,0.652,2.069,9.841,1.784
a,124352,0.000,-9.931,36.000,-9.931,3.384,1.324,1.327,0.377,1.623,9.143,3.012
a,124355,0.000,-6.395,36.000,-6.395,16.040,2.041,5.633,1.003,2.257,9.209,2.174
a,124359,0.000,2.969,36.000,2.969,11.646,-0.814,-1.405,0.194,2.685,9.855,1.744
a,124363,0.000,9.628,36.000,9.628,9.009,-0.722,-2.657,-1.256,2.515,9.503,2.715
a,124367,0.000,7.498,36.000,7.498,3.911,0.362,0.075,1.263,2.020,9.202,2.291
a,124371,0.000,-1.488,36.000,-1.488,11.118,-2.707,-4.871,0.912,2.452,9.943,1.656
a,124375,0.000,-9.116,36.000,-9.116,3.340,0.163,-0.917,-1.577,1.951,8.575,2.436
a,124379,0.000,-8.393,36.000,-8.393,17.402,2.423,7.144,1.293,1.363,9.436,2.259
a,124383,0.000,0.032,36.000,0.032,12.261,-0.127,0.762,2.622,3.084,9.817,2.085
a,124387,0.000,8.431,36.000,8.431,3.911,-1.104,-1.970,-0.920,2.461,9.382,2.030
a,124391,0.000,9.079,36.000,9.079,13.096,0.072,1.388,0.286,1.656,9.689,2.211
a,124396,0.000,1.367,36.000,1.367,3.384,-0.325,-4.138,-1.027,3.217,9.341,2.033
a,124400,0.000,-7.608,36.000,-7.608,3.340,-1.241,-3.467,0.316,1.705,9.455,2.173
a,124403,0.000,-9.565,36.000,-9.565,3.955,2.301,6.549,0.530,0.739,9.105,2.715
a,124407,0.000,-2.683,36.000,-2.683,16.040,2.560,5.022,2.225,3.152,9.051,1.925
a,124411,0.000,6.684,36.000,6.684,3.823,-1.699,-2.215,-1.287,2.476,9.431,1.496
a,124415,0.000,9.863,36.000,9.863,12.524,-0.310,0.427,1.141,1.243,9.424,2.759
a,124419,0.000,0.000,36.000,0.000,13.359,1.263,-1.894,-1.470,3.509,9.128,2.162
a,124423,0.000,0.000,36.000,0.000,3.164,-5.226,-7.497,-0.859,2.303,10.127,1.640
a,124428,0.000,0.000,36.000,0.000,3.120,1.690,4.137,-1.424,0.025,8.619,3.344
a,124432,0.000,0.000,36.000,0.000,3.252,2.927,6.518,2.606,2.802,9.530,2.105
a,124436,0.000,0.000,36.000,0.000,3.340,-0.814,-0.245,0.759,2.849,9.730,1.742
a,124439,0.000,0.000,36.000,0.000,3.340,0.637,-1.497,-1.668,2.557,9.033,2.012
a,124443,0.000,0.000,36.000,0.000,3.428,-0.798,-2.703,1.492,2.466,9.395,1.894
a,124447,0.000,0.000,36.000,0.000,3.384,-1.150,-1.802,-0.798,1.714,9.279,2.380
a,124451,0.000,0.000,36.000,0.000,3.296,1.675,4.243,1.385,1.845,9.084,2.622
a,124455,0.000,0.000,36.000,0.000,3.384,0.576,1.648,2.133,2.840,9.568,1.957
a,124459,0.000,0.000,36.000,0.000,3.340,-0.630,-1.787,-1.760,2.427,9.456,1.970
a,124463,0.000,0.000,36.000,0.000,3.340,-0.722,-2.123,-1.073,2.282,9.328,2.289
a,124467,0.000,0.000,36.000,0.000,3.384,-0.417,-0.047,-0.325,1.920,9.378,2.234
a,124471,0.000,0.000,36.000,0.000,3.340,1.599,2.579,0.240,1.997,9.220,2.370
a,124475,0.000,0.000,36.000,0.000,3.384,0.224,0.610,-0.630,2.624,9.510,2.037
a,124479,0.000,0.000,36.000,0.000,3.296,-0.814,-1.787,0.484,2.427,9.439,2.040
a,124483,0.000,0.000,36.000,0.000,3.384,-0.096,-0.810,-1.119,2.075,9.329,2.276
a,124487,0.000,0.000,36.000,0.000,3.340,-0.020,0.335,0.759,2.010,9.339,2.267
a,124492,0.000,0.000,36.000,0.000,3.384,0.728,2.030,0.652,2.132,9.269,2.285
a,124496,0.000,0.000,36.000,0.000,3.384,0.301,-0.199,0.973,2.518,9.468,2.030
a,124499,0.000,0.000,36.000,0.000,3.296,-0.661,-1.467,-0.829,2.344,9.395,2.142
a,124503,0.000,0.000,36.000,0.000,3.340,0.011,-0.657,-1.317,2.051,9.323,2.225
a,124507,0.000,0.000,36.000,0.000,3.384,0.133,0.427,0.958,2.113,9.373,2.242
a,124512,0.000,0.000,36.000,0.000,3.340,0.392,1.373,-0.691,2.163,9.306,2.241
a,124516,0.000,0.000,36.000,0.000,3.296,-0.249,-0.459,0.545,2.452,9.452,2.069
a,124519,0.000,0.000,36.000,0.000,3.252,-0.539,-1.131,-0.905,2.312,9.378,2.195
a,124523,0.000,0.000,36.000,0.000,3.428,-0.218,-0.337,-1.394,2.076,9.339,2.253
a,124527,0.000,0.000,36.000,0.000,3.428,0.286,0.610,0.026,2.146,9.366,2.252
a,124531,0.000,0.000,36.000,0.000,3.296,0.301,0.839,1.125,2.204,9.325,2.234
a,124535,0.000,0.000,36.000,0.000,3.340,0.072,-0.642,0.011,2.368,9.397,2.103
a,124540,0.000,0.000,36.000,0.000,3.428,-0.020,-0.718,0.087,2.210,9.353,2.242
a,124544,0.000,0.000,36.000,0.000,3.340,0.392,0.106,-1.195,2.094,9.341,2.252
a,124547,0.000,0.000,36.000,0.000,3.252,0.087,0.656,1.202,2.172,9.351,2.221
a,124552,0.000,0.000,36.000,0.000,3.384,0.072,0.411,0.469,2.296,9.367,2.195
a,124555,0.000,0.000,36.000,0.000,3.340,-0.325,-0.749,-1.287,2.324,9.391,2.113
a,124559,0.000,0.000,36.000,0.000,3.428,0.026,-0.627,0.515,2.218,9.315,2.241
a,124563,0.000,0.000,36.000,0.000,3.384,0.026,0.167,0.103,2.101,9.357,2.247
a,124567,0.000,0.000,36.000,0.000,3.296,0.301,0.549,1.477,2.199,9.347,2.246
a,124571,0.000,0.000,36.000,0.000,3.296,-0.035,0.030,0.713,2.324,9.379,2.178
a,124575,0.000,0.000,36.000,0.000,3.252,-0.218,-0.474,-0.813,2.290,9.359,2.170
a,124579,0.000,0.000,36.000,0.000,3.296,-0.050,-0.367,-1.577,2.175,9.353,2.218
a,124583,0.000,0.000,36.000,0.000,3.384,0.179,0.243,0.622,2.134,9.339,2.230
a,124587,0.000,0.000,36.000,0.000,3.384,0.240,0.610,-0.249,2.235,9.354,2.205
a,124591,0.000,0.000,36.000,0.000,3.428,0.133,-0.108,-0.065,2.295,9.389,2.145
a,124595,0.000,0.000,36.000,0.000,3.252,-0.142,-0.459,0.271,2.251,9.377,2.203
a,124600,0.000,0.000,36.000,0.000,3.296,-0.050,0.259,0.408,2.145,9.360,2.228
a,124603,0.000,0.000,36.000,0.000,3.340,0.347,0.228,-0.020,2.146,9.339,2.222
a,124607,0.000,0.000,36.000,0.000,3.384,0.286,0.182,0.790,2.259,9.335,2.206
a,124611,0.000,0.000,36.000,0.000,3.340,-0.035,-0.215,0.057,2.288,9.382,2.182
a,124615,0.000,0.000,36.000,0.000,3.252,-0.142,-0.459,0.438,2.217,9.378,2.197
a,124619,0.000,0.000,36.000,0.000,3.252,-0.264,0.121,-0.478,2.199,9.333,2.225
a,124623,0.000,0.000,36.000,0.000,3.384,-0.035,0.289,0.591,2.186,9.364,2.215
a,124627,0.000,0.000,36.000,0.000,3.252,0.118,0.213,-0.722,2.266,9.352,2.155
a,124631,0.000,0.000,36.000,0.000,3.340,-0.249,-0.383,-0.142,2.264,9.380,2.144
a,124635,0.000,0.000,36.000,0.000,3.296,-0.096,-0.215,-0.478,2.193,9.360,2.215
a,124639,0.000,0.000,36.000,0.000,3.428,0.072,0.014,-0.386,2.150,9.374,2.230
a,124643,0.000,0.000,36.000,0.000,3.340,0.240,0.457,0.683,2.193,9.297,2.215
a,124648,0.000,0.000,36.000,0.000,3.428,0.026,0.030,0.759,2.271,9.395,2.186
a,124652,0.000,0.000,36.000,0.000,3.384,0.026,-0.413,0.652,2.240,9.370,2.176
a,124655,0.000,0.000,36.000,0.000,3.296,-0.142,0.045,0.240,2.188,9.379,2.212
a,124659,0.000,0.000,36.000,0.000,3.428,0.057,0.167,-0.676,2.201,9.364,2.206
a,124663,0.000,0.000,36.000,0.000,3.428,0.179,0.075,0.255,2.235,9.367,2.193
a,124667,0.000,0.000,36.000,0.000,3.428,-0.020,-0.138,1.431,2.249,9.342,2.195
a,124672,0.000,0.000,36.000,0.000,3.296,0.133,-0.321,-0.126,2.224,9.371,2.209
a,124676,0.000,0.000,36.000,0.000,3.428,0.194,0.075,1.522,2.162,9.365,2.217
a,124680,0.000,0.000,36.000,0.000,3.296,0.072,0.243,0.790,2.188,9.357,2.218
a,124683,0.000,0.000,36.000,0.000,3.252,0.148,0.106,-1.745,2.235,9.388,2.199
a,124688,0.000,0.000,36.000,0.000,3.384,-0.035,-0.154,-0.111,2.240,9.369,2.199
a,124692,0.000,0.000,36.000,0.000,3.340,-0.172,-0.092,-0.752,2.224,9.334,2.191
a,124696,0.000,0.000,36.000,0.000,3.296,-0.081,0.030,0.332,2.194,9.345,2.211
a,124700,0.000,0.000,36.000,0.000,3.384,-0.035,0.274,0.209,2.210,9.354,2.230
a,124703,0.000,0.000,36.000,0.000,3.384,0.072,0.060,-0.279,2.243,9.369,2.221
a,124707,0.000,0.000,36.000,0.000,3.340,0.179,-0.260,-0.065,2.237,9.340,2.167
a,124711,0.000,0.000,36.000,0.000,3.252,-0.081,-0.092,0.881,2.184,9.376,2.201
a,124715,0.000,0.000,36.000,0.000,3.340,0.026,-0.031,0.606,2.175,9.367,2.236
a,124719,0.000,0.000,36.000,0.000,3.340,0.072,0.167,0.133,2.209,9.369,2.182
a,124723,0.000,0.000,36.000,0.000,3.340,0.057,-0.169,-0.813,2.253,9.359,2.193
a,124727,0.000,0.000,36.000,0.000,3.340,-0.050,-0.215,-0.432,2.210,9.380,2.206
a,124731,0.000,0.000,36.000,0.000,3.340,0.026,-0.367,0.011,2.209,9.348,2.186
a,124735,0.000,0.000,36.000,0.000,3.384,-0.020,0.457,0.973,2.188,9.364,2.203
a,124739,0.000,0.000,36.000,0.000,3.428,-0.050,-0.062,-0.905,2.237,9.363,2.195
a,124743,0.000,0.000,36.000,0.000,3.428,0.072,0.014,0.103,2.255,9.374,2.197
a,124747,0.000,0.000,36.000,0.000,3.340,-0.050,-0.321,-1.088,2.217,9.371,2.206
a,124751,0.000,0.000,36.000,0.000,3.296,0.026,0.014,0.164,2.215,9.364,2.211
a,124756,0.000,0.000,36.000,0.000,3.384,0.041,0.289,1.263,2.191,9.379,2.205
a,124759,0.000,0.000,36.000,0.000,3.384,-0.203,-0.047,0.057,2.257,9.392,2.188
a,124763,0.000,0.000,36.000,0.000,3.296,-0.050,-0.031,0.011,2.228,9.359,2.187
a,124767,0.000,0.000,36.000,0.000,3.252,-0.142,0.106,-0.355,2.206,9.386,2.201
a,124771,0.000,0.000,36.000,0.000,3.428,-0.050,0.091,0.759,2.234,9.370,2.210
a,124775,0.000,0.000,36.000,0.000,3.252,-0.218,0.121,-0.600,2.217,9.317,2.168
a,124779,0.000,0.000,36.000,0.000,3.428,0.011,-0.138,-0.065,2.260,9.360,2.206
a,124783,0.000,0.000,36.000,0.000,3.340,-0.050,0.137,-0.157,2.240,9.390,2.194
a,124788,0.000,0.000,36.000,0.000,3.384,-0.050,-0.154,-0.478,2.225,9.369,2.224
a,124792,0.000,0.000,36.000,0.000,3.384,-0.081,0.335,0.606,2.206,9.334,2.206
a,124795,0.000,0.000,36.000,0.000,3.384,0.133,0.167,-0.142,2.224,9.374,2.205
a,124799,0.000,0.000,36.000,0.000,3.384,-0.081,-0.108,-0.218,2.203,9.386,2.211
a,124803,0.000,0.000,36.000,0.000,3.340,0.072,0.075,0.423,2.241,9.346,2.195
a,124807,0.000,0.000,36.000,0.000,3.384,-0.096,-0.016,0.759,2.191,9.366,2.189
a,124812,0.000,0.000,36.000,0.000,3.384,0.057,0.366,0.515,2.217,9.353,2.207
a,124816,0.000,0.000,36.000,0.000,3.340,-0.203,-0.154,0.225,2.219,9.348,2.186
a,124819,0.000,0.000,36.000,0.000,3.384,-0.020,-0.031,1.217,2.219,9.383,2.212
a,124823,0.000,0.000,36.000,0.000,3.384,0.026,0.167,-0.233,2.215,9.373,2.205
a,124827,0.000,0.000,36.000,0.000,3.340,0.133,-0.108,-0.386,2.203,9.342,2.205
a,124831,0.000,0.000,36.000,0.000,3.296,-0.203,-0.031,0.393,2.224,9.363,2.199
a,124835,0.000,0.000,36.000,0.000,3.340,-0.234,0.137,1.278,2.237,9.365,2.188
a,124839,0.000,0.000,36.000,0.000,3.428,-0.035,0.137,0.881,2.228,9.374,2.197
a,124843,0.000,0.000,36.000,0.000,3.296,-0.081,0.121,-0.050,2.228,9.348,2.206
a,124847,0.000,0.000,36.000,0.000,3.296,0.133,0.030,0.316,2.225,9.367,2.218
a,124852,0.000,0.000,36.000,0.000,3.384,-0.096,-0.001,-0.737,2.225,9.382,2.197
a,124855,0.000,0.000,36.000,0.000,3.296,0.072,0.228,-0.020,2.225,9.354,2.191
a,124859,0.000,0.000,36.000,0.000,3.384,0.224,0.060,-0.768,2.228,9.380,2.188
a,124864,0.000,0.000,36.000,0.000,3.384,-0.081,0.060,-0.325,2.217,9.361,2.206
a,124867,0.000,0.000,36.000,0.000,3.384,0.224,-0.215,-1.042,2.209,9.374,2.218
a,124871,0.000,0.000,36.000,0.000,3.384,0.270,-0.108,-0.829,2.203,9.373,2.201
a,124875,0.000,0.000,36.000,0.000,3.384,-0.203,0.014,0.729,2.228,9.351,2.206
a,124879,0.000,0.000,36.000,0.000,3.384,-0.096,0.014,-0.478,2.209,9.364,2.231
a,124883,0.000,0.000,36.000,0.000,3.428,-0.081,0.014,0.347,2.206,9.352,2.206
a,124887,0.000,0.000,36.000,0.000,3.296,-0.081,0.182,0.698,2.219,9.366,2.212
a,124891,0.000,0.000,36.000,0.000,3.296,0.179,-0.031,0.866,2.225,9.380,2.206
a,124895,0.000,0.000,36.000,0.000,3.384,-0.157,-0.260,-1.623,2.212,9.359,2.205
a,124899,0.000,0.000,36.000,0.000,3.296,0.011,-0.215,-0.478,2.217,9.373,2.217
a,124903,0.000,0.000,36.000,0.000,3.384,0.072,0.075,0.530,2.203,9.378,2.195
a,124907,0.000,0.000,36.000,0.000,3.384,0.240,0.121,-0.279,2.215,9.343,2.212
a,124912,0.000,0.000,36.000,0.000,3.384,-0.142,-0.154,-0.050,2.241,9.369,2.212
a,124915,0.000,0.000,36.000,0.000,3.472,-0.035,0.137,0.500,2.234,9.369,2.205
a,124919,0.000,0.000,36.000,0.000,3.296,0.072,0.167,0.820,2.186,9.316,2.195
a,124923,0.000,0.000,36.000,0.000,3.428,0.163,-0.108,-0.493,2.234,9.363,2.189
a,124927,0.000,0.000,36.000,0.000,3.428,0.133,-0.154,0.042,2.225,9.392,2.193
a,124931,0.000,0.000,36.000,0.000,3.428,-0.218,-0.047,-0.600,2.222,9.360,2.221
a,124935,0.000,0.000,36.000,0.000,3.296,-0.035,0.243,0.484,2.248,9.371,2.174
a,124939,0.000,0.000,36.000,0.000,3.384,0.026,0.030,0.820,2.206,9.369,2.199
a,124943,0.000,0.000,36.000,0.000,3.340,0.270,-0.047,-0.722,2.204,9.337,2.195
a,124948,0.000,0.000,36.000,0.000,3.384,0.072,0.182,0.240,2.235,9.369,2.212
a,124951,0.000,0.000,36.000,0.000,3.384,0.057,-0.092,-0.249,2.229,9.383,2.194
a,124955,0.000,0.000,36.000,0.000,3.340,-0.142,-0.047,0.011,2.206,9.331,2.221
a,124959,0.000,0.000,36.000,0.000,3.428,0.133,0.243,0.301,2.235,9.382,2.221
a,124963,0.000,0.000,36.000,0.000,3.384,-0.035,0.014,-0.325,2.212,9.367,2.197
a,124968,0.000,0.000,36.000,0.000,3.428,-0.127,0.243,1.584,2.209,9.374,2.205
a,124972,0.000,0.000,36.000,0.000,3.340,-0.264,-0.108,-0.432,2.197,9.349,2.201
a,124975,0.000,0.000,36.000,0.000,3.340,-0.142,-0.138,0.759,2.210,9.377,2.205
a,124979,0.000,0.000,36.000,0.000,3.340,-0.035,0.014,0.408,2.218,9.370,2.222
a,124983,0.000,0.000,36.000,0.000,3.384,-0.142,0.121,0.057,2.233,9.342,2.199
a,124987,0.000,0.000,36.000,0.000,3.384,0.057,-0.108,-0.936,2.224,9.364,2.205
a,124992,0.000,0.000,36.000,0.000,3.428,-0.035,0.014,-0.111,2.219,9.373,2.197
a,124996,0.000,0.000,36.000,0.000,3.340,0.118,-0.230,-0.752,2.237,9.336,2.215
a,124999,0.000,0.000,36.000,0.000,3.296,0.194,-0.031,0.912,2.218,9.373,2.218
a,125004,0.000,0.000,36.000,0.000,3.384,-0.157,0.014,-0.859,2.225,9.373,2.195
a,125007,0.000,0.000,36.000,0.000,3.340,-0.081,-0.215,0.164,2.204,9.329,2.217
a,125011,0.000,0.000,36.000,0.000,3.296,0.240,0.167,0.087,2.215,9.367,2.186
a,125015,0.000,0.000,36.000,0.000,3.384,-0.157,-0.154,-0.600,2.246,9.380,2.212
a,125019,0.000,0.000,36.000,0.000,3.340,0.057,-0.047,-0.615,2.218,9.369,2.218
a,125023,0.000,0.000,36.000,0.000,3.384,0.072,0.075,0.530,2.219,9.346,2.203
a,125027,0.000,0.000,36.000,0.000,3.384,0.118,-0.260,-0.829,2.225,9.329,2.206
a,125031,0.000,0.000,36.000,0.000,3.340,0.240,0.060,-0.233,2.222,9.379,2.199
a,125035,0.000,0.000,36.000,0.000,3.340,-0.096,-0.031,0.118,2.228,9.367,2.178
a,125039,0.000,0.000,36.000,0.000,3.428,-0.081,0.030,0.500,2.219,9.367,2.212
a,125043,0.000,0.000,36.000,0.000,3.384,0.011,0.137,-0.050,2.204,9.373,2.236
a,125047,0.000,0.000,36.000,0.000,3.384,0.026,0.014,-0.157,2.240,9.379,2.197
a,125052,0.000,0.000,36.000,0.000,3.384,0.011,0.060,-0.859,2.219,9.353,2.212
a,125055,0.000,0.000,36.000,0.000,3.384,-0.035,0.014,0.164,2.222,9.380,2.205
a,125059,0.000,0.000,36.000,0.000,3.252,-0.081,-0.169,0.026,2.217,9.370,2.221
a,125063,0.000,0.000,36.000,0.000,3.296,-0.234,-0.138,-0.920,2.234,9.318,2.174
a,125067,0.000,0.000,36.000,0.000,3.340,0.072,0.137,0.530,2.222,9.388,2.199
a,125071,0.000,0.000,36.000,0.000,3.340,0.041,0.075,1.278,2.234,9.359,2.217
a,125075,0.000,0.000,36.000,0.000,3.384,0.011,0.060,-1.088,2.228,9.363,2.212
a,125079,0.000,0.000,36.000,0.000,3.296,0.057,0.014,-0.997,2.228,9.380,2.199
a,125083,0.000,0.000,36.000,0.000,3.384,-0.035,-0.092,0.713,2.225,9.373,2.189
a,125087,0.000,0.000,36.000,0.000,3.296,-0.050,-0.047,-0.813,2.210,9.383,2.212
a,125091,0.000,0.000,36.000,0.000,3.384,0.179,0.014,0.103,2.209,9.336,2.201
a,125095,0.000,0.000,36.000,0.000,3.384,-0.218,-0.047,-0.707,2.230,9.339,2.201
a,125100,0.000,0.000,36.000,0.000,3.340,-0.218,0.060,-0.859,2.197,9.358,2.191
a,125104,0.000,0.000,36.000,0.000,3.428,0.026,0.060,0.057,2.212,9.378,2.191
a,125107,0.000,0.000,36.000,0.000,3.384,-0.096,-0.031,0.011,2.218,9.352,2.191
a,125111,0.000,0.000,36.000,0.000,3.340,0.179,0.075,0.255,2.243,9.354,2.206
a,125115,0.000,0.000,36.000,0.000,3.384,-0.142,-0.215,-0.371,2.228,9.398,2.189
a,125119,0.000,0.000,36.000,0.000,3.384,0.041,-0.031,1.324,2.218,9.360,2.212
a,125124,0.000,0.000,36.000,0.000,3.340,0.057,0.182,-0.020,2.191,9.361,2.194
a,125128,0.000,0.000,36.000,0.000,3.384,0.026,-0.047,0.225,2.222,9.367,2.182
a,125131,0.000,0.000,36.000,0.000,3.340,-0.081,-0.138,0.271,2.212,9.359,2.197
a,125136,0.000,0.000,36.000,0.000,3.340,-0.035,-0.108,-0.218,2.224,9.352,2.205
a,125140,0.000,0.000,36.000,0.000,3.296,0.163,0.030,0.209,2.217,9.363,2.194
a,125144,0.000,0.000,36.000,0.000,3.428,-0.020,0.182,1.095,2.201,9.334,2.218
a,125148,0.000,0.000,36.000,0.000,3.252,0.026,-0.031,0.759,2.209,9.371,2.211
a,125151,0.000,0.000,36.000,0.000,3.384,-0.142,0.030,0.820,2.206,9.340,2.201
a,125155,0.000,0.000,36.000,0.000,3.340,0.026,-0.047,0.225,2.228,9.342,2.193
a,125159,0.000,0.000,36.000,0.000,3.296,-0.157,-0.062,-0.798,2.225,9.373,2.209
a,125163,0.000,0.000,36.000,0.000,3.340,0.286,0.060,-0.126,2.225,9.377,2.201
a,125167,0.000,0.000,36.000,0.000,3.384,0.072,-0.001,0.225,2.218,9.352,2.212
a,125171,0.000,0.000,36.000,0.000,3.340,-0.035,0.060,-0.157,2.218,9.395,2.215
a,125175,0.000,0.000,36.000,0.000,3.384,0.026,-0.215,-0.111,2.215,9.369,2.199
a,125179,0.000,0.000,36.000,0.000,3.340,-0.081,0.243,0.316,2.233,9.353,2.218
a,125183,0.000,0.000,36.000,0.000,3.384,0.179,0.075,0.255,2.233,9.371,2.191
a,125187,0.000,0.000,36.000,0.000,3.340,0.240,0.137,0.637,2.215,9.363,2.211
a,125192,0.000,0.000,36.000,0.000,3.296,0.148,-0.047,0.988,2.219,9.355,2.193
a,125195,0.000,0.000,36.000,0.000,3.340,-0.050,-0.215,-1.302,2.204,9.373,2.211
a,125199,0.000,0.000,36.000,0.000,3.384,-0.142,-0.047,0.164,2.197,9.397,2.197
a,125203,0.000,0.000,36.000,0.000,3.296,0.072,-0.047,-0.279,2.204,9.371,2.201
a,125207,0.000,0.000,36.000,0.000,3.384,-0.081,0.014,0.011,2.206,9.349,2.215
a,125211,0.000,0.000,36.000,0.000,3.384,-0.081,-0.031,0.438,2.218,9.407,2.217
a,125215,0.000,0.000,36.000,0.000,3.296,0.011,0.030,-0.218,2.209,9.355,2.203
a,125219,0.000,0.000,36.000,0.000,3.384,0.026,0.121,-0.050,2.219,9.373,2.199
a,125223,0.000,0.000,36.000,0.000,3.340,0.072,0.014,-0.004,2.219,9.363,2.206
a,125227,0.000,0.000,36.000,0.000,3.384,0.072,-0.138,0.316,2.233,9.371,2.205
a,125231,0.000,0.000,36.000,0.000,3.384,0.072,-0.154,0.042,2.218,9.367,2.201
a,125236,0.000,0.000,36.000,0.000,3.340,0.026,0.228,-0.065,2.225,9.352,2.188
a,125240,0.000,0.000,36.000,0.000,3.340,-0.035,-0.199,0.500,2.209,9.371,2.191
a,125244,0.000,0.000,36.000,0.000,3.384,-0.020,-0.199,0.988,2.251,9.346,2.186
a,125247,0.000,0.000,36.000,0.000,3.296,0.057,-0.154,-0.936,2.237,9.366,2.205
a,125251,0.000,0.000,36.000,0.000,3.340,-0.081,0.167,-0.340,2.215,9.345,2.206
a,125255,0.000,0.000,36.000,0.000,3.384,0.057,-0.154,-0.997,2.209,9.359,2.209
a,125259,0.000,0.000,36.000,0.000,3.340,0.133,-0.321,-0.065,2.225,9.379,2.191
a,125264,0.000,0.000,36.000,0.000,3.340,0.011,-0.215,-0.478,2.225,9.363,2.191
a,125268,0.000,0.000,36.000,0.000,3.428,0.347,-0.092,0.744,2.219,9.352,2.212
a,125271,0.000,0.000,36.000,0.000,3.340,-0.096,0.091,0.713,2.233,9.379,2.191
a,125275,0.000,0.000,36.000,0.000,3.384,-0.157,0.014,-0.752,2.191,9.352,2.203
a,125279,0.000,0.000,36.000,0.000,3.384,0.072,-0.123,-0.218,2.217,9.359,2.193
a,125283,0.000,0.000,36.000,0.000,3.340,0.118,-0.108,-0.493,2.222,9.357,2.201
a,125288,0.000,0.000,36.000,0.000,3.384,0.011,-0.215,-0.478,2.191,9.341,2.189
a,125292,0.000,0.000,36.000,0.000,3.384,0.224,0.075,0.148,2.234,9.373,2.199
a,125295,0.000,0.000,36.000,0.000,3.384,0.118,-0.260,-0.722,2.210,9.354,2.234
a,125300,0.000,0.000,36.000,0.000,3.472,0.179,-0.031,0.255,2.233,9.352,2.206
a,125303,0.000,0.000,36.000,0.000,3.340,0.224,0.014,-0.936,2.237,9.359,2.197
a,125307,0.000,0.000,36.000,0.000,3.340,0.026,-0.154,-0.325,2.217,9.367,2.211
a,125311,0.000,0.000,36.000,0.000,3.340,0.026,0.121,0.057,2.206,9.360,2.218
a,125315,0.000,0.000,36.000,0.000,3.384,0.041,-0.199,1.492,2.217,9.352,2.193
a,125319,0.000,0.000,36.000,0.000,3.340,-0.050,-0.154,-1.195,2.201,9.336,2.191
a,125323,0.000,0.000,36.000,0.000,3.340,0.011,0.014,-0.478,2.233,9.334,2.218
a,125327,0.000,0.000,36.000,0.000,3.340,-0.081,0.014,0.011,2.215,9.367,2.193
a,125331,0.000,0.000,36.000,0.000,3.340,0.026,-0.031,0.881,2.191,9.353,2.203
a,125335,0.000,0.000,36.000,0.000,3.340,-0.020,0.030,1.324,2.197,9.391,2.193
a,125339,0.000,0.000,36.000,0.000,3.384,-0.035,-0.108,-0.218,2.233,9.346,2.199
a,125343,0.000,0.000,36.000,0.000,3.384,0.087,0.289,0.896,2.215,9.377,2.203
a,125348,0.000,0.000,36.000,0.000,3.384,0.026,-0.184,1.049,2.215,9.318,2.207
a,125351,0.000,0.000,36.000,0.000,3.384,-0.020,0.014,1.339,2.194,9.376,2.231
a,125355,0.000,0.000,36.000,0.000,3.340,0.087,0.060,1.599,2.206,9.366,2.206
a,125359,0.000,0.000,36.000,0.000,3.384,-0.050,0.091,0.316,2.225,9.392,2.210
a,125363,0.000,0.000,36.000,0.000,3.384,-0.081,0.014,0.225,2.224,9.352,2.217
a,125367,0.000,0.000,36.000,0.000,3.428,0.057,-0.031,-0.172,2.230,9.376,2.194
a,125371,0.000,0.000,36.000,0.000,3.340,-0.035,-0.108,0.011,2.224,9.383,2.178
a,125375,0.000,0.000,36.000,0.000,3.384,0.011,-0.154,-0.752,2.253,9.367,2.197
a,125379,0.000,0.000,36.000,0.000,3.340,0.026,0.167,-0.065,2.230,9.373,2.215
a,125383,0.000,0.000,36.000,0.000,3.384,-0.035,0.243,0.377,2.237,9.388,2.186
a,125387,0.000,0.000,36.000,0.000,3.340,0.072,-0.092,0.255,2.212,9.364,2.217
a,125391,0.000,0.000,36.000,0.000,3.340,0.041,0.182,-0.844,2.224,9.357,2.179
a,125396,0.000,0.000,36.000,0.000,3.340,-0.142,0.060,0.011,2.212,9.349,2.189
a,125400,0.000,0.000,36.000,0.000,3.296,-0.142,0.060,0.225,2.210,9.352,2.212
a,125403,0.000,0.000,36.000,0.000,3.428,0.072,0.060,-0.126,2.203,9.380,2.203
a,125407,0.000,0.000,36.000,0.000,3.340,-0.035,0.167,-0.004,2.193,9.366,2.193
a,125411,0.000,0.000,36.000,0.000,3.384,-0.142,0.030,0.820,2.237,9.369,2.193
a,125415,0.000,0.000,36.000,0.000,3.340,0.011,-0.306,-0.111,2.235,9.357,2.181
a,125420,0.000,0.000,36.000,0.000,3.384,0.011,-0.047,-0.600,2.197,9.352,2.206
a,125424,0.000,0.000,36.000,0.000,3.384,-0.050,-0.047,-0.539,2.240,9.353,2.215
a,125427,0.000,0.000,36.000,0.000,3.428,0.133,-0.047,-0.172,2.234,9.337,2.170
a,125431,0.000,0.000,36.000,0.000,3.340,0.041,-0.108,1.125,2.218,9.341,2.199
a,125435,0.000,0.000,36.000,0.000,3.384,0.072,-0.108,-0.340,2.212,9.367,2.217
a,125439,0.000,0.000,36.000,0.000,3.340,0.133,-0.138,0.637,2.215,9.342,2.193
a,125444,0.000,0.000,36.000,0.000,3.340,-0.234,0.137,1.324,2.237,9.354,2.211
a,125448,0.000,0.000,36.000,0.000,3.340,0.011,-0.108,-0.813,2.219,9.389,2.221
a,125452,0.000,0.000,36.000,0.000,3.340,-0.081,0.075,0.332,2.203,9.365,2.209
a,125456,0.000,0.000,36.000,0.000,3.384,0.087,-0.031,1.416,2.230,9.354,2.201
a,125459,0.000,0.000,36.000,0.000,3.384,0.011,-0.215,-1.241,2.233,9.360,2.203
a,125463,0.000,0.000,36.000,0.000,3.384,-0.035,-0.047,-0.157,2.228,9.373,2.186
a,125467,0.000,0.000,36.000,0.000,3.428,-0.081,-0.123,-0.249,2.233,9.353,2.189
a,125471,0.000,0.000,36.000,0.000,3.472,-0.035,-0.092,0.500,2.209,9.348,2.201
a,125475,0.000,0.000,36.000,0.000,3.296,0.240,-0.138,0.377,2.228,9.388,2.191
a,125479,0.000,0.000,36.000,0.000,3.340,0.072,0.060,-0.065,2.212,9.346,2.205
a,125483,0.000,0.000,36.000,0.000,3.340,0.133,0.121,-0.172,2.233,9.363,2.199
a,125487,0.000,0.000,36.000,0.000,3.340,-0.035,0.060,-0.371,2.225,9.383,2.197
a,125491,0.000,0.000,36.000,0.000,3.340,-0.157,0.014,-0.432,2.210,9.373,2.215
a,125495,0.000,0.000,36.000,0.000,3.428,-0.081,0.030,0.271,2.206,9.335,2.209
a,125499,0.000,0.000,36.000,0.000,3.384,-0.035,0.075,0.500,2.234,9.358,2.191
a,125504,0.000,0.000,36.000,0.000,3.296,-0.035,-0.154,0.225,2.206,9.367,2.218
a,125507,0.000,0.000,36.000,0.000,3.340,-0.142,0.182,0.744,2.224,9.374,2.203
a,125511,0.000,0.000,36.000,0.000,3.428,0.072,0.075,0.255,2.234,9.345,2.215
a,125515,0.000,0.000,36.000,0.000,3.384,0.026,0.045,-0.142,2.228,9.351,2.225
a,125519,0.000,0.000,36.000,0.000,3.384,0.057,-0.108,-0.615,2.240,9.323,2.203
a,125523,0.000,0.000,36.000,0.000,3.296,0.057,-0.154,-0.936,2.259,9.353,2.191
a,125527,0.000,0.000,36.000,0.000,3.340,0.072,-0.108,0.148,2.203,9.371,2.209
a,125531,0.000,0.000,36.000,0.000,3.384,0.057,0.060,-1.638,2.193,9.355,2.201
a,125535,0.000,0.000,36.000,0.000,3.252,-0.035,0.137,0.652,2.234,9.371,2.203
a,125540,0.000,0.000,36.000,0.000,3.296,-0.050,-0.047,-0.859,2.199,9.369,2.197
a,125543,0.000,0.000,36.000,0.000,3.340,-0.142,0.137,0.713,2.222,9.374,2.199
a,125547,0.000,0.000,36.000,0.000,3.384,0.148,-0.031,1.263,2.248,9.359,2.188
a,125552,0.000,0.000,36.000,0.000,3.340,0.011,0.060,-0.920,2.206,9.312,2.205
a,125555,0.000,0.000,36.000,0.000,3.384,0.133,0.014,-0.386,2.215,9.377,2.237