HEADER,TIME_MS,SV_DRV,SV_STR,SV_STD,GY_ROLL,GY_YAW,GY_PITCH
a,175715,47.000,24.435,80.000,-1.340,27.215,0.095
a,175720,47.000,24.330,80.000,-1.004,25.505,2.614
a,175725,47.000,24.290,80.000,-0.515,26.528,0.370
a,175730,47.000,24.332,80.000,0.111,24.955,-2.302
a,175735,47.000,24.398,80.000,0.263,27.459,2.980
a,175740,47.000,24.273,80.000,-1.141,26.345,-0.088
a,175745,47.000,24.499,80.000,1.454,28.222,-0.898
a,175750,47.000,24.662,80.000,0.966,28.329,-0.760
a,175755,47.000,24.972,80.000,2.050,27.215,0.629
a,175760,47.000,25.108,80.000,0.722,27.917,0.522
a,175765,47.000,25.041,80.000,-0.759,25.551,0.568
a,175770,47.000,25.133,80.000,0.386,29.047,-1.111
a,175775,47.000,25.100,80.000,-0.546,28.574,0.018
a,175780,47.000,25.374,80.000,1.744,28.329,1.805
a,175785,47.000,25.323,80.000,-0.698,29.093,2.904
a,175790,47.000,25.276,80.000,-0.637,26.879,-1.081
a,175795,47.000,25.413,80.000,0.706,29.764,1.606
a,175800,47.000,25.412,80.000,-0.301,27.749,0.232
a,175805,47.000,25.782,80.000,2.431,29.520,-1.249
a,175810,47.000,25.722,80.000,-0.790,28.711,2.660
a,175815,47.000,25.884,80.000,0.889,27.383,0.308
a,175820,47.000,25.863,80.000,-0.515,29.734,1.621
a,175825,47.000,25.910,80.000,0.034,26.864,-0.608
a,175830,47.000,26.117,80.000,1.180,29.963,1.087
a,175835,47.000,26.084,80.000,-0.591,28.085,2.385
a,175840,47.000,26.280,80.000,1.103,28.818,0.034
a,175845,47.000,26.306,80.000,-0.195,30.879,0.278
a,175850,47.000,26.371,80.000,0.111,29.169,-1.203
a,175855,47.000,26.506,80.000,0.615,30.864,-0.272
a,175860,47.000,26.466,80.000,-0.698,30.360,3.011
a,175865,47.000,26.653,80.000,1.012,29.734,-2.806
a,175870,47.000,26.601,80.000,-0.790,30.314,1.805
a,175875,47.000,26.468,80.000,-1.355,28.711,-0.501
a,175880,47.000,26.753,80.000,1.744,30.253,-2.379
a,175885,47.000,26.630,80.000,-1.324,31.597,2.446
a,175890,47.000,26.547,80.000,-1.004,31.138,0.202
a,175895,47.000,26.588,80.000,-0.088,32.375,-0.333
a,175900,47.000,26.318,80.000,-2.378,31.612,-0.943
a,175905,47.000,26.448,80.000,0.615,31.566,-1.157
a,175910,47.000,26.337,80.000,-1.187,32.238,2.324
a,175915,47.000,26.266,80.000,-0.851,30.451,1.347
a,175920,47.000,26.236,80.000,-0.561,32.955,2.049
a,175925,47.000,26.164,80.000,-0.836,29.795,-2.608
a,175930,47.000,26.475,80.000,1.989,32.818,-0.913
a,175935,47.000,26.360,80.000,-1.187,31.077,2.385
a,175940,47.000,26.463,80.000,0.431,31.841,-0.302
a,175945,47.000,26.225,80.000,-2.103,32.222,1.072
a,175950,47.000,26.152,80.000,-0.820,30.177,-0.623
a,175955,47.000,26.039,80.000,-1.141,32.818,0.629
a,175960,47.000,26.130,80.000,0.401,31.597,0.324
a,175965,47.000,25.974,80.000,-1.431,31.352,2.156
a,175970,47.000,25.681,80.000,-2.408,29.490,2.171
a,175975,47.000,25.511,80.000,-1.477,31.322,0.797
a,175980,47.000,25.450,80.000,-0.637,29.871,-1.279
a,175985,47.000,25.497,80.000,0.157,31.673,-0.256
a,175990,47.000,25.314,80.000,-1.538,29.993,1.789
a,175995,47.000,24.922,80.000,-3.065,30.360,1.545
a,176000,47.000,24.790,80.000,-1.095,30.909,-0.699
a,176005,47.000,24.562,80.000,-1.798,31.047,1.133
a,176010,47.000,24.631,80.000,0.431,31.368,1.988
a,176015,47.000,24.385,80.000,-1.904,30.528,0.782
a,176020,47.000,24.255,80.000,-1.004,29.444,0.110
a,176025,47.000,24.294,80.000,0.248,31.077,1.744
a,176030,47.000,24.065,80.000,-1.721,28.513,0.614
a,176035,47.000,23.952,80.000,-0.851,30.390,1.118
a,176040,47.000,23.897,80.000,-0.393,28.955,-1.737
a,176045,47.000,23.665,80.000,-1.706,29.795,2.980
a,176050,47.000,23.370,80.000,-2.133,28.085,3.423
a,176055,47.000,23.166,80.000,-1.446,30.238,-0.638
a,176060,47.000,22.926,80.000,-1.675,28.711,-2.623
a,176065,47.000,22.907,80.000,-0.042,31.245,3.683
a,176070,47.000,22.521,80.000,-2.744,29.383,1.362
a,176075,47.000,22.242,80.000,-1.920,30.635,-1.569
a,176080,47.000,21.690,80.000,-3.904,30.039,1.469
a,176085,47.000,21.427,80.000,-1.721,31.566,0.446
a,176090,47.000,21.109,80.000,-2.103,31.016,0.308
a,176095,47.000,20.847,80.000,-1.630,29.688,0.858
a,176100,47.000,20.629,80.000,-1.278,29.230,2.247
a,176105,47.000,20.327,80.000,-1.859,26.757,0.904
a,176110,47.000,20.205,80.000,-0.485,26.482,-0.195
a,176115,47.000,20.099,80.000,-0.332,24.360,0.461
a,176120,47.000,20.293,80.000,1.897,24.589,1.026
a,176125,47.000,20.469,80.000,1.760,22.345,3.484
a,176130,47.000,20.784,80.000,2.752,22.864,1.377
a,176135,47.000,20.811,80.000,0.615,20.070,0.110
a,176140,47.000,21.058,80.000,2.218,22.055,-0.150
a,176145,47.000,21.256,80.000,1.836,20.665,-1.646
a,176150,47.000,21.360,80.000,1.088,22.161,0.538
a,176155,47.000,21.651,80.000,2.447,23.444,3.331
a,176160,47.000,21.591,80.000,-0.195,24.207,5.484
a,176165,47.000,21.625,80.000,0.492,24.558,4.064
a,176170,47.000,21.275,80.000,-2.332,22.726,2.629
a,176175,47.000,21.316,80.000,0.554,26.833,-4.348
a,176180,47.000,21.275,80.000,-0.027,24.207,2.858
a,176185,47.000,21.398,80.000,1.164,25.932,0.064
a,176190,47.000,21.455,80.000,0.676,24.024,1.102
a,176195,47.000,21.422,80.000,0.004,24.177,1.850
a,176200,47.000,21.427,80.000,0.309,22.574,0.492
a,176205,47.000,21.302,80.000,-0.668,23.093,1.866
a,176210,47.000,21.438,80.000,1.271,23.795,0.797
a,176215,47.000,21.443,80.000,0.294,22.787,0.324
a,176220,47.000,21.615,80.000,1.515,23.719,1.621
a,176225,47.000,21.767,80.000,1.363,22.299,1.820
a,176230,47.000,21.685,80.000,-0.408,23.826,2.507
a,176235,47.000,21.640,80.000,-0.118,23.032,3.667
a,176240,47.000,21.395,80.000,-1.599,22.925,5.942
a,176245,47.000,21.376,80.000,0.096,23.795,-1.081
a,176250,47.000,21.214,80.000,-0.958,23.581,-0.058
a,176255,47.000,21.251,80.000,0.508,25.138,1.286
a,176260,47.000,21.415,80.000,1.470,23.245,3.286
a,176265,47.000,21.412,80.000,0.202,23.764,0.675
a,176270,47.000,21.374,80.000,-0.042,22.131,1.683
a,176275,47.000,21.200,80.000,-1.049,22.757,1.454
a,176280,47.000,21.531,80.000,2.691,23.688,-5.066
a,176285,47.000,21.488,80.000,-0.118,24.406,-2.317
a,176290,47.000,21.576,80.000,0.844,24.451,1.988
a,176295,47.000,21.421,80.000,-0.973,25.291,2.370
a,176300,47.000,21.320,80.000,-0.546,24.848,2.263
a,176305,47.000,21.037,80.000,-1.904,25.780,-0.073
a,176310,47.000,21.051,80.000,0.340,24.940,0.293
a,176315,47.000,20.865,80.000,-1.141,24.390,-0.058
a,176320,47.000,20.948,80.000,0.889,23.245,-0.302
a,176325,47.000,20.727,80.000,-1.370,22.971,4.079
a,176330,47.000,20.688,80.000,0.004,22.100,-0.943
a,176335,47.000,20.414,80.000,-1.737,22.482,0.263
a,176340,47.000,20.509,80.000,1.027,22.818,1.240
a,176345,47.000,20.408,80.000,-0.439,22.299,0.278
a,176350,47.000,20.578,80.000,1.561,23.551,-0.363
a,176355,47.000,20.435,80.000,-0.759,22.482,0.980
a,176360,47.000,20.169,80.000,-1.675,23.200,-0.714
a,176365,47.000,19.876,80.000,-1.828,21.948,1.301
a,176370,47.000,19.639,80.000,-1.385,22.345,2.202
a,176375,47.000,19.704,80.000,0.874,22.680,-1.966
a,176380,47.000,19.525,80.000,-0.943,22.161,2.385
a,176385,47.000,19.611,80.000,1.027,22.848,1.362
a,176390,47.000,19.414,80.000,-1.065,21.673,1.301
a,176395,47.000,19.516,80.000,1.164,21.734,-0.867
a,176400,47.000,19.419,80.000,-0.332,22.604,-2.195
a,176405,47.000,19.649,80.000,2.096,22.406,1.850
a,176410,47.000,19.777,80.000,1.302,23.658,2.064
a,176415,47.000,19.682,80.000,-0.332,20.207,-1.600
a,176420,47.000,19.806,80.000,1.271,22.253,-0.150
a,176425,47.000,19.692,80.000,-0.485,20.803,-0.424
a,176430,47.000,19.986,80.000,2.538,21.077,-1.905
a,176435,47.000,20.207,80.000,1.958,21.734,-2.837
a,176440,47.000,20.111,80.000,-0.424,22.222,2.736
a,176445,47.000,20.165,80.000,0.676,23.597,0.950
a,176450,47.000,19.993,80.000,-0.988,21.764,-0.241
a,176455,47.000,20.194,80.000,1.790,22.650,-0.577
a,176460,47.000,20.093,80.000,-0.469,22.345,4.599
a,176465,47.000,20.169,80.000,0.859,21.535,0.110
a,176470,47.000,20.074,80.000,-0.439,22.787,-0.211
a,176475,47.000,20.144,80.000,0.813,21.383,0.980
a,176480,47.000,20.366,80.000,1.912,23.001,3.652
a,176485,47.000,20.409,80.000,0.569,22.009,5.179
a,176490,47.000,20.468,80.000,0.691,21.322,0.797
a,176495,47.000,20.374,80.000,-0.469,22.574,0.904
a,176500,47.000,20.381,80.000,0.309,21.261,-0.669
a,176505,47.000,20.431,80.000,0.599,23.352,2.614
a,176510,47.000,20.515,80.000,0.859,21.734,-1.554
a,176515,47.000,20.590,80.000,0.783,22.238,-0.241
a,176520,47.000,20.438,80.000,-0.897,20.696,0.889
a,176525,47.000,20.668,80.000,1.943,21.612,0.476
a,176530,47.000,20.583,80.000,-0.408,20.680,0.476
a,176535,47.000,20.826,80.000,2.019,21.566,-0.989
a,176540,47.000,20.785,80.000,-0.133,22.925,0.980
a,176545,47.000,20.594,80.000,-1.202,20.177,-1.783
a,176550,47.000,20.557,80.000,-0.088,23.978,-1.646
a,176555,47.000,20.409,80.000,-0.882,21.856,-1.310
a,176560,47.000,20.656,80.000,2.050,22.971,0.156
a,176565,47.000,20.543,80.000,-0.622,21.077,0.919
a,176570,47.000,20.603,80.000,0.676,20.238,-0.424
a,176575,47.000,20.577,80.000,0.019,21.810,0.079
a,176580,47.000,20.798,80.000,1.851,21.368,1.637
a,176585,47.000,20.887,80.000,0.844,21.841,-3.982
a,176590,47.000,20.953,80.000,0.676,20.726,0.095
a,176595,47.000,21.040,80.000,0.798,22.971,3.469
a,176600,47.000,20.901,80.000,-0.866,21.016,-0.501
a,176605,47.000,21.157,80.000,2.050,23.490,-0.699
a,176610,47.000,21.123,80.000,-0.118,22.192,-1.630
a,176615,47.000,21.383,80.000,2.065,22.375,0.919
a,176620,47.000,21.451,80.000,0.599,23.795,2.553
a,176625,47.000,21.561,80.000,0.920,22.268,0.431
a,176630,47.000,21.773,80.000,1.638,24.284,-3.539
a,176635,47.000,21.699,80.000,-0.469,21.154,-1.188
a,176640,47.000,21.938,80.000,1.836,23.398,0.232
a,176645,47.000,21.883,80.000,-0.362,23.032,-0.485
a,176650,47.000,22.007,80.000,0.966,23.093,0.110
a,176655,47.000,21.777,80.000,-1.675,23.856,-2.562
a,176660,47.000,21.732,80.000,-0.271,23.169,-1.066
a,176665,47.000,21.684,80.000,-0.317,25.658,1.530
a,176670,47.000,21.666,80.000,-0.072,24.177,1.560
a,176675,47.000,21.570,80.000,-0.653,24.803,6.828
a,176680,47.000,21.549,80.000,-0.057,22.406,1.148
a,176685,47.000,21.551,80.000,0.096,24.497,-4.562
a,176690,47.000,21.531,80.000,-0.057,23.551,-0.485
a,176695,47.000,21.716,80.000,1.454,24.177,-1.768
a,176700,47.000,21.750,80.000,0.340,22.192,0.141
a,176705,47.000,21.704,80.000,-0.271,22.925,0.232
a,176710,47.000,21.572,80.000,-0.897,23.138,0.660
a,176715,47.000,21.308,80.000,-1.874,24.146,0.415
a,176720,47.000,21.319,80.000,0.187,25.291,-3.035
a,176725,47.000,21.237,80.000,-0.515,25.658,2.614
a,176730,47.000,21.369,80.000,1.073,26.207,-0.852
a,176735,47.000,21.295,80.000,-0.439,24.360,1.209
a,176740,47.000,21.112,80.000,-1.248,24.635,1.255
a,176745,47.000,21.041,80.000,-0.393,24.528,-2.760
a,176750,47.000,21.010,80.000,-0.088,24.345,0.660
a,176755,47.000,20.995,80.000,0.019,25.612,0.507
a,176760,47.000,21.049,80.000,0.554,23.841,-1.432
a,176765,47.000,20.777,80.000,-1.859,22.757,1.270
a,176770,47.000,20.882,80.000,0.951,24.650,2.171
a,176775,47.000,20.688,80.000,-1.263,23.001,-1.386
a,176780,47.000,20.431,80.000,-1.721,24.284,-2.470
a,176785,47.000,20.387,80.000,-0.118,24.467,0.171
a,176790,47.000,20.263,80.000,-0.714,24.803,1.240
a,176795,47.000,20.370,80.000,1.012,24.711,-1.707
a,176800,47.000,20.210,80.000,-0.973,24.451,1.484
a,176805,47.000,20.138,80.000,-0.317,25.474,1.683
a,176810,47.000,19.878,80.000,-1.675,23.383,-0.974
a,176815,47.000,19.632,80.000,-1.569,25.032,1.423
a,176820,47.000,19.508,80.000,-0.622,23.963,0.843
a,176825,47.000,19.161,80.000,-2.271,24.711,-0.760
a,176830,47.000,19.166,80.000,0.370,24.451,0.354
a,176835,47.000,18.904,80.000,-1.599,24.085,2.522
a,176840,47.000,18.760,80.000,-0.683,22.711,-0.256
a,176845,47.000,18.675,80.000,-0.240,23.474,1.637
a,176850,47.000,18.652,80.000,0.233,22.406,-1.172
a,176855,47.000,18.498,80.000,-0.729,22.222,0.583
a,176860,47.000,18.617,80.000,1.302,22.482,0.644
a,176865,47.000,18.479,80.000,-0.607,21.535,0.003
a,176870,47.000,18.427,80.000,0.050,20.864,2.324
a,176875,47.000,18.196,80.000,-1.294,22.100,1.621
a,176880,47.000,18.048,80.000,-0.637,20.833,-3.371
a,176885,47.000,17.912,80.000,-0.561,23.245,3.011
a,176890,47.000,17.809,80.000,-0.301,22.818,1.484
a,176895,47.000,17.391,80.000,-2.637,23.581,-0.562
a,176900,47.000,17.090,80.000,-1.737,24.390,2.431
a,176905,47.000,16.792,80.000,-1.691,24.390,-0.592
a,176910,47.000,16.525,80.000,-1.385,21.597,1.744
a,176915,47.000,16.273,80.000,-1.278,23.245,1.179
a,176920,47.000,16.065,80.000,-0.912,22.085,4.293
a,176925,47.000,15.790,80.000,-1.385,21.245,1.362
a,176930,47.000,15.369,80.000,-2.424,20.421,-0.546
a,176935,47.000,15.135,80.000,-1.004,20.360,1.377
a,176940,47.000,15.081,80.000,0.370,19.490,-1.279
a,176945,47.000,15.205,80.000,1.668,20.100,-0.684
a,176950,47.000,15.190,80.000,0.660,17.169,4.370
a,176955,47.000,15.134,80.000,0.355,16.436,2.828
a,176960,47.000,15.046,80.000,0.141,14.665,7.072
a,176965,47.000,15.187,80.000,1.836,15.352,-1.798
a,176970,47.000,15.240,80.000,1.164,15.077,3.087
a,176975,47.000,15.465,80.000,2.401,16.574,-0.577
a,176980,47.000,15.395,80.000,0.202,15.337,-0.134
a,176985,47.000,15.322,80.000,0.157,17.658,0.431
a,176990,47.000,15.107,80.000,-0.897,17.917,2.400
a,176995,47.000,15.046,80.000,0.248,19.123,-0.669
a,177000,47.000,14.983,80.000,0.248,17.658,2.583
a,177005,47.000,15.074,80.000,1.378,18.787,-0.501
a,177010,47.000,15.038,80.000,0.447,16.650,-0.684
a,177015,47.000,15.025,80.000,0.615,17.077,1.286
a,177020,47.000,14.877,80.000,-0.362,14.696,1.133
a,177025,47.000,14.963,80.000,1.347,17.245,-2.119
a,177030,47.000,14.925,80.000,0.431,15.810,2.049
a,177035,47.000,15.073,80.000,1.790,17.703,2.629
a,177040,47.000,15.072,80.000,0.676,16.436,0.018
a,177045,47.000,15.088,80.000,0.783,17.688,1.270
a,177050,47.000,14.919,80.000,-0.591,17.077,3.026
a,177055,47.000,14.960,80.000,0.981,17.306,-2.134
a,177060,47.000,14.835,80.000,-0.240,15.917,-0.272
a,177065,47.000,15.020,80.000,2.034,18.253,-0.256
a,177070,47.000,14.970,80.000,0.294,15.856,1.255
a,177075,47.000,15.031,80.000,1.103,17.383,0.599
a,177080,47.000,14.890,80.000,-0.378,15.047,0.446
a,177085,47.000,14.887,80.000,0.630,17.337,-2.058
a,177090,47.000,14.868,80.000,0.538,14.589,0.690
a,177095,47.000,14.876,80.000,0.706,16.864,3.789
a,177100,47.000,14.921,80.000,0.996,15.658,0.018
a,177105,47.000,14.880,80.000,0.325,17.138,2.919
a,177110,47.000,15.087,80.000,2.187,15.871,4.950
a,177115,47.000,14.978,80.000,-0.195,16.055,-0.241
a,177120,47.000,15.210,80.000,2.325,18.299,-0.730
a,177125,47.000,15.124,80.000,-0.057,17.276,1.392
a,177130,47.000,15.378,80.000,2.447,19.230,-0.180
a,177135,47.000,15.390,80.000,0.645,16.925,-0.440
a,177140,47.000,15.406,80.000,0.660,18.406,-1.432
a,177145,47.000,15.338,80.000,0.050,16.757,3.133
a,177150,47.000,15.611,80.000,2.554,18.604,-0.073
a,177155,47.000,15.616,80.000,0.554,17.352,0.400
a,177160,47.000,15.775,80.000,1.699,16.925,-0.638
a,177165,47.000,15.966,80.000,1.928,15.993,1.499
a,177170,47.000,16.202,80.000,2.218,16.894,0.858
a,177175,47.000,16.431,80.000,2.157,15.810,-2.470
a,177180,47.000,16.596,80.000,1.638,17.444,4.324
a,177185,47.000,17.064,80.000,3.867,17.001,0.217
a,177190,47.000,17.112,80.000,0.722,15.154,-0.623
a,177195,47.000,17.420,80.000,2.615,17.001,-1.661
a,177200,47.000,17.444,80.000,0.492,16.299,3.408
a,177205,47.000,17.798,80.000,2.920,17.322,0.476
a,177210,47.000,17.932,80.000,1.256,16.375,-0.852
a,177215,47.000,18.363,80.000,3.439,17.169,1.942
a,177220,47.000,18.655,80.000,2.355,17.841,0.385
a,177225,47.000,18.934,80.000,2.248,15.535,0.446
a,177230,47.000,19.245,80.000,2.431,18.055,-2.195
a,177235,47.000,19.452,80.000,1.638,17.306,-3.295
a,177240,47.000,19.943,80.000,3.683,20.100,0.156
a,177245,47.000,20.184,80.000,1.805,18.055,3.118
a,177250,47.000,20.549,80.000,2.676,20.039,-0.959
a,177255,47.000,20.681,80.000,0.920,19.581,0.003
a,177260,47.000,21.152,80.000,3.409,20.253,-0.195
a,177265,47.000,21.341,80.000,1.286,19.520,-0.867
a,177270,47.000,21.797,80.000,3.225,21.184,0.614
a,177275,47.000,21.900,80.000,0.554,21.673,0.797
a,177280,47.000,22.081,80.000,1.134,21.673,0.904
a,177285,47.000,22.179,80.000,0.477,23.871,-1.539
a,177290,47.000,22.311,80.000,0.722,23.795,0.919
a,177295,47.000,22.372,80.000,0.157,26.253,-0.226
a,177300,47.000,22.436,80.000,0.202,24.421,1.408
a,177305,47.000,22.491,80.000,0.111,26.726,-2.608
a,177310,47.000,22.302,80.000,-1.675,25.016,-1.081
a,177315,47.000,22.284,80.000,-0.408,26.803,0.782
a,177320,47.000,22.148,80.000,-1.233,24.177,-0.134
a,177325,47.000,22.415,80.000,1.744,25.993,3.118
a,177330,47.000,22.382,80.000,-0.485,25.047,3.102
a,177335,47.000,22.605,80.000,1.424,24.604,-0.669
a,177340,47.000,22.580,80.000,-0.439,24.848,-1.386
a,177345,47.000,22.898,80.000,2.111,25.184,-1.401
a,177350,47.000,23.115,80.000,1.317,26.421,0.797
a,177355,47.000,23.587,80.000,3.195,26.207,0.843
a,177360,47.000,23.645,80.000,0.096,24.696,0.675
a,177365,47.000,23.979,80.000,2.126,25.474,3.774
a,177370,47.000,24.186,80.000,1.149,26.146,3.484
a,177375,47.000,24.607,80.000,2.737,25.261,1.270
a,177380,47.000,24.845,80.000,1.317,26.665,-0.516
a,177385,47.000,25.308,80.000,2.981,24.803,1.347
a,177390,47.000,25.638,80.000,1.928,27.703,1.331
a,177395,47.000,25.807,80.000,0.722,26.009,-0.317
a,177400,47.000,26.192,80.000,2.279,28.742,0.492
a,177405,47.000,26.197,80.000,-0.546,26.238,0.186
a,177410,47.000,26.591,80.000,2.325,28.864,0.354
a,177415,47.000,26.593,80.000,-0.622,28.742,1.438
a,177420,47.000,26.704,80.000,0.187,29.764,1.133
a,177425,47.000,26.705,80.000,-0.653,31.016,1.087
a,177430,47.000,26.731,80.000,-0.439,30.390,-0.562
a,177435,47.000,27.023,80.000,1.515,31.673,0.934
a,177440,47.000,27.024,80.000,-0.637,29.612,4.965
a,177445,47.000,27.202,80.000,0.676,30.635,1.499
a,177450,47.000,27.176,80.000,-0.851,30.482,1.087
a,177455,47.000,27.461,80.000,1.454,31.429,-2.394
a,177460,47.000,27.689,80.000,1.012,31.612,-2.608
a,177465,47.000,28.167,80.000,2.844,31.505,-0.455
a,177470,47.000,28.343,80.000,0.584,30.055,-0.409
a,177475,47.000,28.552,80.000,0.828,28.955,-0.272
a,177480,47.000,28.765,80.000,0.828,30.451,-1.004
a,177485,47.000,29.083,80.000,1.592,30.665,-2.379
a,177490,47.000,29.340,80.000,1.103,31.780,1.255
a,177495,47.000,29.704,80.000,1.867,31.856,1.866
a,177500,47.000,29.931,80.000,0.828,31.734,-2.333
a,177505,47.000,30.275,80.000,1.668,33.062,-2.150
a,177510,47.000,30.357,80.000,-0.301,32.543,1.316
a,177515,47.000,30.820,80.000,2.523,33.459,0.247
a,177520,47.000,31.025,80.000,0.554,34.146,3.484
a,177525,47.000,31.296,80.000,1.042,33.551,4.507
a,177530,47.000,31.309,80.000,-0.897,33.902,2.003
a,177535,47.000,31.608,80.000,1.241,33.535,-1.905
a,177540,47.000,31.841,80.000,0.706,35.581,2.461
a,177545,47.000,32.166,80.000,1.378,35.505,0.782
a,177550,47.000,32.365,80.000,0.401,36.833,0.308
a,177555,47.000,32.411,80.000,-0.729,35.505,3.041
a,177560,47.000,32.492,80.000,-0.469,36.421,0.934
a,177565,47.000,32.577,80.000,-0.439,36.971,0.873
a,177570,47.000,32.824,80.000,0.722,39.612,0.797
a,177575,47.000,32.816,80.000,-1.156,38.055,3.667
a,177580,47.000,32.934,80.000,-0.225,39.123,1.057
a,177585,47.000,32.742,80.000,-2.515,38.940,3.423
a,177590,47.000,32.825,80.000,-0.439,38.360,-2.348
a,177595,47.000,32.762,80.000,-1.538,39.612,1.866
a,177600,47.000,32.950,80.000,0.355,38.925,0.370
a,177605,47.000,32.855,80.000,-1.752,38.986,6.171
a,177610,47.000,32.876,80.000,-0.866,38.085,1.835
a,177615,47.000,32.717,80.000,-2.210,40.039,2.538
a,177620,47.000,32.769,80.000,-0.607,39.184,-1.829
a,177625,47.000,32.715,80.000,-1.401,40.238,3.301
a,177630,47.000,32.704,80.000,-1.049,38.986,3.240
a,177635,47.000,32.597,80.000,-1.767,40.696,1.423
a,177640,47.000,32.380,80.000,-2.546,38.955,2.308
a,177645,47.000,32.214,80.000,-2.149,40.909,1.881
a,177650,47.000,32.145,80.000,-1.385,39.306,-0.379
a,177655,47.000,32.096,80.000,-1.233,39.612,-2.577
a,177660,47.000,32.096,80.000,-0.836,38.925,2.507
a,177665,47.000,32.084,80.000,-0.943,40.345,4.934
a,177670,47.000,31.765,80.000,-3.172,37.993,-1.127
a,177675,47.000,31.545,80.000,-2.439,41.047,2.660
a,177680,47.000,31.224,80.000,-3.141,40.497,-0.882
a,177685,47.000,31.195,80.000,-0.943,41.306,1.866
a,177690,47.000,30.920,80.000,-2.744,39.993,1.927
a,177695,47.000,30.673,80.000,-2.500,39.612,1.148
a,177700,47.000,30.264,80.000,-3.645,38.513,0.156
a,177705,47.000,30.145,80.000,-1.446,38.253,-0.562
a,177710,47.000,29.934,80.000,-2.103,38.070,0.141
a,177715,47.000,30.130,80.000,0.920,39.230,-0.455
a,177720,47.000,29.978,80.000,-1.645,36.909,3.591
a,177725,47.000,29.916,80.000,-0.958,36.619,-0.837
a,177730,47.000,29.676,80.000,-2.271,37.383,3.301
a,177735,47.000,29.656,80.000,-0.607,36.879,-1.844
a,177740,47.000,29.602,80.000,-0.866,38.161,1.316
a,177745,47.000,29.620,80.000,-0.301,36.314,0.828
a,177750,47.000,29.508,80.000,-1.294,38.222,3.606
a,177755,47.000,29.272,80.000,-2.164,35.795,1.759
a,177760,47.000,29.263,80.000,-0.485,38.619,1.087
a,177765,47.000,29.194,80.000,-0.897,35.902,0.278
a,177770,47.000,29.341,80.000,0.691,37.703,0.400
a,177775,47.000,29.128,80.000,-1.966,36.177,1.850
a,177780,47.000,29.040,80.000,-1.019,35.658,2.385
a,177785,47.000,28.833,80.000,-1.904,37.871,1.041
a,177790,47.000,28.600,80.000,-2.057,35.993,3.041
a,177795,47.000,28.529,80.000,-0.866,38.955,0.324
a,177800,47.000,28.163,80.000,-3.019,37.566,0.568
a,177805,47.000,27.914,80.000,-2.118,37.734,1.927
a,177810,47.000,27.405,80.000,-4.027,38.742,-0.134
a,177815,47.000,27.025,80.000,-2.988,36.971,1.454
a,177820,47.000,26.864,80.000,-1.355,39.123,0.324
a,177825,47.000,26.488,80.000,-2.912,37.673,1.789
a,177830,47.000,26.321,80.000,-1.309,36.940,0.690
a,177835,47.000,26.011,80.000,-2.362,37.597,1.316
a,177840,47.000,25.707,80.000,-2.240,33.688,-3.050
a,177845,47.000,25.832,80.000,0.935,36.696,-0.653
a,177850,47.000,25.678,80.000,-1.126,34.329,3.973
a,177855,47.000,25.752,80.000,0.599,33.032,1.896
a,177860,47.000,25.709,80.000,-0.256,30.635,-0.974
a,177865,47.000,26.123,80.000,3.134,30.803,-0.974
a,177870,47.000,26.660,80.000,4.004,29.566,0.385
a,177875,47.000,26.871,80.000,1.561,26.421,0.828
a,177880,47.000,27.333,80.000,3.378,28.360,-1.859
a,177885,47.000,27.629,80.000,2.111,26.909,-0.485
a,177890,47.000,28.191,80.000,4.019,28.680,-0.730
a,177895,47.000,28.387,80.000,1.256,27.627,2.431
a,177900,47.000,28.541,80.000,0.935,27.047,0.308
a,177905,47.000,28.662,80.000,0.645,29.032,-0.562
a,177910,47.000,28.692,80.000,-0.042,29.200,0.400
a,177915,47.000,29.000,80.000,2.004,30.039,0.721
a,177920,47.000,29.223,80.000,1.363,28.818,-0.714
a,177925,47.000,29.530,80.000,1.943,29.551,0.812
a,177930,47.000,29.594,80.000,0.111,29.734,2.125
a,177935,47.000,29.844,80.000,1.500,28.467,-1.508
a,177940,47.000,30.215,80.000,2.325,31.993,-1.814
a,177945,47.000,30.340,80.000,0.492,29.627,2.965
a,177950,47.000,30.684,80.000,2.080,31.398,0.415
a,177955,47.000,30.693,80.000,-0.408,29.688,-0.134
a,177960,47.000,31.024,80.000,1.973,29.520,-0.989
a,177965,47.000,31.298,80.000,1.485,32.467,0.232
a,177970,47.000,31.401,80.000,0.202,31.459,0.828
a,177975,47.000,31.680,80.000,1.485,32.513,-1.188
a,177980,47.000,31.510,80.000,-1.859,32.085,-0.180
a,177985,47.000,31.611,80.000,0.172,32.299,-1.951
a,177990,47.000,31.482,80.000,-1.584,35.581,0.049
a,177995,47.000,31.258,80.000,-2.256,34.497,1.209
a,178000,47.000,31.003,80.000,-2.485,37.520,-0.043
a,178005,47.000,30.382,80.000,-5.156,36.314,1.270
a,178010,47.000,30.050,80.000,-2.973,39.551,0.904
a,178015,47.000,29.301,80.000,-6.011,38.299,0.843
a,178020,47.000,28.885,80.000,-3.477,40.543,-2.088
a,178025,47.000,28.106,80.000,-6.088,37.459,-1.142
a,178030,47.000,27.588,80.000,-4.072,38.513,1.255
a,178035,47.000,26.843,80.000,-5.675,36.864,1.820
a,178040,47.000,26.116,80.000,-5.462,36.940,-0.150
a,178045,47.000,25.573,80.000,-4.027,37.261,-0.241
a,178050,47.000,24.685,80.000,-6.515,37.108,1.087
a,178055,47.000,23.984,80.000,-5.049,38.299,0.599
a,178060,47.000,23.141,80.000,-6.042,39.887,-0.852
a,178065,47.000,22.290,80.000,-5.981,37.047,-1.035
a,178070,47.000,21.554,80.000,-5.080,40.238,0.095
a,178075,47.000,20.651,80.000,-6.195,36.253,2.064
a,178080,47.000,20.011,80.000,-4.149,35.993,0.415
a,178085,47.000,19.348,80.000,-4.225,33.673,-0.394
a,178090,47.000,18.896,80.000,-2.530,27.978,-0.226
a,178095,47.000,18.918,80.000,1.027,26.955,0.400
a,178100,47.000,18.853,80.000,0.431,21.810,1.530
a,178105,47.000,19.248,80.000,3.851,20.345,0.919
a,178110,47.000,19.343,80.000,1.592,18.848,-1.020
a,178115,47.000,19.861,80.000,4.722,17.001,-0.577
a,178120,47.000,20.299,80.000,4.034,18.711,0.919
a,178125,47.000,20.795,80.000,4.447,15.245,-0.531
a,178130,47.000,21.323,80.000,4.584,17.306,1.148
a,178135,47.000,21.587,80.000,2.584,16.207,2.278
a,178140,47.000,22.176,80.000,4.920,18.055,-2.165
a,178145,47.000,22.500,80.000,2.874,19.032,0.354
a,178150,47.000,22.968,80.000,3.897,19.062,0.889
a,178155,47.000,23.105,80.000,1.363,20.833,2.751
a,178160,47.000,23.160,80.000,0.752,19.734,-0.150
a,178165,47.000,23.366,80.000,1.821,22.925,1.789
a,178170,47.000,23.462,80.000,0.966,23.688,-1.035
a,178175,47.000,23.697,80.000,1.989,23.108,1.499
a,178180,47.000,23.532,80.000,-1.004,22.680,1.835
a,178185,47.000,23.347,80.000,-1.141,22.848,1.545
a,178190,47.000,23.239,80.000,-0.607,27.703,-1.356
a,178195,47.000,22.924,80.000,-2.118,27.016,0.385
a,178200,47.000,22.879,80.000,-0.103,28.055,2.202
a,178205,47.000,22.411,80.000,-3.248,28.574,1.148
a,178210,47.000,21.900,80.000,-3.492,27.184,0.476
a,178215,47.000,21.406,80.000,-3.340,29.368,1.087
a,178220,47.000,20.903,80.000,-3.324,26.726,-1.982
a,178225,47.000,20.652,80.000,-1.431,28.222,-0.684
a,178230,47.000,20.192,80.000,-2.927,26.528,-1.417
a,178235,47.000,19.810,80.000,-2.286,24.803,1.423
a,178240,47.000,19.346,80.000,-2.866,25.551,-0.623
a,178245,47.000,19.178,80.000,-0.607,23.597,0.034
a,178250,47.000,18.926,80.000,-1.248,25.887,0.751
a,178255,47.000,18.368,80.000,-3.446,22.192,0.873
a,178260,47.000,18.055,80.000,-1.614,25.047,0.247
a,178265,47.000,17.615,80.000,-2.530,25.474,0.904
a,178270,47.000,17.169,80.000,-2.515,23.658,-1.737
a,178275,47.000,16.818,80.000,-1.798,26.131,1.209
a,178280,47.000,16.462,80.000,-1.798,25.383,-1.264
a,178285,47.000,16.024,80.000,-2.332,22.024,-4.760
a,178290,47.000,15.682,80.000,-1.614,24.207,-0.394
a,178295,47.000,15.244,80.000,-2.256,20.864,2.583
a,178300,47.000,15.018,80.000,-0.653,20.879,-0.424
a,178305,47.000,14.565,80.000,-2.286,18.284,1.423
a,178310,47.000,14.391,80.000,-0.164,17.200,2.736
a,178315,47.000,14.363,80.000,0.920,17.413,0.324
a,178320,47.000,14.377,80.000,1.256,13.932,-3.371
a,178325,47.000,14.555,80.000,2.431,16.711,-1.844
a,178330,47.000,14.576,80.000,1.256,14.558,0.934
a,178335,47.000,14.875,80.000,3.317,13.658,-7.905
a,178340,47.000,14.857,80.000,0.905,14.742,-2.287
a,178345,47.000,14.838,80.000,0.889,14.451,0.003
a,178350,47.000,14.899,80.000,1.424,18.222,-0.882
a,178355,47.000,14.607,80.000,-1.187,16.955,3.087
a,178360,47.000,14.391,80.000,-0.622,18.406,-2.699
a,178365,47.000,13.950,80.000,-2.256,16.726,1.438
a,178370,47.000,13.863,80.000,0.386,18.467,-0.775
a,178375,47.000,13.419,80.000,-2.225,15.810,1.209
a,178380,47.000,13.175,80.000,-0.714,16.375,-1.111
a,178385,47.000,12.766,80.000,-1.920,16.055,1.713
a,178390,47.000,12.593,80.000,-0.118,15.429,-0.669
a,178395,47.000,12.388,80.000,-0.362,15.963,0.324
a,178400,47.000,12.334,80.000,0.783,14.635,2.492
a,178405,47.000,12.118,80.000,-0.439,15.749,6.339
a,178410,47.000,11.939,80.000,-0.118,13.520,-1.081
a,178415,47.000,11.891,80.000,0.828,15.749,1.255
a,178420,47.000,11.925,80.000,1.454,13.520,-0.760
a,178425,47.000,11.889,80.000,0.920,13.413,-0.012
a,178430,47.000,11.989,80.000,1.943,11.917,-1.142
a,178435,47.000,11.932,80.000,0.752,11.917,1.301
a,178440,47.000,11.973,80.000,1.485,11.123,-2.363
a,178445,47.000,11.879,80.000,0.447,12.894,-1.279
a,178450,47.000,12.077,80.000,2.615,11.993,1.912
a,178455,47.000,12.164,80.000,1.760,12.329,1.087
a,178460,47.000,12.409,80.000,2.905,12.757,-0.272
a,178465,47.000,12.257,80.000,-0.072,12.329,1.683
a,178470,47.000,12.245,80.000,0.966,13.474,0.553
a,178475,47.000,12.078,80.000,-0.179,11.948,-1.600
a,178480,47.000,12.169,80.000,1.729,12.818,-1.768
a,178485,47.000,12.118,80.000,0.676,12.085,0.996
a,178490,47.000,12.477,80.000,3.683,13.352,0.843
a,178495,47.000,12.462,80.000,0.889,12.100,2.171
a,178500,47.000,12.510,80.000,1.332,12.848,1.667
a,178505,47.000,12.366,80.000,-0.103,12.543,1.881
a,178510,47.000,12.568,80.000,2.477,12.543,-1.798
a,178515,47.000,12.607,80.000,1.241,11.887,0.141
a,178520,47.000,12.860,80.000,2.798,13.337,2.232
a,178525,47.000,13.033,80.000,2.187,11.734,-1.279
a,178530,47.000,13.193,80.000,2.050,12.848,0.599
a,178535,47.000,13.228,80.000,1.118,11.612,1.484
a,178540,47.000,13.321,80.000,1.515,12.971,0.202
a,178545,47.000,13.435,80.000,1.683,11.230,-0.424
a,178550,47.000,13.697,80.000,2.737,12.971,0.782
a,178555,47.000,14.016,80.000,3.134,12.192,0.950
a,178560,47.000,14.334,80.000,3.057,13.764,0.431
a,178565,47.000,14.612,80.000,2.752,11.948,-3.798
a,178570,47.000,14.965,80.000,3.241,14.421,-0.394
a,178575,47.000,15.143,80.000,1.912,13.001,-1.982
a,178580,47.000,15.639,80.000,4.233,14.971,-2.745
a,178585,47.000,15.838,80.000,1.973,14.284,-0.195
a,178590,47.000,16.115,80.000,2.523,14.238,0.538
a,178595,47.000,16.242,80.000,1.378,14.955,-0.241
a,178600,47.000,16.452,80.000,1.989,13.764,4.690
a,178605,47.000,16.565,80.000,1.256,13.215,3.560
a,178610,47.000,16.787,80.000,2.034,14.451,0.003
a,178615,47.000,16.747,80.000,0.065,14.772,0.278
a,178620,47.000,16.916,80.000,1.607,15.047,1.912
a,178625,47.000,16.970,80.000,0.722,17.032,0.385
a,178630,47.000,17.083,80.000,1.149,17.215,-0.791
a,178635,47.000,16.961,80.000,-0.622,18.360,2.064
a,178640,47.000,16.869,80.000,-0.378,18.268,0.751
a,178645,47.000,16.637,80.000,-1.431,20.421,-0.821
a,178650,47.000,16.334,80.000,-1.935,20.680,-0.989
a,178655,47.000,16.265,80.000,-0.179,21.642,-1.982
a,178660,47.000,16.162,80.000,-0.378,18.253,2.583
a,178665,47.000,16.108,80.000,-0.011,18.818,-2.195
a,178670,47.000,16.002,80.000,-0.362,16.100,0.873
a,178675,47.000,16.050,80.000,0.767,18.116,-0.821
a,178680,47.000,16.052,80.000,0.447,16.253,-1.798
a,178685,47.000,16.358,80.000,2.660,19.444,-3.798
a,178690,47.000,16.617,80.000,2.263,19.963,-0.974
a,178695,47.000,16.826,80.000,1.867,19.932,0.110
a,178700,47.000,16.820,80.000,0.279,18.055,-2.714
a,178705,47.000,17.013,80.000,1.729,19.856,-2.623
a,178710,47.000,16.986,80.000,0.096,17.627,-1.188
a,178715,47.000,17.282,80.000,2.477,19.581,1.973
a,178720,47.000,17.388,80.000,1.057,17.978,1.270
a,178725,47.000,17.592,80.000,1.760,18.864,0.828
a,178730,47.000,17.675,80.000,0.859,17.597,-0.806
a,178735,47.000,17.941,80.000,2.187,18.742,-0.592
a,178740,47.000,18.005,80.000,0.691,16.650,-0.272
a,178745,47.000,18.395,80.000,3.057,20.253,-1.722
a,178750,47.000,18.496,80.000,0.889,18.940,0.965
a,178755,47.000,18.736,80.000,1.897,19.719,-1.753
a,178760,47.000,18.671,80.000,-0.378,19.123,0.354
a,178765,47.000,18.859,80.000,1.515,18.986,-0.348
a,178770,47.000,18.878,80.000,0.233,19.474,1.041
a,178775,47.000,19.253,80.000,2.874,19.429,3.133
a,178780,47.000,19.414,80.000,1.241,19.917,-2.195
a,178785,47.000,19.693,80.000,2.111,18.955,0.278
a,178790,47.000,19.863,80.000,1.241,22.024,-1.661
a,178795,47.000,19.983,80.000,0.874,20.726,1.683
a,178800,47.000,20.220,80.000,1.699,23.306,3.957
a,178805,47.000,20.284,80.000,0.401,22.131,-0.821
a,178810,47.000,20.396,80.000,0.722,25.429,0.858
a,178815,47.000,20.325,80.000,-0.607,22.818,-0.913
a,178820,47.000,20.471,80.000,0.996,23.490,3.286
a,178825,47.000,20.397,80.000,-0.622,22.299,2.003
a,178830,47.000,20.771,80.000,2.706,21.993,-2.012
a,178835,47.000,20.881,80.000,0.722,21.780,0.522
a,178840,47.000,21.204,80.000,2.279,22.436,0.705
a,178845,47.000,21.283,80.000,0.447,22.131,1.362
a,178850,47.000,21.559,80.000,1.912,21.352,-1.340
a,178855,47.000,21.619,80.000,0.263,22.711,0.171
a,178860,47.000,22.054,80.000,3.042,23.108,0.721
a,178865,47.000,22.166,80.000,0.599,23.581,1.637
a,178870,47.000,22.310,80.000,0.844,22.222,1.606
a,178875,47.000,22.422,80.000,0.584,23.413,-1.295
a,178880,47.000,22.543,80.000,0.660,22.329,1.774
a,178885,47.000,22.807,80.000,1.683,24.421,1.301
a,178890,47.000,22.881,80.000,0.263,23.963,2.476
a,178895,47.000,23.057,80.000,0.996,25.077,1.255
a,178900,47.000,22.953,80.000,-1.095,25.749,0.507
a,178905,47.000,23.174,80.000,1.332,25.963,2.141
a,178910,47.000,23.147,80.000,-0.530,25.963,-1.508
a,178915,47.000,23.427,80.000,1.760,26.238,0.980
a,178920,47.000,23.550,80.000,0.569,25.581,2.141
a,178925,47.000,23.720,80.000,0.935,24.528,7.118
a,178930,47.000,23.698,80.000,-0.515,25.123,1.988
a,178935,47.000,23.757,80.000,0.096,25.215,-0.882
a,178940,47.000,23.984,80.000,1.302,28.513,2.476
a,178945,47.000,24.092,80.000,0.431,25.795,0.095
a,178950,47.000,24.118,80.000,-0.195,27.245,0.018
a,178955,47.000,23.926,80.000,-1.798,26.390,-0.134
a,178960,47.000,23.990,80.000,0.096,28.787,1.041
a,178965,47.000,23.912,80.000,-0.927,26.772,1.133
a,178970,47.000,24.217,80.000,1.912,27.642,-0.760
a,178975,47.000,24.328,80.000,0.462,26.772,3.835
a,178980,47.000,24.567,80.000,1.409,26.177,-0.180
a,178985,47.000,24.680,80.000,0.477,24.711,-1.921
a,178990,47.000,24.940,80.000,1.531,26.528,-0.974
a,178995,47.000,25.144,80.000,1.073,28.925,0.873
a,179000,47.000,25.479,80.000,2.034,27.597,-0.577
a,179005,47.000,25.379,80.000,-1.202,26.879,-0.898
a,179010,47.000,25.577,80.000,0.996,28.604,1.805
a,179015,47.000,25.592,80.000,-0.362,27.917,0.797
a,179020,47.000,25.983,80.000,2.416,29.093,2.293
a,179025,47.000,26.015,80.000,-0.271,28.757,0.889
a,179030,47.000,26.117,80.000,0.248,28.070,2.186
a,179035,47.000,26.064,80.000,-0.912,29.734,2.736
a,179040,47.000,26.128,80.000,-0.027,28.925,2.217
a,179045,47.000,26.216,80.000,0.126,30.604,0.675
a,179050,47.000,26.237,80.000,-0.347,29.337,1.423
a,179055,47.000,26.246,80.000,-0.454,30.742,2.873
a,179060,47.000,26.149,80.000,-1.202,28.299,0.644
a,179065,47.000,26.209,80.000,-0.042,30.360,-1.310
a,179070,47.000,26.186,80.000,-0.653,29.658,0.064
a,179075,47.000,26.437,80.000,1.378,30.696,3.102
a,179080,47.000,26.453,80.000,-0.362,28.360,-0.150
a,179085,47.000,26.513,80.000,-0.042,30.070,-1.066
a,179090,47.000,26.345,80.000,-1.737,29.795,3.286
a,179095,47.000,26.432,80.000,0.172,31.108,-3.111
a,179100,47.000,26.509,80.000,0.080,31.749,0.614
a,179105,47.000,26.780,80.000,1.546,29.429,2.660
a,179110,47.000,26.848,80.000,0.019,29.123,3.194
a,179115,47.000,26.989,80.000,0.569,28.192,3.057
a,179120,47.000,27.063,80.000,0.050,30.070,1.331
a,179125,47.000,27.269,80.000,1.027,29.306,-0.195
a,179130,47.000,27.552,80.000,1.561,30.940,-0.531
a,179135,47.000,27.686,80.000,0.462,29.001,2.461
a,179140,47.000,27.672,80.000,-0.683,32.024,3.744
a,179145,47.000,27.490,80.000,-1.904,30.696,1.973
a,179150,47.000,27.477,80.000,-0.653,33.276,2.370
a,179155,47.000,27.426,80.000,-0.912,31.810,3.270
a,179160,47.000,27.598,80.000,0.752,32.238,2.141
a,179165,47.000,27.529,80.000,-1.034,31.322,2.996
a,179170,47.000,27.548,80.000,-0.362,30.833,0.202
a,179175,47.000,27.517,80.000,-0.729,30.787,1.423
a,179180,47.000,27.815,80.000,1.714,30.772,1.789
a,179185,47.000,27.966,80.000,0.584,32.268,1.331
a,179190,47.000,28.155,80.000,0.874,30.879,2.858
a,179195,47.000,28.235,80.000,0.019,33.169,2.186
a,179200,47.000,28.159,80.000,-1.111,30.589,1.667
a,179205,47.000,28.241,80.000,0.050,33.276,2.324
a,179210,47.000,28.278,80.000,-0.271,31.673,1.286
a,179215,47.000,28.632,80.000,2.065,32.971,2.064
a,179220,47.000,28.719,80.000,0.080,31.322,2.339
a,179225,47.000,28.883,80.000,0.630,31.703,3.560
a,179230,47.000,28.814,80.000,-1.095,31.215,4.507
a,179235,47.000,29.073,80.000,1.347,31.780,-1.554
a,179240,47.000,29.152,80.000,-0.011,31.184,0.889
a,179245,47.000,29.532,80.000,2.218,31.368,1.301
a,179250,47.000,29.671,80.000,0.386,32.604,3.392
a,179255,47.000,29.786,80.000,0.218,30.589,0.767
a,179260,47.000,29.937,80.000,0.447,33.352,1.240
a,179265,47.000,30.072,80.000,0.355,30.604,2.018
a,179270,47.000,30.401,80.000,1.744,33.490,4.889
a,179275,47.000,30.495,80.000,0.019,29.749,2.996
a,179280,47.000,30.831,80.000,1.775,32.925,3.973
a,179285,47.000,30.781,80.000,-1.095,31.352,1.225
a,179290,47.000,31.086,80.000,1.531,32.604,-3.050
a,179295,47.000,31.423,80.000,1.699,36.284,0.782
a,179300,47.000,31.608,80.000,0.554,35.368,3.805
a,179305,47.000,31.804,80.000,0.599,36.925,2.705
a,179310,47.000,31.546,80.000,-2.775,36.864,0.538
a,179315,47.000,31.507,80.000,-1.111,37.001,0.767
a,179320,47.000,31.459,80.000,-1.202,39.368,1.148
a,179325,47.000,31.483,80.000,-0.622,37.398,2.705
a,179330,47.000,31.508,80.000,-0.607,37.001,0.797
a,179335,47.000,31.346,80.000,-1.966,35.337,0.751
a,179340,47.000,31.499,80.000,0.370,36.909,-0.440
a,179345,47.000,31.451,80.000,-1.111,35.612,2.385
a,179350,47.000,31.648,80.000,0.722,35.551,0.324
a,179355,47.000,31.760,80.000,0.050,37.123,1.530
a,179360,47.000,31.756,80.000,-0.790,35.505,2.079
a,179365,47.000,31.809,80.000,-0.378,37.322,-0.272
a,179370,47.000,32.150,80.000,1.760,36.833,-0.088
a,179375,47.000,32.162,80.000,-0.714,36.833,0.278
a,179380,47.000,32.264,80.000,-0.027,36.390,2.812
a,179385,47.000,32.195,80.000,-1.309,36.451,1.316
a,179390,47.000,32.251,80.000,-0.332,34.329,0.049
a,179395,47.000,32.506,80.000,1.103,37.322,0.079
a,179400,47.000,32.463,80.000,-1.126,36.971,4.186
a,179405,47.000,32.545,80.000,-0.179,36.665,1.652
a,179410,47.000,32.496,80.000,-1.156,37.001,-1.524
a,179415,47.000,32.601,80.000,0.004,36.390,1.484
a,179420,47.000,32.787,80.000,0.584,37.734,-2.348
a,179425,47.000,32.933,80.000,0.279,37.077,-1.233
a,179430,47.000,33.075,80.000,0.218,39.001,2.980
a,179435,47.000,32.961,80.000,-1.660,36.726,0.339
a,179440,47.000,33.286,80.000,1.576,39.581,2.538
a,179445,47.000,33.182,80.000,-1.599,36.879,3.011
a,179450,47.000,33.476,80.000,1.363,37.780,-1.707
a,179455,47.000,33.494,80.000,-0.729,39.139,3.347
a,179460,47.000,33.518,80.000,-0.653,36.803,1.102
a,179465,47.000,33.678,80.000,0.340,39.169,-0.363
a,179470,47.000,33.583,80.000,-1.553,38.116,0.003
a,179475,47.000,33.794,80.000,0.691,41.368,-0.104
a,179480,47.000,33.788,80.000,-0.912,39.719,4.171
a,179485,47.000,33.600,80.000,-2.225,36.940,1.820
a,179490,47.000,33.462,80.000,-1.859,39.932,-1.279
a,179495,47.000,33.144,80.000,-3.156,39.123,2.278
a,179500,47.000,33.251,80.000,0.019,40.345,0.996
a,179505,47.000,33.050,80.000,-2.286,41.932,0.354
a,179510,47.000,32.814,80.000,-2.500,40.024,1.255
a,179515,47.000,32.673,80.000,-1.782,41.856,-2.134
a,179520,47.000,32.289,80.000,-3.538,40.009,-2.531
a,179525,47.000,32.333,80.000,-0.332,40.909,-0.989
a,179530,47.000,32.113,80.000,-2.301,42.070,1.957
a,179535,47.000,31.827,80.000,-2.729,39.368,-0.730
a,179540,47.000,31.574,80.000,-2.485,42.558,-1.096
a,179545,47.000,31.122,80.000,-3.904,40.100,2.492
a,179550,47.000,30.973,80.000,-1.614,41.612,0.614
a,179555,47.000,30.508,80.000,-3.950,42.268,2.415
a,179560,47.000,30.039,80.000,-3.889,39.383,-2.302
a,179565,47.000,29.682,80.000,-3.034,41.993,1.805
a,179570,47.000,29.086,80.000,-4.744,40.238,1.606
a,179575,47.000,28.801,80.000,-2.393,41.505,0.018
a,179580,47.000,28.183,80.000,-4.820,41.535,1.973
a,179585,47.000,27.484,80.000,-5.340,40.009,0.950
a,179590,47.000,26.860,80.000,-4.729,41.780,0.873
a,179595,47.000,26.057,80.000,-5.966,40.253,1.392
a,179600,47.000,25.474,80.000,-4.240,39.658,-0.058
a,179605,47.000,24.789,80.000,-4.943,40.146,3.148
a,179610,47.000,23.922,80.000,-6.195,37.948,1.698
a,179615,47.000,23.398,80.000,-3.553,37.398,1.331
a,179620,47.000,22.975,80.000,-2.729,35.719,0.431
a,179625,47.000,22.664,80.000,-1.813,31.368,2.980
a,179630,47.000,22.624,80.000,0.248,29.001,3.301
a,179635,47.000,22.657,80.000,0.813,26.406,2.583
a,179640,47.000,23.021,80.000,3.302,22.818,0.721
a,179645,47.000,23.660,80.000,5.286,22.100,1.667
a,179650,47.000,24.097,80.000,3.729,20.772,0.644
a,179655,47.000,24.712,80.000,4.996,20.238,1.621
a,179660,47.000,25.190,80.000,3.882,21.505,1.973
a,179665,47.000,25.786,80.000,4.722,20.207,-2.226
a,179670,47.000,26.561,80.000,5.928,23.047,-1.966
a,179675,47.000,26.947,80.000,2.981,21.368,0.293
a,179680,47.000,27.403,80.000,3.439,22.100,2.660
a,179685,47.000,27.772,80.000,2.706,24.665,-0.424
a,179690,47.000,28.041,80.000,1.928,25.016,0.934
a,179695,47.000,28.515,80.000,3.409,24.360,-2.317
a,179700,47.000,28.830,80.000,2.157,27.077,3.606
a,179705,47.000,28.886,80.000,0.187,27.245,0.064
a,179710,47.000,29.124,80.000,1.515,29.337,1.469
a,179715,47.000,29.230,80.000,0.477,31.459,-0.745
a,179720,47.000,28.992,80.000,-2.072,30.879,1.148
a,179725,47.000,28.858,80.000,-1.309,33.810,0.934
a,179730,47.000,28.360,80.000,-4.011,35.612,3.362
a,179735,47.000,27.937,80.000,-3.385,34.787,-2.974
a,179740,47.000,27.661,80.000,-2.271,36.284,-0.775
a,179745,47.000,26.994,80.000,-5.111,34.879,0.583
a,179750,47.000,26.676,80.000,-2.469,36.009,1.408
a,179755,47.000,26.290,80.000,-2.943,36.070,-0.730
a,179760,47.000,25.991,80.000,-2.225,33.780,0.873
a,179765,47.000,25.555,80.000,-3.202,33.291,1.912
a,179770,47.000,25.043,80.000,-3.691,30.909,0.293
a,179775,47.000,24.833,80.000,-1.431,33.597,0.599
a,179780,47.000,24.569,80.000,-1.782,30.986,1.469
a,179785,47.000,24.453,80.000,-0.653,30.589,1.759
a,179790,47.000,24.091,80.000,-2.469,30.787,2.767
a,179795,47.000,23.742,80.000,-2.317,29.123,-0.989
a,179800,47.000,23.484,80.000,-1.645,31.535,-2.669
a,179805,47.000,23.126,80.000,-2.332,29.719,2.904
a,179810,47.000,23.000,80.000,-0.607,31.780,-1.004
a,179815,47.000,22.839,80.000,-0.866,31.948,0.980
a,179820,47.000,22.562,80.000,-1.691,30.421,0.797
a,179825,47.000,21.984,80.000,-3.889,30.116,-1.921
a,179830,47.000,21.664,80.000,-1.904,28.192,1.286
a,179835,47.000,21.657,80.000,0.447,28.543,-0.562
a,179840,47.000,21.357,80.000,-1.706,26.100,3.576
a,179845,47.000,21.318,80.000,0.263,25.093,-0.333
a,179850,47.000,21.287,80.000,0.309,26.070,-0.562
a,179855,47.000,21.473,80.000,1.943,23.826,-2.119
a,179860,47.000,21.727,80.000,2.416,23.169,1.286
a,179865,47.000,21.817,80.000,1.195,21.429,3.133
a,179870,47.000,22.003,80.000,1.897,19.764,0.767
a,179875,47.000,22.041,80.000,0.767,20.742,-0.806
a,179880,47.000,22.315,80.000,2.492,21.490,0.232
a,179885,47.000,22.577,80.000,2.355,22.482,0.889
a,179890,47.000,22.646,80.000,0.889,22.329,1.912
a,179895,47.000,22.818,80.000,1.607,24.635,2.980
a,179900,47.000,22.626,80.000,-1.095,23.520,0.797
a,179905,47.000,22.717,80.000,0.996,25.154,1.102
a,179910,47.000,22.591,80.000,-0.622,24.513,-0.516
a,179915,47.000,22.704,80.000,1.164,24.268,0.293
a,179920,47.000,22.602,80.000,-0.454,25.047,4.034
a,179925,47.000,22.485,80.000,-0.530,22.543,2.110
a,179930,47.000,22.434,80.000,-0.057,24.833,1.255
a,179935,47.000,22.454,80.000,0.477,23.826,-1.921
a,179940,47.000,22.669,80.000,1.912,24.177,-1.569
a,179945,47.000,22.752,80.000,0.920,22.711,2.324
a,179950,47.000,22.866,80.000,1.134,23.215,0.247
a,179955,47.000,22.780,80.000,-0.362,23.032,-2.043
a,179960,47.000,23.049,80.000,2.263,23.505,-1.768
a,179965,47.000,23.025,80.000,0.065,23.215,1.744
a,179970,47.000,23.246,80.000,1.867,23.764,0.690
a,179975,47.000,23.191,80.000,-0.210,24.451,2.293
a,179980,47.000,23.157,80.000,-0.042,24.009,2.889
a,179985,47.000,22.985,80.000,-1.095,25.932,0.049
a,179990,47.000,22.940,80.000,-0.118,24.497,-1.096
a,179995,47.000,22.833,80.000,-0.591,26.070,1.225
a,180000,47.000,22.800,80.000,-0.011,24.467,-0.546
a,180005,47.000,22.665,80.000,-0.790,25.826,2.538
a,180010,47.000,22.455,80.000,-1.309,23.978,0.812
a,180015,47.000,22.474,80.000,0.370,27.108,-1.737
a,180020,47.000,22.424,80.000,-0.103,23.841,-3.081
a,180025,47.000,22.642,80.000,1.851,26.146,-2.455
a,180030,47.000,22.657,80.000,0.340,24.314,1.255
a,180035,47.000,22.855,80.000,1.683,25.444,-0.104
a,180040,47.000,22.650,80.000,-1.309,23.520,-0.485
a,180045,47.000,22.846,80.000,1.668,24.497,-3.340
a,180050,47.000,22.818,80.000,-0.027,25.826,-2.684
a,180055,47.000,23.063,80.000,2.004,24.848,-0.348
a,180060,47.000,22.946,80.000,-0.714,25.658,1.194
a,180065,47.000,22.849,80.000,-0.546,24.482,1.454
a,180070,47.000,22.916,80.000,0.660,25.963,-1.600
a,180075,47.000,22.841,80.000,-0.378,23.932,-0.333
a,180080,47.000,23.041,80.000,1.653,25.535,1.392
a,180085,47.000,23.043,80.000,0.157,25.245,2.721
a,180090,47.000,23.101,80.000,0.584,24.589,0.782
a,180095,47.000,22.942,80.000,-1.034,24.177,0.660
a,180100,47.000,23.128,80.000,1.531,25.474,-3.921
a,180105,47.000,23.153,80.000,0.309,25.566,0.721
a,180110,47.000,23.224,80.000,0.645,25.474,3.225
a,180115,47.000,22.973,80.000,-1.721,22.864,-0.180
a,180120,47.000,22.986,80.000,0.263,23.413,0.782
a,180125,47.000,23.101,80.000,0.981,25.856,-1.218
a,180130,47.000,23.027,80.000,-0.408,23.734,1.423
a,180135,47.000,23.199,80.000,1.409,25.032,0.125
a,180140,47.000,23.139,80.000,-0.301,22.329,-0.012
a,180145,47.000,23.337,80.000,1.561,26.665,-1.340
a,180150,47.000,23.204,80.000,-0.897,25.398,-0.394
a,180155,47.000,23.449,80.000,1.912,25.749,-3.569
a,180160,47.000,23.330,80.000,-0.836,27.291,1.957
a,180165,47.000,23.301,80.000,-0.133,25.688,1.408
a,180170,47.000,23.315,80.000,0.187,25.826,0.644
a,180175,47.000,23.253,80.000,-0.362,24.528,-0.898
a,180180,47.000,23.496,80.000,1.882,26.146,-1.249
a,180185,47.000,23.540,80.000,0.401,24.116,2.018
a,180190,47.000,23.791,80.000,1.912,25.658,-1.478
a,180195,47.000,23.699,80.000,-0.637,23.627,-0.943
a,180200,47.000,23.944,80.000,1.851,25.902,-0.730
a,180205,47.000,23.866,80.000,-0.576,25.474,0.751
a,180210,47.000,24.223,80.000,2.660,25.826,0.675
a,180215,47.000,24.270,80.000,0.309,26.757,1.194
a,180220,47.000,24.236,80.000,-0.271,24.451,0.538
a,180225,47.000,24.307,80.000,0.508,24.833,0.354
a,180230,47.000,24.400,80.000,0.676,24.207,-0.333
a,180235,47.000,24.757,80.000,2.599,25.658,-1.478
a,180240,47.000,25.071,80.000,2.233,26.100,1.835
a,180245,47.000,25.158,80.000,0.538,24.833,0.568
a,180250,47.000,25.202,80.000,0.187,26.619,1.194
a,180255,47.000,25.088,80.000,-0.958,24.116,-0.623
a,180260,47.000,25.300,80.000,1.409,29.306,0.919
a,180265,47.000,25.167,80.000,-1.156,28.360,3.179
a,180270,47.000,25.184,80.000,-0.042,29.306,0.843
a,180275,47.000,24.874,80.000,-2.469,29.734,0.446
a,180280,47.000,24.852,80.000,-0.271,27.520,-0.317
a,180285,47.000,24.767,80.000,-0.744,28.925,-1.142
a,180290,47.000,24.818,80.000,0.294,26.345,1.896
a,180295,47.000,24.870,80.000,0.263,29.627,1.255
a,180300,47.000,24.506,80.000,-2.790,27.184,1.484
a,180305,47.000,24.520,80.000,0.019,29.138,0.705
a,180310,47.000,24.260,80.000,-1.996,28.818,-2.592
a,180315,47.000,24.204,80.000,-0.469,29.123,-0.531
a,180320,47.000,24.032,80.000,-1.324,29.963,2.354
a,180325,47.000,23.771,80.000,-1.935,27.291,0.644
a,180330,47.000,23.571,80.000,-1.477,29.184,1.301
a,180335,47.000,23.301,80.000,-1.950,27.459,1.606
a,180340,47.000,23.282,80.000,-0.072,28.513,2.629
a,180345,47.000,22.979,80.000,-2.164,27.352,4.873
a,180350,47.000,22.844,80.000,-0.897,28.222,6.202
a,180355,47.000,22.430,80.000,-2.958,28.848,-0.348
a,180360,47.000,22.266,80.000,-1.049,27.978,2.064
a,180365,47.000,21.949,80.000,-2.179,29.169,-0.714
a,180370,47.000,21.837,80.000,-0.607,27.627,0.415
a,180375,47.000,21.649,80.000,-1.172,28.268,2.873
a,180381,47.000,21.495,80.000,-0.897,27.749,2.247
a,180385,47.000,21.380,80.000,-0.576,26.528,-0.302
a,180390,47.000,21.143,80.000,-1.462,25.932,-0.485
a,180396,47.000,21.145,80.000,0.340,25.429,0.415
a,180400,47.000,21.027,80.000,-0.561,25.658,2.339
a,180405,47.000,20.701,80.000,-2.072,23.841,1.316
a,180410,47.000,20.560,80.000,-0.683,25.520,-1.264
a,180416,47.000,20.373,80.000,-1.049,28.085,-0.775
a,180420,47.000,20.421,80.000,0.722,27.734,-0.165
a,180425,47.000,20.321,80.000,-0.378,26.390,1.408
a,180430,47.000,20.043,80.000,-1.675,25.215,-0.180
a,180435,47.000,19.939,80.000,-0.378,27.352,0.614
a,180440,47.000,19.780,80.000,-0.759,25.322,-1.966
a,180445,47.000,19.963,80.000,1.775,26.100,-3.768
a,180450,47.000,19.936,80.000,0.187,27.108,2.660
a,180455,47.000,19.744,80.000,-0.988,22.757,1.301
a,180460,47.000,19.826,80.000,1.042,24.116,-2.272
a,180465,47.000,19.770,80.000,0.019,23.306,-0.211
a,180470,47.000,20.038,80.000,2.416,23.383,0.308
a,180475,47.000,19.997,80.000,0.111,21.566,2.370
a,180480,47.000,20.206,80.000,1.958,22.406,-3.172
a,180485,47.000,20.081,80.000,-0.546,22.085,2.110
a,180490,47.000,20.317,80.000,2.126,23.276,-2.104
a,180495,47.000,20.310,80.000,0.325,20.909,2.904
a,180500,47.000,20.294,80.000,0.233,22.619,-1.264
a,180505,47.000,20.004,80.000,-1.798,22.818,-2.119
a,180510,47.000,20.034,80.000,0.569,25.658,-3.127
a,180515,47.000,20.041,80.000,0.431,22.085,1.744
a,180520,47.000,20.033,80.000,0.294,23.368,1.927
a,180525,47.000,19.865,80.000,-0.866,21.703,1.927
a,180530,47.000,20.038,80.000,1.653,23.520,2.217
a,180535,47.000,19.967,80.000,-0.179,23.871,1.530
a,180540,47.000,19.902,80.000,-0.133,23.276,-1.386
a,180545,47.000,19.563,80.000,-2.149,23.062,1.545
a,180551,47.000,19.505,80.000,-0.027,22.711,3.194
a,180555,47.000,19.446,80.000,-0.042,23.032,0.446
a,180560,47.000,19.667,80.000,2.034,23.688,-3.066
a,180565,47.000,19.659,80.000,0.325,21.948,0.629
a,180570,47.000,19.511,80.000,-0.729,23.490,-0.211
a,180575,47.000,19.651,80.000,1.409,23.764,1.408
a,180580,47.000,19.502,80.000,-0.729,22.024,-2.684
a,180585,47.000,19.642,80.000,1.409,23.902,1.957
a,180590,47.000,19.446,80.000,-1.095,23.062,4.599
a,180595,47.000,19.330,80.000,-0.485,23.001,1.927
a,180600,47.000,19.040,80.000,-1.767,23.200,3.118
a,180605,47.000,19.135,80.000,1.103,24.345,-0.165
a,180610,47.000,19.025,80.000,-0.424,23.902,2.079
a,180615,47.000,19.217,80.000,1.836,23.032,0.843
a,180620,47.000,19.111,80.000,-0.378,21.215,2.996
a,180625,47.000,19.152,80.000,0.706,22.100,1.560
a,180630,47.000,19.101,80.000,0.019,21.459,-0.546
a,180635,47.000,19.130,80.000,0.630,20.864,1.545
a,180640,47.000,19.137,80.000,0.447,22.024,0.797
a,180645,47.000,19.220,80.000,0.996,22.482,0.522
a,180650,47.000,19.287,80.000,0.844,24.085,2.904
a,180655,47.000,19.369,80.000,0.966,22.543,-0.730
a,180660,47.000,19.217,80.000,-0.775,22.024,3.499
a,180665,47.000,19.370,80.000,1.485,23.352,-1.188
a,180670,47.000,19.296,80.000,-0.210,22.345,0.476
a,180675,47.000,19.551,80.000,2.233,23.169,1.576
a,180680,47.000,19.472,80.000,-0.286,23.276,1.515
a,180685,47.000,19.527,80.000,0.722,23.352,3.973
a,180690,47.000,19.382,80.000,-0.759,21.993,2.171
a,180695,47.000,19.488,80.000,1.103,23.093,-0.974
a,180701,47.000,19.469,80.000,0.157,23.963,-0.501
a,180705,47.000,19.483,80.000,0.431,21.215,-0.150
a,180710,47.000,19.400,80.000,-0.301,22.100,1.759
a,180715,47.000,19.470,80.000,0.828,22.604,0.797
a,180720,47.000,19.288,80.000,-1.019,20.696,-1.111
a,180725,47.000,19.376,80.000,0.966,23.597,-1.264
a,180730,47.000,19.244,80.000,-0.653,20.971,2.614
a,180735,47.000,19.472,80.000,2.004,23.200,0.919
a,180740,47.000,19.657,80.000,1.683,21.673,-0.058
a,180745,47.000,19.863,80.000,1.790,23.245,1.408
a,180750,47.000,19.869,80.000,0.309,20.589,-0.501
a,180755,47.000,19.981,80.000,1.073,22.864,0.171
a,180760,47.000,19.931,80.000,-0.118,21.291,-0.058
a,180765,47.000,20.289,80.000,2.859,24.467,-1.768
a,180770,47.000,20.484,80.000,1.638,22.925,-0.714
a,180775,47.000,20.724,80.000,1.943,23.200,1.255
a,180780,47.000,20.709,80.000,0.050,21.215,1.652
a,180785,47.000,20.926,80.000,1.744,22.971,-1.264
a,180790,47.000,20.986,80.000,0.584,21.215,-1.554
a,180795,47.000,21.307,80.000,2.477,23.688,4.522
a,180800,47.000,21.592,80.000,2.202,22.024,1.438
a,180805,47.000,21.841,80.000,1.897,21.917,0.858
a,180810,47.000,21.985,80.000,1.103,21.368,-0.699
a,180815,47.000,22.188,80.000,1.500,23.383,2.247
a,180820,47.000,22.353,80.000,1.210,21.810,-0.791
a,180825,47.000,22.654,80.000,2.187,23.826,-1.081
a,180830,47.000,22.826,80.000,1.210,22.238,1.347
a,180835,47.000,23.125,80.000,2.126,23.352,2.247
a,180840,47.000,23.170,80.000,0.233,21.383,0.568
a,180845,47.000,23.401,80.000,1.592,23.490,-5.218
a,180850,47.000,23.458,80.000,0.263,24.528,2.278
a,180855,47.000,23.867,80.000,2.859,25.230,1.973
a,180860,47.000,23.910,80.000,0.080,26.971,1.835
a,180865,47.000,23.960,80.000,0.172,23.978,-1.340
a,180870,47.000,24.023,80.000,0.233,26.635,0.370
a,180875,47.000,24.081,80.000,0.233,23.658,-1.020
a,180880,47.000,24.354,80.000,1.790,26.009,1.148
a,180885,47.000,24.477,80.000,0.676,24.390,-0.088
a,180890,47.000,24.716,80.000,1.515,25.398,-0.073
a,180895,47.000,24.616,80.000,-1.019,25.016,3.713
a,180900,47.000,24.786,80.000,0.981,26.909,-3.462
a,180906,47.000,24.808,80.000,-0.164,29.337,1.835
a,180910,47.000,24.895,80.000,0.325,29.062,2.644
a,180915,47.000,24.678,80.000,-1.950,30.253,1.621
a,180920,47.000,24.516,80.000,-1.477,27.917,-0.638
a,180925,47.000,24.425,80.000,-0.958,29.795,0.278
a,180930,47.000,24.358,80.000,-0.729,27.245,1.652
a,180935,47.000,24.459,80.000,0.508,28.680,1.591
a,180940,47.000,24.494,80.000,0.019,27.887,0.461
a,180945,47.000,24.535,80.000,0.050,29.230,0.141
a,180950,47.000,24.248,80.000,-2.362,28.131,1.881
a,180955,47.000,24.270,80.000,-0.057,29.413,0.079
a,180960,47.000,24.129,80.000,-1.248,27.993,0.751
a,180965,47.000,24.147,80.000,-0.057,28.848,-0.394
a,180970,47.000,23.896,80.000,-2.042,27.734,-0.150
a,180975,47.000,23.805,80.000,-0.851,30.177,-0.806
a,180980,47.000,23.572,80.000,-1.843,26.345,-3.661
a,180986,47.000,23.504,80.000,-0.591,26.619,1.713
a,180990,47.000,23.401,80.000,-0.851,26.940,7.026
a,180995,47.000,23.431,80.000,0.126,29.581,-0.379
a,181000,47.000,23.387,80.000,-0.439,29.932,0.705
a,181005,47.000,23.426,80.000,0.187,29.856,-0.608
a,181010,47.000,23.113,80.000,-2.408,28.909,-3.203
a,181016,47.000,22.733,80.000,-2.866,28.375,-0.928
a,181020,47.000,22.819,80.000,0.615,29.963,-0.333
a,181025,47.000,22.576,80.000,-1.813,28.268,1.469
a,181030,47.000,22.310,80.000,-1.966,29.581,-1.111
a,181035,47.000,22.011,80.000,-2.149,26.345,-0.211
a,181040,47.000,22.075,80.000,0.538,29.612,0.889
a,181045,47.000,21.805,80.000,-1.904,26.864,2.812
a,181050,47.000,21.595,80.000,-1.416,24.955,-0.134
a,181055,47.000,21.372,80.000,-1.508,26.772,-1.890
a,181060,47.000,21.228,80.000,-0.897,26.482,-0.516
a,181065,47.000,21.257,80.000,0.401,27.154,0.751
a,181070,47.000,21.052,80.000,-1.340,26.421,4.400
a,181075,47.000,20.906,80.000,-0.866,25.444,-0.058
a,181080,47.000,20.510,80.000,-2.714,26.635,0.629
a,181085,47.000,20.290,80.000,-1.370,26.772,-1.004
a,181090,47.000,20.205,80.000,-0.378,29.200,-0.134
a,181095,47.000,19.943,80.000,-1.660,27.261,0.889
a,181100,47.000,19.718,80.000,-1.355,26.757,1.118
a,181105,47.000,19.307,80.000,-2.698,26.238,3.560
a,181110,47.000,19.102,80.000,-1.111,24.070,-6.501
a,181115,47.000,19.190,80.000,1.073,25.551,-0.501
a,181120,47.000,19.089,80.000,-0.317,22.894,2.431
a,181125,47.000,19.103,80.000,0.554,21.841,-0.837
a,181130,47.000,19.013,80.000,-0.225,21.917,-2.531
a,181135,47.000,19.112,80.000,1.210,19.764,-1.462
a,181140,47.000,19.313,80.000,1.928,21.642,1.362
a,181145,47.000,19.304,80.000,0.355,20.421,-3.569
a,181150,47.000,19.464,80.000,1.592,21.948,-1.035
a,181155,47.000,19.259,80.000,-1.141,22.619,1.759
a,181160,47.000,19.270,80.000,0.477,22.299,-1.753
a,181165,47.000,19.215,80.000,-0.042,24.467,3.194
a,181170,47.000,19.177,80.000,0.126,21.429,0.797
a,181175,47.000,19.228,80.000,0.767,22.650,-0.684
a,181180,47.000,19.096,80.000,-0.561,20.146,1.652
a,181185,47.000,19.308,80.000,1.973,21.780,-0.195
a,181190,47.000,19.253,80.000,-0.011,20.253,1.377
a,181195,47.000,19.411,80.000,1.561,20.803,-1.035
a,181200,47.000,19.527,80.000,1.210,22.650,-0.333
a,181205,47.000,19.358,80.000,-0.897,20.436,-0.150
a,181210,47.000,19.443,80.000,0.981,22.574,-0.791
a,181215,47.000,19.280,80.000,-0.866,22.085,3.057
a,181220,47.000,19.428,80.000,1.454,21.917,-0.745
a,181225,47.000,19.351,80.000,-0.240,22.971,1.683
a,181230,47.000,19.200,80.000,-0.759,20.940,1.163
a,181235,47.000,19.266,80.000,0.828,23.826,-0.546
a,181240,47.000,19.162,80.000,-0.408,21.108,2.553
a,181245,47.000,19.348,80.000,1.744,21.322,-2.012
a,181250,47.000,19.340,80.000,0.263,23.383,0.843
a,181255,47.000,19.195,80.000,-0.714,19.764,1.362
a,181260,47.000,19.342,80.000,1.424,23.276,0.461
a,181265,47.000,19.259,80.000,-0.301,22.680,0.278
a,181270,47.000,19.476,80.000,1.943,22.680,-0.546
a,181275,47.000,19.525,80.000,0.645,23.688,1.102
a,181280,47.000,19.536,80.000,0.401,20.589,0.614
a,181285,47.000,19.660,80.000,1.210,22.604,-0.974
a,181290,47.000,19.687,80.000,0.508,20.100,-0.134
a,181295,47.000,20.134,80.000,3.576,22.864,-0.073
a,181300,47.000,20.195,80.000,0.676,21.948,0.278
a,181305,47.000,20.317,80.000,1.134,21.261,-0.073
a,181310,47.000,20.368,80.000,0.569,23.062,2.217
a,181315,47.000,20.633,80.000,2.157,22.238,-3.111
a,181320,47.000,20.973,80.000,2.660,23.688,2.629
a,181325,47.000,21.182,80.000,1.683,21.566,0.079
a,181330,47.000,21.471,80.000,2.248,21.627,1.912
a,181335,47.000,21.508,80.000,0.355,20.726,1.408
a,181340,47.000,21.965,80.000,3.454,22.238,-1.401
a,181345,47.000,22.277,80.000,2.340,21.154,2.354
a,181350,47.000,22.678,80.000,2.951,22.329,-0.394
a,181355,47.000,23.087,80.000,2.951,23.001,-0.317
a,181360,47.000,23.570,80.000,3.470,22.650,-2.882
a,181365,47.000,24.004,80.000,3.042,23.444,1.805
a,181370,47.000,24.429,80.000,2.951,21.459,0.614
a,181375,47.000,24.817,80.000,2.615,23.597,2.492
a,181380,47.000,24.943,80.000,0.645,22.024,0.324
a,181385,47.000,25.418,80.000,3.195,24.772,-0.180
a,181390,47.000,25.715,80.000,1.821,25.215,1.927
a,181395,47.000,26.258,80.000,3.622,24.451,-2.150
a,181400,47.000,26.702,80.000,2.813,26.421,-1.478
a,181405,47.000,26.794,80.000,0.172,25.551,3.118
a,181410,47.000,26.767,80.000,-0.714,25.444,0.507
a,181415,47.000,27.032,80.000,1.424,29.200,-0.180
a,181420,47.000,27.195,80.000,0.645,28.467,-0.531
a,181425,47.000,27.235,80.000,-0.301,31.184,2.339
a,181430,47.000,27.070,80.000,-1.813,30.421,2.308
a,181435,47.000,27.105,80.000,-0.332,33.490,-1.157
a,181440,47.000,26.888,80.000,-2.179,31.184,-0.272
a,181445,47.000,27.079,80.000,0.859,33.429,-1.279
a,181450,47.000,26.907,80.000,-1.828,31.474,1.316
a,181455,47.000,26.934,80.000,-0.317,31.352,-1.783
a,181460,47.000,26.746,80.000,-1.904,30.864,-0.073
a,181465,47.000,27.016,80.000,1.500,31.917,-2.913
a,181470,47.000,27.094,80.000,0.065,31.261,-0.684
a,181475,47.000,27.465,80.000,2.233,31.856,-0.745
a,181480,47.000,27.498,80.000,-0.317,31.978,1.392
a,181485,47.000,27.760,80.000,1.378,32.497,-0.241
a,181491,47.000,27.932,80.000,0.691,32.513,3.286
a,181495,47.000,28.185,80.000,1.286,32.131,-0.943
a,181500,47.000,28.263,80.000,-0.027,31.368,-2.714
a,181505,47.000,28.604,80.000,1.897,33.322,0.247
a,181510,47.000,28.582,80.000,-0.805,31.352,1.637
a,181515,47.000,28.662,80.000,-0.042,32.513,0.232
a,181521,47.000,28.585,80.000,-1.202,31.810,1.026
a,181525,47.000,28.555,80.000,-0.851,33.001,-2.287
a,181530,47.000,28.759,80.000,0.905,31.703,-1.066
a,181535,47.000,28.830,80.000,-0.088,31.245,-1.417
a,181540,47.000,29.198,80.000,2.111,31.856,-0.501
a,181545,47.000,29.396,80.000,0.813,31.215,-0.302
a,181550,47.000,29.504,80.000,0.126,32.161,1.850
a,181555,47.000,29.360,80.000,-1.721,30.635,-0.073
a,181560,47.000,29.199,80.000,-1.874,34.085,2.446
a,181565,47.000,29.196,80.000,-0.668,33.566,-1.020
a,181570,47.000,29.008,80.000,-2.027,33.734,-1.539
a,181575,47.000,29.006,80.000,-0.653,35.826,2.034
a,181580,47.000,29.175,80.000,0.645,34.467,2.186
a,181585,47.000,29.065,80.000,-1.416,32.467,0.415
a,181590,47.000,29.008,80.000,-1.019,33.627,-0.882
a,181595,47.000,28.950,80.000,-1.019,34.497,4.308
a,181600,47.000,28.632,80.000,-2.927,33.688,3.881
a,181605,47.000,28.449,80.000,-1.904,35.719,-0.195
a,181610,47.000,28.195,80.000,-2.393,34.894,0.018
a,181615,47.000,27.651,80.000,-4.515,35.062,0.797
a,181620,47.000,27.410,80.000,-2.225,37.352,0.934
a,181625,47.000,27.151,80.000,-2.317,36.177,-2.333
a,181630,47.000,26.703,80.000,-3.675,35.688,5.347
a,181635,47.000,26.196,80.000,-4.072,36.589,7.041
a,181640,47.000,25.988,80.000,-1.782,35.230,-1.356
a,181645,47.000,25.546,80.000,-3.477,34.390,-1.096
a,181650,47.000,24.953,80.000,-4.561,35.810,1.621
a,181655,47.000,24.618,80.000,-2.576,35.093,2.476
a,181660,47.000,24.348,80.000,-2.042,34.436,-4.837
a,181666,47.000,23.818,80.000,-3.935,33.658,0.950
a,181670,47.000,23.366,80.000,-3.324,35.688,-1.264
a,181675,47.000,23.089,80.000,-1.981,35.963,0.538
a,181680,47.000,22.769,80.000,-2.256,34.894,-0.134
a,181685,47.000,22.169,80.000,-4.286,34.390,-0.363
a,181690,47.000,21.681,80.000,-3.401,34.742,-1.737
a,181695,47.000,21.345,80.000,-2.210,33.322,-0.088
a,181700,47.000,20.717,80.000,-4.317,31.505,0.812
a,181705,47.000,20.179,80.000,-3.584,31.734,-0.424
a,181710,47.000,19.882,80.000,-1.721,29.719,-2.363
a,181715,47.000,19.506,80.000,-2.256,27.734,0.507
a,181720,47.000,19.345,80.000,-0.622,27.184,0.095
a,181725,47.000,19.090,80.000,-1.294,26.131,2.934
a,181730,47.000,18.980,80.000,-0.179,24.421,1.698
a,181735,47.000,19.011,80.000,0.889,23.093,-0.134
a,181740,47.000,18.955,80.000,0.248,21.291,1.621
a,181745,47.000,18.832,80.000,-0.225,19.337,-1.295
a,181750,47.000,18.864,80.000,0.920,20.177,1.209
a,181755,47.000,19.177,80.000,2.981,20.360,0.507
a,181760,47.000,19.431,80.000,2.523,19.062,-0.104
a,181765,47.000,19.382,80.000,0.233,19.383,-0.058
a,181770,47.000,19.385,80.000,0.615,20.146,-1.081
a,181775,47.000,19.449,80.000,1.027,22.543,1.163
a,181780,47.000,19.518,80.000,1.042,23.032,-1.035
a,181785,47.000,19.600,80.000,1.118,23.551,1.789
a,181790,47.000,19.481,80.000,-0.393,23.551,4.202
a,181795,47.000,19.243,80.000,-1.278,25.291,1.102
a,181800,47.000,19.064,80.000,-0.820,24.971,0.324
a,181805,47.000,18.764,80.000,-1.691,23.993,1.041
a,181810,47.000,18.253,80.000,-3.233,24.177,-1.600
a,181815,47.000,17.775,80.000,-2.943,25.154,-1.371
a,181820,47.000,17.459,80.000,-1.691,24.345,0.858
a,181825,47.000,16.895,80.000,-3.477,22.848,-0.577
a,181830,47.000,16.510,80.000,-2.088,21.978,-3.096
a,181835,47.000,16.174,80.000,-1.691,22.513,0.858
a,181840,47.000,16.075,80.000,0.080,23.383,1.606
a,181845,47.000,15.901,80.000,-0.454,22.024,1.683
a,181850,47.000,15.557,80.000,-1.691,20.253,0.461
a,181855,47.000,15.224,80.000,-1.569,19.673,2.308
a,181860,47.000,15.074,80.000,-0.195,20.558,-0.852
a,181865,47.000,14.910,80.000,-0.271,18.955,-0.119
a,181870,47.000,14.529,80.000,-1.859,18.116,-0.379
a,181875,47.000,14.278,80.000,-0.882,19.093,-2.485
a,181880,47.000,14.266,80.000,0.920,18.467,-0.531
a,181885,47.000,14.205,80.000,0.554,17.703,-2.409
a,181890,47.000,14.269,80.000,1.470,18.009,2.599
a,181895,47.000,14.548,80.000,3.042,18.192,0.812
a,181900,47.000,14.606,80.000,1.409,14.940,0.919
a,181905,47.000,14.639,80.000,1.195,15.184,1.637
a,181910,47.000,14.845,80.000,2.462,15.429,-1.203
a,181915,47.000,14.888,80.000,1.241,14.161,-0.485
a,181920,47.000,14.802,80.000,0.263,14.375,2.644
a,181925,47.000,14.817,80.000,1.012,14.955,-1.905
a,181930,47.000,14.887,80.000,1.393,15.673,-2.760
a,181935,47.000,14.862,80.000,0.676,16.009,1.423
a,181940,47.000,14.986,80.000,1.760,16.726,-0.088
a,181945,47.000,15.050,80.000,1.302,16.055,2.095
a,181950,47.000,14.850,80.000,-0.653,14.986,1.789
a,181955,47.000,14.908,80.000,1.256,16.100,1.850
a,181960,47.000,14.963,80.000,1.225,15.459,1.484
a,181965,47.000,14.829,80.000,-0.195,16.192,0.415
a,181970,47.000,14.978,80.000,1.897,17.413,-0.363
a,181975,47.000,15.119,80.000,1.851,14.345,-1.295
a,181980,47.000,15.185,80.000,1.256,15.535,-1.218
a,181985,47.000,15.546,80.000,3.424,16.192,-1.554
a,181990,47.000,15.830,80.000,2.813,14.848,1.270
a,181995,47.000,15.929,80.000,1.409,15.154,3.240
a,182000,47.000,16.106,80.000,1.958,15.810,2.064
a,182005,47.000,16.190,80.000,1.256,15.047,2.736
a,182010,47.000,16.185,80.000,0.569,16.024,1.576
a,182015,47.000,16.386,80.000,2.080,17.108,-1.325
a,182020,47.000,16.626,80.000,2.355,15.566,0.644
a,182025,47.000,16.873,80.000,2.355,17.673,-0.180
a,182030,47.000,17.385,80.000,4.294,16.650,-1.798
a,182035,47.000,17.707,80.000,2.859,14.711,2.721
a,182040,47.000,17.832,80.000,1.347,15.215,0.889
a,182045,47.000,18.038,80.000,1.928,15.398,2.125
a,182050,47.000,18.133,80.000,1.073,16.299,0.186
a,182055,47.000,18.483,80.000,2.920,18.604,-1.004
a,182060,47.000,18.946,80.000,3.714,19.062,0.568
a,182065,47.000,19.195,80.000,2.080,18.436,-2.531
a,182070,47.000,19.499,80.000,2.447,19.123,1.515
a,182075,47.000,19.619,80.000,1.057,18.864,2.492
a,182080,47.000,19.699,80.000,0.737,19.963,4.644
a,182085,47.000,19.859,80.000,1.302,21.535,1.530
a,182090,47.000,20.042,80.000,1.470,20.742,-2.867
a,182095,47.000,20.141,80.000,0.798,22.894,-0.592
a,182100,47.000,20.159,80.000,0.202,21.780,-1.340
a,182105,47.000,20.087,80.000,-0.485,23.276,1.240
a,182110,47.000,19.961,80.000,-0.866,22.971,3.011
a,182115,47.000,19.967,80.000,0.126,23.444,1.576
a,182120,47.000,19.698,80.000,-1.920,23.276,-1.127
a,182125,47.000,19.657,80.000,-0.179,22.635,2.385
a,182130,47.000,19.435,80.000,-1.523,22.894,2.034
a,182135,47.000,19.397,80.000,-0.118,21.948,0.339
a,182140,47.000,19.707,80.000,2.462,22.329,-0.898
a,182145,47.000,19.735,80.000,0.355,20.772,2.660
a,182150,47.000,19.799,80.000,0.599,22.055,1.606
a,182155,47.000,19.863,80.000,0.615,21.108,0.003
a,182160,47.000,19.805,80.000,-0.317,21.978,3.194
a,182165,47.000,20.015,80.000,1.668,23.627,-2.195
a,182170,47.000,20.169,80.000,1.256,21.077,-1.417
a,182175,47.000,20.538,80.000,2.798,24.024,0.202
a,182180,47.000,20.882,80.000,2.599,21.535,-1.356
a,182185,47.000,21.117,80.000,1.744,22.894,1.988
a,182190,47.000,21.400,80.000,2.080,21.749,-1.340
a,182195,47.000,21.457,80.000,0.370,22.955,-0.485
a,182200,47.000,21.774,80.000,2.294,22.864,-1.569
a,182205,47.000,21.945,80.000,1.164,24.085,1.789
a,182210,47.000,22.359,80.000,2.951,24.009,-2.104
a,182215,47.000,22.522,80.000,1.042,24.009,-1.264
a,182220,47.000,22.809,80.000,1.943,25.108,-0.348
a,182225,47.000,22.856,80.000,0.157,22.726,1.560
a,182230,47.000,23.152,80.000,1.973,25.520,-0.348
a,182235,47.000,23.328,80.000,1.057,25.016,0.675
a,182240,47.000,23.565,80.000,1.485,26.558,-1.172
a,182245,47.000,23.786,80.000,1.347,25.902,-0.317
a,182250,47.000,23.932,80.000,0.752,27.108,1.652
a,182255,47.000,23.954,80.000,-0.149,25.154,1.499
a,182260,47.000,24.027,80.000,0.202,28.299,0.599
a,182265,47.000,24.245,80.000,1.286,26.909,-1.356
a,182271,47.000,24.427,80.000,0.981,27.978,-1.004
a,182275,47.000,24.803,80.000,2.416,27.566,0.675
a,182280,47.000,24.965,80.000,0.798,27.566,3.499
a,182285,47.000,25.194,80.000,1.286,26.558,-1.111
a,182290,47.000,25.175,80.000,-0.576,27.200,0.721
a,182295,47.000,25.515,80.000,2.080,28.680,-0.974
a,182300,47.000,25.568,80.000,-0.057,27.047,-2.104
a,182305,47.000,25.983,80.000,2.599,28.925,-1.127
a,182310,47.000,26.101,80.000,0.386,26.971,2.965
a,182315,47.000,26.318,80.000,1.073,29.856,4.858
a,182320,47.000,26.355,80.000,-0.240,27.505,-0.119
a,182325,47.000,26.361,80.000,-0.515,31.047,1.896
a,182330,47.000,26.445,80.000,0.096,29.001,1.240
a,182335,47.000,26.461,80.000,-0.439,31.627,0.263
a,182340,47.000,26.555,80.000,0.172,29.581,-3.478
a,182345,47.000,26.522,80.000,-0.805,31.703,3.759
a,182350,47.000,26.479,80.000,-0.836,29.963,2.049
a,182355,47.000,26.168,80.000,-2.836,31.413,0.034
a,182360,47.000,26.267,80.000,0.263,30.039,0.049
a,182365,47.000,26.230,80.000,-0.744,30.116,-2.211
a,182370,47.000,26.352,80.000,0.431,30.772,1.713
a,182376,47.000,26.031,80.000,-2.836,29.520,4.095
a,182380,47.000,25.907,80.000,-1.340,29.642,-0.241
a,182385,47.000,25.674,80.000,-2.164,32.345,3.912
a,182390,47.000,25.681,80.000,-0.332,31.535,-0.333
a,182395,47.000,25.507,80.000,-1.675,31.474,-0.669
a,182400,47.000,25.607,80.000,0.370,32.467,0.064
a,182405,47.000,25.431,80.000,-1.660,30.390,0.904
a,182410,47.000,25.368,80.000,-0.805,31.352,1.942
a,182415,47.000,25.308,80.000,-0.744,29.306,-2.531
a,182420,47.000,24.967,80.000,-2.836,30.665,3.957
a,182425,47.000,24.850,80.000,-1.126,30.207,-1.096
a,182430,47.000,24.500,80.000,-2.836,30.360,3.576
a,182435,47.000,24.477,80.000,-0.393,31.978,-3.554
a,182440,47.000,24.260,80.000,-1.798,30.146,-2.119
a,182445,47.000,23.918,80.000,-2.714,31.215,3.041
a,182450,47.000,23.740,80.000,-1.446,30.772,1.026
a,182455,47.000,23.194,80.000,-4.149,30.100,-2.638
a,182460,47.000,23.020,80.000,-1.340,31.398,0.889
a,182465,47.000,23.031,80.000,0.050,31.123,1.850
a,182470,47.000,22.682,80.000,-2.591,29.123,1.255
a,182475,47.000,22.481,80.000,-1.446,28.711,1.057
a,182480,47.000,22.235,80.000,-1.767,28.986,2.965
a,182485,47.000,22.057,80.000,-1.233,29.261,0.461
a,182490,47.000,21.740,80.000,-2.240,29.016,-0.714
a,182495,47.000,21.490,80.000,-1.721,29.276,0.797
a,182500,47.000,21.119,80.000,-2.591,30.360,3.835
a,182505,47.000,20.763,80.000,-2.454,30.772,0.721
a,182510,47.000,20.145,80.000,-4.347,30.070,0.278
a,182515,47.000,19.786,80.000,-2.378,31.597,-1.829
a,182520,47.000,19.319,80.000,-3.126,30.238,0.965
a,182525,47.000,19.160,80.000,-0.790,30.284,-0.531
a,182530,47.000,18.863,80.000,-1.767,27.154,2.675
a,182535,47.000,18.650,80.000,-1.095,25.719,0.721
a,182540,47.000,18.473,80.000,-0.805,25.047,2.507
a,182545,47.000,18.517,80.000,0.874,22.604,-1.524
a,182550,47.000,18.615,80.000,1.271,22.757,-0.012
a,182555,47.000,19.080,80.000,3.973,21.841,-1.172
a,182560,47.000,19.249,80.000,1.760,18.986,2.186
a,182565,47.000,19.773,80.000,4.370,18.848,1.606
a,182570,47.000,20.046,80.000,2.447,17.948,2.568
a,182575,47.000,20.668,80.000,5.012,17.673,-1.676
a,182580,47.000,21.078,80.000,3.363,17.306,-3.844
a,182585,47.000,21.793,80.000,5.576,17.612,3.896
a,182590,47.000,22.293,80.000,3.882,18.925,1.499
a,182595,47.000,22.712,80.000,3.225,18.864,0.324
a,182600,47.000,23.152,80.000,3.302,21.322,-0.226
a,182606,47.000,23.369,80.000,1.592,21.597,1.087
a,182610,47.000,23.915,80.000,4.004,22.299,0.385
a,182615,47.000,24.286,80.000,2.660,21.398,3.041
a,182620,47.000,24.755,80.000,3.332,22.222,1.820
a,182625,47.000,24.805,80.000,0.187,21.612,-0.440
a,182630,47.000,25.185,80.000,2.599,23.841,-1.050
a,182635,47.000,25.230,80.000,0.065,25.230,0.354
a,182640,47.000,25.564,80.000,2.187,26.619,0.217
a,182645,47.000,25.525,80.000,-0.622,27.841,2.003
a,182650,47.000,25.382,80.000,-1.385,27.978,3.102
a,182655,47.000,25.127,80.000,-2.225,30.314,1.820
a,182660,47.000,25.050,80.000,-0.866,30.116,-5.600
a,182665,47.000,24.911,80.000,-1.355,33.429,1.057
a,182670,47.000,24.757,80.000,-1.416,31.108,0.553
a,182675,47.000,24.550,80.000,-1.813,33.062,2.812
a,182680,47.000,24.101,80.000,-3.538,29.764,6.385
a,182685,47.000,23.996,80.000,-0.943,30.742,-3.081
a,182690,47.000,23.907,80.000,-0.790,28.894,0.934
a,182695,47.000,24.068,80.000,1.057,29.963,1.499
a,182700,47.000,23.968,80.000,-0.866,27.978,-0.119
a,182705,47.000,23.938,80.000,-0.332,28.253,0.797
a,182710,47.000,23.708,80.000,-1.813,28.024,1.576
a,182715,47.000,23.716,80.000,-0.042,29.856,-2.546
a,182720,47.000,23.622,80.000,-0.790,29.337,0.492
a,182725,47.000,23.686,80.000,0.370,31.123,-2.379
a,182730,47.000,23.333,80.000,-2.714,30.299,4.767
a,182735,47.000,23.186,80.000,-1.156,31.154,-1.676
a,182740,47.000,22.783,80.000,-3.019,29.490,1.026
a,182745,47.000,22.696,80.000,-0.637,30.177,-0.943
a,182750,47.000,22.466,80.000,-1.660,28.329,1.133
a,182755,47.000,22.639,80.000,1.332,29.368,2.064
a,182760,47.000,22.543,80.000,-0.653,27.200,0.095
a,182765,47.000,22.582,80.000,0.340,28.787,0.354
a,182770,47.000,22.351,80.000,-1.660,28.161,2.614
a,182775,47.000,22.548,80.000,1.531,29.276,-1.951
a,182780,47.000,22.518,80.000,-0.179,29.032,-0.638
a,182785,47.000,22.674,80.000,1.210,28.284,0.843
a,182790,47.000,22.646,80.000,-0.179,29.429,2.186
a,182795,47.000,22.560,80.000,-0.576,26.864,0.324
a,182800,47.000,22.622,80.000,0.492,29.826,-0.959
a,182805,47.000,22.637,80.000,0.157,27.566,0.461
a,182810,47.000,22.887,80.000,1.867,30.635,-0.333
a,182815,47.000,22.916,80.000,0.233,27.810,0.415
a,182820,47.000,22.974,80.000,0.447,27.841,-0.379
a,182825,47.000,22.897,80.000,-0.546,26.100,2.889
a,182830,47.000,23.227,80.000,2.462,28.222,0.599
a,182835,47.000,23.650,80.000,3.134,26.039,0.385
a,182840,47.000,23.905,80.000,1.821,27.566,4.797
a,182845,47.000,24.274,80.000,2.676,25.123,0.904
a,182850,47.000,24.416,80.000,0.935,25.474,-1.539
a,182855,47.000,24.869,80.000,3.241,25.398,0.812
a,182860,47.000,25.057,80.000,1.225,24.879,4.553
a,182865,47.000,25.650,80.000,4.202,25.368,1.057
a,182870,47.000,25.972,80.000,2.126,25.337,1.423
a,182875,47.000,26.351,80.000,2.523,25.230,0.400
a,182880,47.000,26.621,80.000,1.653,27.261,1.560
a,182885,47.000,27.139,80.000,3.485,25.566,-1.417
a,182890,47.000,27.682,80.000,3.592,27.352,-0.180
a,182895,47.000,28.088,80.000,2.492,29.245,-0.180
a,182900,47.000,28.614,80.000,3.347,29.138,0.889
a,182905,47.000,28.802,80.000,0.813,27.810,1.148
a,182910,47.000,29.219,80.000,2.492,27.215,-0.562
a,182915,47.000,29.799,80.000,3.622,30.940,1.102
a,182920,47.000,30.197,80.000,2.248,27.871,2.095
a,182925,47.000,30.748,80.000,3.332,29.719,1.454
a,182930,47.000,31.005,80.000,1.103,28.513,1.270
a,182935,47.000,31.480,80.000,2.676,30.940,-0.592
a,182940,47.000,31.905,80.000,2.233,33.566,2.324
a,182945,47.000,32.162,80.000,0.951,33.139,2.324
a,182950,47.000,32.176,80.000,-0.882,34.772,5.148
a,182955,47.000,31.976,80.000,-2.454,34.253,-0.134
a,182960,47.000,31.935,80.000,-1.294,38.680,-2.913
a,182965,47.000,31.815,80.000,-1.874,39.612,3.057
a,182970,47.000,31.835,80.000,-0.805,38.467,-0.791
a,182975,47.000,31.495,80.000,-3.462,39.261,2.843
a,182980,47.000,31.043,80.000,-4.225,37.352,-0.791
a,182985,47.000,30.887,80.000,-2.011,40.451,2.858
a,182990,47.000,30.553,80.000,-3.278,38.436,0.232
a,182995,47.000,30.432,80.000,-1.645,38.406,3.423
a,183000,47.000,30.078,80.000,-3.355,38.131,3.148
a,183005,47.000,29.885,80.000,-2.103,37.077,4.156
a,183010,47.000,29.699,80.000,-2.057,40.803,-4.333
a,183015,47.000,29.504,80.000,-2.057,36.909,1.683
a,183020,47.000,29.524,80.000,-0.454,38.268,2.782
a,183025,47.000,29.226,80.000,-2.775,35.856,1.026
a,183030,47.000,29.103,80.000,-1.446,36.696,0.828
a,183035,47.000,28.779,80.000,-2.943,38.406,0.018
a,183040,47.000,28.600,80.000,-1.798,36.314,0.828
a,183045,47.000,28.457,80.000,-1.538,39.169,1.744
a,183050,47.000,28.113,80.000,-2.988,37.001,0.492
a,183055,47.000,27.904,80.000,-1.966,39.001,-0.134
a,183060,47.000,27.448,80.000,-3.752,37.703,1.255
a,183065,47.000,27.313,80.000,-1.309,36.177,0.339
a,183070,47.000,27.222,80.000,-0.988,38.574,0.247
a,183075,47.000,27.081,80.000,-1.309,35.474,-2.043
a,183080,47.000,27.149,80.000,0.233,36.864,-2.012
a,183085,47.000,26.874,80.000,-2.301,36.406,2.232
a,183090,47.000,26.817,80.000,-0.622,33.169,-1.997
a,183095,47.000,26.808,80.000,-0.271,34.314,1.683
a,183100,47.000,26.650,80.000,-1.340,31.780,-0.516
a,183105,47.000,26.680,80.000,0.065,32.360,-0.775
a,183110,47.000,26.614,80.000,-0.653,31.780,1.225
a,183115,47.000,26.844,80.000,1.576,30.207,-4.424
a,183120,47.000,27.215,80.000,2.569,32.299,0.278
a,183125,47.000,27.333,80.000,0.691,28.513,-1.340
a,183130,47.000,27.677,80.000,2.325,31.184,0.415
a,183135,47.000,27.670,80.000,-0.301,30.100,-0.241
a,183140,47.000,27.919,80.000,1.592,30.986,-2.333
a,183145,47.000,27.973,80.000,0.096,32.604,0.675
a,183150,47.000,28.124,80.000,0.813,32.100,-0.333
a,183155,47.000,28.228,80.000,0.431,33.795,1.270
a,183160,47.000,28.105,80.000,-1.233,31.658,-1.692
a,183165,47.000,28.064,80.000,-0.637,33.688,-0.806
a,183170,47.000,27.957,80.000,-1.095,31.810,4.278
a,183175,47.000,28.125,80.000,0.935,33.810,-2.012
a,183180,47.000,28.021,80.000,-1.065,30.894,-1.478
a,183185,47.000,28.149,80.000,0.645,32.421,0.339
a,183190,47.000,27.872,80.000,-2.362,32.513,0.599
a,183195,47.000,27.967,80.000,0.447,30.772,-1.829
a,183200,47.000,27.902,80.000,-0.759,31.291,1.576
a,183205,47.000,27.912,80.000,-0.179,30.589,1.774
a,183210,47.000,27.721,80.000,-1.675,30.451,2.217
a,183215,47.000,27.751,80.000,-0.011,30.909,0.141
a,183220,47.000,27.675,80.000,-0.790,30.100,0.583
a,183225,47.000,27.850,80.000,1.057,31.383,1.469
a,183230,47.000,27.714,80.000,-1.248,30.177,2.049
a,183235,47.000,27.652,80.000,-0.683,29.963,0.553
a,183240,47.000,27.339,80.000,-2.546,31.184,1.454
a,183245,47.000,27.324,80.000,-0.301,31.077,1.072
a,183250,47.000,27.224,80.000,-0.927,31.047,-0.409
a,183255,47.000,27.351,80.000,0.767,31.184,-1.356
a,183260,47.000,27.245,80.000,-0.973,30.589,2.141
a,183265,47.000,27.252,80.000,-0.103,29.276,2.812
a,183270,47.000,26.968,80.000,-2.271,30.390,3.560
a,183275,47.000,26.895,80.000,-0.668,29.093,3.225
a,183280,47.000,26.999,80.000,0.615,32.711,-4.562
a,183285,47.000,26.825,80.000,-1.431,30.604,-0.959
a,183290,47.000,26.736,80.000,-0.790,31.291,0.461
a,183295,47.000,26.277,80.000,-3.523,31.047,-0.470
a,183300,47.000,26.100,80.000,-1.401,32.436,-2.592
a,183305,47.000,25.754,80.000,-2.637,33.139,5.347
a,183310,47.000,25.689,80.000,-0.485,30.787,0.873
a,183315,47.000,25.545,80.000,-1.080,31.673,-2.592
a,183320,47.000,25.143,80.000,-2.958,29.688,2.889
a,183325,47.000,25.157,80.000,0.157,31.306,0.751
a,183330,47.000,25.089,80.000,-0.454,30.513,-4.531
a,183335,47.000,25.171,80.000,0.706,27.627,1.591
a,183340,47.000,25.120,80.000,-0.317,28.894,3.560
a,183345,47.000,24.983,80.000,-0.912,26.406,2.507
a,183350,47.000,24.826,80.000,-1.095,29.795,-2.226
a,183355,47.000,24.714,80.000,-0.714,27.398,-0.043
a,183360,47.000,24.708,80.000,0.050,30.070,-1.508
a,183365,47.000,24.499,80.000,-1.431,28.192,4.385
a,183370,47.000,24.361,80.000,-0.912,30.055,-1.844
a,183375,47.000,23.911,80.000,-3.202,29.169,0.324
a,183380,47.000,23.793,80.000,-0.714,30.803,-0.287
a,183385,47.000,23.481,80.000,-2.118,29.016,0.996
a,183390,47.000,23.437,80.000,-0.088,28.024,-0.088
a,183395,47.000,23.201,80.000,-1.523,29.032,2.171
a,183400,47.000,22.991,80.000,-1.278,26.574,0.538
a,183405,47.000,22.906,80.000,-0.362,29.062,-0.363
a,183410,47.000,22.723,80.000,-1.065,27.016,-0.577
a,183415,47.000,22.729,80.000,0.340,28.558,1.011
a,183420,47.000,22.488,80.000,-1.477,26.558,1.087
a,183425,47.000,22.516,80.000,0.538,27.261,0.171
a,183430,47.000,22.225,80.000,-1.828,25.642,-1.508
a,183435,47.000,22.288,80.000,0.828,25.993,-0.150
a,183440,47.000,22.226,80.000,-0.118,26.100,-0.638
a,183445,47.000,22.322,80.000,1.073,25.215,1.026
a,183450,47.000,22.268,80.000,-0.072,26.131,2.996
a,183455,47.000,22.118,80.000,-0.759,24.528,0.247
a,183460,47.000,22.051,80.000,-0.164,26.390,0.476
a,183465,47.000,21.929,80.000,-0.530,23.719,-1.096
a,183470,47.000,22.116,80.000,1.729,26.818,-2.104
a,183475,47.000,21.956,80.000,-0.836,24.421,3.957
a,183480,47.000,21.866,80.000,-0.317,25.016,2.079
a,183485,47.000,21.528,80.000,-2.149,25.108,-0.180
a,183490,47.000,21.491,80.000,0.111,25.566,-1.737
a,183495,47.000,21.534,80.000,0.676,27.215,0.446
a,183500,47.000,21.525,80.000,0.309,25.642,-1.111
a,183505,47.000,21.533,80.000,0.431,25.138,-0.195
a,183510,47.000,21.377,80.000,-0.790,24.742,-4.745
a,183515,47.000,21.527,80.000,1.500,24.711,2.339
a,183520,47.000,21.417,80.000,-0.454,24.345,2.156
a,183525,47.000,21.643,80.000,2.050,24.375,-1.951
a,183530,47.000,21.594,80.000,-0.042,26.009,1.102
a,183535,47.000,21.511,80.000,-0.271,24.207,2.110
a,183540,47.000,21.483,80.000,0.126,25.749,-0.562
a,183545,47.000,21.494,80.000,0.431,23.871,0.370
a,183550,47.000,21.592,80.000,1.057,25.093,1.606
a,183555,47.000,21.671,80.000,0.920,23.597,2.614
a,183560,47.000,21.720,80.000,0.676,24.039,-0.226
a,183565,47.000,21.613,80.000,-0.469,22.375,0.492
a,183570,47.000,21.606,80.000,0.263,23.719,-0.226
a,183575,47.000,21.903,80.000,2.492,25.551,-0.455
a,183580,47.000,21.860,80.000,-0.042,23.612,0.751
a,183585,47.000,21.826,80.000,0.019,24.558,2.690
a,183590,47.000,21.624,80.000,-1.233,24.345,-0.791
a,183595,47.000,21.770,80.000,1.363,25.337,-0.730
a,183600,47.000,21.578,80.000,-1.141,23.444,0.660
a,183605,47.000,21.614,80.000,0.554,24.085,-1.615
a,183610,47.000,21.715,80.000,1.027,24.314,0.095
a,183615,47.000,21.877,80.000,1.454,25.581,1.316
a,183620,47.000,21.906,80.000,0.477,23.047,-1.798
a,183625,47.000,21.853,80.000,-0.164,24.589,1.118
a,183630,47.000,22.020,80.000,1.485,24.131,-2.440
a,183635,47.000,22.039,80.000,0.355,24.665,2.507
a,183640,47.000,22.355,80.000,2.538,25.215,-3.951
a,183645,47.000,22.340,80.000,0.050,25.505,2.446
a,183650,47.000,22.352,80.000,0.248,26.100,3.362
a,183655,47.000,22.142,80.000,-1.385,24.284,1.408
a,183660,47.000,22.016,80.000,-0.759,26.070,-0.165
a,183665,47.000,22.026,80.000,0.279,24.467,-1.127
a,183670,47.000,21.935,80.000,-0.485,24.955,0.324
a,183675,47.000,22.100,80.000,1.424,25.444,0.339
a,183680,47.000,22.079,80.000,0.019,25.184,1.499
a,183685,47.000,22.110,80.000,0.401,26.024,3.118
a,183690,47.000,21.993,80.000,-0.683,24.375,0.950
a,183695,47.000,21.801,80.000,-1.248,26.192,2.202
a,183700,47.000,21.808,80.000,0.248,25.993,-2.226
a,183705,47.000,21.719,80.000,-0.469,26.375,4.583
a,183710,47.000,21.823,80.000,0.981,25.261,1.988
a,183715,47.000,21.734,80.000,-0.439,23.368,-0.333
a,183720,47.000,21.773,80.000,0.477,25.963,1.102
a,183725,47.000,21.804,80.000,0.447,24.131,-0.165
a,183730,47.000,21.697,80.000,-0.607,25.429,-1.462
a,183735,47.000,21.749,80.000,0.584,25.184,-2.348
a,183740,47.000,21.698,80.000,-0.195,26.146,-1.325
a,183745,47.000,22.001,80.000,2.416,27.688,2.446
a,183750,47.000,21.921,80.000,-0.439,25.551,0.858
a,183755,47.000,21.907,80.000,0.050,26.329,0.064
a,183760,47.000,21.905,80.000,0.157,25.184,0.324
a,183765,47.000,21.720,80.000,-1.202,25.337,1.331
a,183770,47.000,21.869,80.000,1.286,25.337,-1.737
a,183775,47.000,21.789,80.000,-0.408,23.871,2.186
a,183780,47.000,21.866,80.000,0.737,26.100,-1.462
a,183785,47.000,21.916,80.000,0.538,24.528,-0.363
a,183790,47.000,21.686,80.000,-1.538,24.711,1.591
a,183795,47.000,21.696,80.000,0.248,25.963,-0.150
a,183800,47.000,21.466,80.000,-1.523,25.077,0.385
a,183805,47.000,21.448,80.000,0.050,26.513,1.515
a,183810,47.000,21.295,80.000,-0.912,23.993,-3.798
a,183815,47.000,21.050,80.000,-1.599,25.322,2.751
a,183820,47.000,21.038,80.000,0.172,24.375,4.660
a,183825,47.000,20.799,80.000,-1.523,24.421,0.202
a,183830,47.000,20.754,80.000,-0.057,24.803,-0.791
a,183835,47.000,20.427,80.000,-2.149,24.726,0.492
a,183840,47.000,20.321,80.000,-0.485,25.810,0.095
a,183845,47.000,19.965,80.000,-2.317,24.635,-0.775
a,183850,47.000,19.831,80.000,-0.653,26.589,2.660
a,183855,47.000,19.665,80.000,-0.866,25.154,1.392
a,183860,47.000,19.395,80.000,-1.630,25.551,1.454
a,183865,47.000,19.209,80.000,-0.958,24.345,0.110
a,183870,47.000,18.839,80.000,-2.317,24.803,1.377
a,183875,47.000,18.826,80.000,0.386,23.200,-2.256
a,183880,47.000,18.509,80.000,-1.874,23.841,-0.211
a,183885,47.000,18.583,80.000,1.057,23.444,1.102
a,183890,47.000,18.306,80.000,-1.553,23.093,1.255
a,183895,47.000,18.314,80.000,0.599,21.734,2.110
a,183900,47.000,17.970,80.000,-2.011,21.352,0.889
a,183905,47.000,18.095,80.000,1.500,21.413,-1.508
a,183910,47.000,17.971,80.000,-0.362,21.230,-0.333
a,183915,47.000,18.170,80.000,2.034,21.459,0.538
a,183920,47.000,18.005,80.000,-0.683,20.558,-0.012
a,183925,47.000,17.962,80.000,0.248,19.917,2.629
a,183930,47.000,17.741,80.000,-1.065,18.955,5.347
a,183935,47.000,17.835,80.000,1.271,20.772,0.278
a,183940,47.000,17.837,80.000,0.584,19.902,0.767
a,183945,47.000,17.927,80.000,1.210,21.032,0.446
a,183950,47.000,17.941,80.000,0.645,20.100,2.278
a,183955,47.000,17.743,80.000,-0.927,20.039,0.889
a,183960,47.000,17.792,80.000,0.905,21.138,-1.249
a,183965,47.000,17.726,80.000,0.034,21.429,-2.256
a,183970,47.000,17.922,80.000,1.989,21.047,-3.325
a,183975,47.000,17.764,80.000,-0.637,18.864,3.454
a,183980,47.000,17.789,80.000,0.722,19.658,-0.867
a,183985,47.000,17.626,80.000,-0.683,19.856,1.133
a,183990,47.000,17.593,80.000,0.294,20.390,0.095
a,183995,47.000,17.521,80.000,0.004,20.146,-2.195
a,184000,47.000,17.598,80.000,1.088,21.566,5.209
a,184005,47.000,17.619,80.000,0.691,19.230,-0.714
a,184010,47.000,17.636,80.000,0.645,20.451,0.385
a,184015,47.000,17.464,80.000,-0.744,18.909,3.545
a,184020,47.000,17.333,80.000,-0.454,20.864,1.744
a,184025,47.000,17.264,80.000,0.034,19.474,-1.249
a,184030,47.000,17.397,80.000,1.500,22.222,-0.852
a,184035,47.000,17.718,80.000,2.905,20.039,-0.470
a,184040,47.000,17.668,80.000,0.126,19.200,1.362
a,184045,47.000,17.307,80.000,-2.164,17.734,3.011
a,184050,47.000,17.455,80.000,1.592,22.100,-1.814
a,184055,47.000,17.425,80.000,0.263,21.459,-0.348
a,184060,47.000,17.590,80.000,1.699,22.085,0.538
a,184065,47.000,17.425,80.000,-0.744,19.551,-2.272
a,184070,47.000,17.450,80.000,0.676,20.024,0.553
a,184075,47.000,17.301,80.000,-0.622,20.864,2.736
a,184080,47.000,17.583,80.000,2.569,21.261,-1.966
a,184085,47.000,17.636,80.000,0.844,21.077,4.263
a,184090,47.000,17.881,80.000,2.279,19.612,0.171
a,184095,47.000,17.912,80.000,0.645,20.406,0.904
a,184100,47.000,18.066,80.000,1.561,19.963,-0.440
a,184105,47.000,17.998,80.000,-0.118,21.077,1.331
a,184110,47.000,18.190,80.000,1.805,21.047,-0.837
a,184115,47.000,18.280,80.000,1.027,21.474,1.240
a,184120,47.000,18.596,80.000,2.706,20.375,0.538
a,184125,47.000,18.770,80.000,1.607,20.986,2.644
a,184130,47.000,18.982,80.000,1.882,19.123,-1.218
a,184135,47.000,19.215,80.000,1.989,21.627,1.850
a,184140,47.000,19.520,80.000,2.523,19.368,0.171
a,184145,47.000,19.886,80.000,2.920,21.108,-0.088
a,184150,47.000,20.171,80.000,2.294,19.474,1.163
a,184155,47.000,20.568,80.000,3.073,21.108,2.965
a,184160,47.000,20.828,80.000,2.034,19.230,0.767
a,184165,47.000,21.413,80.000,4.386,21.306,-0.959
a,184170,47.000,21.850,80.000,3.241,20.742,-0.012
a,184175,47.000,22.416,80.000,4.141,20.971,0.278
a,184180,47.000,22.761,80.000,2.447,20.558,2.889
a,184185,47.000,23.112,80.000,2.462,20.528,-0.867
a,184190,47.000,23.536,80.000,2.920,24.222,1.179
a,184195,47.000,23.993,80.000,3.149,21.734,1.728
a,184200,47.000,24.630,80.000,4.416,23.154,0.034
a,184205,47.000,25.116,80.000,3.256,21.810,3.087
a,184210,47.000,25.668,80.000,3.683,22.482,2.247
a,184215,47.000,26.047,80.000,2.340,22.971,2.202
a,184220,47.000,26.648,80.000,3.943,23.581,-1.722
a,184225,47.000,27.121,80.000,2.905,26.451,2.232
a,184230,47.000,27.604,80.000,2.935,25.826,2.507
a,184235,47.000,28.049,80.000,2.584,28.192,1.744
a,184240,47.000,28.165,80.000,0.111,28.039,2.873
a,184245,47.000,28.483,80.000,1.561,31.230,-0.043
a,184250,47.000,28.650,80.000,0.401,32.971,0.919
a,184255,47.000,28.807,80.000,0.325,32.543,1.438
a,184260,47.000,28.899,80.000,-0.179,33.780,-0.745
a,184265,47.000,28.691,80.000,-2.408,34.467,-0.821
a,184270,47.000,28.767,80.000,-0.271,34.848,0.690
a,184275,47.000,28.844,80.000,-0.271,35.658,3.011
a,184280,47.000,28.838,80.000,-0.866,33.780,2.034
a,184285,47.000,28.970,80.000,0.157,35.276,2.263
a,184290,47.000,28.881,80.000,-1.446,31.841,0.934
a,184295,47.000,29.223,80.000,1.744,33.597,-3.111
a,184300,47.000,29.350,80.000,0.141,32.436,2.202
a,184305,47.000,29.708,80.000,1.851,31.948,3.286
a,184310,47.000,29.864,80.000,0.309,33.520,6.644
a,184315,47.000,30.130,80.000,1.149,30.971,-1.096
a,184320,47.000,30.398,80.000,1.103,33.719,-1.600
a,184325,47.000,30.588,80.000,0.538,31.566,-0.180
a,184330,47.000,30.923,80.000,1.561,35.200,3.728
a,184335,47.000,31.220,80.000,1.271,33.551,1.728
a,184340,47.000,31.699,80.000,2.569,35.261,-1.295
a,184345,47.000,31.959,80.000,0.935,33.093,0.339
a,184350,47.000,32.567,80.000,3.485,34.711,1.301
a,184355,47.000,32.879,80.000,1.225,34.818,3.484
a,184360,47.000,33.174,80.000,1.088,33.642,1.805
a,184365,47.000,33.530,80.000,1.485,37.291,0.690
a,184370,47.000,33.667,80.000,-0.164,36.619,0.660
a,184375,47.000,34.172,80.000,2.554,37.566,-3.875
a,184380,47.000,34.492,80.000,1.118,38.864,2.202
a,184385,47.000,34.533,80.000,-0.943,37.184,2.858
a,184390,47.000,34.824,80.000,0.889,38.986,2.354
a,184395,47.000,35.024,80.000,0.187,40.116,-0.470
a,184400,47.000,35.105,80.000,-0.698,40.070,1.713
a,184405,47.000,35.109,80.000,-1.294,42.543,2.843
a,184410,47.000,34.804,80.000,-3.553,40.513,-0.150
a,184415,47.000,34.741,80.000,-1.721,42.421,0.996
a,184420,47.000,34.588,80.000,-2.393,43.627,2.553
a,184425,47.000,34.570,80.000,-1.340,42.528,-0.012
a,184430,47.000,34.477,80.000,-1.904,44.116,6.889
a,184435,47.000,34.070,80.000,-4.179,42.207,2.431
a,184440,47.000,33.903,80.000,-2.347,41.993,-0.119
a,184445,47.000,33.854,80.000,-1.477,45.337,0.446
a,184450,47.000,33.551,80.000,-3.309,42.513,1.637
a,184455,47.000,33.375,80.000,-2.332,43.001,1.896
a,184460,47.000,32.917,80.000,-4.393,43.383,2.889
a,184465,47.000,32.761,80.000,-2.072,41.368,-0.134
a,184470,47.000,32.577,80.000,-2.286,44.253,0.156
a,184475,47.000,32.282,80.000,-3.034,40.726,2.797
a,184480,47.000,32.137,80.000,-1.920,43.276,1.270
a,184485,47.000,31.641,80.000,-4.469,41.535,1.942
a,184490,47.000,31.331,80.000,-3.019,40.986,-0.027
a,184495,47.000,31.000,80.000,-3.172,43.490,0.736
a,184500,47.000,30.536,80.000,-4.088,41.887,1.347
a,184505,47.000,30.292,80.000,-2.424,43.948,0.690
a,184510,47.000,29.595,80.000,-5.737,42.451,0.965
a,184515,47.000,29.075,80.000,-4.332,41.444,-0.882
a,184520,47.000,28.695,80.000,-3.263,44.604,1.087
a,184525,47.000,27.991,80.000,-5.584,41.368,3.179
a,184530,47.000,27.508,80.000,-3.859,41.047,-0.455
a,184535,47.000,26.931,80.000,-4.515,42.207,-1.279
a,184540,47.000,26.271,80.000,-5.049,40.589,1.331
a,184545,47.000,25.929,80.000,-2.591,38.650,-0.455
a,184550,47.000,25.548,80.000,-2.851,39.245,2.385
a,184555,47.000,25.068,80.000,-3.508,35.551,0.110
a,184560,47.000,25.136,80.000,0.630,33.963,-2.684
a,184565,47.000,25.184,80.000,0.477,33.062,0.339
a,184570,47.000,25.389,80.000,1.683,28.375,0.018
a,184575,47.000,25.909,80.000,4.004,27.826,0.721
a,184580,47.000,26.224,80.000,2.447,24.940,1.728
a,184585,47.000,26.945,80.000,5.439,23.474,-1.432
a,184590,47.000,27.644,80.000,5.164,25.581,0.828
a,184595,47.000,28.363,80.000,5.256,23.551,1.270
a,184600,47.000,29.128,80.000,5.485,25.429,2.797
a,184605,47.000,29.472,80.000,2.309,23.306,1.408
a,184610,47.000,30.199,80.000,5.088,25.230,-1.127
a,184615,47.000,30.894,80.000,4.737,27.780,-0.073
a,184620,47.000,31.351,80.000,2.920,25.719,3.927
a,184625,47.000,32.107,80.000,5.073,27.123,1.057
a,184630,47.000,32.687,80.000,3.653,29.856,-0.455
a,184635,47.000,33.005,80.000,1.653,29.535,0.568
a,184640,47.000,33.454,80.000,2.584,30.696,1.545
a,184645,47.000,33.758,80.000,1.439,32.955,2.003
a,184650,47.000,33.738,80.000,-1.004,33.703,2.858
a,184655,47.000,33.801,80.000,-0.378,34.253,-0.440
a,184660,47.000,33.883,80.000,-0.271,36.513,2.599
a,184665,47.000,33.724,80.000,-2.057,36.665,2.095
a,184670,47.000,33.490,80.000,-2.591,37.291,-0.241
a,184675,47.000,33.292,80.000,-2.347,41.993,4.476
a,184680,47.000,32.889,80.000,-3.813,39.932,4.110
a,184685,47.000,32.600,80.000,-2.912,40.070,0.385
a,184690,47.000,32.114,80.000,-4.378,43.291,0.186
a,184696,47.000,31.240,80.000,-7.187,43.154,0.064
a,184701,47.000,30.605,80.000,-5.324,44.345,-0.119
a,184705,47.000,29.833,80.000,-6.271,44.742,0.141
a,184710,47.000,29.063,80.000,-6.133,42.650,-0.119
a,184716,47.000,28.323,80.000,-5.843,43.627,0.660
a,184721,47.000,27.306,80.000,-7.782,41.993,3.850
a,184725,47.000,26.443,80.000,-6.515,40.345,-5.157
a,184731,47.000,25.890,80.000,-4.149,42.925,1.148
a,184736,47.000,24.907,80.000,-7.248,40.833,2.599
a,184740,47.000,23.995,80.000,-6.607,39.612,3.301
a,184745,47.000,22.957,80.000,-7.431,39.200,-0.027
a,184750,47.000,22.292,80.000,-4.576,40.558,-0.714
a,184755,47.000,21.517,80.000,-5.324,40.543,1.286
a,184760,47.000,20.641,80.000,-5.950,36.833,0.996
a,184765,47.000,20.078,80.000,-3.523,35.719,-3.035
a,184770,47.000,19.682,80.000,-2.195,31.658,2.354
a,184775,47.000,19.901,80.000,2.462,26.971,-1.111
a,184780,47.000,20.348,80.000,4.157,22.742,3.698
a,184785,47.000,20.591,80.000,2.615,20.207,1.408
a,184790,47.000,21.190,80.000,5.210,20.055,-3.462
a,184795,47.000,21.654,80.000,4.141,19.612,-0.470
a,184800,47.000,22.405,80.000,6.202,18.986,1.438
a,184805,47.000,22.983,80.000,4.828,19.337,0.721
a,184810,47.000,23.459,80.000,4.004,18.253,-0.165
a,184815,47.000,23.904,80.000,3.683,21.215,2.751
a,184820,47.000,24.382,80.000,3.882,19.932,-2.638
a,184825,47.000,25.011,80.000,4.905,23.337,0.156
a,184830,47.000,25.380,80.000,2.905,22.619,2.583
a,184835,47.000,25.777,80.000,3.057,23.658,1.072
a,184840,47.000,25.953,80.000,1.347,25.230,0.034
a,184845,47.000,26.224,80.000,2.034,25.261,-2.821
a,184850,47.000,26.670,80.000,3.256,28.574,1.896
a,184855,47.000,26.748,80.000,0.492,27.123,2.690
a,184860,47.000,26.817,80.000,0.416,27.734,-0.669
a,184865,47.000,26.578,80.000,-1.904,29.902,0.095
a,184870,47.000,26.536,80.000,-0.424,30.345,1.667
a,184875,47.000,26.409,80.000,-1.065,31.322,0.629
a,184880,47.000,26.258,80.000,-1.202,29.291,-0.379
a,184885,47.000,25.940,80.000,-2.439,31.108,3.011
a,184890,47.000,25.584,80.000,-2.683,30.451,1.789
a,184895,47.000,25.402,80.000,-1.385,33.245,0.599
a,184900,47.000,25.141,80.000,-1.935,32.024,-0.043
a,184905,47.000,25.014,80.000,-0.927,32.375,-0.959
a,184910,47.000,24.732,80.000,-2.027,30.177,1.713
a,184915,47.000,24.503,80.000,-1.614,30.284,3.591
a,184920,47.000,24.163,80.000,-2.393,29.062,1.713
a,184925,47.000,23.990,80.000,-1.141,30.696,-0.516
a,184930,47.000,23.707,80.000,-1.935,29.963,-1.844
a,184935,47.000,23.697,80.000,0.126,29.490,1.454
a,184940,47.000,23.391,80.000,-2.072,29.551,-0.959
a,184945,47.000,23.102,80.000,-1.904,28.467,2.171
a,184950,47.000,22.875,80.000,-1.446,31.276,0.599
a,184955,47.000,22.538,80.000,-2.210,28.436,-1.966
a,184960,47.000,22.362,80.000,-1.004,30.558,-0.241
a,184965,47.000,21.952,80.000,-2.714,28.955,2.232
a,184970,47.000,21.705,80.000,-1.477,30.390,1.301
a,184975,47.000,21.148,80.000,-3.752,30.360,-0.440
a,184980,47.000,20.881,80.000,-1.538,29.764,-1.921
a,184985,47.000,20.619,80.000,-1.492,31.108,1.683
a,184990,47.000,20.306,80.000,-1.813,27.734,1.667
a,184995,47.000,20.039,80.000,-1.446,28.222,-0.882
a,185000,47.000,19.634,80.000,-2.424,26.451,0.385
a,185005,47.000,19.713,80.000,1.210,25.322,-2.272
a,185010,47.000,19.611,80.000,-0.118,23.032,-0.913
a,185015,47.000,19.695,80.000,1.271,22.192,-0.440
a,185020,47.000,19.769,80.000,1.180,22.085,1.240
a,185025,47.000,19.892,80.000,1.561,18.650,1.011
a,185030,47.000,20.238,80.000,3.164,21.917,1.789
a,185035,47.000,20.408,80.000,1.851,17.810,-1.279
a,185040,47.000,20.884,80.000,4.065,20.207,0.690
a,185045,47.000,21.002,80.000,1.363,19.444,4.415
a,185050,47.000,21.216,80.000,2.050,19.581,-0.058
a,185055,47.000,21.220,80.000,0.447,21.459,-1.142
a,185060,47.000,21.382,80.000,1.622,20.436,2.705
a,185065,47.000,21.495,80.000,1.210,21.993,5.530
a,185070,47.000,21.814,80.000,2.706,23.474,-0.837
a,185075,47.000,21.691,80.000,-0.591,22.345,-3.295
a,185080,47.000,21.972,80.000,2.386,24.070,-0.501
a,185085,47.000,22.164,80.000,1.699,22.955,-0.821
a,185090,47.000,22.481,80.000,2.630,21.322,1.912
a,185095,47.000,22.569,80.000,0.859,23.581,-2.409
a,185100,47.000,22.346,80.000,-1.431,21.459,-1.295
a,185105,47.000,22.448,80.000,0.981,22.711,1.805
a,185110,47.000,22.245,80.000,-1.278,22.329,-0.256
a,185115,47.000,22.386,80.000,1.256,24.940,2.751
a,185120,47.000,22.232,80.000,-0.943,23.978,1.973
a,185125,47.000,22.276,80.000,0.538,24.451,0.232
a,185130,47.000,21.941,80.000,-2.256,22.711,-0.394
a,185135,47.000,21.834,80.000,-0.561,24.879,-1.066
a,185140,47.000,21.611,80.000,-1.385,23.505,0.965
a,185145,47.000,21.619,80.000,0.309,26.299,0.263
a,185150,47.000,21.552,80.000,-0.240,25.077,-0.134
a,185155,47.000,21.264,80.000,-1.874,25.764,1.148
a,185160,47.000,21.050,80.000,-1.294,25.215,1.805
a,185165,47.000,20.625,80.000,-2.836,25.184,-1.753
a,185170,47.000,20.511,80.000,-0.485,25.261,1.011
a,185175,47.000,20.035,80.000,-3.141,23.841,-1.325
a,185180,47.000,19.879,80.000,-0.744,25.688,-0.119
a,185185,47.000,19.513,80.000,-2.271,24.009,-1.814
a,185190,47.000,19.178,80.000,-2.027,26.375,3.820
a,185195,47.000,18.780,80.000,-2.454,25.230,1.011
a,185200,47.000,18.344,80.000,-2.683,24.772,-2.821
a,185205,47.000,17.907,80.000,-2.622,22.009,-0.882
a,185210,47.000,17.638,80.000,-1.355,24.604,1.927
a,185215,47.000,17.323,80.000,-1.660,22.711,-0.562
a,185220,47.000,17.009,80.000,-1.630,23.627,1.866
a,185225,47.000,16.464,80.000,-3.309,23.032,0.644
a,185230,47.000,15.954,80.000,-3.004,23.902,-2.379
a,185235,47.000,15.326,80.000,-3.813,21.917,-1.646
a,185240,47.000,14.915,80.000,-2.179,25.505,0.950
a,185245,47.000,14.270,80.000,-3.859,23.688,-0.043
a,185250,47.000,13.665,80.000,-3.508,24.589,-0.882
a,185255,47.000,12.950,80.000,-4.225,21.459,-4.195
a,185260,47.000,12.476,80.000,-2.378,21.703,-0.852
a,185265,47.000,11.985,80.000,-2.424,18.497,-0.623
a,185270,47.000,11.680,80.000,-1.004,18.848,1.255
a,185275,47.000,11.307,80.000,-1.431,13.551,1.560
a,185280,47.000,11.271,80.000,1.073,15.887,-0.546
a,185285,47.000,11.179,80.000,0.691,12.055,-1.432
a,185290,47.000,11.409,80.000,3.073,12.055,-2.485
a,185295,47.000,11.484,80.000,1.912,9.062,-0.745
a,185300,47.000,12.035,80.000,5.409,10.100,-4.165
a,185305,47.000,12.373,80.000,3.790,7.566,1.683
a,185310,47.000,12.955,80.000,5.515,9.398,4.125
a,185315,47.000,13.136,80.000,2.492,7.169,-0.821
a,185320,47.000,13.431,80.000,3.271,10.558,1.072
a,185325,47.000,13.526,80.000,1.744,10.100,-2.119
a,185330,47.000,13.744,80.000,2.599,13.688,1.072
a,185335,47.000,13.741,80.000,0.935,12.574,0.934
a,185340,47.000,13.708,80.000,0.676,14.803,1.621
a,185345,47.000,13.590,80.000,0.065,12.818,-0.394
a,185350,47.000,13.488,80.000,0.187,13.200,0.767
a,185355,47.000,13.540,80.000,1.363,11.077,-0.562
a,185360,47.000,13.624,80.000,1.561,12.222,-1.203
a,185365,47.000,13.812,80.000,2.340,10.742,2.705
a,185370,47.000,13.817,80.000,0.935,11.780,0.522
a,185375,47.000,13.910,80.000,1.592,11.047,0.583
a,185380,47.000,13.904,80.000,0.828,12.253,-0.394
a,185385,47.000,14.019,80.000,1.729,10.971,0.034
a,185390,47.000,14.239,80.000,2.462,13.154,-1.340
a,185395,47.000,14.351,80.000,1.638,12.329,-2.180
a,185400,47.000,14.412,80.000,1.225,14.085,3.057
a,185405,47.000,14.369,80.000,0.462,12.406,1.713
a,185410,47.000,14.323,80.000,0.416,14.039,-2.730
a,185415,47.000,14.240,80.000,0.141,13.826,-1.966
a,185420,47.000,14.234,80.000,0.691,16.543,-0.959
a,185425,47.000,14.286,80.000,1.118,15.749,1.576
a,185430,47.000,14.162,80.000,-0.195,15.703,-0.165
a,185435,47.000,13.966,80.000,-0.698,14.604,2.079
a,185440,47.000,13.687,80.000,-1.309,14.803,-0.562
a,185445,47.000,13.582,80.000,0.019,14.314,0.873
a,185450,47.000,13.558,80.000,0.615,15.291,-0.409
a,185455,47.000,13.681,80.000,1.699,15.215,-2.104
a,185460,47.000,13.473,80.000,-0.759,14.085,0.400
a,185465,47.000,13.319,80.000,-0.362,15.673,-0.379
a,185470,47.000,13.238,80.000,0.202,14.833,-1.493
a,185475,47.000,13.323,80.000,1.409,16.818,1.179
a,185480,47.000,13.243,80.000,0.187,15.703,-0.088
a,185485,47.000,13.180,80.000,0.309,16.329,0.675
a,185490,47.000,12.887,80.000,-1.370,14.803,-1.096
a,185495,47.000,12.876,80.000,0.722,16.528,-0.226
a,185500,47.000,12.748,80.000,-0.133,14.803,-3.325
a,185505,47.000,12.763,80.000,0.920,16.436,1.026
a,185510,47.000,12.622,80.000,-0.210,14.024,2.034
a,185515,47.000,12.453,80.000,-0.439,15.993,0.629
a,185520,47.000,12.401,80.000,0.462,14.833,-2.745
a,185525,47.000,12.196,80.000,-0.683,15.566,1.392
a,185530,47.000,12.035,80.000,-0.332,14.665,-1.325
a,185535,47.000,11.806,80.000,-0.820,14.696,-0.531
a,185540,47.000,11.980,80.000,2.172,15.917,-0.180
a,185545,47.000,11.917,80.000,0.401,14.635,1.973
a,185550,47.000,11.885,80.000,0.645,13.597,0.324
a,185555,47.000,11.675,80.000,-0.653,11.810,0.583
a,185560,47.000,11.722,80.000,1.256,13.276,-1.554
a,185565,47.000,11.686,80.000,0.630,12.574,-0.974
a,185570,47.000,11.996,80.000,3.164,14.803,1.255
a,185575,47.000,11.975,80.000,0.706,12.665,2.705
a,185580,47.000,11.973,80.000,0.813,14.451,0.522
a,185585,47.000,11.779,80.000,-0.607,13.719,0.202
a,185590,47.000,11.801,80.000,0.996,15.535,-0.363
a,185595,47.000,11.657,80.000,-0.240,14.696,0.690
a,185600,47.000,11.730,80.000,1.378,15.184,-0.195
a,185605,47.000,11.451,80.000,-1.233,14.253,1.209
a,185610,47.000,11.382,80.000,0.340,15.505,1.270
a,185615,47.000,11.160,80.000,-0.790,14.909,0.965
a,185620,47.000,11.234,80.000,1.424,14.528,-2.165
a,185625,47.000,11.242,80.000,0.920,14.909,2.812
a,185630,47.000,11.484,80.000,2.676,13.093,-1.310
a,185635,47.000,11.482,80.000,0.828,12.726,3.591
a,185640,47.000,11.587,80.000,1.638,11.535,-1.707
a,185645,47.000,11.717,80.000,1.790,12.604,-0.165
a,185650,47.000,11.894,80.000,2.141,11.047,2.461
a,185655,47.000,12.155,80.000,2.706,13.169,-0.623
a,185660,47.000,12.370,80.000,2.340,12.742,1.759
a,185665,47.000,12.512,80.000,1.760,13.841,2.675
a,185670,47.000,12.703,80.000,2.111,13.016,1.011
a,185675,47.000,12.898,80.000,2.111,13.581,-1.004
a,185680,47.000,13.189,80.000,2.813,12.268,-0.027
a,185685,47.000,13.552,80.000,3.302,13.337,-0.226
a,185691,47.000,14.002,80.000,3.912,11.917,2.522
a,185695,47.000,14.342,80.000,3.042,12.513,0.675
a,185700,47.000,14.779,80.000,3.729,12.146,-0.959
a,185705,47.000,15.083,80.000,2.676,13.490,0.400
a,185710,47.000,15.625,80.000,4.401,13.383,-1.493
a,185715,47.000,16.037,80.000,3.378,13.902,0.064
a,185720,47.000,16.746,80.000,5.531,13.749,-0.379
a,185725,47.000,17.129,80.000,3.042,13.169,1.774
a,185730,47.000,17.493,80.000,2.874,12.787,0.812
a,185735,47.000,17.863,80.000,2.859,13.734,-0.714
a,185740,47.000,18.442,80.000,4.386,13.413,0.064
a,185745,47.000,19.057,80.000,4.554,15.719,2.293
a,185750,47.000,19.656,80.000,4.386,14.848,0.278
a,185755,47.000,20.100,80.000,3.149,16.833,1.484
a,185760,47.000,20.318,80.000,1.454,15.703,0.782
a,185765,47.000,20.637,80.000,2.141,18.329,2.324
a,185770,47.000,20.831,80.000,1.210,17.368,0.538
a,185775,47.000,21.276,80.000,2.996,21.993,-0.943
a,185780,47.000,21.411,80.000,0.660,21.597,3.774
a,185785,47.000,21.684,80.000,1.653,23.719,0.263
a,185790,47.000,21.542,80.000,-1.446,23.719,-0.134
a,185795,47.000,21.663,80.000,0.538,23.658,1.057
a,185800,47.000,21.672,80.000,-0.332,26.131,0.782
a,185805,47.000,21.681,80.000,-0.317,25.261,-1.096
a,185810,47.000,21.704,80.000,-0.225,27.703,0.263
a,185815,47.000,21.463,80.000,-2.164,26.238,-1.096
a,185820,47.000,21.461,80.000,-0.362,26.879,-0.501
a,185825,47.000,21.543,80.000,0.294,24.940,1.683
a,185830,47.000,21.649,80.000,0.462,25.474,3.392
a,185835,47.000,21.739,80.000,0.370,23.276,0.873
a,185840,47.000,21.975,80.000,1.439,23.780,1.713
a,185845,47.000,22.130,80.000,0.828,23.230,0.049
a,185850,47.000,22.346,80.000,1.271,23.215,1.530
a,185855,47.000,22.667,80.000,2.004,25.642,0.767
a,185860,47.000,22.984,80.000,1.958,24.726,3.041
a,185865,47.000,23.008,80.000,-0.240,24.757,2.919
a,185870,47.000,23.268,80.000,1.515,24.909,1.240
a,185875,47.000,23.370,80.000,0.325,24.161,1.438
a,185880,47.000,23.931,80.000,3.714,25.948,2.614
a,185885,47.000,24.149,80.000,1.118,25.093,4.629
a,185890,47.000,24.328,80.000,0.844,23.062,2.186
a,185895,47.000,24.549,80.000,1.118,25.093,4.202
a,185900,47.000,24.705,80.000,0.630,24.238,4.965
a,185905,47.000,25.388,80.000,4.492,27.352,0.873
a,185910,47.000,25.565,80.000,0.676,27.001,1.194
a,185915,47.000,25.775,80.000,0.935,25.749,1.026
a,185920,47.000,25.905,80.000,0.294,28.253,1.072
a,185925,47.000,25.990,80.000,-0.042,28.055,0.339
a,185930,47.000,26.357,80.000,2.004,31.810,2.308
a,185935,47.000,26.372,80.000,-0.591,28.574,1.789
a,185940,47.000,26.552,80.000,0.630,29.138,1.866
a,185946,47.000,26.762,80.000,0.828,30.726,-0.333
a,185950,47.000,26.655,80.000,-1.538,30.803,2.446
a,185955,47.000,26.834,80.000,0.599,31.887,2.476
a,185960,47.000,26.899,80.000,-0.240,29.810,2.843
a,185965,47.000,27.068,80.000,0.538,30.421,-0.134
a,185970,47.000,27.018,80.000,-1.095,29.932,1.270
a,185975,47.000,27.306,80.000,1.424,30.650,0.934
a,185980,47.000,27.382,80.000,-0.195,31.948,0.507
a,185985,47.000,27.724,80.000,1.790,31.841,1.301
a,185990,47.000,27.956,80.000,0.935,32.436,-1.020
a,185995,47.000,27.942,80.000,-0.882,30.879,3.713
a,186000,47.000,28.016,80.000,-0.225,31.841,0.018
a,186005,47.000,28.175,80.000,0.386,33.322,-2.302
a,186010,47.000,28.534,80.000,1.867,32.665,0.141
a,186015,47.000,28.722,80.000,0.569,33.016,4.415
a,186020,47.000,28.760,80.000,-0.515,29.993,0.492
a,186025,47.000,29.047,80.000,1.302,32.467,0.247
a,186030,47.000,29.031,80.000,-0.943,31.154,2.095
a,186035,47.000,29.573,80.000,3.180,32.971,-2.317
a,186040,47.000,29.653,80.000,-0.286,32.726,4.232
a,186045,47.000,29.903,80.000,0.981,32.238,2.690
a,186050,47.000,30.041,80.000,0.111,33.597,2.599
a,186055,47.000,30.169,80.000,0.080,30.100,2.370
a,186060,47.000,30.526,80.000,1.729,34.009,-1.233
a,186065,47.000,30.609,80.000,-0.317,32.543,2.446
a,186070,47.000,30.898,80.000,1.195,34.253,2.217
a,186075,47.000,30.842,80.000,-1.370,33.642,-1.722
a,186080,47.000,30.981,80.000,0.096,32.604,-4.760
a,186085,47.000,31.093,80.000,-0.149,36.451,3.392
a,186090,47.000,31.169,80.000,-0.408,36.131,0.553
a,186095,47.000,31.200,80.000,-0.759,37.215,2.293
a,186100,47.000,31.040,80.000,-2.164,37.490,5.118
a,186105,47.000,31.052,80.000,-0.851,36.909,4.614
a,186110,47.000,31.001,80.000,-1.309,36.757,-1.050
a,186115,47.000,31.126,80.000,0.019,35.948,1.530
a,186120,47.000,31.023,80.000,-1.675,36.375,4.308
a,186125,47.000,31.014,80.000,-0.943,35.383,2.873
a,186130,47.000,30.953,80.000,-1.340,36.818,0.446
a,186135,47.000,30.962,80.000,-0.790,36.207,0.034
a,186140,47.000,31.086,80.000,0.050,37.917,-2.898
a,186145,47.000,31.038,80.000,-1.217,36.818,2.278
a,186150,47.000,31.091,80.000,-0.469,37.734,4.095
a,186155,47.000,30.748,80.000,-3.370,35.993,-1.417
a,186160,47.000,30.744,80.000,-0.836,37.597,2.492
a,186165,47.000,30.604,80.000,-1.828,37.291,-2.088
a,186170,47.000,30.643,80.000,-0.485,37.383,0.767
a,186175,47.000,30.363,80.000,-2.851,38.818,1.820
a,186180,47.000,30.042,80.000,-3.095,36.818,2.644
a,186185,47.000,29.707,80.000,-3.172,37.734,0.324
a,186190,47.000,29.474,80.000,-2.347,36.345,-0.714
a,186195,47.000,29.573,80.000,0.126,37.597,2.232
a,186200,47.000,29.589,80.000,-0.485,37.047,2.919
a,186205,47.000,29.374,80.000,-2.179,36.146,0.202
a,186210,47.000,29.154,80.000,-2.179,35.093,0.202
a,186215,47.000,29.010,80.000,-1.630,39.200,0.522
a,186220,47.000,28.939,80.000,-1.065,38.528,0.431
a,186225,47.000,28.742,80.000,-1.981,38.818,0.721
a,186230,47.000,28.376,80.000,-3.202,37.520,-0.012
a,186235,47.000,28.076,80.000,-2.637,35.474,-0.226
a,186240,47.000,27.669,80.000,-3.401,36.558,0.675
a,186245,47.000,27.743,80.000,0.187,38.177,2.370
a,186250,47.000,27.434,80.000,-2.653,37.551,2.034
a,186255,47.000,27.046,80.000,-3.172,35.291,-2.287
a,186260,47.000,26.771,80.000,-2.317,37.810,1.194
a,186265,47.000,26.409,80.000,-2.912,36.451,-0.485
a,186270,47.000,26.418,80.000,-0.133,37.627,2.400
a,186275,47.000,26.067,80.000,-2.805,37.841,-0.882
a,186280,47.000,25.684,80.000,-2.958,33.932,-3.768
a,186285,47.000,25.427,80.000,-2.011,36.436,1.225
a,186290,47.000,25.068,80.000,-2.714,34.070,1.530
a,186295,47.000,25.033,80.000,-0.286,35.505,-0.913
a,186300,47.000,24.800,80.000,-1.737,34.360,2.263
a,186305,47.000,24.553,80.000,-1.782,31.184,1.377
a,186310,47.000,24.548,80.000,0.034,31.627,-1.600
a,186315,47.000,24.722,80.000,1.393,28.116,-0.653
a,186320,47.000,25.208,80.000,3.683,28.925,0.675
a,186325,47.000,25.515,80.000,2.340,24.665,2.095
a,186330,47.000,25.963,80.000,3.363,24.116,2.247
a,186335,47.000,26.321,80.000,2.630,24.589,1.286
a,186340,47.000,26.877,80.000,4.080,23.154,-0.837
a,186345,47.000,27.682,80.000,5.805,27.322,1.240
a,186350,47.000,28.149,80.000,3.225,26.207,1.805
a,186355,47.000,28.469,80.000,2.096,25.276,3.362
a,186360,47.000,29.025,80.000,3.775,27.917,-0.684
a,186365,47.000,29.416,80.000,2.492,28.070,1.469
a,186370,47.000,29.860,80.000,2.859,27.322,3.347
a,186375,47.000,30.237,80.000,2.279,29.688,2.171
a,186380,47.000,30.482,80.000,1.286,28.055,-1.310
a,186385,47.000,30.972,80.000,3.073,28.604,-2.485
a,186390,47.000,31.415,80.000,2.660,29.368,2.660
a,186395,47.000,31.842,80.000,2.523,28.085,2.812
a,186400,47.000,32.366,80.000,3.180,29.306,3.362
a,186405,47.000,32.478,80.000,0.065,29.932,0.324
a,186410,47.000,32.727,80.000,1.057,31.398,-0.577
a,186415,47.000,33.014,80.000,1.286,34.635,-1.233
a,186420,47.000,33.152,80.000,0.157,34.009,2.629
a,186425,47.000,33.190,80.000,-0.622,37.154,0.278
a,186430,47.000,32.856,80.000,-3.401,38.955,4.141
a,186435,47.000,32.720,80.000,-1.889,39.505,-1.035
a,186440,47.000,32.439,80.000,-2.958,40.986,2.782
a,186445,47.000,31.906,80.000,-4.775,40.345,1.102
a,186450,47.000,31.328,80.000,-5.049,40.833,2.721
a,186455,47.000,30.734,80.000,-5.111,42.406,0.996
a,186460,47.000,30.136,80.000,-5.049,40.680,-0.180
a,186465,47.000,29.827,80.000,-2.851,41.963,0.599
a,186470,47.000,29.223,80.000,-4.988,41.368,2.415
a,186475,47.000,28.570,80.000,-5.248,38.742,5.102
a,186480,47.000,28.025,80.000,-4.393,40.513,-0.333
a,186485,47.000,27.211,80.000,-6.301,38.467,-0.837
a,186490,47.000,26.730,80.000,-3.752,39.383,1.270
a,186495,47.000,26.176,80.000,-4.256,41.368,2.385
a,186500,47.000,25.390,80.000,-5.874,37.505,0.980
a,186505,47.000,24.796,80.000,-4.378,38.528,-2.317
a,186510,47.000,24.339,80.000,-3.309,39.932,-0.455
a,186515,47.000,23.752,80.000,-4.179,35.963,2.186
a,186521,47.000,23.383,80.000,-2.500,35.749,0.507
a,186525,47.000,23.137,80.000,-1.553,35.459,-2.027
a,186530,47.000,22.826,80.000,-1.966,31.551,-0.241
a,186535,47.000,22.985,80.000,1.592,27.780,-2.241
a,186540,47.000,23.335,80.000,2.981,28.284,-0.119
a,186545,47.000,23.502,80.000,1.622,23.963,0.721
a,186550,47.000,23.821,80.000,2.752,21.352,-1.035
a,186555,47.000,24.522,80.000,5.515,23.841,1.744
a,186560,47.000,24.937,80.000,3.332,21.734,1.545
a,186565,47.000,25.372,80.000,3.439,20.986,1.744
a,186570,47.000,25.769,80.000,3.073,23.551,-1.417
a,186575,47.000,26.039,80.000,2.111,21.154,-1.890
a,186580,47.000,26.668,80.000,4.722,22.909,0.736
a,186585,47.000,26.804,80.000,0.981,23.306,1.530
a,186590,47.000,27.216,80.000,2.996,24.711,-0.898
a,186595,47.000,27.482,80.000,1.836,27.215,1.148
a,186600,47.000,27.752,80.000,1.836,27.597,0.079
a,186605,47.000,27.803,80.000,0.202,25.581,0.782
a,186610,47.000,27.832,80.000,-0.011,29.535,-0.195
a,186615,47.000,27.687,80.000,-1.278,27.245,0.553
a,186620,47.000,27.808,80.000,0.676,29.932,-0.333
a,186625,47.000,27.506,80.000,-2.500,32.497,2.018
a,186630,47.000,27.152,80.000,-2.851,33.245,-2.699
a,186635,47.000,26.871,80.000,-2.286,34.222,-5.921
a,186640,47.000,26.396,80.000,-3.691,33.566,0.141
a,186645,47.000,26.233,80.000,-1.309,33.169,0.568
a,186650,47.000,26.039,80.000,-1.538,34.192,1.820
a,186655,47.000,25.627,80.000,-3.080,29.993,-0.821
a,186660,47.000,25.594,80.000,-0.225,29.658,-1.829
a,186665,47.000,25.393,80.000,-1.477,30.207,0.553
a,186670,47.000,25.217,80.000,-1.248,28.742,1.377
a,186675,47.000,25.085,80.000,-0.912,29.291,-1.692
a,186680,47.000,24.731,80.000,-2.576,31.948,1.912
a,186685,47.000,24.600,80.000,-0.882,31.383,-1.172
a,186690,47.000,24.189,80.000,-2.927,29.856,-3.585
a,186695,47.000,24.028,80.000,-1.004,27.871,1.240
a,186700,47.000,23.859,80.000,-1.065,29.154,0.889
a,186705,47.000,23.406,80.000,-3.141,27.383,-0.730
a,186710,47.000,23.330,80.000,-0.301,28.314,0.446
a,186715,47.000,23.177,80.000,-0.897,30.665,2.431
a,186720,47.000,22.707,80.000,-3.202,27.658,-0.333
a,186725,47.000,22.291,80.000,-2.775,29.566,-0.546
a,186730,47.000,21.658,80.000,-4.332,28.543,2.385
a,186735,47.000,21.018,80.000,-4.301,27.734,-7.661
a,186740,47.000,20.721,80.000,-1.737,31.184,-4.882
a,186745,47.000,20.077,80.000,-4.286,31.215,1.087
a,186750,47.000,19.307,80.000,-5.111,27.764,-0.043
a,186755,47.000,18.900,80.000,-2.362,29.581,0.904
a,186760,47.000,18.335,80.000,-3.508,30.253,-1.478
a,186765,47.000,17.751,80.000,-3.553,26.818,1.698
a,186770,47.000,17.481,80.000,-1.187,28.222,3.179
a,186775,47.000,16.815,80.000,-4.057,24.665,-0.653
a,186780,47.000,16.549,80.000,-1.004,22.726,0.232
a,186785,47.000,16.208,80.000,-1.553,23.047,-0.608
a,186790,47.000,15.917,80.000,-1.111,19.474,2.522
a,186795,47.000,15.966,80.000,1.409,21.291,0.629
a,186800,47.000,15.676,80.000,-1.065,15.780,0.202
a,186805,47.000,15.857,80.000,2.431,17.413,1.163
a,186810,47.000,16.044,80.000,2.462,15.917,-2.470
a,186815,47.000,16.345,80.000,3.302,13.032,2.339
a,186820,47.000,16.450,80.000,1.790,14.390,0.812
a,186825,47.000,16.541,80.000,1.683,12.406,1.621
a,186830,47.000,16.889,80.000,3.515,16.009,-0.012
a,186835,47.000,16.898,80.000,0.966,15.459,0.247
a,186840,47.000,17.231,80.000,3.332,17.413,-0.531
a,186845,47.000,17.038,80.000,-0.607,17.169,4.965
a,186850,47.000,16.960,80.000,0.248,17.551,-2.928
a,186855,47.000,16.634,80.000,-1.614,19.200,-1.249
a,186860,47.000,16.491,80.000,-0.225,19.474,0.828
a,186865,47.000,16.415,80.000,0.263,20.558,1.683
a,186870,47.000,16.220,80.000,-0.591,18.055,1.667
a,186875,47.000,16.135,80.000,0.233,18.360,-0.226
a,186880,47.000,15.881,80.000,-0.988,15.810,-2.317
a,186885,47.000,16.002,80.000,1.790,17.352,0.064
a,186890,47.000,15.933,80.000,0.386,15.077,-1.524
a,186895,47.000,16.120,80.000,2.263,16.146,-0.928
a,186900,47.000,16.005,80.000,0.004,16.085,1.438
a,186905,47.000,16.072,80.000,1.363,15.337,2.538
a,186910,47.000,15.864,80.000,-0.714,17.108,-1.111
a,186915,47.000,15.802,80.000,0.386,16.818,-1.371
a,186920,47.000,15.700,80.000,0.065,18.436,-0.317
a,186925,47.000,15.497,80.000,-0.653,16.787,-0.211
a,186930,47.000,15.417,80.000,0.248,18.192,-0.684
a,186935,47.000,15.113,80.000,-1.401,17.520,-1.386
a,186940,47.000,15.107,80.000,0.828,18.116,1.331
a,186945,47.000,14.938,80.000,-0.378,17.581,0.110
a,186950,47.000,14.916,80.000,0.722,17.215,0.431
a,186955,47.000,14.680,80.000,-0.866,16.574,2.018
a,186960,47.000,14.776,80.000,1.607,17.597,-2.806
a,186965,47.000,14.764,80.000,0.783,17.520,0.232
a,186970,47.000,14.781,80.000,0.996,16.757,0.293
a,186975,47.000,14.906,80.000,1.790,16.513,0.232
a,186980,47.000,14.631,80.000,-1.172,14.742,1.438
a,186985,47.000,14.514,80.000,0.019,14.909,0.873
a,186990,47.000,14.494,80.000,0.722,16.680,0.889
a,186995,47.000,14.785,80.000,3.012,17.551,0.278
a,187000,47.000,14.770,80.000,0.706,16.955,2.644
a,187005,47.000,14.681,80.000,0.187,14.421,1.728
a,187010,47.000,14.721,80.000,1.103,17.062,1.087
a,187015,47.000,14.757,80.000,1.088,15.642,1.469
a,187020,47.000,15.042,80.000,2.889,18.268,-0.898
a,187025,47.000,15.204,80.000,1.943,17.413,0.614
a,187030,47.000,15.461,80.000,2.645,16.268,-1.081
a,187035,47.000,15.370,80.000,0.019,16.513,1.576
a,187040,47.000,15.668,80.000,2.905,16.757,2.354
a,187045,47.000,15.721,80.000,1.057,16.619,-4.638
a,187051,47.000,15.757,80.000,0.905,17.077,-2.867
a,187055,47.000,16.308,80.000,4.706,18.253,-4.134
a,187060,47.000,16.503,80.000,2.019,16.009,3.621
a,187066,47.000,16.600,80.000,1.286,15.016,-1.203
a,187070,47.000,16.695,80.000,1.241,16.131,0.538
a,187076,47.000,17.009,80.000,2.859,15.123,2.690
a,187081,47.000,17.466,80.000,3.851,18.009,-0.241
a,187085,47.000,17.758,80.000,2.584,16.787,4.461
a,187090,47.000,17.915,80.000,1.546,17.322,2.553
a,187095,47.000,18.203,80.000,2.523,14.803,2.308
a,187100,47.000,18.673,80.000,3.805,17.398,-2.562
a,187105,47.000,18.875,80.000,1.790,15.780,1.896
a,187110,47.000,19.194,80.000,2.615,16.986,2.950
a,187115,47.000,19.409,80.000,1.805,17.459,0.400
a,187120,47.000,19.767,80.000,2.859,16.207,-0.913
a,187125,47.000,20.243,80.000,3.653,19.276,0.385
a,187130,47.000,20.496,80.000,1.958,18.055,3.041
a,187135,47.000,20.923,80.000,3.241,17.352,1.209
a,187140,47.000,21.200,80.000,2.050,19.688,-0.379
a,187145,47.000,21.455,80.000,1.867,18.467,2.431
a,187150,47.000,21.939,80.000,3.500,22.604,1.957
a,187155,47.000,22.150,80.000,1.439,21.001,2.263
a,187160,47.000,22.301,80.000,0.981,20.345,3.011
a,187165,47.000,22.340,80.000,0.096,24.467,-1.829
a,187170,47.000,22.421,80.000,0.401,24.467,1.469
a,187175,47.000,22.712,80.000,1.943,25.963,-1.203
a,187180,47.000,22.578,80.000,-1.248,26.726,1.102
a,187185,47.000,22.286,80.000,-2.378,25.154,5.331
a,187190,47.000,22.243,80.000,-0.530,28.635,4.461
a,187195,47.000,22.103,80.000,-1.217,26.345,-3.004
a,187200,47.000,22.126,80.000,-0.011,27.978,0.202
a,187205,47.000,21.876,80.000,-2.027,27.734,5.392
a,187210,47.000,21.745,80.000,-1.080,25.245,2.889
a,187215,47.000,21.730,80.000,-0.225,27.154,-2.195
a,187220,47.000,21.606,80.000,-0.988,24.268,-0.516
a,187225,47.000,21.800,80.000,1.378,24.314,2.415
a,187230,47.000,21.773,80.000,-0.271,23.841,2.843
a,187235,47.000,21.765,80.000,-0.133,24.696,-0.577
a,187240,47.000,21.681,80.000,-0.668,22.848,-1.462
a,187245,47.000,22.027,80.000,2.492,25.963,1.515
a,187250,47.000,21.919,80.000,-0.897,24.909,2.476
a,187255,47.000,21.878,80.000,-0.378,24.558,-0.409
a,187260,47.000,21.775,80.000,-0.866,27.535,0.156
a,187265,47.000,21.644,80.000,-1.019,23.932,2.079
a,187270,47.000,21.500,80.000,-1.095,23.978,-0.241
a,187275,47.000,21.426,80.000,-0.591,26.833,2.171
a,187280,47.000,21.338,80.000,-0.668,25.932,2.232
a,187285,47.000,21.367,80.000,0.218,25.077,2.797
a,187291,47.000,21.306,80.000,-0.469,26.207,-0.745
a,187295,47.000,21.227,80.000,-0.561,24.451,-1.768
a,187300,47.000,21.219,80.000,-0.042,25.154,0.186
a,187305,47.000,21.168,80.000,-0.332,23.245,1.179
a,187310,47.000,21.264,80.000,0.737,25.551,-2.638
a,187315,47.000,21.259,80.000,-0.042,27.306,-0.134
a,187320,47.000,21.428,80.000,1.271,25.673,0.583
a,187325,47.000,21.466,80.000,0.263,26.864,2.171
a,187330,47.000,21.259,80.000,-1.523,24.696,0.415
a,187335,47.000,21.381,80.000,0.920,26.238,-0.470
a,187340,47.000,21.506,80.000,0.920,27.261,2.156
a,187346,47.000,21.441,80.000,-0.469,24.467,0.873
a,187350,47.000,21.721,80.000,2.096,24.604,-0.256
a,187355,47.000,21.900,80.000,1.302,25.612,2.522
a,187360,47.000,21.755,80.000,-1.095,24.222,0.980
a,187365,47.000,21.949,80.000,1.424,24.451,-0.363
a,187370,47.000,22.073,80.000,0.874,25.826,1.469
a,187375,47.000,22.370,80.000,2.157,24.940,-1.050
a,187380,47.000,22.391,80.000,0.065,26.161,0.690
a,187385,47.000,22.629,80.000,1.699,23.963,-1.982
a,187390,47.000,23.052,80.000,3.012,26.665,-0.302
a,187395,47.000,23.257,80.000,1.378,24.833,1.041
a,187400,47.000,23.656,80.000,2.798,24.528,1.209
a,187405,47.000,23.785,80.000,0.737,25.444,4.110
a,187410,47.000,23.878,80.000,0.492,23.597,-2.928
a,187415,47.000,24.344,80.000,3.195,27.597,1.652
a,187420,47.000,24.402,80.000,0.111,28.497,2.293
a,187425,47.000,24.528,80.000,0.645,26.513,0.858
a,187430,47.000,24.658,80.000,0.660,26.451,-1.401
a,187436,47.000,24.937,80.000,1.729,28.742,0.141
a,187440,47.000,25.107,80.000,0.935,25.429,-2.302
a,187445,47.000,25.361,80.000,1.531,26.803,-2.317
a,187450,47.000,25.706,80.000,2.187,25.963,-1.279
a,187455,47.000,26.235,80.000,3.531,25.322,-3.798
a,187460,47.000,26.478,80.000,1.347,25.963,5.820
a,187465,47.000,26.690,80.000,1.103,25.291,1.072
a,187470,47.000,27.126,80.000,2.722,27.108,-1.004
a,187475,47.000,27.450,80.000,1.821,30.207,2.904
a,187480,47.000,27.563,80.000,0.233,29.306,1.179
a,187485,47.000,27.809,80.000,1.210,29.764,-1.264
a,187490,47.000,27.968,80.000,0.508,32.848,2.247
a,187495,47.000,27.802,80.000,-1.874,30.528,1.225
a,187501,47.000,27.583,80.000,-2.256,31.505,2.538
a,187505,47.000,27.640,80.000,-0.210,33.902,1.362
a,187510,47.000,27.493,80.000,-1.691,31.841,-1.768
a,187515,47.000,27.602,80.000,0.218,32.848,1.545
a,187520,47.000,27.506,80.000,-1.309,33.398,-0.012
a,187525,47.000,27.399,80.000,-1.340,30.451,-1.203
a,187530,47.000,27.735,80.000,1.943,32.329,-0.211
a,187535,47.000,27.655,80.000,-1.187,33.108,4.660
a,187540,47.000,27.658,80.000,-0.515,30.207,2.736
a,187545,47.000,27.776,80.000,0.309,33.108,-1.386
a,187550,47.000,27.764,80.000,-0.653,32.467,1.392
a,187555,47.000,28.037,80.000,1.470,32.161,3.301
a,187560,47.000,27.973,80.000,-1.065,33.139,0.339
a,187565,47.000,27.821,80.000,-1.675,31.459,2.263
a,187570,47.000,27.977,80.000,0.599,33.917,2.492
a,187575,47.000,27.991,80.000,-0.454,32.375,2.232
a,187580,47.000,28.377,80.000,2.309,32.726,2.767
a,187585,47.000,28.474,80.000,0.157,31.016,1.912
a,187590,47.000,28.585,80.000,0.248,30.971,1.957
a,187595,47.000,28.749,80.000,0.615,33.200,0.996
a,187600,47.000,28.921,80.000,0.676,31.948,0.400
a,187605,47.000,29.243,80.000,1.744,33.902,-2.043
a,187610,47.000,29.495,80.000,1.210,33.245,-1.249
a,187615,47.000,29.673,80.000,0.615,35.337,1.179
a,187620,47.000,29.913,80.000,1.103,31.993,-2.027
a,187625,47.000,30.395,80.000,2.859,33.169,3.102
a,187630,47.000,30.777,80.000,2.065,34.024,2.461
a,187635,47.000,31.171,80.000,2.141,32.024,0.339
a,187640,47.000,31.627,80.000,2.554,33.398,-0.302
a,187645,47.000,31.750,80.000,0.050,32.406,0.400
a,187650,47.000,32.144,80.000,2.050,32.650,-0.287
a,187655,47.000,32.576,80.000,2.279,34.299,1.698
a,187660,47.000,32.798,80.000,0.691,33.627,0.202
a,187665,47.000,32.864,80.000,-0.500,35.505,-0.638
a,187670,47.000,33.028,80.000,0.233,34.879,0.339
a,187675,47.000,33.388,80.000,1.638,38.406,4.034
a,187680,47.000,33.445,80.000,-0.622,37.322,0.461
a,187685,47.000,33.566,80.000,-0.133,36.528,0.873
a,187690,47.000,33.757,80.000,0.325,41.047,-3.096
a,187695,47.000,34.162,80.000,1.943,38.116,-1.676
a,187700,47.000,34.258,80.000,-0.347,34.497,-5.982
a,187705,47.000,34.547,80.000,1.057,36.803,1.057
a,187710,47.000,34.696,80.000,-0.042,40.909,2.370
a,187715,47.000,34.788,80.000,-0.469,40.131,-0.165
a,187720,47.000,34.844,80.000,-0.744,40.940,-0.180
a,187725,47.000,34.764,80.000,-1.767,43.520,-0.455
a,187730,47.000,34.592,80.000,-2.424,42.268,-1.127
a,187735,47.000,34.219,80.000,-3.904,44.711,2.751
a,187740,47.000,34.060,80.000,-2.256,43.734,0.965
a,187745,47.000,34.098,80.000,-0.790,45.322,0.980
a,187750,47.000,33.893,80.000,-2.546,42.375,4.141
a,187755,47.000,33.693,80.000,-2.454,40.742,0.461
a,187760,47.000,33.404,80.000,-3.095,41.444,2.232
a,187765,47.000,33.404,80.000,-0.897,40.497,-0.546
a,187770,47.000,33.449,80.000,-0.561,40.696,-1.753
a,187775,47.000,33.249,80.000,-2.362,39.826,2.156
a,187780,47.000,33.050,80.000,-2.332,40.894,2.950
a,187785,47.000,32.931,80.000,-1.737,42.482,2.507
a,187791,47.000,32.528,80.000,-3.798,40.879,2.064
a,187795,47.000,32.427,80.000,-1.523,42.772,1.057
a,187800,47.000,32.234,80.000,-2.195,42.619,2.156
a,187805,47.000,32.174,80.000,-1.172,42.100,1.973
a,187810,47.000,31.818,80.000,-3.355,42.161,3.362
a,187815,47.000,31.637,80.000,-1.996,40.696,-0.653
a,187820,47.000,31.507,80.000,-1.614,43.032,0.553
a,187825,47.000,31.162,80.000,-3.172,41.123,2.950
a,187830,47.000,30.875,80.000,-2.698,40.879,-0.745
a,187835,47.000,30.357,80.000,-4.378,41.474,5.469
a,187840,47.000,30.149,80.000,-2.011,40.986,-0.333
a,187845,47.000,29.957,80.000,-1.904,43.566,1.301
a,187850,47.000,29.688,80.000,-2.408,40.665,4.018
a,187855,47.000,29.273,80.000,-3.477,41.368,-0.592
a,187860,47.000,28.626,80.000,-5.126,39.932,1.362
a,187865,47.000,28.313,80.000,-2.591,41.169,3.316
a,187870,47.000,27.918,80.000,-3.156,40.971,1.118
a,187875,47.000,27.712,80.000,-1.691,38.604,-1.356
a,187880,47.000,27.411,80.000,-2.393,40.146,1.423
a,187885,47.000,27.038,80.000,-2.851,37.032,1.637
a,187890,47.000,27.016,80.000,-0.225,37.703,-1.233
a,187895,47.000,26.959,80.000,-0.469,36.757,-0.287
a,187900,47.000,27.061,80.000,0.737,34.177,2.247
a,187905,47.000,27.226,80.000,1.210,33.200,-0.043
a,187910,47.000,27.214,80.000,-0.103,30.635,2.644
a,187915,47.000,27.631,80.000,3.073,31.184,-1.066
a,187920,47.000,27.921,80.000,2.096,29.856,2.583
a,187925,47.000,28.584,80.000,4.844,28.055,0.873
a,187930,47.000,29.007,80.000,2.966,30.360,1.454
a,187935,47.000,29.258,80.000,1.653,28.619,2.721
a,187940,47.000,29.720,80.000,3.164,31.184,2.018
a,187945,47.000,30.094,80.000,2.462,30.558,1.163
a,187950,47.000,30.655,80.000,3.790,32.390,0.492
a,187955,47.000,30.864,80.000,1.134,30.940,1.454
a,187960,47.000,31.233,80.000,2.294,31.123,0.064
a,187965,47.000,31.434,80.000,0.981,33.535,-1.218
a,187970,47.000,31.716,80.000,1.592,30.940,-6.562
a,187975,47.000,32.243,80.000,3.347,33.383,-0.638
a,187980,47.000,32.445,80.000,0.874,34.513,4.263
a,187985,47.000,33.081,80.000,4.065,34.329,-0.638
a,187990,47.000,33.404,80.000,1.699,33.566,-2.501
a,187995,47.000,33.842,80.000,2.523,32.467,-0.104
a,188000,47.000,34.227,80.000,2.065,34.650,2.018
a,188005,47.000,34.664,80.000,2.416,34.467,-0.546
a,188010,47.000,34.734,80.000,-0.332,33.032,-1.004
a,188015,47.000,34.861,80.000,0.050,36.131,0.079
a,188020,47.000,34.777,80.000,-1.523,36.528,0.889
a,188025,47.000,34.902,80.000,0.019,38.894,-0.058
a,188030,47.000,34.669,80.000,-2.668,41.062,0.675
a,188035,47.000,34.434,80.000,-2.653,41.413,2.156
a,188040,47.000,33.949,80.000,-4.485,42.207,-0.211
a,188045,47.000,33.654,80.000,-3.034,44.268,-1.157
a,188050,47.000,33.287,80.000,-3.523,43.734,1.179
a,188055,47.000,32.903,80.000,-3.614,44.650,-2.134
a,188060,47.000,32.376,80.000,-4.607,42.971,4.751
a,188065,47.000,32.130,80.000,-2.469,44.009,-4.134
a,188070,47.000,31.758,80.000,-3.385,44.818,-2.791
a,188075,47.000,31.335,80.000,-3.691,42.757,2.125
a,188080,47.000,30.848,80.000,-4.103,42.177,0.690
a,188085,47.000,30.024,80.000,-6.546,42.207,-1.401
a,188090,47.000,29.174,80.000,-6.653,42.375,0.980
a,188095,47.000,28.355,80.000,-6.347,44.543,1.545
a,188100,47.000,27.515,80.000,-6.408,44.604,0.095
a,188105,47.000,26.720,80.000,-5.996,45.261,2.889
a,188110,47.000,25.689,80.000,-7.614,41.887,-1.997
a,188115,47.000,25.045,80.000,-4.653,43.322,-2.073
a,188120,47.000,24.169,80.000,-6.286,42.024,-1.814
a,188125,47.000,23.379,80.000,-5.523,38.757,-0.348
a,188130,47.000,23.003,80.000,-2.393,40.284,2.018
a,188135,47.000,22.394,80.000,-4.027,35.887,-0.760
a,188140,47.000,22.383,80.000,0.523,30.207,-2.348
a,188145,47.000,22.630,80.000,2.492,25.261,-0.363
a,188150,47.000,22.884,80.000,2.523,23.169,3.041
a,188155,47.000,23.294,80.000,3.668,20.528,2.690
a,188160,47.000,23.563,80.000,2.569,20.864,2.293
a,188165,47.000,24.003,80.000,3.790,20.909,-0.226
a,188170,47.000,24.504,80.000,4.141,24.451,-2.546
a,188175,47.000,25.231,80.000,5.760,23.902,-1.218
a,188180,47.000,25.676,80.000,3.561,24.696,3.835
a,188185,47.000,25.705,80.000,0.462,22.085,2.751
a,188190,47.000,25.925,80.000,1.836,24.131,-2.531
a,188195,47.000,26.101,80.000,1.485,24.406,0.476
a,188200,47.000,26.451,80.000,2.722,26.146,1.713
a,188205,47.000,26.483,80.000,0.309,27.658,0.980
a,188210,47.000,26.506,80.000,0.248,25.993,2.522
a,188215,47.000,26.496,80.000,-0.011,27.535,-1.142
a,188220,47.000,26.414,80.000,-0.561,28.024,-1.707
a,188225,47.000,26.627,80.000,1.622,28.894,0.492
a,188230,47.000,26.559,80.000,-0.515,31.184,2.507
a,188235,47.000,26.364,80.000,-1.416,28.467,2.446
a,188240,47.000,26.336,80.000,-0.195,31.047,-2.501
a,188245,47.000,26.046,80.000,-2.118,30.360,1.270
a,188250,47.000,26.181,80.000,1.027,32.406,0.675
a,188255,47.000,25.925,80.000,-1.874,31.429,1.667
a,188260,47.000,25.780,80.000,-1.004,29.368,-0.134
a,188265,47.000,25.548,80.000,-1.645,30.604,-1.921
a,188270,47.000,25.275,80.000,-1.904,28.604,1.881
a,188275,47.000,25.334,80.000,0.554,31.352,1.057
a,188280,47.000,25.053,80.000,-1.966,30.177,0.583
a,188286,47.000,24.617,80.000,-3.095,30.680,1.988
a,188290,47.000,24.271,80.000,-2.393,31.948,1.209
a,188295,47.000,23.839,80.000,-2.973,29.917,-0.898
a,188300,47.000,23.697,80.000,-0.805,31.429,-1.753
a,188305,47.000,23.229,80.000,-3.187,30.390,3.652
a,188310,47.000,22.942,80.000,-1.798,30.100,-1.707
a,188315,47.000,22.601,80.000,-2.179,30.451,0.660
a,188320,47.000,22.321,80.000,-1.675,28.650,-1.829
a,188325,47.000,22.241,80.000,-0.179,30.070,1.652
a,188330,47.000,21.843,80.000,-2.530,29.520,3.255
a,188335,47.000,21.434,80.000,-2.561,27.948,-0.745
a,188340,47.000,21.063,80.000,-2.271,30.986,-0.837
a,188345,47.000,20.643,80.000,-2.591,30.482,0.614
a,188351,47.000,20.475,80.000,-0.683,29.871,-0.027
a,188355,47.000,20.070,80.000,-2.424,29.383,0.782
a,188360,47.000,19.631,80.000,-2.622,28.131,-4.104
a,188365,47.000,19.281,80.000,-1.920,27.917,2.308
a,188370,47.000,19.213,80.000,0.202,27.703,-0.806
a,188375,47.000,19.046,80.000,-0.515,25.429,-0.256
a,188380,47.000,18.730,80.000,-1.569,22.604,4.354
a,188385,47.000,18.812,80.000,1.393,23.551,-0.608
a,188390,47.000,18.810,80.000,0.767,22.192,-1.615
a,188395,47.000,18.951,80.000,1.851,19.245,-2.363
a,188400,47.000,19.231,80.000,2.828,21.352,2.507
a,188405,47.000,19.589,80.000,3.393,18.879,2.049
a,188410,47.000,19.948,80.000,3.378,16.589,-1.524
a,188415,47.000,20.510,80.000,4.798,19.001,0.431
a,188420,47.000,20.903,80.000,3.500,17.383,1.621
a,188425,47.000,21.462,80.000,4.660,18.558,1.606
a,188430,47.000,21.712,80.000,2.325,16.406,0.934
a,188435,47.000,22.204,80.000,4.050,19.032,-1.233
a,188440,47.000,22.710,80.000,4.065,21.566,0.079
a,188445,47.000,22.990,80.000,2.355,19.688,1.011
a,188450,47.000,23.355,80.000,2.920,21.642,0.263
a,188455,47.000,23.472,80.000,1.027,22.711,-0.027
a,188461,47.000,23.504,80.000,0.370,23.795,0.370
a,188465,47.000,23.710,80.000,1.683,21.047,0.278
a,188470,47.000,24.086,80.000,2.889,23.902,1.759
a,188475,47.000,24.120,80.000,0.294,24.833,1.957
a,188480,47.000,24.040,80.000,-0.546,24.070,0.919
a,188485,47.000,24.206,80.000,1.241,27.871,0.980
a,188490,47.000,24.239,80.000,0.263,25.474,1.866
a,188495,47.000,24.123,80.000,-0.866,27.673,3.179
a,188500,47.000,23.689,80.000,-3.202,26.665,2.431
a,188505,47.000,23.557,80.000,-0.943,29.230,-2.699
a,188510,47.000,23.519,80.000,-0.240,29.917,0.828
a,188515,47.000,23.359,80.000,-1.111,27.108,2.278
a,188520,47.000,23.312,80.000,-0.271,27.993,2.034
a,188525,47.000,23.275,80.000,-0.179,27.734,1.927
a,188530,47.000,22.916,80.000,-2.546,25.856,1.744
a,188535,47.000,22.892,80.000,-0.042,27.459,0.385
a,188540,47.000,22.805,80.000,-0.500,26.757,1.713
a,188545,47.000,22.786,80.000,-0.011,28.085,0.843
a,188550,47.000,22.518,80.000,-1.859,28.986,3.347
a,188555,47.000,22.373,80.000,-0.897,27.077,0.538
a,188560,47.000,22.309,80.000,-0.301,28.253,-0.012
a,188565,47.000,22.195,80.000,-0.653,27.383,2.171
a,188570,47.000,22.130,80.000,-0.271,26.803,1.927
a,188575,47.000,22.050,80.000,-0.378,26.635,3.148
a,188580,47.000,22.040,80.000,0.141,26.833,-0.989
a,188585,47.000,22.065,80.000,0.386,28.161,-2.363
a,188590,47.000,21.939,80.000,-0.698,24.757,2.018
a,188595,47.000,21.957,80.000,0.370,25.993,1.194
a,188600,47.000,21.830,80.000,-0.714,26.039,-0.775
a,188605,47.000,21.817,80.000,0.157,24.528,2.583
a,188610,47.000,21.957,80.000,1.271,26.009,1.011
a,188615,47.000,21.912,80.000,-0.088,23.627,0.415
a,188620,47.000,22.021,80.000,1.057,23.764,2.339
a,188625,47.000,21.947,80.000,-0.332,24.940,0.171
a,188630,47.000,21.975,80.000,0.447,23.841,0.324
a,188635,47.000,22.113,80.000,1.210,27.184,5.438
a,188640,47.000,21.951,80.000,-1.004,24.833,3.026
a,188645,47.000,21.817,80.000,-0.775,25.230,-1.386
a,188650,47.000,21.660,80.000,-0.973,27.490,3.515
a,188655,47.000,21.499,80.000,-0.958,26.131,0.812
a,188660,47.000,21.622,80.000,1.134,27.780,0.446
a,188665,47.000,21.457,80.000,-1.019,28.329,-0.989
a,188670,47.000,21.115,80.000,-2.301,26.971,1.423
a,188675,47.000,21.018,80.000,-0.469,28.268,-0.256
a,188680,47.000,20.780,80.000,-1.508,28.848,-1.646
a,188685,47.000,20.422,80.000,-2.347,26.451,0.538
a,188690,47.000,20.200,80.000,-1.324,28.574,2.705
a,188695,47.000,19.651,80.000,-3.721,27.734,1.057
a,188700,47.000,19.361,80.000,-1.706,24.848,-2.943
a,188705,47.000,19.312,80.000,0.080,27.352,2.431
a,188710,47.000,19.028,80.000,-1.630,24.726,-0.317
a,188715,47.000,19.038,80.000,0.584,23.826,-1.966
a,188720,47.000,18.985,80.000,0.111,23.337,2.614
a,188725,47.000,19.113,80.000,1.485,21.001,-2.211
a,188730,47.000,19.634,80.000,4.386,20.726,-0.959
a,188735,47.000,19.664,80.000,0.722,16.986,0.751
a,188740,47.000,20.032,80.000,3.195,18.650,-0.241
a,188745,47.000,20.464,80.000,3.622,19.001,-0.760
a,188750,47.000,20.791,80.000,2.798,18.116,0.385
a,188755,47.000,21.128,80.000,2.798,21.077,3.102
a,188760,47.000,21.149,80.000,0.431,19.932,0.202
a,188765,47.000,21.095,80.000,-0.133,19.581,1.621
a,188770,47.000,21.319,80.000,1.928,20.497,0.049
a,188775,47.000,21.549,80.000,1.928,21.597,1.744
a,188780,47.000,21.614,80.000,0.706,19.734,1.789
a,188785,47.000,21.813,80.000,1.668,21.077,-1.997
a,188790,47.000,21.896,80.000,0.783,21.123,0.385
a,188795,47.000,22.322,80.000,3.302,22.329,1.438
a,188800,47.000,22.565,80.000,1.882,23.719,4.278
a,188805,47.000,22.566,80.000,0.096,20.497,-0.394
a,188810,47.000,22.832,80.000,2.050,21.810,0.125
a,188815,47.000,23.008,80.000,1.347,21.948,1.163
a,188820,47.000,23.151,80.000,1.103,20.482,-0.775
a,188825,47.000,23.313,80.000,1.195,23.138,1.454
a,188830,47.000,23.119,80.000,-1.477,24.131,-0.073
a,188835,47.000,22.972,80.000,-1.095,23.841,-1.798
a,188840,47.000,22.741,80.000,-1.691,23.444,-1.905
a,188845,47.000,22.643,80.000,-0.744,28.360,3.805
a,188850,47.000,22.450,80.000,-1.431,28.329,2.308
a,188855,47.000,22.126,80.000,-2.347,25.154,-1.692
a,188860,47.000,22.163,80.000,0.340,27.658,0.202
a,188865,47.000,22.230,80.000,0.584,25.291,0.553
a,188870,47.000,22.417,80.000,1.470,25.337,2.644
a,188875,47.000,22.260,80.000,-1.095,24.772,0.431
a,188880,47.000,22.383,80.000,1.012,23.062,-2.104
a,188885,47.000,22.608,80.000,1.714,26.864,1.774
a,188890,47.000,22.530,80.000,-0.546,25.780,-0.440
a,188895,47.000,22.610,80.000,0.630,25.917,2.797
a,188900,47.000,22.603,80.000,-0.042,27.413,-1.844
a,188905,47.000,22.397,80.000,-1.492,25.764,0.278
a,188910,47.000,22.621,80.000,1.699,27.306,-1.066
a,188915,47.000,22.813,80.000,1.454,26.055,-0.531
a,188920,47.000,22.778,80.000,-0.225,23.627,-0.027
a,188925,47.000,22.858,80.000,0.630,24.253,1.606
a,188930,47.000,22.744,80.000,-0.851,26.482,0.018
a,188935,47.000,23.039,80.000,2.202,26.284,-4.821
a,188940,47.000,23.316,80.000,2.019,27.734,-0.959
a,188945,47.000,23.242,80.000,-0.607,26.787,-0.119
a,188950,47.000,23.337,80.000,0.630,28.955,-0.837
a,188955,47.000,23.137,80.000,-1.538,26.925,-1.279
a,188960,47.000,23.326,80.000,1.378,26.390,0.385
a,188965,47.000,23.235,80.000,-0.729,26.894,2.095
a,188970,47.000,23.230,80.000,-0.057,24.848,-1.936
a,188975,47.000,23.218,80.000,-0.133,27.597,-0.562
a,188980,47.000,23.117,80.000,-0.775,25.902,3.850
a,188985,47.000,23.313,80.000,1.424,27.520,0.629
a,188990,47.000,23.178,80.000,-1.034,25.749,1.133
a,188995,47.000,23.297,80.000,0.859,26.207,-0.592
a,189000,47.000,23.107,80.000,-1.446,26.680,0.538
a,189005,47.000,23.172,80.000,0.492,24.421,-2.302
a,189010,47.000,23.142,80.000,-0.240,26.329,2.018
a,189015,47.000,23.201,80.000,0.447,24.314,-1.127
a,189020,47.000,23.142,80.000,-0.454,26.375,3.347
a,189025,47.000,23.047,80.000,-0.698,24.864,2.538
a,189030,47.000,23.104,80.000,0.416,27.001,-1.814
a,189035,47.000,22.947,80.000,-1.156,24.848,-1.035
a,189040,47.000,23.038,80.000,0.691,26.131,1.102
a,189045,47.000,22.817,80.000,-1.645,26.772,4.614
a,189050,47.000,22.753,80.000,-0.439,25.993,-1.951
a,189055,47.000,22.547,80.000,-1.492,26.574,0.629
a,189060,47.000,22.511,80.000,-0.210,26.345,2.125
a,189065,47.000,22.471,80.000,-0.225,26.070,1.331
a,189070,47.000,22.461,80.000,0.004,25.154,1.744
a,189075,47.000,22.440,80.000,-0.088,26.375,-0.150
a,189080,47.000,22.270,80.000,-1.172,25.215,2.599
a,189085,47.000,22.314,80.000,0.401,27.810,0.141
a,189090,47.000,22.190,80.000,-0.820,25.032,-0.455
a,189095,47.000,22.152,80.000,-0.179,25.719,-0.745
a,189100,47.000,21.957,80.000,-1.324,25.215,1.560
a,189105,47.000,21.717,80.000,-1.660,26.619,0.599
a,189110,47.000,21.647,80.000,-0.362,25.749,0.095
a,189115,47.000,21.585,80.000,-0.317,27.734,-0.989
a,189120,47.000,21.554,80.000,-0.072,26.146,2.751
a,189125,47.000,21.440,80.000,-0.683,26.726,1.087
a,189130,47.000,21.238,80.000,-1.309,25.230,1.087
a,189135,47.000,21.220,80.000,0.065,26.238,0.751
a,189140,47.000,21.098,80.000,-0.683,24.803,0.797
a,189145,47.000,21.009,80.000,-0.424,24.284,-3.356
a,189150,47.000,20.940,80.000,-0.301,26.818,-0.302
a,189155,47.000,21.012,80.000,0.752,26.635,2.202
a,189160,47.000,20.983,80.000,0.004,25.642,3.912
a,189165,47.000,20.813,80.000,-1.004,22.864,0.980
a,189170,47.000,20.876,80.000,0.706,25.642,1.621
a,189175,47.000,21.129,80.000,2.111,25.215,0.125
a,189180,47.000,21.101,80.000,0.004,24.604,3.133
a,189185,47.000,21.206,80.000,0.996,23.963,1.225
a,189190,47.000,21.153,80.000,-0.195,24.833,0.568
a,189195,47.000,21.278,80.000,1.134,24.039,0.018
a,189200,47.000,21.255,80.000,0.019,24.711,2.507
a,189205,47.000,21.372,80.000,1.057,24.177,-0.150
a,189211,47.000,21.545,80.000,1.439,26.177,2.263
a,189215,47.000,21.441,80.000,-0.622,24.421,3.057
a,189220,47.000,21.355,80.000,-0.485,25.429,1.881
a,189225,47.000,21.093,80.000,-1.782,25.749,3.240
a,189230,47.000,21.135,80.000,0.492,26.207,1.484
a,189235,47.000,21.108,80.000,-0.011,25.505,-0.608
a,189240,47.000,21.131,80.000,0.340,26.375,1.301
a,189245,47.000,20.813,80.000,-2.164,24.482,-0.623
a,189250,47.000,20.788,80.000,0.019,26.421,-0.226
a,189255,47.000,20.612,80.000,-1.095,26.390,4.095
a,189260,47.000,20.587,80.000,0.065,24.497,-0.959
a,189265,47.000,20.397,80.000,-1.187,26.436,2.751
a,189270,47.000,20.142,80.000,-1.614,24.268,1.179
a,189275,47.000,19.928,80.000,-1.294,24.650,4.751
a,189280,47.000,19.789,80.000,-0.729,25.459,1.850
a,189285,47.000,19.598,80.000,-1.095,25.749,0.370
a,189290,47.000,19.562,80.000,0.065,25.917,-2.027
a,189295,47.000,19.213,80.000,-2.240,24.513,-2.394
a,189300,47.000,19.073,80.000,-0.683,26.864,-0.653
a,189305,47.000,18.849,80.000,-1.278,26.131,1.881
a,189310,47.000,18.997,80.000,1.515,24.742,2.553
a,189315,47.000,19.068,80.000,0.935,23.688,1.057
a,189320,47.000,18.987,80.000,-0.164,20.268,1.133
a,189325,47.000,19.217,80.000,2.126,21.734,2.370
a,189330,47.000,19.525,80.000,2.706,19.200,0.919
a,189335,47.000,20.023,80.000,4.065,20.284,0.522
a,189340,47.000,20.251,80.000,2.004,19.810,1.209
a,189345,47.000,20.569,80.000,2.630,21.505,1.591
a,189350,47.000,20.553,80.000,0.126,20.146,0.614
a,189355,47.000,20.746,80.000,1.668,21.352,-2.180
a,189360,47.000,20.939,80.000,1.622,23.062,1.163
a,189365,47.000,21.333,80.000,3.103,21.673,0.263
a,189370,47.000,21.590,80.000,2.034,22.268,-0.302
a,189375,47.000,21.812,80.000,1.760,20.864,0.110
a,189380,47.000,22.029,80.000,1.683,22.925,0.996
a,189385,47.000,22.156,80.000,1.012,20.742,-0.913
a,189390,47.000,22.583,80.000,3.195,23.001,-0.043
a,189395,47.000,22.799,80.000,1.592,22.161,1.087
a,189400,47.000,23.043,80.000,1.790,21.215,1.362
a,189405,47.000,23.159,80.000,0.783,24.131,1.331
a,189410,47.000,23.373,80.000,1.531,20.971,-0.791
a,189415,47.000,23.771,80.000,2.844,23.688,0.446
a,189420,47.000,23.848,80.000,0.431,23.093,2.843
a,189425,47.000,23.963,80.000,0.706,22.680,4.018
a,189430,47.000,24.014,80.000,0.202,24.986,-1.157
a,189435,47.000,24.089,80.000,0.401,23.093,-0.272
a,189440,47.000,24.443,80.000,2.416,26.803,2.003
a,189445,47.000,24.508,80.000,0.248,25.612,3.560
a,189451,47.000,24.474,80.000,-0.485,25.856,2.308
a,189455,47.000,24.492,80.000,-0.133,29.200,0.079
a,189460,47.000,24.492,80.000,-0.240,27.001,0.919
a,189465,47.000,24.747,80.000,1.622,29.505,0.125
a,189470,47.000,24.600,80.000,-1.385,29.826,0.782
a,189475,47.000,24.651,80.000,0.126,28.635,0.064
a,189480,47.000,24.463,80.000,-1.660,29.245,2.797
a,189485,47.000,24.411,80.000,-0.607,27.459,-0.837
a,189490,47.000,24.361,80.000,-0.607,29.276,-1.386
a,189495,47.000,24.476,80.000,0.645,28.390,-0.409
a,189500,47.000,24.398,80.000,-0.805,28.467,3.255
a,189505,47.000,24.508,80.000,0.615,28.146,0.339
a,189510,47.000,24.496,80.000,-0.301,27.810,1.515
a,189515,47.000,24.535,80.000,0.065,29.474,0.247
a,189520,47.000,24.686,80.000,0.889,29.566,0.110
a,189525,47.000,24.617,80.000,-0.759,29.932,1.347
a,189530,47.000,24.552,80.000,-0.698,27.993,-4.516
a,189535,47.000,24.262,80.000,-2.347,28.222,-1.508
a,189540,47.000,24.333,80.000,0.340,29.306,-0.714
a,189545,47.000,24.181,80.000,-1.309,29.261,-2.119
a,189550,47.000,24.303,80.000,0.737,29.551,-3.478
a,189555,47.000,24.162,80.000,-1.217,28.635,2.736
a,189560,47.000,24.223,80.000,0.294,29.337,-0.027
a,189565,47.000,24.048,80.000,-1.431,27.276,-1.753
a,189570,47.000,24.006,80.000,-0.439,28.146,0.889
a,189575,47.000,24.017,80.000,-0.042,28.436,-1.172
a,189580,47.000,23.879,80.000,-1.141,28.222,1.973
a,189585,47.000,24.044,80.000,1.103,29.230,0.568
a,189590,47.000,23.809,80.000,-1.859,28.375,0.324
a,189595,47.000,23.700,80.000,-0.912,29.368,-2.608
a,189600,47.000,23.253,80.000,-3.385,27.658,1.499
a,189605,47.000,23.008,80.000,-1.859,29.856,-2.363
a,189610,47.000,22.831,80.000,-1.309,28.284,-0.180
a,189615,47.000,22.681,80.000,-1.095,28.955,-1.111
a,189620,47.000,22.758,80.000,0.615,28.497,-4.531
a,189625,47.000,22.338,80.000,-3.095,29.230,1.576
a,189630,47.000,22.073,80.000,-1.889,28.680,-1.462
a,189635,47.000,21.514,80.000,-4.042,28.986,2.049
a,189640,47.000,21.055,80.000,-3.233,28.955,-0.485
a,189645,47.000,20.776,80.000,-1.859,29.398,-0.226
a,189650,47.000,20.172,80.000,-4.210,27.032,0.400
a,189655,47.000,19.812,80.000,-2.347,28.268,1.102
a,189660,47.000,19.337,80.000,-3.156,27.642,1.591
a,189665,47.000,19.051,80.000,-1.721,29.245,-0.592
a,189670,47.000,18.598,80.000,-2.912,27.291,1.698
a,189675,47.000,18.253,80.000,-2.072,27.734,0.461
a,189680,47.000,17.611,80.000,-4.210,25.703,1.759
a,189685,47.000,17.288,80.000,-1.828,29.306,-0.455
a,189690,47.000,16.866,80.000,-2.500,26.864,-0.195
a,189695,47.000,16.676,80.000,-0.744,26.971,-0.821
a,189700,47.000,16.108,80.000,-3.477,22.635,-2.241
a,189705,47.000,16.041,80.000,0.294,22.909,2.431
a,189710,47.000,15.839,80.000,-0.698,21.352,2.202
a,189715,47.000,16.011,80.000,2.096,20.971,3.667
a,189720,47.000,15.956,80.000,0.416,18.436,-1.646
a,189725,47.000,16.351,80.000,3.760,17.138,-1.203
a,189730,47.000,16.519,80.000,2.050,15.474,1.255
a,189735,47.000,17.120,80.000,5.225,15.734,0.324
a,189740,47.000,17.441,80.000,3.073,15.154,2.583
a,189745,47.000,17.912,80.000,4.141,15.841,-1.524
a,189750,47.000,18.030,80.000,1.470,15.291,2.064
a,189755,47.000,18.427,80.000,3.500,17.032,-4.501
a,189760,47.000,18.693,80.000,2.462,17.948,-0.592
a,189765,47.000,19.098,80.000,3.454,18.848,3.744
a,189770,47.000,19.194,80.000,1.118,17.703,-0.577
a,189775,47.000,19.412,80.000,2.004,18.711,-0.256
a,189780,47.000,19.502,80.000,1.027,18.696,1.362
a,189785,47.000,19.831,80.000,2.767,20.177,1.331
a,189790,47.000,19.959,80.000,1.271,17.551,3.286
a,189796,47.000,20.404,80.000,3.576,19.535,-0.195
a,189800,47.000,20.589,80.000,1.592,20.177,-0.837
a,189805,47.000,20.878,80.000,2.355,19.154,0.553
a,189810,47.000,21.050,80.000,1.424,21.169,-0.546
a,189815,47.000,21.192,80.000,1.210,18.955,-0.317
a,189820,47.000,21.480,80.000,2.248,21.627,-0.363
a,189825,47.000,21.657,80.000,1.409,20.757,2.889
a,189830,47.000,21.888,80.000,1.775,21.169,-1.066
a,189835,47.000,21.789,80.000,-0.698,22.039,3.163
a,189840,47.000,21.951,80.000,1.241,22.345,-2.150
a,189845,47.000,22.025,80.000,0.538,25.047,-0.516
a,189850,47.000,22.061,80.000,0.263,23.856,1.606
a,189855,47.000,21.759,80.000,-2.256,25.398,0.767
a,189860,47.000,21.790,80.000,0.233,26.345,0.858
a,189865,47.000,21.546,80.000,-1.813,26.925,3.850
a,189870,47.000,21.316,80.000,-1.660,25.154,0.278
a,189875,47.000,21.262,80.000,-0.347,26.543,2.171
a,189880,47.000,21.213,80.000,-0.271,24.619,1.667
a,189885,47.000,21.273,80.000,0.538,24.360,2.018
a,189890,47.000,21.094,80.000,-1.233,24.314,1.316
a,189895,47.000,21.254,80.000,1.271,26.192,2.812
a,189900,47.000,21.207,80.000,-0.271,25.535,0.858
a,189905,47.000,21.148,80.000,-0.362,26.482,0.461
a,189910,47.000,20.772,80.000,-2.683,24.360,3.102
a,189915,47.000,20.715,80.000,-0.301,27.001,1.026
a,189920,47.000,20.614,80.000,-0.591,24.360,-3.737
a,189925,47.000,20.748,80.000,1.149,25.261,-0.638
a,189930,47.000,20.704,80.000,-0.195,25.703,0.751
a,189935,47.000,20.701,80.000,0.126,25.184,1.637
a,189940,47.000,20.599,80.000,-0.622,25.703,3.148
a,189945,47.000,20.472,80.000,-0.759,23.612,2.125
a,189951,47.000,20.334,80.000,-0.866,26.146,1.163
a,189955,47.000,20.316,80.000,0.065,24.345,-2.104
a,189960,47.000,20.110,80.000,-1.340,24.803,0.385
a,189965,47.000,20.090,80.000,0.065,25.001,0.370
a,189970,47.000,19.858,80.000,-1.492,24.100,0.522
a,189975,47.000,19.942,80.000,0.859,25.383,-0.256
a,189980,47.000,19.858,80.000,-0.378,23.535,1.805
a,189985,47.000,20.032,80.000,1.546,23.230,0.889
a,189990,47.000,19.978,80.000,-0.179,24.451,3.438
a,189995,47.000,19.877,80.000,-0.485,21.627,-0.485
a,190000,47.000,20.051,80.000,1.515,24.833,1.469
a,190005,47.000,20.129,80.000,0.813,22.864,1.057
a,190010,47.000,20.206,80.000,0.813,21.597,0.079
a,190016,47.000,20.220,80.000,0.309,23.337,3.545
a,190020,47.000,20.166,80.000,-0.179,22.268,1.759
a,190025,47.000,19.928,80.000,-1.569,24.833,1.789
a,190030,47.000,19.543,80.000,-2.637,25.093,1.973
a,190035,47.000,19.490,80.000,-0.164,27.597,3.072
a,190040,47.000,19.391,80.000,-0.469,25.276,-0.104
a,190045,47.000,19.406,80.000,0.370,26.055,-0.638
a,190050,47.000,19.112,80.000,-1.889,23.474,4.232
a,190056,47.000,18.912,80.000,-1.141,22.284,0.278
a,190060,47.000,18.865,80.000,-0.011,23.795,-1.157
a,190065,47.000,18.929,80.000,0.828,22.390,-0.073
a,190070,47.000,19.099,80.000,1.592,24.039,1.194
a,190075,47.000,18.869,80.000,-1.385,22.864,1.621
a,190080,47.000,18.864,80.000,0.279,25.520,-3.203
a,190085,47.000,18.679,80.000,-1.049,24.650,1.667
a,190090,47.000,18.755,80.000,0.889,25.398,0.965
a,190095,47.000,18.502,80.000,-1.553,25.215,0.690
a,190100,47.000,18.220,80.000,-1.721,23.993,0.934
a,190105,47.000,18.010,80.000,-1.187,25.703,-1.401
a,190110,47.000,17.824,80.000,-0.958,23.505,0.568
a,190115,47.000,17.898,80.000,0.966,24.803,-0.852
a,190120,47.000,17.755,80.000,-0.622,22.513,1.591
a,190125,47.000,17.833,80.000,1.027,22.528,1.850
a,190130,47.000,17.663,80.000,-0.790,20.146,0.934
a,190135,47.000,17.987,80.000,2.874,20.650,1.957
a,190140,47.000,18.114,80.000,1.393,19.413,-0.867
a,190145,47.000,18.515,80.000,3.409,19.123,-2.455
a,190150,47.000,18.713,80.000,1.851,18.803,3.225
a,190156,47.000,18.853,80.000,1.409,18.818,-0.104
a,190160,47.000,18.941,80.000,0.981,20.161,-0.592
a,190165,47.000,19.313,80.000,3.073,20.436,3.728
a,190170,47.000,19.656,80.000,2.798,21.627,-0.119
a,190175,47.000,20.040,80.000,3.088,19.551,-0.333
a,190180,47.000,20.362,80.000,2.554,21.810,1.850
a,190185,47.000,20.454,80.000,0.859,18.665,-1.539
a,190190,47.000,20.877,80.000,3.271,20.833,-1.020
a,190195,47.000,21.226,80.000,2.645,22.848,-2.959
a,190200,47.000,21.664,80.000,3.302,20.680,1.163
a,190205,47.000,21.974,80.000,2.279,22.329,1.744
a,190210,47.000,22.058,80.000,0.599,20.100,1.423
a,190215,47.000,22.415,80.000,2.599,21.658,-1.539
a,190220,47.000,22.721,80.000,2.187,21.566,-0.027
a,190225,47.000,22.984,80.000,1.821,22.192,2.095
a,190230,47.000,23.040,80.000,0.294,20.161,1.240
a,190235,47.000,23.217,80.000,1.164,22.055,-0.027
a,190240,47.000,23.485,80.000,1.790,24.803,-0.455
a,190245,47.000,23.761,80.000,1.821,24.406,1.896
a,190250,47.000,23.741,80.000,-0.408,25.749,2.751
a,190255,47.000,23.713,80.000,-0.485,27.703,1.545
a,190260,47.000,23.598,80.000,-1.111,27.245,2.354
a,190265,47.000,23.338,80.000,-2.195,29.306,-2.791
a,190270,47.000,23.075,80.000,-2.164,27.276,-1.295
a,190275,47.000,23.096,80.000,-0.042,29.047,4.217
a,190280,47.000,22.915,80.000,-1.523,28.436,0.156
a,190285,47.000,22.742,80.000,-1.446,28.085,-1.340
a,190290,47.000,22.622,80.000,-0.988,25.077,0.629
a,190295,47.000,22.668,80.000,0.233,27.703,0.461
a,190300,47.000,22.690,80.000,0.065,25.902,0.522
a,190305,47.000,22.908,80.000,1.500,27.535,-1.401
a,190310,47.000,22.747,80.000,-1.294,24.604,-1.340
a,190315,47.000,22.675,80.000,-0.653,28.009,0.782
a,190320,47.000,22.276,80.000,-3.049,27.016,1.011
a,190325,47.000,22.078,80.000,-1.538,28.390,3.652
a,190330,47.000,21.817,80.000,-1.950,26.833,4.232
a,190335,47.000,21.640,80.000,-1.324,28.497,7.362
a,190340,47.000,21.383,80.000,-1.874,27.001,2.538
a,190345,47.000,21.016,80.000,-2.668,27.841,-1.386
a,190350,47.000,21.030,80.000,0.202,27.352,-1.905
a,190355,47.000,20.830,80.000,-1.370,25.887,-1.661
a,190360,47.000,21.054,80.000,1.790,26.451,-3.020
a,190365,47.000,20.993,80.000,-0.332,25.474,-0.394
a,190370,47.000,20.811,80.000,-1.233,25.703,0.476
a,190375,47.000,20.711,80.000,-0.607,26.100,-1.814
a,190380,47.000,20.666,80.000,-0.179,25.887,3.209
a,190385,47.000,20.592,80.000,-0.378,24.177,-3.600
a,190390,47.000,20.453,80.000,-0.866,26.207,0.538
a,190395,47.000,20.484,80.000,0.401,26.482,0.064
a,190400,47.000,20.345,80.000,-0.851,25.398,1.163
a,190405,47.000,20.340,80.000,0.111,29.093,1.912
a,190410,47.000,20.238,80.000,-0.607,29.291,-0.379
a,190415,47.000,19.862,80.000,-2.607,27.276,1.225
a,190420,47.000,19.472,80.000,-2.698,29.581,0.324
a,190425,47.000,19.312,80.000,-0.927,28.268,-1.844
a,190430,47.000,18.916,80.000,-2.637,25.993,-0.302
a,190435,47.000,18.758,80.000,-0.851,27.490,0.476
a,190440,47.000,18.751,80.000,0.309,25.688,0.446
a,190445,47.000,18.603,80.000,-0.714,23.795,0.568
a,190450,47.000,18.712,80.000,1.195,24.238,2.339
a,190455,47.000,18.962,80.000,2.248,21.917,0.431
a,190460,47.000,19.020,80.000,0.828,19.856,-0.623
a,190465,47.000,19.165,80.000,1.454,20.161,1.209
a,190470,47.000,19.564,80.000,3.317,20.024,-1.218
a,190475,47.000,19.850,80.000,2.431,20.100,0.873
a,190480,47.000,20.082,80.000,1.989,20.894,1.392
a,190485,47.000,20.484,80.000,3.195,22.604,2.690
a,190490,47.000,20.827,80.000,2.737,21.001,0.507
a,190495,47.000,21.020,80.000,1.576,21.566,1.530
a,190500,47.000,21.060,80.000,0.416,21.780,3.469
a,190506,47.000,21.270,80.000,1.668,22.635,3.820
a,190510,47.000,21.284,80.000,0.187,22.360,1.454
a,190515,47.000,21.331,80.000,0.431,23.169,-0.577
a,190520,47.000,21.571,80.000,1.836,24.177,-1.905
a,190525,47.000,21.979,80.000,3.073,22.986,-1.951
a,190530,47.000,22.257,80.000,2.080,21.322,0.049
a,190535,47.000,22.541,80.000,2.080,22.879,-0.608
a,190540,47.000,22.974,80.000,3.134,24.604,-1.600
a,190545,47.000,23.436,80.000,3.302,24.665,1.530
a,190550,47.000,23.675,80.000,1.607,23.780,4.767
a,190555,47.000,23.928,80.000,1.683,24.451,-3.478
a,190560,47.000,24.234,80.000,2.065,23.154,2.934
a,190566,47.000,24.542,80.000,2.050,22.971,-0.058
a,190570,47.000,24.973,80.000,2.920,23.993,-0.073
a,190575,47.000,25.418,80.000,2.981,23.505,-0.165
a,190580,47.000,25.700,80.000,1.729,24.345,-1.905
a,190585,47.000,26.167,80.000,3.042,26.238,2.125
a,190590,47.000,26.401,80.000,1.256,27.764,2.141
a,190595,47.000,26.250,80.000,-1.630,28.314,1.713
a,190600,47.000,26.175,80.000,-1.065,30.925,1.270
a,190605,47.000,26.042,80.000,-1.477,30.696,-0.592
a,190610,47.000,25.680,80.000,-3.172,32.161,0.308
a,190615,47.000,25.529,80.000,-1.584,34.253,0.400
a,190620,47.000,25.106,80.000,-3.553,32.360,0.934
a,190625,47.000,24.668,80.000,-3.630,33.978,3.133
a,190630,47.000,24.283,80.000,-3.156,31.871,0.797
a,190635,47.000,23.731,80.000,-4.332,30.833,3.026
a,190640,47.000,23.512,80.000,-1.798,31.245,-0.760
a,190645,47.000,23.114,80.000,-3.080,29.398,0.324
a,190650,47.000,22.927,80.000,-1.477,29.932,0.996
a,190655,47.000,22.749,80.000,-1.355,27.703,-0.195
a,190660,47.000,22.748,80.000,-0.042,29.093,2.141
a,190665,47.000,22.764,80.000,0.096,28.055,0.202
a,190670,47.000,22.607,80.000,-1.187,28.253,3.652
a,190675,47.000,22.387,80.000,-1.630,28.390,1.194
a,190680,47.000,22.346,80.000,-0.301,29.398,0.308
a,190685,47.000,22.127,80.000,-1.614,30.177,1.240
a,190690,47.000,22.006,80.000,-0.866,30.131,2.293
a,190695,47.000,21.762,80.000,-1.752,28.574,3.927
a,190700,47.000,21.444,80.000,-2.271,29.062,-0.653
a,190705,47.000,21.008,80.000,-3.111,28.787,-1.936
a,190710,47.000,20.733,80.000,-1.889,30.635,3.560
a,190715,47.000,20.926,80.000,1.622,29.535,2.232
a,190720,47.000,20.859,80.000,-0.317,28.986,1.576
a,190725,47.000,20.859,80.000,0.233,24.696,-0.775
a,190730,47.000,20.793,80.000,-0.240,22.818,2.980
a,190735,47.000,21.009,80.000,1.867,22.222,2.538
a,190740,47.000,21.071,80.000,0.691,22.665,0.919
a,190745,47.000,21.403,80.000,2.691,21.841,-3.264
a,190750,47.000,21.761,80.000,2.844,22.009,0.018
a,190755,47.000,22.296,80.000,4.111,22.421,0.522
a,190760,47.000,22.658,80.000,2.767,22.238,3.209
a,190765,47.000,22.898,80.000,1.805,24.009,0.797
a,190770,47.000,23.114,80.000,1.607,23.093,-1.997
a,190775,47.000,23.194,80.000,0.538,25.826,0.858
a,190780,47.000,23.516,80.000,2.325,26.329,-1.630
a,190785,47.000,23.864,80.000,2.477,26.803,-0.760
a,190790,47.000,24.388,80.000,3.760,25.108,-0.653
a,190795,47.000,24.689,80.000,2.050,25.612,-0.165
a,190800,47.000,24.928,80.000,1.576,23.932,3.316
a,190805,47.000,25.077,80.000,0.874,24.650,2.965
a,190810,47.000,25.188,80.000,0.584,24.100,0.644
a,190815,47.000,25.628,80.000,2.996,26.345,-3.004
a,190820,47.000,26.158,80.000,3.622,25.245,0.629
a,190825,47.000,26.426,80.000,1.638,24.589,4.889
a,190830,47.000,26.753,80.000,2.050,24.528,0.339
a,190835,47.000,26.890,80.000,0.584,26.650,-0.394
a,190840,47.000,27.215,80.000,1.973,26.070,-0.104
a,190845,47.000,27.354,80.000,0.538,28.192,1.759
a,190850,47.000,27.597,80.000,1.302,28.329,1.469
a,190855,47.000,27.563,80.000,-0.805,31.001,2.644
a,190860,47.000,27.476,80.000,-1.187,31.215,2.644
a,190865,47.000,27.157,80.000,-2.912,32.711,0.095
a,190870,47.000,27.134,80.000,-0.668,32.299,-2.791
a,190875,47.000,26.967,80.000,-1.737,33.383,0.110
a,190880,47.000,27.047,80.000,0.126,33.001,5.362
a,190885,47.000,27.047,80.000,-0.500,35.093,-1.768
a,190890,47.000,26.980,80.000,-0.958,32.085,-0.272
a,190895,47.000,27.117,80.000,0.554,33.642,0.721
a,190900,47.000,27.081,80.000,-0.714,31.245,-1.035
a,190905,47.000,27.320,80.000,1.317,33.093,1.301
a,190910,47.000,27.376,80.000,-0.042,31.032,-1.676
a,190915,47.000,27.549,80.000,0.813,32.665,2.003
a,190920,47.000,27.491,80.000,-0.897,30.787,0.553
a,190925,47.000,27.447,80.000,-0.805,32.955,-0.653
a,190930,47.000,27.388,80.000,-0.897,31.887,0.507
a,190935,47.000,27.510,80.000,0.431,33.978,-0.043
a,190940,47.000,27.520,80.000,-0.378,31.764,0.049
a,190945,47.000,27.518,80.000,-0.469,32.772,-0.608
a,190950,47.000,27.308,80.000,-2.011,32.284,1.912
a,190955,47.000,27.318,80.000,-0.362,33.963,-0.012
a,190960,47.000,27.184,80.000,-1.401,31.795,-1.524
a,190965,47.000,27.336,80.000,0.737,31.810,-1.783
a,190970,47.000,27.224,80.000,-1.248,32.848,1.316
a,190975,47.000,27.241,80.000,-0.271,32.467,2.095
a,190980,47.000,26.982,80.000,-2.301,32.009,2.705
a,190985,47.000,26.982,80.000,-0.347,31.490,-3.386
a,190990,47.000,26.902,80.000,-0.958,33.306,0.507
a,190995,47.000,26.874,80.000,-0.561,33.200,1.957
a,191000,47.000,26.727,80.000,-1.446,34.146,-0.730
a,191005,47.000,26.588,80.000,-1.340,31.917,0.110
a,191010,47.000,26.419,80.000,-1.569,34.528,1.850
a,191015,47.000,26.552,80.000,0.706,32.467,3.698
a,191020,47.000,26.427,80.000,-1.187,30.833,-1.554
a,191025,47.000,26.468,80.000,0.034,32.192,-0.669
a,191030,47.000,26.172,80.000,-2.454,31.597,-0.806
a,191035,47.000,26.151,80.000,-0.393,32.421,-2.760
a,191040,47.000,25.823,80.000,-2.668,32.543,-0.531
a,191045,47.000,25.884,80.000,0.248,33.795,-1.707
a,191050,47.000,25.881,80.000,-0.256,34.909,-0.913
a,191055,47.000,25.759,80.000,-1.095,32.299,-1.233
a,191060,47.000,25.662,80.000,-0.897,32.131,0.049
a,191065,47.000,25.377,80.000,-2.271,30.971,-1.661
a,191070,47.000,25.403,80.000,0.065,32.116,-0.119
a,191075,47.000,25.431,80.000,0.096,30.375,-0.333
a,191080,47.000,25.534,80.000,0.630,31.108,-1.829
a,191085,47.000,25.315,80.000,-1.767,32.055,2.049
a,191090,47.000,25.302,80.000,-0.225,32.680,0.843
a,191095,47.000,25.100,80.000,-1.584,29.200,-1.982
a,191100,47.000,25.169,80.000,0.401,32.574,-0.119
a,191105,47.000,24.955,80.000,-1.675,30.787,4.324
a,191110,47.000,24.871,80.000,-0.683,30.696,-2.226
a,191115,47.000,24.856,80.000,-0.179,31.642,2.095
a,191120,47.000,24.832,80.000,-0.225,29.612,-0.180
a,191125,47.000,24.801,80.000,-0.286,31.306,-2.134
a,191130,47.000,24.439,80.000,-2.714,29.093,1.805
a,191135,47.000,24.573,80.000,0.981,30.925,-1.615
a,191140,47.000,24.371,80.000,-1.508,29.337,-1.875
a,191145,47.000,24.270,80.000,-0.759,31.123,-0.485
a,191150,47.000,24.032,80.000,-1.721,28.253,-0.226
a,191155,47.000,24.193,80.000,1.241,29.337,-2.211
a,191160,47.000,23.930,80.000,-1.920,29.123,2.476
a,191165,47.000,23.953,80.000,0.248,27.993,1.591
a,191170,47.000,23.731,80.000,-1.599,29.780,-3.569
a,191175,47.000,23.411,80.000,-2.301,29.780,1.469
a,191180,47.000,23.391,80.000,-0.057,31.032,0.873
a,191185,47.000,23.241,80.000,-1.004,30.131,-0.531
a,191190,47.000,22.999,80.000,-1.660,28.635,0.614
a,191195,47.000,22.587,80.000,-2.897,28.574,-1.615
a,191200,47.000,22.420,80.000,-1.019,27.841,-1.462
a,191205,47.000,22.300,80.000,-0.668,28.192,2.599
a,191210,47.000,22.071,80.000,-1.431,25.551,-1.966
a,191215,47.000,21.983,80.000,-0.378,27.001,-0.150
a,191220,47.000,21.738,80.000,-1.523,25.826,1.255
a,191225,47.000,21.806,80.000,0.813,26.451,0.415
a,191230,47.000,21.677,80.000,-0.653,25.917,1.545
a,191235,47.000,21.806,80.000,1.286,24.131,-1.875
a,191240,47.000,21.810,80.000,0.340,24.589,0.751
a,191245,47.000,21.848,80.000,0.615,22.192,-0.073
a,191250,47.000,21.813,80.000,0.050,23.108,0.324
a,191255,47.000,21.849,80.000,0.584,22.772,0.461
a,191260,47.000,21.981,80.000,1.271,24.482,2.095
a,191265,47.000,21.979,80.000,0.263,23.581,-0.256
a,191270,47.000,21.959,80.000,0.111,25.505,1.683
a,191275,47.000,21.636,80.000,-2.118,23.551,0.583
a,191280,47.000,21.591,80.000,-0.042,24.971,-2.516
a,191285,47.000,21.361,80.000,-1.385,23.093,0.064
a,191290,47.000,21.658,80.000,2.508,25.459,-3.218
a,191295,47.000,21.569,80.000,-0.378,25.001,-0.546
a,191300,47.000,21.480,80.000,-0.362,24.100,0.247
a,191305,47.000,21.173,80.000,-1.981,24.421,-0.287
a,191310,47.000,20.978,80.000,-1.111,24.451,0.171
a,191315,47.000,20.976,80.000,0.294,27.169,1.484
a,191320,47.000,20.722,80.000,-1.538,24.513,2.079
a,191325,47.000,20.505,80.000,-1.248,25.291,2.400
a,191330,47.000,20.017,80.000,-3.233,24.894,0.934
a,191335,47.000,19.828,80.000,-0.958,24.039,-0.333
a,191340,47.000,19.775,80.000,0.050,25.642,-0.424
a,191345,47.000,19.559,80.000,-1.111,22.100,1.408
a,191350,47.000,19.106,80.000,-2.866,22.787,-1.004
a,191355,47.000,19.010,80.000,-0.164,22.284,2.980
a,191360,47.000,18.882,80.000,-0.408,23.688,0.873
a,191365,47.000,18.808,80.000,0.019,21.658,0.660
a,191370,47.000,18.727,80.000,-0.042,22.574,2.324
a,191375,47.000,18.377,80.000,-2.011,20.513,1.026
a,191380,47.000,18.323,80.000,0.202,22.421,-0.943
a,191385,47.000,18.268,80.000,0.172,23.398,-1.585
a,191390,47.000,18.254,80.000,0.508,21.291,0.110
a,191396,47.000,18.376,80.000,1.500,21.780,1.744
a,191400,47.000,18.112,80.000,-1.355,19.673,-0.134
a,191405,47.000,17.944,80.000,-0.653,22.421,0.446
a,191410,47.000,17.738,80.000,-0.897,20.696,0.812
a,191415,47.000,17.796,80.000,1.057,22.192,1.698
a,191420,47.000,17.472,80.000,-1.767,20.177,1.225
a,191425,47.000,17.236,80.000,-1.080,19.932,2.141
a,191430,47.000,16.756,80.000,-2.882,20.726,3.194
a,191435,47.000,16.300,80.000,-2.637,19.932,2.308
a,191440,47.000,16.167,80.000,-0.240,22.680,0.492
a,191445,47.000,15.838,80.000,-1.675,21.948,-0.745
a,191450,47.000,15.584,80.000,-1.080,21.108,1.866
a,191455,47.000,15.039,80.000,-3.202,20.100,2.079
a,191460,47.000,14.814,80.000,-0.805,21.734,-3.325
a,191465,47.000,14.462,80.000,-1.706,20.513,1.667
a,191470,47.000,14.307,80.000,-0.210,19.719,1.927
a,191475,47.000,14.028,80.000,-1.111,18.604,0.675
a,191480,47.000,13.839,80.000,-0.378,15.535,1.423
a,191485,47.000,13.797,80.000,0.691,17.322,1.087
a,191491,47.000,13.744,80.000,0.645,14.528,2.873
a,191495,47.000,14.008,80.000,2.996,13.581,-1.264
a,191500,47.000,14.266,80.000,2.920,12.711,0.538
a,191505,47.000,14.663,80.000,3.928,11.627,0.476
a,191510,47.000,14.820,80.000,2.080,12.742,0.660
a,191515,47.000,15.023,80.000,2.386,13.474,-0.043
a,191520,47.000,15.057,80.000,1.103,13.398,1.102
a,191525,47.000,15.349,80.000,2.951,17.627,-1.264
a,191530,47.000,15.280,80.000,0.248,16.192,2.934
a,191535,47.000,15.339,80.000,1.210,15.673,-0.516
a,191540,47.000,15.237,80.000,-0.011,16.955,1.026
a,191545,47.000,15.357,80.000,1.653,15.535,0.263
a,191550,47.000,15.544,80.000,2.111,17.337,0.614
a,191555,47.000,15.782,80.000,2.492,14.314,-0.119
a,191560,47.000,16.153,80.000,3.439,14.864,0.308
a,191565,47.000,16.346,80.000,2.096,13.306,3.744
a,191570,47.000,16.651,80.000,2.874,14.726,0.308
a,191575,47.000,16.814,80.000,1.805,13.032,-1.172
a,191580,47.000,17.093,80.000,2.615,15.703,2.568
a,191585,47.000,17.362,80.000,2.523,14.177,0.049
a,191590,47.000,17.618,80.000,2.370,15.734,2.614
a,191595,47.000,17.714,80.000,1.180,13.581,-1.340
a,191600,47.000,17.963,80.000,2.263,16.375,-1.753
a,191605,47.000,18.153,80.000,1.821,15.077,1.881
a,191610,47.000,18.764,80.000,4.889,16.894,-0.943
a,191615,47.000,19.029,80.000,2.248,17.230,2.125
a,191620,47.000,19.467,80.000,3.515,16.406,0.339
a,191625,47.000,19.632,80.000,1.424,17.612,-0.775
a,191630,47.000,19.798,80.000,1.439,15.719,-3.997
a,191635,47.000,20.282,80.000,3.729,19.398,-1.615
a,191640,47.000,20.382,80.000,0.844,18.848,3.805
a,191645,47.000,20.501,80.000,0.966,19.490,0.446
a,191650,47.000,20.349,80.000,-1.080,20.986,4.660
a,191655,47.000,20.379,80.000,0.294,21.047,2.950
a,191660,47.000,20.301,80.000,-0.530,23.551,-0.730
a,191665,47.000,20.266,80.000,-0.195,22.222,-1.279
a,191670,47.000,20.068,80.000,-1.416,24.314,3.011
a,191675,47.000,19.829,80.000,-1.691,23.642,0.858
a,191680,47.000,19.523,80.000,-2.164,24.284,1.408
a,191685,47.000,19.298,80.000,-1.492,21.612,-0.088
a,191690,47.000,19.287,80.000,0.096,22.909,-0.699
a,191696,47.000,19.251,80.000,-0.088,23.581,0.003
a,191700,47.000,19.192,80.000,-0.256,23.658,-0.943
a,191705,47.000,18.775,80.000,-2.882,21.612,0.186
a,191710,47.000,18.796,80.000,0.401,22.909,2.461
a,191715,47.000,18.601,80.000,-1.217,24.375,1.912
a,191720,47.000,18.762,80.000,1.454,22.955,-2.333
a,191725,47.000,18.515,80.000,-1.584,22.864,0.400
a,191730,47.000,18.364,80.000,-0.866,24.894,0.629
a,191735,47.000,18.309,80.000,-0.118,22.604,-0.943
a,191740,47.000,18.270,80.000,-0.011,24.619,-2.379
a,191745,47.000,18.341,80.000,0.828,22.543,-1.829
a,191750,47.000,18.329,80.000,0.187,23.642,1.438
a,191755,47.000,18.264,80.000,-0.179,21.795,-2.317
a,191760,47.000,18.232,80.000,0.050,23.627,2.278
a,191765,47.000,18.023,80.000,-1.233,21.917,-0.150
a,191770,47.000,18.054,80.000,0.554,22.436,-0.379
a,191775,47.000,17.892,80.000,-0.866,21.459,-0.180
a,191780,47.000,18.100,80.000,1.897,21.047,1.163
a,191785,47.000,18.046,80.000,-0.088,22.360,0.492
a,191790,47.000,18.083,80.000,0.584,23.062,-2.516
a,191795,47.000,17.912,80.000,-0.958,22.848,1.301
a,191801,47.000,17.922,80.000,0.416,21.841,-1.890
a,191805,47.000,17.844,80.000,-0.240,21.383,-0.241
a,191810,47.000,17.686,80.000,-0.851,23.688,1.087
a,191815,47.000,17.508,80.000,-0.958,22.253,0.614
a,191820,47.000,17.376,80.000,-0.622,23.749,0.980
a,191825,47.000,17.325,80.000,0.004,22.192,-1.386
a,191830,47.000,17.390,80.000,0.859,23.932,0.751
a,191835,47.000,17.186,80.000,-1.126,21.642,-1.768
a,191841,47.000,17.371,80.000,1.775,22.253,-1.371
a,191845,47.000,17.303,80.000,-0.133,22.787,2.675
a,191850,47.000,17.431,80.000,1.347,21.276,-0.134
a,191855,47.000,17.315,80.000,-0.485,21.764,0.553
a,191860,47.000,17.600,80.000,2.492,22.039,0.156
a,191865,47.000,17.828,80.000,2.065,19.505,1.805
a,191870,47.000,18.161,80.000,2.798,21.215,1.683
a,191875,47.000,18.321,80.000,1.515,18.222,2.324
a,191880,47.000,18.635,80.000,2.599,20.726,-2.485
a,191885,47.000,18.825,80.000,1.683,17.978,0.660
a,191890,47.000,19.273,80.000,3.546,20.558,-0.501
a,191896,47.000,19.527,80.000,2.050,20.696,0.522
a,191900,47.000,19.872,80.000,2.691,20.894,1.392
a,191905,47.000,20.061,80.000,1.500,21.047,2.354
a,191910,47.000,20.286,80.000,1.760,19.932,3.163
a,191916,47.000,20.619,80.000,2.523,21.398,1.881
a,191920,47.000,21.184,80.000,4.202,21.352,0.828
a,191925,47.000,21.529,80.000,2.523,20.482,2.354
a,191930,47.000,21.927,80.000,2.874,20.314,1.087
a,191935,47.000,22.071,80.000,0.966,20.100,-0.730
a,191940,47.000,22.530,80.000,3.256,22.345,3.331
a,191945,47.000,22.904,80.000,2.569,23.062,-0.363
a,191950,47.000,23.457,80.000,3.851,23.306,0.339
a,191955,47.000,23.759,80.000,1.958,21.948,2.400
a,191960,47.000,24.166,80.000,2.706,21.917,-1.569
a,191965,47.000,24.372,80.000,1.164,22.818,0.797
a,191970,47.000,24.826,80.000,2.981,23.306,0.507
a,191975,47.000,25.021,80.000,0.996,25.093,0.232
a,191980,47.000,25.499,80.000,3.073,25.902,3.133
a,191985,47.000,25.644,80.000,0.554,26.513,3.728
a,191990,47.000,25.746,80.000,0.218,26.482,1.576
a,191995,47.000,25.609,80.000,-1.569,28.604,3.286
a,192000,47.000,25.683,80.000,0.004,29.291,-0.959
a,192005,47.000,25.672,80.000,-0.637,30.238,4.400
a,192010,47.000,25.741,80.000,-0.011,28.497,0.064
a,192015,47.000,25.772,80.000,-0.332,32.192,-0.974
a,192020,47.000,25.869,80.000,0.172,30.757,-1.127
a,192025,47.000,25.867,80.000,-0.546,29.612,2.538
a,192030,47.000,25.664,80.000,-1.996,26.513,-4.150
a,192035,47.000,25.981,80.000,1.867,29.306,0.431
a,192040,47.000,26.108,80.000,0.401,30.864,3.026
a,192045,47.000,26.169,80.000,-0.072,29.673,1.560
a,192050,47.000,25.956,80.000,-2.118,30.421,1.270
a,192055,47.000,25.972,80.000,-0.362,28.619,-0.989
a,192060,47.000,26.043,80.000,0.019,31.352,2.247
a,192065,47.000,26.371,80.000,1.943,29.627,0.919
a,192070,47.000,26.471,80.000,0.218,30.177,2.507
a,192075,47.000,26.537,80.000,-0.011,27.871,1.286
a,192080,47.000,26.564,80.000,-0.332,30.528,-0.287
a,192085,47.000,26.734,80.000,0.752,28.803,0.660
a,192090,47.000,26.962,80.000,1.134,32.177,0.507
a,192095,47.000,27.170,80.000,0.981,30.589,1.454
a,192100,47.000,27.227,80.000,-0.164,31.184,1.499
a,192105,47.000,27.133,80.000,-1.248,28.894,0.415
a,192110,47.000,27.363,80.000,1.134,32.192,-4.653
a,192115,47.000,27.408,80.000,-0.256,31.764,3.499
a,192120,47.000,27.704,80.000,1.622,31.123,-0.043
a,192125,47.000,27.708,80.000,-0.576,31.352,1.118
a,192130,47.000,27.854,80.000,0.477,31.917,-2.272
a,192135,47.000,27.754,80.000,-1.355,32.009,1.728
a,192140,47.000,28.080,80.000,1.821,32.299,2.522
a,192145,47.000,28.129,80.000,-0.271,32.787,-0.440
a,192150,47.000,28.177,80.000,-0.271,32.009,0.263
a,192155,47.000,28.059,80.000,-1.492,32.375,3.133
a,192160,47.000,28.198,80.000,0.431,32.085,0.263
a,192165,47.000,28.317,80.000,0.279,32.131,-1.295
a,192170,47.000,28.417,80.000,0.126,32.009,2.828
a,192175,47.000,28.675,80.000,1.302,31.490,1.835
a,192180,47.000,28.802,80.000,0.309,31.810,3.392
a,192185,47.000,28.855,80.000,-0.225,29.749,0.247
a,192190,47.000,29.042,80.000,0.752,31.734,0.263
a,192195,47.000,29.419,80.000,2.141,31.703,2.980
a,192200,47.000,29.523,80.000,0.096,31.001,0.782
a,192205,47.000,29.703,80.000,0.645,31.459,2.232
a,192210,47.000,29.684,80.000,-0.851,32.665,0.767
a,192215,47.000,29.999,80.000,1.622,33.413,1.057
a,192220,47.000,30.165,80.000,0.492,33.276,-1.600
a,192225,47.000,30.480,80.000,1.592,32.543,0.278
a,192230,47.000,30.900,80.000,2.340,33.337,1.988
a,192235,47.000,31.009,80.000,0.019,31.383,2.858
a,192240,47.000,31.159,80.000,0.309,32.100,0.370
a,192245,47.000,31.095,80.000,-1.309,33.978,0.538
a,192250,47.000,31.273,80.000,0.508,33.719,0.171
a,192255,47.000,31.483,80.000,0.722,34.803,0.751
a,192260,47.000,31.652,80.000,0.386,35.826,2.110
a,192265,47.000,31.542,80.000,-1.691,35.902,-0.287
a,192270,47.000,31.633,80.000,-0.179,36.390,-0.837
a,192275,47.000,31.696,80.000,-0.424,38.772,3.331
a,192280,47.000,31.514,80.000,-2.210,37.306,-0.638
a,192285,47.000,31.512,80.000,-0.866,38.222,2.110
a,192290,47.000,31.288,80.000,-2.469,35.810,3.454
a,192295,47.000,31.323,80.000,-0.546,38.467,0.873
a,192300,47.000,31.253,80.000,-1.294,36.085,1.377
a,192305,47.000,31.199,80.000,-1.172,36.757,1.072
a,192310,47.000,30.943,80.000,-2.637,36.207,5.560
a,192315,47.000,30.738,80.000,-2.225,36.024,1.057
a,192320,47.000,30.656,80.000,-1.294,36.451,4.461
a,192325,47.000,30.323,80.000,-3.126,36.131,-0.470
a,192330,47.000,30.316,80.000,-0.698,38.253,-2.638
a,192335,47.000,30.023,80.000,-2.805,38.314,-2.485
a,192340,47.000,30.097,80.000,-0.072,39.856,1.912
a,192345,47.000,29.849,80.000,-2.439,38.497,2.171
a,192350,47.000,29.657,80.000,-2.011,39.764,2.675
a,192355,47.000,29.296,80.000,-3.202,37.383,0.858
a,192360,47.000,28.915,80.000,-3.309,37.597,-0.150
a,192365,47.000,28.732,80.000,-1.798,37.459,0.660
a,192370,47.000,28.429,80.000,-2.653,36.726,2.583
a,192375,47.000,28.285,80.000,-1.446,37.764,0.141
a,192380,47.000,28.081,80.000,-1.859,36.314,-0.470
a,192385,47.000,27.600,80.000,-3.874,35.520,2.476
a,192390,47.000,27.326,80.000,-2.301,36.680,-2.485
a,192395,47.000,26.815,80.000,-4.027,36.589,0.171
a,192400,47.000,26.366,80.000,-3.508,37.322,0.293
a,192405,47.000,25.844,80.000,-3.996,36.787,0.660
a,192410,47.000,25.362,80.000,-3.660,38.222,1.377
a,192415,47.000,24.942,80.000,-3.141,37.795,-2.760
a,192420,47.000,24.214,80.000,-5.370,37.001,2.110
a,192425,47.000,23.552,80.000,-4.820,38.421,1.713
a,192430,47.000,22.722,80.000,-5.966,36.024,3.087
a,192435,47.000,21.974,80.000,-5.263,36.482,0.934
a,192440,47.000,21.334,80.000,-4.378,34.986,-0.699
a,192445,47.000,20.813,80.000,-3.446,36.513,-0.302
a,192450,47.000,20.602,80.000,-1.065,34.497,-0.821
a,192455,47.000,20.203,80.000,-2.393,29.154,-0.150
a,192460,47.000,20.150,80.000,0.233,27.993,-2.012
a,192465,47.000,20.180,80.000,0.889,23.642,3.102
a,192470,47.000,20.552,80.000,3.424,22.955,-2.027
a,192475,47.000,21.168,80.000,5.180,22.574,1.499
a,192480,47.000,21.600,80.000,3.760,20.268,0.400
a,192485,47.000,22.125,80.000,4.401,19.963,1.621
a,192490,47.000,22.549,80.000,3.592,19.368,-0.409
a,192495,47.000,23.162,80.000,4.905,22.360,1.896
a,192500,47.000,23.688,80.000,4.187,21.703,-1.692
a,192505,47.000,23.984,80.000,2.416,22.284,-0.119
a,192510,47.000,24.384,80.000,3.149,22.085,-0.989
a,192515,47.000,24.615,80.000,1.836,22.925,-0.898
a,192520,47.000,24.895,80.000,2.157,23.856,-1.386
a,192525,47.000,25.315,80.000,3.149,25.245,-2.974
a,192530,47.000,25.430,80.000,0.844,24.726,2.232
a,192535,47.000,25.652,80.000,1.622,24.940,0.797
a,192540,47.000,25.880,80.000,1.638,25.429,-1.050
a,192545,47.000,26.073,80.000,1.317,27.688,0.400
a,192550,47.000,26.498,80.000,3.027,26.803,-2.669
a,192555,47.000,26.468,80.000,-0.378,25.856,2.583
a,192560,47.000,26.586,80.000,0.691,28.421,-1.340
a,192565,47.000,26.405,80.000,-1.523,27.688,-0.302
a,192570,47.000,26.094,80.000,-2.485,29.291,-0.531
a,192575,47.000,25.834,80.000,-2.088,30.131,1.591
a,192580,47.000,25.338,80.000,-3.813,31.551,-1.432
a,192585,47.000,25.006,80.000,-2.561,32.421,-1.768
a,192590,47.000,24.735,80.000,-2.072,33.352,0.003
a,192595,47.000,24.181,80.000,-4.133,32.253,0.095
a,192600,47.000,23.725,80.000,-3.355,33.108,2.263
a,192605,47.000,23.353,80.000,-2.653,31.138,2.889
a,192610,47.000,22.792,80.000,-3.981,28.116,2.110
a,192615,47.000,22.375,80.000,-2.866,28.848,-1.829
a,192620,47.000,22.034,80.000,-2.256,28.986,1.026
a,192625,47.000,21.528,80.000,-3.446,29.200,0.599
a,192631,47.000,21.003,80.000,-3.523,28.039,0.293
a,192635,47.000,20.505,80.000,-3.278,29.123,1.163
a,192640,47.000,20.069,80.000,-2.805,32.055,0.553
a,192645,47.000,19.301,80.000,-5.202,30.696,2.996
a,192650,47.000,18.422,80.000,-5.950,30.940,1.041
a,192655,47.000,17.574,80.000,-5.645,31.978,-0.241
a,192660,47.000,16.892,80.000,-4.317,31.383,-0.516
a,192665,47.000,16.256,80.000,-3.889,29.337,4.690
a,192670,47.000,15.755,80.000,-2.820,29.184,2.675
a,192675,47.000,15.241,80.000,-2.836,25.780,-0.837
a,192680,47.000,14.569,80.000,-3.935,23.826,1.301
a,192685,47.000,14.229,80.000,-1.416,24.375,1.621
a,192690,47.000,13.805,80.000,-1.966,20.177,0.675
a,192695,47.000,13.515,80.000,-0.927,19.200,0.705
a,192700,47.000,13.585,80.000,1.775,17.703,-0.730
a,192705,47.000,13.581,80.000,1.241,14.909,-0.913
a,192710,47.000,13.923,80.000,3.775,15.597,-1.279
a,192715,47.000,14.261,80.000,3.729,12.757,4.965
a,192720,47.000,14.594,80.000,3.653,11.566,1.087
a,192725,47.000,14.992,80.000,4.096,10.070,1.331
a,192730,47.000,15.267,80.000,3.134,10.055,0.767
a,192735,47.000,15.799,80.000,4.966,11.948,2.232
a,192740,47.000,16.264,80.000,4.416,10.803,1.469
a,192745,47.000,16.636,80.000,3.638,13.154,-3.478
a,192750,47.000,16.963,80.000,3.225,14.864,0.538
a,192755,47.000,16.997,80.000,0.981,16.879,2.476
a,192760,47.000,17.261,80.000,2.676,17.474,-2.073
a,192765,47.000,17.133,80.000,-0.240,14.909,-0.394
a,192770,47.000,17.134,80.000,0.706,16.329,1.637
a,192775,47.000,17.287,80.000,1.836,15.566,0.308
a,192780,47.000,17.488,80.000,2.141,17.612,1.896
a,192785,47.000,17.734,80.000,2.462,16.268,0.828
a,192790,47.000,17.752,80.000,0.752,15.429,2.492
a,192795,47.000,17.829,80.000,1.164,16.711,1.362
a,192800,47.000,17.631,80.000,-0.882,16.375,-1.111
a,192805,47.000,17.551,80.000,-0.027,19.093,2.308
a,192811,47.000,17.166,80.000,-2.286,19.444,1.316
a,192815,47.000,16.989,80.000,-0.714,19.963,0.538
a,192820,47.000,16.830,80.000,-0.561,20.390,3.286
a,192825,47.000,16.390,80.000,-2.653,21.138,1.835
a,192830,47.000,16.041,80.000,-1.920,20.726,-0.608
a,192835,47.000,15.497,80.000,-3.340,21.184,1.774
a,192840,47.000,15.242,80.000,-1.141,20.925,-0.440
a,192845,47.000,14.833,80.000,-2.240,19.474,-1.539
a,192850,47.000,14.758,80.000,0.263,20.345,0.660
a,192855,47.000,14.487,80.000,-1.172,18.497,-0.058
a,192860,47.000,14.140,80.000,-1.706,18.192,1.942
a,192865,47.000,14.013,80.000,-0.042,18.146,-0.501
a,192870,47.000,13.801,80.000,-0.668,17.932,-0.852
a,192875,47.000,13.701,80.000,0.157,20.177,2.431
a,192880,47.000,13.301,80.000,-2.042,18.177,0.828
a,192885,47.000,12.836,80.000,-2.500,18.925,2.354
a,192890,47.000,12.185,80.000,-3.828,18.848,2.064
a,192896,47.000,11.661,80.000,-2.820,18.467,2.079
a,192900,47.000,11.169,80.000,-2.561,20.345,0.003
a,192905,47.000,11.011,80.000,-0.027,19.612,2.141
a,192910,47.000,10.709,80.000,-1.065,17.612,-2.165
a,192915,47.000,10.597,80.000,0.386,16.085,1.606
a,192920,47.000,10.267,80.000,-1.217,14.528,2.461
a,192925,47.000,10.195,80.000,0.737,13.658,-1.692
a,192930,47.000,10.176,80.000,1.149,11.734,-2.195
a,192935,47.000,10.413,80.000,3.012,13.138,1.133
a,192940,47.000,10.646,80.000,2.981,10.619,1.286
a,192945,47.000,11.081,80.000,4.431,10.726,3.927
a,192950,47.000,11.253,80.000,2.447,9.001,2.767
a,192955,47.000,11.466,80.000,2.706,10.055,-1.982
a,192960,47.000,11.789,80.000,3.485,9.932,0.736
a,192965,47.000,12.006,80.000,2.630,12.177,0.461
a,192970,47.000,12.347,80.000,3.515,12.284,-0.058
a,192975,47.000,12.354,80.000,0.996,11.841,3.194
a,192981,47.000,12.434,80.000,1.546,10.543,2.904
a,192985,47.000,12.412,80.000,0.752,11.703,-0.119
a,192990,47.000,12.509,80.000,1.653,10.451,2.904
a,192995,47.000,12.657,80.000,2.004,11.261,2.385
a,193001,47.000,13.033,80.000,3.683,10.100,1.530
a,193005,47.000,13.415,80.000,3.668,10.909,-0.730
a,193010,47.000,13.689,80.000,2.813,11.047,1.179
a,193015,47.000,13.959,80.000,2.767,9.383,2.660
a,193020,47.000,14.215,80.000,2.615,11.047,2.843
a,193025,47.000,14.454,80.000,2.477,9.184,-1.371
a,193030,47.000,15.029,80.000,4.889,12.604,1.576
a,193035,47.000,15.317,80.000,2.737,9.535,1.866
a,193040,47.000,15.808,80.000,4.172,12.177,0.446
a,193046,47.000,16.334,80.000,4.355,13.612,-0.150
a,193050,47.000,16.797,80.000,3.851,11.887,0.079
a,193055,47.000,17.187,80.000,3.256,11.322,3.698
a,193060,47.000,17.465,80.000,2.386,11.734,-0.424
a,193065,47.000,17.924,80.000,3.668,14.070,-1.753
a,193070,47.000,18.231,80.000,2.492,13.780,0.629
a,193075,47.000,18.489,80.000,2.065,16.222,2.828
a,193080,47.000,18.556,80.000,0.630,16.161,-2.027
a,193085,47.000,18.928,80.000,2.844,19.505,-0.852
a,193090,47.000,18.890,80.000,-0.240,19.856,2.614
a,193095,47.000,18.877,80.000,-0.072,22.085,2.675
a,193100,47.000,18.587,80.000,-2.103,21.215,0.431
a,193105,47.000,18.460,80.000,-0.882,22.329,-2.882
a,193110,47.000,18.198,80.000,-1.859,22.909,1.362
a,193115,47.000,18.402,80.000,1.607,23.887,2.690
a,193120,47.000,18.230,80.000,-1.172,21.871,0.232
a,193126,47.000,18.163,80.000,-0.362,20.558,-1.157
a,193130,47.000,18.034,80.000,-0.820,22.222,-1.356
a,193135,47.000,18.194,80.000,1.347,20.482,-1.524
a,193140,47.000,18.273,80.000,0.737,20.589,-1.936
a,193145,47.000,18.654,80.000,2.981,19.917,-0.714
a,193150,47.000,18.759,80.000,0.889,19.856,1.560
a,193155,47.000,19.072,80.000,2.431,18.696,-1.279
a,193160,47.000,19.163,80.000,0.752,19.429,1.927
a,193165,47.000,19.578,80.000,3.134,20.268,-2.211
a,193170,47.000,19.753,80.000,1.302,21.032,3.026
a,193175,47.000,20.359,80.000,4.462,22.436,-0.027
a,193180,47.000,20.605,80.000,1.744,20.696,1.637
a,193185,47.000,20.964,80.000,2.569,20.833,-0.470
a,193190,47.000,21.121,80.000,1.027,21.138,2.568
a,193195,47.000,21.543,80.000,2.981,21.032,-0.745
a,193200,47.000,21.765,80.000,1.454,20.971,-1.310
a,193205,47.000,22.222,80.000,3.164,21.948,2.385
a,193210,47.000,22.529,80.000,1.989,23.841,4.644
a,193215,47.000,22.827,80.000,1.912,22.284,-1.585
a,193220,47.000,22.999,80.000,0.935,23.444,-1.188
a,193225,47.000,23.443,80.000,2.920,25.154,0.202
a,193230,47.000,23.863,80.000,2.691,25.993,1.362
a,193235,47.000,24.080,80.000,1.164,24.894,-2.928
a,193240,47.000,24.269,80.000,0.935,25.032,0.614
a,193245,47.000,24.165,80.000,-1.263,25.963,4.599
a,193250,47.000,24.339,80.000,0.828,25.291,0.232
a,193255,47.000,24.406,80.000,0.019,25.993,1.301
a,193260,47.000,24.592,80.000,0.905,26.100,3.331
a,193265,47.000,24.855,80.000,1.424,28.604,0.431
a,193270,47.000,24.956,80.000,0.233,27.001,-0.699
a,193275,47.000,25.079,80.000,0.370,28.436,-0.165
a,193280,47.000,25.487,80.000,2.477,28.360,2.721
a,193285,47.000,25.683,80.000,0.859,29.337,1.087
a,193290,47.000,25.918,80.000,1.149,28.192,-1.310
a,193295,47.000,26.038,80.000,0.263,29.230,1.331
a,193300,47.000,26.255,80.000,0.996,28.329,1.591
a,193305,47.000,26.548,80.000,1.515,30.528,1.545
a,193310,47.000,26.736,80.000,0.737,28.803,-0.760
a,193315,47.000,27.187,80.000,2.676,28.757,1.026
a,193320,47.000,27.341,80.000,0.416,30.177,4.308
a,193325,47.000,27.577,80.000,1.027,29.184,1.591
a,193331,47.000,27.849,80.000,1.256,30.971,2.293
a,193335,47.000,28.071,80.000,0.874,30.482,2.263
a,193340,47.000,28.492,80.000,2.309,32.528,1.896
a,193345,47.000,28.728,80.000,0.920,31.047,2.583
a,193350,47.000,28.732,80.000,-0.820,31.642,0.873
a,193355,47.000,29.003,80.000,1.164,32.039,0.156
a,193360,47.000,29.283,80.000,1.210,32.467,-0.058
a,193365,47.000,29.646,80.000,1.805,31.948,-0.394
a,193370,47.000,29.870,80.000,0.752,31.597,3.072
a,193375,47.000,30.022,80.000,0.218,30.986,4.064
a,193380,47.000,30.331,80.000,1.363,32.085,3.988
a,193385,47.000,30.558,80.000,0.737,31.566,-1.127
a,193390,47.000,31.065,80.000,2.767,34.177,2.538
a,193395,47.000,31.390,80.000,1.363,34.955,2.049
a,193400,47.000,31.805,80.000,2.004,34.742,2.599
a,193405,47.000,32.115,80.000,1.210,34.284,6.431
a,193410,47.000,32.106,80.000,-1.187,34.390,-0.882
a,193415,47.000,32.414,80.000,1.164,35.810,0.354
a,193420,47.000,32.492,80.000,-0.561,36.146,3.591
a,193425,47.000,32.691,80.000,0.340,35.612,0.171
a,193430,47.000,32.522,80.000,-2.393,35.826,2.904
a,193435,47.000,32.642,80.000,-0.240,37.871,3.194
a,193440,47.000,32.628,80.000,-1.248,38.467,3.133
a,193445,47.000,32.796,80.000,0.111,39.337,-1.096
a,193450,47.000,32.617,80.000,-2.469,39.688,2.736
a,193455,47.000,32.493,80.000,-2.027,39.719,4.232
a,193460,47.000,32.156,80.000,-3.584,39.871,6.263
a,193465,47.000,32.186,80.000,-0.820,40.589,-1.478
a,193470,47.000,31.973,80.000,-2.607,40.070,1.148
a,193475,47.000,32.082,80.000,-0.195,41.123,0.415
a,193480,47.000,31.859,80.000,-2.653,40.375,2.705
a,193485,47.000,31.656,80.000,-2.454,39.642,1.087
a,193490,47.000,31.280,80.000,-3.721,40.696,0.339
a,193495,47.000,31.245,80.000,-1.141,40.940,2.828
a,193500,47.000,30.999,80.000,-2.668,39.535,-0.501
a,193505,47.000,30.978,80.000,-0.988,40.696,0.156
a,193510,47.000,30.830,80.000,-1.904,39.963,2.644
a,193515,47.000,30.755,80.000,-1.355,41.077,1.331
a,193520,47.000,30.493,80.000,-2.698,39.306,0.385
a,193525,47.000,30.048,80.000,-4.042,40.925,-0.379
a,193530,47.000,29.913,80.000,-1.675,40.558,1.667
a,193535,47.000,29.668,80.000,-2.454,39.016,0.843
a,193540,47.000,29.700,80.000,-0.378,39.963,0.186
a,193546,47.000,29.402,80.000,-2.820,39.734,4.614
a,193550,47.000,29.228,80.000,-1.859,38.848,1.072
a,193555,47.000,28.874,80.000,-3.141,37.734,3.377
a,193560,47.000,28.834,80.000,-0.805,39.566,-2.699
a,193565,47.000,28.734,80.000,-1.217,38.116,2.370
a,193570,47.000,28.755,80.000,-0.317,39.398,-2.455
a,193575,47.000,28.609,80.000,-1.523,36.406,2.095
a,193581,47.000,28.509,80.000,-1.172,37.261,2.950
a,193585,47.000,28.391,80.000,-1.278,35.826,0.904
a,193590,47.000,28.496,80.000,0.386,36.696,1.973
a,193595,47.000,28.876,80.000,2.416,36.543,2.751
a,193600,47.000,29.166,80.000,1.714,35.963,1.331
a,193605,47.000,29.415,80.000,1.409,33.688,0.553
a,193610,47.000,29.425,80.000,-0.378,32.146,1.225
a,193615,47.000,29.543,80.000,0.431,32.116,2.202
a,193620,47.000,29.921,80.000,2.340,32.925,2.308
a,193625,47.000,30.261,80.000,2.034,31.841,1.942
a,193630,47.000,30.850,80.000,3.821,33.352,3.240
a,193635,47.000,31.077,80.000,1.088,32.329,2.828
a,193640,47.000,31.403,80.000,1.790,33.459,1.744
a,193645,47.000,31.880,80.000,2.874,33.627,2.156
a,193650,47.000,32.311,80.000,2.477,34.284,1.423
a,193655,47.000,32.834,80.000,3.134,32.543,0.797
a,193660,47.000,33.249,80.000,2.248,35.291,2.370
a,193665,47.000,33.546,80.000,1.363,33.261,2.049
a,193670,47.000,33.932,80.000,1.973,34.986,-0.485
a,193675,47.000,34.193,80.000,1.027,34.039,-0.119
a,193680,47.000,34.733,80.000,3.042,36.406,3.011
a,193685,47.000,35.243,80.000,2.783,35.077,3.698
a,193690,47.000,35.789,80.000,3.027,33.200,4.232
a,193695,47.000,36.350,80.000,3.057,34.772,0.812
a,193701,47.000,36.703,80.000,1.500,32.879,2.003
a,193705,47.000,37.289,80.000,3.164,34.940,0.599
a,193710,47.000,37.686,80.000,1.699,36.070,-0.302
a,193715,47.000,38.186,80.000,2.401,37.948,3.408
a,193720,47.000,38.286,80.000,-0.607,38.497,5.026
a,193725,47.000,38.496,80.000,0.157,42.864,2.461
a,193730,47.000,38.414,80.000,-1.996,41.291,-1.859
a,193735,47.000,38.563,80.000,-0.317,45.261,2.919
a,193740,47.000,38.206,80.000,-4.072,46.055,5.759
a,193745,47.000,37.829,80.000,-4.179,47.352,0.904
a,193750,47.000,37.093,80.000,-6.820,50.146,1.194
a,193755,47.000,36.251,80.000,-7.523,51.184,0.782
a,193760,47.000,35.823,80.000,-4.362,52.543,1.362
a,193765,47.000,35.182,80.000,-5.859,50.528,3.515
a,193770,47.000,34.494,80.000,-6.118,49.673,1.194
a,193775,47.000,33.758,80.000,-6.408,51.841,0.965
a,193780,47.000,32.807,80.000,-7.904,50.833,-0.653
a,193785,47.000,32.345,80.000,-4.195,53.719,-1.646
a,193790,47.000,31.756,80.000,-5.080,53.383,0.614
a,193795,47.000,31.053,80.000,-5.843,52.192,0.873
a,193800,47.000,30.088,80.000,-7.691,51.459,0.263
a,193805,47.000,29.299,80.000,-6.256,49.795,-2.516
a,193810,47.000,28.666,80.000,-5.049,52.467,0.919
a,193815,47.000,27.959,80.000,-5.477,48.803,2.843
a,193820,47.000,27.588,80.000,-2.882,46.299,1.606
a,193825,47.000,27.189,80.000,-2.973,40.268,-0.379
a,193830,47.000,27.540,80.000,2.676,35.459,-0.501
a,193835,47.000,28.118,80.000,4.340,33.062,2.828
a,193840,47.000,28.840,80.000,5.393,28.497,0.904
a,193845,47.000,29.662,80.000,6.034,29.337,1.469
a,193850,47.000,30.288,80.000,4.508,27.627,1.484
a,193855,47.000,31.253,80.000,6.905,31.001,-2.302
a,193860,47.000,31.902,80.000,4.477,28.986,1.896
a,193865,47.000,32.802,80.000,6.263,28.864,0.461
a,193871,47.000,33.737,80.000,6.386,31.398,0.476
a,193875,47.000,34.350,80.000,3.912,30.451,1.667
a,193880,47.000,35.037,80.000,4.355,33.932,-1.249
a,193885,47.000,35.530,80.000,2.859,32.299,-1.310
a,193890,47.000,36.317,80.000,4.966,34.390,2.965
a,193895,47.000,37.037,80.000,4.370,35.505,3.530
a,193900,47.000,37.731,80.000,4.141,32.253,-0.134
a,193905,47.000,38.608,80.000,5.393,35.566,-0.684
a,193910,47.000,39.375,80.000,4.492,34.986,0.538
a,193915,47.000,40.182,80.000,4.722,33.734,1.301
a,193920,47.000,40.961,80.000,4.401,36.589,2.629
a,193925,47.000,41.421,80.000,1.989,34.955,1.881
a,193930,47.000,42.131,80.000,3.760,37.795,0.278
a,193935,47.000,42.465,80.000,0.889,39.719,1.713
a,193941,47.000,42.705,80.000,0.157,40.772,2.873
a,193945,47.000,42.967,80.000,0.263,44.222,1.118
a,193950,47.000,42.773,80.000,-3.156,46.726,1.331
a,193955,47.000,42.716,80.000,-2.133,49.001,-1.295
a,193960,47.000,42.313,80.000,-4.714,52.161,4.858
a,193965,47.000,41.840,80.000,-5.156,51.474,2.507
a,193970,47.000,40.869,80.000,-8.820,54.390,0.034
a,193975,47.000,39.888,80.000,-8.759,53.932,1.515
a,193980,47.000,39.016,80.000,-7.874,57.841,-2.317
a,193985,47.000,37.645,80.000,-11.508,61.368,2.950
a,193990,47.000,36.089,80.000,-12.714,61.261,3.301
a,193995,47.000,34.688,80.000,-11.370,60.879,0.873
a,194000,47.000,32.966,80.000,-13.569,59.276,2.339
a,194005,47.000,31.227,80.000,-13.508,60.574,1.515
a,194010,47.000,29.797,80.000,-11.019,60.360,0.583
a,194015,47.000,27.992,80.000,-13.645,60.497,2.308
a,194020,47.000,25.939,80.000,-15.248,58.161,1.408
a,194025,47.000,24.034,80.000,-13.966,61.444,2.171
a,194030,47.000,22.175,80.000,-13.355,56.253,0.797
a,194035,47.000,20.612,80.000,-10.927,52.757,1.362
a,194040,47.000,19.060,80.000,-10.637,49.826,0.996
a,194045,47.000,17.846,80.000,-7.904,43.032,-0.760
a,194050,47.000,17.208,80.000,-3.401,33.764,0.446
a,194055,47.000,16.935,80.000,-0.607,30.238,5.026
a,194060,47.000,16.977,80.000,1.821,22.635,4.828
a,194065,47.000,17.300,80.000,3.943,17.306,-2.669
a,194070,47.000,17.807,80.000,5.225,18.955,-1.295
a,194075,47.000,18.723,80.000,8.187,18.436,-1.203
a,194080,47.000,19.706,80.000,8.569,16.986,2.782
a,194085,47.000,20.333,80.000,5.836,13.551,2.034
a,194090,47.000,21.147,80.000,7.134,13.719,1.499
a,194095,47.000,22.140,80.000,8.325,15.703,1.454
a,194100,47.000,23.137,80.000,8.218,16.161,0.034
a,194105,47.000,23.997,80.000,7.057,17.871,3.270
a,194110,47.000,24.665,80.000,5.531,17.169,0.889
a,194115,47.000,25.226,80.000,4.615,20.375,1.469
a,194120,47.000,25.722,80.000,4.065,20.268,0.263
a,194126,47.000,26.291,80.000,4.523,21.108,1.148
a,194130,47.000,26.780,80.000,3.836,23.245,4.049
a,194135,47.000,27.051,80.000,2.172,22.909,0.263
a,194140,47.000,27.272,80.000,1.760,22.604,1.912
a,194145,47.000,27.587,80.000,2.386,26.345,2.919
a,194150,47.000,28.098,80.000,3.790,26.757,5.789
a,194155,47.000,28.320,80.000,1.561,29.368,-2.379
a,194160,47.000,28.152,80.000,-1.355,28.879,2.644
a,194165,47.000,28.103,80.000,-0.485,31.398,-0.272
a,194170,47.000,27.957,80.000,-1.217,33.047,-5.264
a,194175,47.000,27.638,80.000,-2.485,33.169,4.202
a,194180,47.000,27.390,80.000,-1.966,36.375,-1.707
a,194185,47.000,26.713,80.000,-5.126,37.108,1.698
a,194190,47.000,26.121,80.000,-4.408,36.070,-2.363
a,194195,47.000,25.724,80.000,-2.927,38.222,-0.882
a,194200,47.000,25.084,80.000,-4.668,37.169,0.507
a,194205,47.000,24.717,80.000,-2.561,35.459,1.301
a,194210,47.000,24.117,80.000,-4.225,33.169,-2.470
a,194215,47.000,23.733,80.000,-2.530,30.482,-0.119
a,194220,47.000,23.599,80.000,-0.668,33.154,1.515
a,194225,47.000,23.250,80.000,-2.225,30.696,1.759
a,194230,47.000,23.039,80.000,-1.156,28.818,-1.142
a,194235,47.000,22.744,80.000,-1.798,32.543,0.003
a,194240,47.000,22.332,80.000,-2.591,28.055,0.843
a,194245,47.000,22.261,80.000,-0.042,29.856,0.919
a,194250,47.000,22.006,80.000,-1.401,28.803,3.377
a,194255,47.000,21.810,80.000,-0.912,26.925,3.789
a,194260,47.000,21.581,80.000,-1.172,28.665,1.621
a,194266,47.000,21.422,80.000,-0.576,24.177,-0.577
a,194270,47.000,21.613,80.000,1.989,26.375,-2.363
a,194275,47.000,21.520,80.000,-0.118,24.711,4.507
a,194280,47.000,21.701,80.000,1.928,23.474,1.545
a,194285,47.000,21.867,80.000,1.775,24.314,-2.363
a,194290,47.000,21.945,80.000,1.118,22.421,-1.966
a,194296,47.000,22.235,80.000,2.660,23.138,0.095
a,194300,47.000,22.290,80.000,0.874,23.826,2.018
a,194305,47.000,22.353,80.000,0.935,21.856,0.079
a,194310,47.000,22.435,80.000,1.042,24.116,-2.027
a,194315,47.000,22.479,80.000,0.752,23.200,-0.027
a,194320,47.000,22.793,80.000,2.737,23.917,0.873
a,194325,47.000,22.789,80.000,0.325,24.406,3.759
a,194330,47.000,22.691,80.000,-0.347,22.299,1.866
a,194335,47.000,22.708,80.000,0.492,23.474,-0.775
a,194340,47.000,22.661,80.000,0.004,23.993,2.797
a,194345,47.000,22.693,80.000,0.584,24.864,0.599
a,194350,47.000,22.640,80.000,-0.042,23.444,1.163
a,194355,47.000,22.660,80.000,0.508,23.215,1.530
a,194361,47.000,22.628,80.000,0.096,24.528,0.507
a,194365,47.000,22.716,80.000,1.012,21.749,-1.004
a,194370,47.000,22.792,80.000,0.889,23.658,1.087
a,194375,47.000,22.843,80.000,0.691,23.551,1.087
a,194380,47.000,22.962,80.000,1.180,24.177,0.599
a,194385,47.000,22.985,80.000,0.431,25.276,-0.150
a,194390,47.000,23.388,80.000,3.241,25.749,-1.722
a,194395,47.000,23.507,80.000,1.088,24.726,2.064
a,194400,47.000,23.738,80.000,1.928,23.444,0.446
a,194405,47.000,23.777,80.000,0.447,24.909,1.255
a,194410,47.000,24.003,80.000,1.836,24.528,-1.524
a,194415,47.000,24.339,80.000,2.599,26.833,0.492
a,194420,47.000,24.478,80.000,1.118,24.345,3.423
a,194425,47.000,24.613,80.000,1.073,24.589,0.186
a,194430,47.000,24.676,80.000,0.508,25.856,-0.455
a,194435,47.000,24.591,80.000,-0.591,25.642,2.018
a,194440,47.000,24.720,80.000,1.012,24.360,-0.898
a,194445,47.000,24.975,80.000,1.897,27.505,1.331
a,194450,47.000,24.929,80.000,-0.347,26.009,3.377
a,194455,47.000,24.964,80.000,0.233,28.039,0.705
a,194460,47.000,25.190,80.000,1.668,25.993,-0.791
a,194465,47.000,25.611,80.000,3.057,28.467,-0.470
a,194470,47.000,25.745,80.000,0.920,25.383,3.286
a,194475,47.000,26.034,80.000,2.050,25.383,0.385
a,194480,47.000,26.067,80.000,0.126,25.398,0.156
a,194485,47.000,26.345,80.000,1.943,24.314,-0.943
a,194490,47.000,26.712,80.000,2.538,27.597,-0.623
a,194495,47.000,26.968,80.000,1.683,27.062,1.011
a,194500,47.000,27.373,80.000,2.737,29.138,-0.333
a,194505,47.000,27.715,80.000,2.202,30.696,1.881
a,194510,47.000,27.847,80.000,0.630,28.955,-1.142
a,194515,47.000,27.943,80.000,0.340,30.451,-0.241
a,194520,47.000,27.915,80.000,-0.607,31.703,-0.195
a,194525,47.000,27.836,80.000,-1.004,33.841,2.125
a,194530,47.000,27.753,80.000,-1.034,35.016,1.683
a,194535,47.000,27.604,80.000,-1.477,32.360,-1.233
a,194540,47.000,27.718,80.000,0.477,33.826,-0.837
a,194545,47.000,27.679,80.000,-0.668,33.902,3.148
a,194550,47.000,27.688,80.000,-0.271,31.184,2.950
a,194555,47.000,27.793,80.000,0.431,31.703,2.965
a,194560,47.000,27.795,80.000,-0.317,30.055,-1.203
a,194565,47.000,28.116,80.000,2.019,32.345,-0.974
a,194570,47.000,28.176,80.000,0.050,32.131,1.408
a,194575,47.000,28.247,80.000,0.157,30.451,0.003
a,194580,47.000,28.278,80.000,-0.179,33.169,-2.485
a,194585,47.000,28.221,80.000,-0.820,31.993,0.079
a,194590,47.000,28.460,80.000,1.363,33.826,3.057
a,194595,47.000,28.321,80.000,-1.446,32.909,-0.165
a,194600,47.000,28.215,80.000,-1.172,31.261,0.079
a,194605,47.000,28.177,80.000,-0.683,34.390,0.232
a,194610,47.000,28.096,80.000,-0.958,31.047,-0.791
a,194615,47.000,28.359,80.000,1.592,32.100,-0.073
a,194620,47.000,28.340,80.000,-0.515,31.734,2.889
a,194625,47.000,28.511,80.000,0.889,31.597,-0.119
a,194630,47.000,28.426,80.000,-1.034,33.123,1.194
a,194635,47.000,28.451,80.000,-0.179,30.726,-1.737
a,194640,47.000,28.560,80.000,0.401,34.070,1.347
a,194645,47.000,28.548,80.000,-0.469,31.368,0.705
a,194650,47.000,28.701,80.000,0.737,32.925,3.621
a,194655,47.000,28.608,80.000,-1.095,32.619,-2.409
a,194660,47.000,28.760,80.000,0.752,31.138,0.217
a,194665,47.000,28.793,80.000,-0.164,32.619,1.912
a,194670,47.000,28.913,80.000,0.508,30.177,-0.363
a,194675,47.000,28.966,80.000,-0.027,32.894,2.721
a,194680,47.000,28.767,80.000,-1.874,30.909,1.133
a,194685,47.000,28.754,80.000,-0.485,31.841,-0.363
a,194690,47.000,28.538,80.000,-1.996,33.062,-2.699
a,194695,47.000,28.465,80.000,-0.897,32.513,1.118
a,194700,47.000,28.380,80.000,-0.973,31.749,1.912
a,194705,47.000,28.097,80.000,-2.424,31.352,0.461
a,194710,47.000,28.137,80.000,0.019,30.406,-0.241
a,194715,47.000,28.090,80.000,-0.622,30.070,-0.027
a,194720,47.000,28.171,80.000,0.325,30.726,2.950
a,194725,47.000,27.964,80.000,-1.843,32.574,3.011
a,194730,47.000,27.717,80.000,-2.103,31.810,1.087
a,194735,47.000,27.555,80.000,-1.446,31.597,-0.974
a,194740,47.000,27.289,80.000,-2.225,34.955,1.362
a,194745,47.000,27.273,80.000,-0.347,34.497,2.003
a,194750,47.000,27.325,80.000,0.157,34.955,0.095
a,194755,47.000,26.965,80.000,-2.882,33.658,2.782
a,194760,47.000,26.969,80.000,-0.164,34.711,3.240
a,194765,47.000,26.849,80.000,-1.065,33.429,0.996
a,194770,47.000,26.613,80.000,-1.874,30.558,-0.150
a,194775,47.000,26.279,80.000,-2.607,33.169,1.713
a,194780,47.000,26.159,80.000,-0.958,31.383,0.156
a,194785,47.000,25.992,80.000,-1.324,33.658,3.621
a,194790,47.000,25.606,80.000,-2.897,30.909,-1.295
a,194795,47.000,25.491,80.000,-0.866,32.421,1.805
a,194800,47.000,25.444,80.000,-0.347,32.345,1.698
a,194805,47.000,25.323,80.000,-0.882,30.971,-1.417
a,194810,47.000,25.128,80.000,-1.401,30.070,-0.745
a,194815,47.000,25.046,80.000,-0.576,32.329,0.843
a,194821,47.000,24.783,80.000,-1.874,29.749,2.354
a,194825,47.000,24.707,80.000,-0.485,31.368,2.889
a,194830,47.000,24.483,80.000,-1.569,31.001,-2.608
a,194835,47.000,24.365,80.000,-0.775,31.810,3.820
a,194840,47.000,23.837,80.000,-3.798,31.169,2.003
a,194845,47.000,23.406,80.000,-3.019,31.459,0.095
a,194850,47.000,23.061,80.000,-2.378,34.955,-0.760
a,194855,47.000,22.658,80.000,-2.744,32.192,-0.775
a,194860,47.000,22.624,80.000,0.019,33.200,-0.180
a,194865,47.000,22.269,80.000,-2.332,30.513,3.835
a,194870,47.000,22.046,80.000,-1.278,27.795,3.041
a,194876,47.000,22.029,80.000,0.263,27.627,1.973
a,194880,47.000,21.982,80.000,0.050,26.513,0.308
a,194885,47.000,22.397,80.000,3.470,26.772,1.118
a,194890,47.000,22.610,80.000,1.943,24.909,1.072
a,194895,47.000,22.905,80.000,2.554,21.902,0.675
a,194900,47.000,23.241,80.000,2.798,23.658,0.308
a,194905,47.000,23.546,80.000,2.538,22.604,-1.020
a,194910,47.000,24.188,80.000,4.981,23.642,-0.867
a,194915,47.000,24.699,80.000,3.928,24.100,1.423
a,194920,47.000,25.031,80.000,2.569,22.406,-0.562
a,194925,47.000,25.161,80.000,1.012,23.413,3.850
a,194930,47.000,25.581,80.000,3.149,23.001,-0.913
a,194935,47.000,26.005,80.000,3.103,25.642,-1.066
a,194940,47.000,26.237,80.000,1.653,23.444,1.973
a,194945,47.000,26.590,80.000,2.508,24.696,-1.081
a,194950,47.000,26.658,80.000,0.340,26.238,0.965
a,194955,47.000,26.809,80.000,0.966,25.261,0.354
a,194960,47.000,27.284,80.000,3.317,27.322,-0.638
a,194965,47.000,27.376,80.000,0.431,27.322,2.980
a,194970,47.000,27.482,80.000,0.538,26.146,1.133
a,194976,47.000,27.630,80.000,0.813,28.848,1.423
a,194980,47.000,27.535,80.000,-1.019,29.368,4.018
a,194985,47.000,27.769,80.000,1.424,30.696,1.225
a,194990,47.000,27.530,80.000,-2.118,31.810,-0.287
a,194995,47.000,27.205,80.000,-2.744,33.245,-3.020
a,195000,47.000,26.999,80.000,-1.859,36.696,0.186
a,195005,47.000,26.545,80.000,-3.645,34.207,-1.554
a,195010,47.000,26.133,80.000,-3.278,33.627,2.736
a,195015,47.000,25.690,80.000,-3.462,34.345,2.263
a,195020,47.000,25.165,80.000,-3.996,32.299,0.812
a,195025,47.000,25.068,80.000,-0.775,33.093,-1.004
a,195030,47.000,24.821,80.000,-1.859,32.192,0.308
a,195035,47.000,24.606,80.000,-1.569,29.383,-2.577
a,195040,47.000,24.443,80.000,-1.172,30.482,0.492
a,195045,47.000,24.061,80.000,-2.775,30.009,-0.394
a,195050,47.000,24.019,80.000,-0.225,31.413,-0.546
a,195055,47.000,24.101,80.000,0.676,32.955,0.370
a,195060,47.000,23.910,80.000,-1.324,29.963,1.652
a,195065,47.000,23.726,80.000,-1.248,29.566,-0.592
a,195070,47.000,23.380,80.000,-2.439,29.612,2.247
a,195075,47.000,23.344,80.000,-0.088,28.742,-1.768
a,195080,47.000,23.547,80.000,1.668,30.314,-0.913
a,195085,47.000,23.578,80.000,0.401,27.322,-0.516
a,195090,47.000,23.619,80.000,0.462,27.688,1.484
a,195095,47.000,23.497,80.000,-0.729,25.459,3.209
a,195100,47.000,23.853,80.000,2.813,26.207,-2.348
a,195105,47.000,24.149,80.000,2.325,26.833,-1.554
a,195110,47.000,24.068,80.000,-0.485,24.604,1.392
a,195115,47.000,24.221,80.000,1.225,27.505,3.942
a,195120,47.000,24.330,80.000,0.889,26.619,1.652
a,195125,47.000,24.682,80.000,2.645,29.123,-1.249
a,195130,47.000,24.743,80.000,0.462,27.535,2.400
a,195135,47.000,24.796,80.000,0.401,27.459,-0.516
a,195140,47.000,24.719,80.000,-0.576,27.642,0.095
a,195145,47.000,24.781,80.000,0.477,26.345,-2.333
a,195150,47.000,25.045,80.000,1.928,29.658,2.034
a,195155,47.000,25.202,80.000,1.134,27.597,1.515
a,195160,47.000,25.409,80.000,1.485,27.291,-0.653
a,195165,47.000,25.547,80.000,0.935,28.436,1.209
a,195170,47.000,25.381,80.000,-1.309,26.528,0.156
a,195175,47.000,25.594,80.000,1.500,27.993,-2.073
a,195180,47.000,25.640,80.000,0.233,28.879,0.599
a,195185,47.000,25.749,80.000,0.691,28.818,3.942
a,195190,47.000,25.596,80.000,-1.248,27.535,1.927
a,195195,47.000,25.774,80.000,1.210,28.360,-1.798
a,195200,47.000,25.786,80.000,-0.042,29.429,0.431
a,195205,47.000,25.838,80.000,0.263,27.566,1.179
a,195210,47.000,25.874,80.000,0.126,29.658,1.209
a,195215,47.000,25.681,80.000,-1.553,27.184,-0.623
a,195220,47.000,25.743,80.000,0.340,29.047,0.553
a,195225,47.000,25.753,80.000,-0.027,27.429,1.377
a,195230,47.000,26.202,80.000,3.210,28.116,-0.669
a,195235,47.000,26.655,80.000,3.180,28.925,-1.371
a,195240,47.000,27.001,80.000,2.370,26.451,2.400
a,195245,47.000,27.253,80.000,1.622,27.001,0.492
a,195250,47.000,27.616,80.000,2.462,23.642,-1.279
a,195255,47.000,28.315,80.000,4.874,27.077,-2.470
a,195260,47.000,28.974,80.000,4.492,27.749,0.797
a,195265,47.000,29.263,80.000,1.714,24.940,2.171
a,195270,47.000,29.316,80.000,-0.088,26.482,-0.470
a,195276,47.000,29.388,80.000,0.050,27.383,-0.180
a,195280,47.000,29.814,80.000,2.630,30.161,0.690
a,195285,47.000,29.859,80.000,-0.225,29.429,0.705
a,195290,47.000,30.034,80.000,0.722,31.261,-1.157
a,195295,47.000,29.780,80.000,-2.500,33.230,0.568
a,195300,47.000,29.654,80.000,-1.523,33.764,0.538
a,195305,47.000,29.583,80.000,-1.141,37.948,0.308
a,195310,47.000,29.205,80.000,-3.385,36.131,3.026
a,195315,47.000,28.841,80.000,-3.233,36.375,-1.203
a,195320,47.000,28.217,80.000,-5.095,35.077,2.003
a,195325,47.000,27.985,80.000,-2.103,34.222,-1.921
a,195330,47.000,27.835,80.000,-1.477,34.711,-0.104
a,195335,47.000,27.608,80.000,-1.996,31.902,3.698
a,195340,47.000,27.366,80.000,-2.088,33.490,2.156
a,195345,47.000,26.812,80.000,-4.362,32.177,2.202
a,195350,47.000,26.604,80.000,-1.752,33.627,-0.653
a,195355,47.000,26.216,80.000,-3.080,35.368,-0.134
a,195360,47.000,25.920,80.000,-2.332,33.810,1.698
a,195365,47.000,25.484,80.000,-3.355,35.306,-0.760
a,195370,47.000,24.844,80.000,-4.805,33.780,1.591
a,195375,47.000,24.518,80.000,-2.424,35.505,-4.806
a,195380,47.000,23.904,80.000,-4.500,34.039,1.621
a,195385,47.000,23.405,80.000,-3.584,33.642,-0.317
a,195390,47.000,22.707,80.000,-5.004,34.329,0.125
a,195395,47.000,21.973,80.000,-5.187,33.154,3.209
a,195400,47.000,21.536,80.000,-2.927,34.390,1.560
a,195406,47.000,21.142,80.000,-2.546,33.520,-3.798
a,195410,47.000,20.737,80.000,-2.561,30.726,-1.188
a,195415,47.000,20.181,80.000,-3.630,29.902,2.370
a,195420,47.000,19.658,80.000,-3.294,26.833,3.698
a,195425,47.000,19.472,80.000,-0.744,26.864,-2.134
a,195430,47.000,19.223,80.000,-1.187,26.070,-3.279
a,195435,47.000,19.263,80.000,0.981,24.757,-0.608
a,195440,47.000,19.029,80.000,-1.034,23.047,0.370
a,195445,47.000,18.944,80.000,0.126,19.306,0.507
a,195450,47.000,19.113,80.000,1.989,20.726,-1.554
a,195455,47.000,19.254,80.000,1.775,19.230,-2.440
a,195460,47.000,19.746,80.000,4.340,19.887,0.660
a,195465,47.000,19.911,80.000,1.867,18.803,0.492
a,195470,47.000,20.207,80.000,2.813,18.436,0.079
a,195475,47.000,20.476,80.000,2.554,19.917,-0.302
a,195481,47.000,20.722,80.000,2.370,17.703,-0.867
a,195485,47.000,21.017,80.000,2.660,21.047,0.705
a,195490,47.000,21.342,80.000,2.844,20.604,0.370
a,195495,47.000,21.163,80.000,-0.912,19.337,3.316
a,195500,47.000,21.238,80.000,0.981,19.200,-2.409
a,195505,47.000,21.380,80.000,1.424,23.016,-1.371
a,195510,47.000,21.251,80.000,-0.591,21.566,2.171
a,195515,47.000,21.283,80.000,0.599,23.032,1.728
a,195520,47.000,20.917,80.000,-2.362,23.398,-0.211
a,195525,47.000,20.787,80.000,-0.576,22.680,-0.760
a,195530,47.000,20.752,80.000,0.111,25.383,1.621
a,195535,47.000,20.505,80.000,-1.416,21.887,0.583
a,195540,47.000,20.312,80.000,-0.988,21.138,0.721
a,195545,47.000,20.150,80.000,-0.744,21.673,0.736
a,195550,47.000,19.901,80.000,-1.385,22.329,1.072
a,195555,47.000,19.938,80.000,0.767,21.383,-3.524
a,195560,47.000,19.784,80.000,-0.668,22.543,1.545
a,195565,47.000,19.708,80.000,-0.072,21.490,2.492
a,195570,47.000,19.342,80.000,-2.225,22.894,2.278
a,195575,47.000,19.213,80.000,-0.439,22.543,-0.638
a,195580,47.000,19.007,80.000,-1.004,23.306,0.934
a,195585,47.000,18.953,80.000,0.157,21.734,0.736
a,195590,47.000,18.838,80.000,-0.301,22.085,1.728
a,195595,47.000,18.525,80.000,-1.721,19.138,-0.241
a,195600,47.000,18.426,80.000,-0.133,20.909,-4.348
a,195605,47.000,18.215,80.000,-0.958,21.276,0.049
a,195610,47.000,18.255,80.000,0.920,20.986,2.324
a,195615,47.000,18.379,80.000,1.531,21.322,-0.653
a,195620,47.000,18.131,80.000,-1.233,19.551,-1.295
a,195625,47.000,18.002,80.000,-0.332,19.826,0.202
a,195630,47.000,17.784,80.000,-0.988,20.390,-0.058
a,195635,47.000,17.486,80.000,-1.553,20.055,-1.676
a,195640,47.000,17.199,80.000,-1.477,22.329,1.026
a,195645,47.000,16.909,80.000,-1.462,20.940,1.667
a,195650,47.000,16.654,80.000,-1.187,22.497,-0.837
a,195655,47.000,16.352,80.000,-1.492,20.055,0.324
a,195660,47.000,16.207,80.000,-0.317,21.841,-2.440
a,195665,47.000,15.918,80.000,-1.385,22.222,0.538
a,195670,47.000,15.503,80.000,-2.256,19.093,0.828
a,195675,47.000,15.353,80.000,-0.271,20.543,-0.180
a,195680,47.000,15.073,80.000,-1.202,18.436,0.049
a,195685,47.000,15.043,80.000,0.691,17.352,1.057
a,195690,47.000,15.035,80.000,0.828,18.436,3.392
a,195695,47.000,14.785,80.000,-0.912,14.070,1.484
a,195701,47.000,14.649,80.000,-0.057,14.100,0.125
a,195705,47.000,14.687,80.000,1.210,16.696,0.782
a,195710,47.000,14.821,80.000,1.928,14.864,-4.974
a,195715,47.000,14.930,80.000,1.699,16.345,5.148
a,195720,47.000,14.657,80.000,-1.141,15.703,0.568
a,195725,47.000,14.778,80.000,1.775,17.734,-2.775
a,195730,47.000,14.722,80.000,0.431,18.436,2.171
a,195735,47.000,14.622,80.000,0.126,16.268,1.087
a,195740,47.000,14.592,80.000,0.630,18.192,2.476
a,195745,47.000,14.284,80.000,-1.416,16.360,1.438
a,195750,47.000,14.338,80.000,1.286,17.093,-0.669
a,195755,47.000,14.208,80.000,-0.088,16.818,-0.669
a,195760,47.000,14.264,80.000,1.302,15.978,0.614
a,195765,47.000,14.144,80.000,-0.027,17.276,1.438
a,195770,47.000,13.939,80.000,-0.622,14.482,0.263
a,195775,47.000,13.921,80.000,0.752,16.711,0.538
a,195780,47.000,13.754,80.000,-0.332,14.971,-2.470
a,195785,47.000,13.967,80.000,2.477,16.161,-1.249
a,195790,47.000,13.903,80.000,0.386,16.192,1.942
a,195795,47.000,13.900,80.000,0.859,14.894,0.141
a,195800,47.000,13.877,80.000,0.691,16.253,-0.684
a,195805,47.000,13.861,80.000,0.737,16.024,-0.989
a,195810,47.000,14.048,80.000,2.218,16.986,-1.356
a,195815,47.000,13.954,80.000,0.126,16.116,2.156
a,195820,47.000,13.981,80.000,1.027,15.703,1.438
a,195825,47.000,13.781,80.000,-0.668,16.161,-1.661
a,195830,47.000,13.877,80.000,1.561,14.238,-1.371
a,195835,47.000,14.045,80.000,2.050,16.406,-0.577
a,195840,47.000,14.195,80.000,1.897,16.100,0.400
a,195845,47.000,14.047,80.000,-0.317,14.451,-0.699
a,195850,47.000,14.276,80.000,2.462,16.696,-2.226
a,195855,47.000,14.411,80.000,1.744,16.055,1.545
a,195860,47.000,14.771,80.000,3.378,16.406,-1.936
a,195865,47.000,14.886,80.000,1.531,15.902,3.423
a,195870,47.000,15.013,80.000,1.607,14.757,-1.859
a,195875,47.000,15.038,80.000,0.828,15.642,-0.516
a,195880,47.000,14.969,80.000,0.141,14.039,-1.692
a,195885,47.000,15.155,80.000,2.019,15.627,-3.921
a,195891,47.000,15.258,80.000,1.393,14.268,-2.165
a,195895,47.000,15.607,80.000,3.180,16.009,-1.066
a,195900,47.000,15.777,80.000,1.821,15.291,2.919
a,195905,47.000,15.965,80.000,1.912,16.345,-0.775
a,195910,47.000,16.233,80.000,2.508,14.589,-1.066
a,195915,47.000,16.598,80.000,3.164,16.864,1.240
a,195920,47.000,16.881,80.000,2.538,14.940,3.545
a,195925,47.000,17.245,80.000,3.088,16.390,0.629
a,195930,47.000,17.403,80.000,1.546,14.207,0.919
a,195935,47.000,17.833,80.000,3.515,16.024,0.476
a,195940,47.000,18.139,80.000,2.569,14.558,-0.424
a,195945,47.000,18.453,80.000,2.615,13.337,-0.928
a,195950,47.000,19.060,80.000,4.691,17.520,-0.272
a,195955,47.000,19.366,80.000,2.416,16.161,0.507
a,195960,47.000,19.972,80.000,4.584,17.764,-0.119
a,195965,47.000,20.212,80.000,1.805,17.764,-0.943
a,195970,47.000,20.604,80.000,2.920,17.016,-0.837
a,195975,47.000,20.953,80.000,2.554,17.764,2.110
a,195980,47.000,21.432,80.000,3.470,18.192,0.797
a,195985,47.000,21.687,80.000,1.744,19.826,1.728
a,195990,47.000,22.124,80.000,3.088,18.879,-0.348
a,195995,47.000,22.556,80.000,2.951,22.604,-0.501
a,196000,47.000,22.778,80.000,1.393,19.993,-0.943
a,196005,47.000,23.024,80.000,1.515,22.436,0.721
a,196010,47.000,22.993,80.000,-0.576,24.284,-0.195
a,196015,47.000,22.915,80.000,-0.912,24.665,-0.623
a,196020,47.000,22.873,80.000,-0.668,27.429,1.820
a,196025,47.000,22.780,80.000,-1.034,27.734,0.690
a,196030,47.000,22.877,80.000,0.386,27.978,-1.172
a,196035,47.000,22.875,80.000,-0.362,28.879,5.713
a,196040,47.000,22.946,80.000,0.202,27.566,-1.142
a,196045,47.000,23.058,80.000,0.523,25.948,-3.569
a,196050,47.000,23.484,80.000,2.844,26.543,-1.157
a,196055,47.000,23.626,80.000,0.706,25.047,3.713
a,196060,47.000,23.915,80.000,1.805,23.780,-0.424
a,196065,47.000,23.938,80.000,-0.225,26.314,0.965
a,196070,47.000,24.092,80.000,0.767,25.322,-0.913
a,196075,47.000,24.162,80.000,0.096,28.497,0.354
a,196080,47.000,24.329,80.000,0.844,26.009,3.392
a,196086,47.000,24.610,80.000,1.668,27.154,3.392
a,196090,47.000,24.608,80.000,-0.439,25.276,1.255
a,196095,47.000,24.764,80.000,0.691,29.810,-2.272
a,196100,47.000,24.852,80.000,0.218,26.619,1.515
a,196105,47.000,25.244,80.000,2.447,28.070,2.202
a,196110,47.000,25.223,80.000,-0.622,25.581,0.996
a,196115,47.000,25.449,80.000,1.210,26.726,-1.111
a,196120,47.000,25.571,80.000,0.401,28.268,0.141
a,196125,47.000,25.785,80.000,1.088,27.108,2.003
a,196130,47.000,25.896,80.000,0.294,28.497,1.652
a,196135,47.000,26.099,80.000,0.981,27.932,-1.340
a,196140,47.000,26.139,80.000,-0.271,30.375,0.980
a,196145,47.000,26.107,80.000,-0.790,29.535,0.522
a,196150,47.000,26.187,80.000,0.019,32.055,1.194
a,196155,47.000,26.030,80.000,-1.721,30.650,-1.157
a,196160,47.000,26.115,80.000,0.096,31.368,0.202
a,196165,47.000,25.848,80.000,-2.500,29.505,1.713
a,196170,47.000,25.882,80.000,-0.225,29.444,-0.531
a,196175,47.000,25.823,80.000,-0.927,30.696,0.690
a,196180,47.000,26.010,80.000,0.935,29.001,-0.317
a,196185,47.000,26.010,80.000,-0.485,30.314,0.934
a,196190,47.000,26.098,80.000,0.187,28.909,0.583
a,196195,47.000,26.046,80.000,-0.882,31.627,5.133
a,196200,47.000,26.203,80.000,0.691,30.940,0.644
a,196205,47.000,26.078,80.000,-1.416,31.474,1.270
a,196210,47.000,26.019,80.000,-0.882,29.001,-1.157
a,196215,47.000,25.981,80.000,-0.744,32.009,-2.073
a,196220,47.000,26.040,80.000,0.019,29.261,0.812
a,196225,47.000,25.828,80.000,-1.996,29.306,4.980
a,196230,47.000,25.935,80.000,0.386,31.077,-0.684
a,196235,47.000,25.807,80.000,-1.340,28.696,-0.913
a,196240,47.000,26.044,80.000,1.347,31.642,0.996
a,196245,47.000,25.997,80.000,-0.759,30.787,-2.989
a,196250,47.000,26.045,80.000,-0.042,30.024,4.538
a,196255,47.000,25.919,80.000,-1.355,32.085,1.942
a,196260,47.000,25.672,80.000,-2.210,30.726,0.751
a,196265,47.000,25.482,80.000,-1.782,32.421,-1.585
a,196270,47.000,25.544,80.000,0.126,31.795,-0.363
a,196275,47.000,25.394,80.000,-1.431,30.207,3.530
a,196280,47.000,25.314,80.000,-0.897,30.451,2.705
a,196285,47.000,25.012,80.000,-2.500,28.085,-0.195
a,196290,47.000,24.902,80.000,-1.065,30.680,6.278
a,196295,47.000,24.880,80.000,-0.393,30.482,-0.730
a,196300,47.000,24.822,80.000,-0.668,31.306,-3.447
a,196305,47.000,24.777,80.000,-0.546,29.826,0.247
a,196310,47.000,24.549,80.000,-1.904,30.787,0.446
a,196315,47.000,24.287,80.000,-2.118,30.207,1.759
a,196320,47.000,23.990,80.000,-2.362,31.154,0.934
a,196325,47.000,23.592,80.000,-3.049,29.642,1.102
a,196330,47.000,23.305,80.000,-2.210,31.566,-0.974
a,196335,47.000,23.008,80.000,-2.225,29.642,2.034
a,196340,47.000,22.733,80.000,-2.011,28.787,3.026
a,196345,47.000,22.584,80.000,-1.049,28.253,-0.913
a,196350,47.000,22.219,80.000,-2.607,26.650,1.591
a,196355,47.000,22.121,80.000,-0.607,27.734,-1.524
a,196360,47.000,21.970,80.000,-0.973,26.589,1.576
a,196365,47.000,22.062,80.000,0.828,28.177,-0.806
a,196370,47.000,21.962,80.000,-0.607,27.948,1.102
a,196375,47.000,21.842,80.000,-0.744,27.887,0.934
a,196380,47.000,21.611,80.000,-1.553,27.459,1.255
a,196385,47.000,21.558,80.000,-0.240,30.482,-0.409
a,196390,47.000,21.131,80.000,-2.988,28.329,0.003
a,196395,47.000,20.969,80.000,-0.988,29.368,3.912
a,196400,47.000,20.618,80.000,-2.362,28.390,0.782
a,196405,47.000,20.517,80.000,-0.485,29.719,0.461
a,196410,47.000,20.136,80.000,-2.530,28.146,-0.546
a,196415,47.000,19.816,80.000,-2.057,29.368,2.034
a,196420,47.000,19.698,80.000,-0.485,25.566,-0.470
a,196425,47.000,19.609,80.000,-0.271,26.207,-0.012
a,196430,47.000,19.900,80.000,2.569,25.459,-0.867
a,196435,47.000,19.869,80.000,0.187,21.627,2.324
a,196440,47.000,20.130,80.000,2.355,21.001,-2.256
a,196445,47.000,20.205,80.000,0.966,19.200,-0.669
a,196450,47.000,20.603,80.000,3.317,21.184,3.973
a,196455,47.000,21.036,80.000,3.561,19.047,-1.004
a,196460,47.000,21.331,80.000,2.462,20.696,-0.898
a,196465,47.000,21.775,80.000,3.515,22.039,-0.837
a,196470,47.000,21.908,80.000,1.149,22.818,4.644
a,196475,47.000,22.092,80.000,1.500,23.795,2.034
a,196480,47.000,21.967,80.000,-0.805,22.955,1.408
a,196485,47.000,22.063,80.000,0.813,25.581,0.782
a,196490,47.000,22.186,80.000,1.027,24.207,2.125
a,196495,47.000,22.172,80.000,-0.011,24.619,-1.401
a,196500,47.000,22.421,80.000,1.943,24.177,0.782
a,196505,47.000,22.455,80.000,0.325,23.413,3.026
a,196510,47.000,22.617,80.000,1.271,23.963,2.828
a,196515,47.000,22.598,80.000,-0.088,23.764,-0.684
a,196520,47.000,22.748,80.000,1.134,26.482,0.415
a,196525,47.000,22.887,80.000,1.057,24.696,0.996
a,196530,47.000,23.139,80.000,1.851,26.864,-2.699
a,196535,47.000,23.351,80.000,1.546,25.077,3.041
a,196540,47.000,23.305,80.000,-0.378,24.665,0.278
a,196545,47.000,23.496,80.000,1.378,25.215,1.347
a,196550,47.000,23.571,80.000,0.508,24.100,0.950
a,196555,47.000,23.938,80.000,2.645,25.612,-1.783
a,196560,47.000,24.192,80.000,1.790,24.238,1.713
a,196565,47.000,24.517,80.000,2.279,25.154,1.148
a,196570,47.000,24.955,80.000,3.088,24.177,0.446
a,196575,47.000,25.165,80.000,1.332,25.810,2.385
a,196580,47.000,25.411,80.000,1.576,26.161,2.018
a,196585,47.000,25.417,80.000,-0.225,25.963,-0.638
a,196590,47.000,25.628,80.000,1.256,29.688,-1.615
a,196595,47.000,25.704,80.000,0.233,29.337,1.255
a,196600,47.000,25.829,80.000,0.569,31.673,1.377
a,196605,47.000,25.820,80.000,-0.424,31.169,2.782
a,196610,47.000,25.762,80.000,-0.790,31.322,1.744
a,196615,47.000,25.753,80.000,-0.408,31.138,-0.272
a,196620,47.000,25.759,80.000,-0.301,31.490,2.690
a,196625,47.000,25.751,80.000,-0.378,29.917,1.179
a,196630,47.000,25.998,80.000,1.515,30.253,-0.256
a,196635,47.000,25.995,80.000,-0.347,28.497,2.843
a,196640,47.000,26.137,80.000,0.737,28.467,2.873
a,196645,47.000,26.366,80.000,1.363,28.772,2.049
a,196650,47.000,26.509,80.000,0.722,27.627,-0.027
a,196655,47.000,26.508,80.000,-0.362,27.826,-1.081
a,196660,47.000,26.603,80.000,0.340,29.306,-0.684
a,196665,47.000,26.490,80.000,-1.233,30.787,1.041
a,196670,47.000,26.724,80.000,1.363,31.138,-3.203
a,196675,47.000,26.734,80.000,-0.317,30.299,-2.180
a,196680,47.000,26.865,80.000,0.554,32.848,0.751
a,196685,47.000,27.035,80.000,0.874,29.429,-0.730
a,196690,47.000,27.355,80.000,1.943,31.673,-0.211
a,196695,47.000,27.488,80.000,0.554,29.444,3.881
a,196700,47.000,27.743,80.000,1.424,31.306,-1.814
a,196705,47.000,27.682,80.000,-0.927,30.680,-0.027
a,196710,47.000,27.579,80.000,-1.233,30.680,0.064
a,196715,47.000,27.534,80.000,-0.820,33.658,0.812
a,196720,47.000,27.676,80.000,0.584,32.848,-0.638
a,196725,47.000,27.782,80.000,0.309,33.200,0.934
a,196730,47.000,27.851,80.000,0.050,31.001,1.057
a,196735,47.000,27.897,80.000,-0.133,32.055,0.110
a,196740,47.000,28.021,80.000,0.447,31.459,0.186
a,196745,47.000,28.054,80.000,-0.240,32.253,1.362
a,196750,47.000,28.317,80.000,1.470,31.566,1.652
a,196755,47.000,28.287,80.000,-0.714,31.047,0.247
a,196760,47.000,28.324,80.000,-0.225,31.658,1.118
a,196765,47.000,28.165,80.000,-1.675,32.192,-0.699
a,196770,47.000,28.321,80.000,0.691,31.551,-0.745
a,196775,47.000,28.183,80.000,-1.492,30.589,0.018
a,196780,47.000,28.128,80.000,-0.851,30.055,-0.287
a,196785,47.000,28.186,80.000,-0.027,32.116,2.476
a,196790,47.000,28.188,80.000,-0.424,30.940,3.087
a,196795,47.000,28.091,80.000,-1.172,32.055,0.293
a,196800,47.000,28.175,80.000,0.202,30.451,-1.340
a,196805,47.000,28.220,80.000,-0.133,34.284,0.828
a,196810,47.000,28.321,80.000,0.325,31.138,1.499
a,196815,47.000,28.334,80.000,-0.362,32.925,0.873
a,196820,47.000,28.201,80.000,-1.416,30.406,-0.119
a,196825,47.000,28.264,80.000,0.034,32.742,-1.127
a,196830,47.000,28.220,80.000,-0.744,31.383,6.064
a,196835,47.000,28.423,80.000,1.073,32.818,-0.226
a,196840,47.000,28.165,80.000,-2.332,30.314,1.683
a,196845,47.000,28.289,80.000,0.508,32.543,0.263
a,196850,47.000,28.070,80.000,-2.042,32.436,-0.287
a,196855,47.000,27.990,80.000,-0.958,30.406,-0.913
a,196860,47.000,27.873,80.000,-1.248,32.848,1.331
a,196865,47.000,27.983,80.000,0.462,31.917,1.820
a,196870,47.000,27.927,80.000,-0.790,32.742,-0.333
a,196875,47.000,27.637,80.000,-2.485,30.345,0.644
a,196880,47.000,27.643,80.000,-0.286,32.436,-0.730
a,196885,47.000,27.346,80.000,-2.500,30.451,0.095
a,196890,47.000,27.384,80.000,0.004,31.627,-2.485
a,196895,47.000,27.046,80.000,-2.775,31.215,2.767
a,196900,47.000,26.800,80.000,-2.057,31.322,1.560
a,196905,47.000,26.576,80.000,-1.904,34.146,0.767
a,196910,47.000,26.209,80.000,-2.897,31.398,-2.119
a,196915,47.000,26.059,80.000,-1.278,34.207,-0.363
a,196920,47.000,25.635,80.000,-3.278,32.497,2.583
a,196925,47.000,25.399,80.000,-1.828,31.978,-0.562
a,196930,47.000,24.809,80.000,-4.424,31.902,0.263
a,196935,47.000,24.490,80.000,-2.347,32.192,-2.348
a,196940,47.000,24.059,80.000,-3.141,31.352,-1.982
a,196945,47.000,23.880,80.000,-1.202,30.055,0.034
a,196950,47.000,23.559,80.000,-2.256,31.138,2.308
a,196955,47.000,23.028,80.000,-3.752,28.604,-0.211
a,196960,47.000,22.877,80.000,-0.897,30.650,-0.180
a,196965,47.000,22.588,80.000,-1.889,28.940,-0.638
a,196970,47.000,22.212,80.000,-2.530,30.833,2.141
a,196975,47.000,21.550,80.000,-4.576,28.497,-1.630
a,196980,47.000,20.878,80.000,-4.591,28.711,1.072
a,196985,47.000,20.483,80.000,-2.485,30.726,-0.119
a,196990,47.000,20.062,80.000,-2.637,30.070,0.583
a,196995,47.000,19.822,80.000,-1.233,28.604,-0.424
a,197000,47.000,19.360,80.000,-2.836,26.207,3.499
a,197005,47.000,19.090,80.000,-1.370,26.238,-1.829
a,197010,47.000,18.797,80.000,-1.492,24.513,1.683
a,197015,47.000,18.711,80.000,0.080,23.306,2.919
a,197020,47.000,18.848,80.000,1.744,21.734,4.308
a,197025,47.000,18.640,80.000,-0.790,18.146,1.255
a,197030,47.000,18.681,80.000,1.057,19.306,-3.066
a,197035,47.000,18.744,80.000,1.210,18.848,-1.111
a,197040,47.000,19.190,80.000,4.034,18.421,-4.913
a,197045,47.000,19.523,80.000,3.149,17.444,-3.875
a,197050,47.000,19.471,80.000,0.248,17.551,2.171
a,197056,47.000,19.389,80.000,0.019,18.085,2.721
a,197060,47.000,19.452,80.000,1.057,21.520,-4.073
a,197065,47.000,19.329,80.000,-0.347,22.116,-4.852
a,197070,47.000,19.287,80.000,0.279,20.971,-1.203
a,197075,47.000,19.066,80.000,-1.080,23.169,3.835
a,197080,47.000,18.709,80.000,-2.057,21.978,1.866
a,197085,47.000,18.601,80.000,-0.179,22.680,-1.982
a,197090,47.000,18.484,80.000,-0.240,22.116,1.270
a,197095,47.000,18.395,80.000,-0.042,23.444,2.156
a,197100,47.000,18.097,80.000,-1.553,19.887,-0.714
a,197105,47.000,18.033,80.000,0.202,21.352,-0.104
a,197110,47.000,17.909,80.000,-0.256,21.871,-0.882
a,197115,47.000,17.735,80.000,-0.607,20.696,-0.669
a,197120,47.000,17.576,80.000,-0.485,21.215,0.553
a,197125,47.000,17.442,80.000,-0.286,20.238,-0.775
a,197130,47.000,17.302,80.000,-0.332,21.734,0.476
a,197135,47.000,17.120,80.000,-0.622,20.131,-0.180
a,197140,47.000,17.061,80.000,0.279,22.406,-1.859
a,197145,47.000,16.860,80.000,-0.759,20.436,2.721
a,197150,47.000,16.780,80.000,0.157,20.650,0.171
a,197156,47.000,16.580,80.000,-0.744,21.169,-1.539
a,197160,47.000,16.315,80.000,-1.172,18.635,0.049
a,197165,47.000,16.321,80.000,0.828,20.513,0.583
a,197171,47.000,16.149,80.000,-0.485,19.368,0.263
a,197175,47.000,16.184,80.000,1.073,18.635,-1.356
a,197181,47.000,16.073,80.000,-0.042,19.658,0.308
a,197185,47.000,16.127,80.000,1.180,20.177,-1.004
a,197190,47.000,16.001,80.000,-0.149,18.909,-1.050
a,197195,47.000,16.156,80.000,1.943,18.497,-0.348
a,197200,47.000,16.093,80.000,0.294,19.444,1.179
a,197205,47.000,15.948,80.000,-0.286,16.604,-2.043
a,197210,47.000,16.021,80.000,1.302,19.535,0.675
a,197215,47.000,15.922,80.000,0.034,17.841,-1.951
a,197220,47.000,16.112,80.000,2.172,18.635,-3.325
a,197225,47.000,16.030,80.000,0.126,18.467,2.522
a,197230,47.000,16.091,80.000,1.195,17.703,2.934
a,197236,47.000,16.199,80.000,1.500,20.070,-4.394
a,197240,47.000,16.211,80.000,0.783,19.047,-0.012
a,197246,47.000,16.417,80.000,2.218,18.772,-1.081
a,197250,47.000,16.368,80.000,0.294,19.123,0.370
a,197256,47.000,16.258,80.000,-0.149,18.574,-1.233
a,197260,47.000,16.254,80.000,0.615,19.993,-2.119
a,197265,47.000,16.257,80.000,0.691,18.192,0.400
a,197270,47.000,16.464,80.000,2.187,19.184,0.873
a,197275,47.000,16.453,80.000,0.554,17.932,0.263
a,197280,47.000,16.550,80.000,1.347,17.932,-0.379
a,197285,47.000,16.385,80.000,-0.607,17.658,0.492
a,197290,47.000,16.568,80.000,1.973,19.123,-2.012
a,197295,47.000,16.632,80.000,1.057,19.047,1.102
a,197300,47.000,16.885,80.000,2.462,18.146,-0.974
a,197305,47.000,16.977,80.000,1.225,19.306,1.576
a,197310,47.000,17.081,80.000,1.317,17.398,0.553
a,197315,47.000,17.148,80.000,1.012,18.879,-1.127
a,197320,47.000,17.403,80.000,2.401,17.780,-0.806
a,197325,47.000,17.572,80.000,1.729,18.390,0.385
a,197330,47.000,17.923,80.000,3.057,17.932,-0.073
a,197335,47.000,18.064,80.000,1.454,18.528,-0.150
a,197340,47.000,18.185,80.000,1.302,17.581,-0.348
a,197345,47.000,18.364,80.000,1.683,20.131,-0.104
a,197350,47.000,18.684,80.000,2.722,18.360,-0.867
a,197355,47.000,19.144,80.000,3.714,19.184,-0.241
a,197360,47.000,19.475,80.000,2.706,19.368,-0.867
a,197365,47.000,19.539,80.000,0.676,20.177,2.186
a,197370,47.000,19.546,80.000,0.263,19.138,0.889
a,197375,47.000,19.768,80.000,1.836,20.055,0.385
a,197380,47.000,20.028,80.000,2.126,18.329,1.423
a,197385,47.000,20.247,80.000,1.760,20.268,0.538
a,197390,47.000,20.258,80.000,0.233,17.551,0.156
a,197395,47.000,20.443,80.000,1.500,19.306,-1.172
a,197400,47.000,20.664,80.000,1.744,19.291,-1.310
a,197405,47.000,21.054,80.000,2.966,20.451,-3.936
a,197410,47.000,21.341,80.000,2.141,21.566,1.683
a,197415,47.000,21.804,80.000,3.439,19.688,0.370
a,197420,47.000,21.991,80.000,1.363,18.070,2.354
a,197425,47.000,22.452,80.000,3.347,20.925,-2.348
a,197430,47.000,22.804,80.000,2.462,22.604,-1.081
a,197435,47.000,23.293,80.000,3.439,22.879,-0.073
a,197440,47.000,23.491,80.000,1.241,22.635,6.828
a,197445,47.000,23.618,80.000,0.691,23.123,-0.440
a,197450,47.000,23.609,80.000,-0.362,25.856,-2.211
a,197455,47.000,23.501,80.000,-1.080,25.474,1.606
a,197460,47.000,23.583,80.000,0.309,28.329,0.202
a,197465,47.000,23.472,80.000,-1.141,29.810,2.263
a,197470,47.000,23.248,80.000,-1.950,28.635,1.667
a,197475,47.000,23.057,80.000,-1.675,29.383,3.759
a,197480,47.000,22.761,80.000,-2.393,26.345,0.705
a,197485,47.000,22.601,80.000,-1.355,26.482,1.118
a,197490,47.000,22.676,80.000,0.431,25.108,0.293
a,197495,47.000,22.598,80.000,-0.714,25.856,0.263
a,197500,47.000,22.666,80.000,0.386,24.986,2.263
a,197505,47.000,22.403,80.000,-2.072,25.749,-1.279
a,197510,47.000,22.421,80.000,0.034,25.749,-2.531
a,197515,47.000,22.198,80.000,-1.782,28.940,3.240
a,197520,47.000,22.021,80.000,-1.385,26.513,0.186
a,197525,47.000,21.676,80.000,-2.637,28.742,0.125
a,197531,47.000,21.531,80.000,-1.111,29.154,0.690
a,197535,47.000,21.365,80.000,-1.233,27.490,-2.088
a,197540,47.000,20.879,80.000,-3.553,24.909,1.713
a,197545,47.000,20.691,80.000,-1.294,25.138,-1.127
a,197550,47.000,20.678,80.000,0.050,23.795,2.125
a,197555,47.000,20.852,80.000,1.409,25.581,1.148
a,197560,47.000,20.702,80.000,-0.988,23.917,-0.241
a,197565,47.000,20.759,80.000,0.584,22.329,-1.554
a,197570,47.000,20.652,80.000,-0.653,23.093,2.354
a,197575,47.000,20.716,80.000,0.630,22.986,1.484
a,197580,47.000,20.740,80.000,0.294,25.917,0.858
a,197585,47.000,20.568,80.000,-1.141,23.826,2.079
a,197590,47.000,20.478,80.000,-0.530,25.780,-3.172
a,197595,47.000,20.077,80.000,-2.805,23.658,-1.020
a,197600,47.000,20.020,80.000,-0.240,26.619,-0.256
a,197605,47.000,19.674,80.000,-2.393,27.535,5.469
a,197610,47.000,19.389,80.000,-1.874,25.322,0.538
a,197615,47.000,19.163,80.000,-1.431,27.444,-1.035
a,197620,47.000,18.661,80.000,-3.416,24.864,-4.302
a,197625,47.000,18.508,80.000,-0.790,25.459,1.362
a,197630,47.000,18.153,80.000,-2.286,27.322,2.965
a,197635,47.000,17.609,80.000,-3.614,24.177,-0.501
a,197640,47.000,17.291,80.000,-1.889,24.268,-2.424
a,197645,47.000,16.884,80.000,-2.515,24.757,4.568
a,197650,47.000,16.606,80.000,-1.492,22.543,0.446
a,197655,47.000,16.513,80.000,-0.118,24.803,1.347
a,197660,47.000,16.112,80.000,-2.362,21.764,2.736
a,197665,47.000,16.073,80.000,0.386,19.429,-1.768
a,197671,47.000,16.138,80.000,1.164,19.184,-2.684
a,197675,47.000,16.081,80.000,0.263,17.062,0.568
a,197680,47.000,16.247,80.000,1.897,18.909,-0.562
a,197685,47.000,16.188,80.000,0.248,15.841,3.179
a,197690,47.000,16.377,80.000,2.080,15.948,-0.150
a,197695,47.000,16.405,80.000,0.859,15.734,0.217
a,197700,47.000,16.673,80.000,2.630,16.009,-0.256
a,197705,47.000,16.534,80.000,-0.439,17.062,0.828
a,197710,47.000,16.435,80.000,-0.118,16.696,0.324
a,197715,47.000,16.457,80.000,0.752,19.138,2.629
a,197720,47.000,16.225,80.000,-1.126,17.826,-3.035
a,197725,47.000,15.997,80.000,-1.065,17.520,-1.798
a,197730,47.000,15.805,80.000,-0.790,18.436,2.308
a,197735,47.000,15.655,80.000,-0.454,17.276,5.102
a,197740,47.000,15.491,80.000,-0.546,18.177,0.217
a,197746,47.000,15.577,80.000,1.317,17.520,-0.775
a,197750,47.000,15.701,80.000,1.576,18.497,1.759
a,197755,47.000,15.601,80.000,-0.088,17.230,0.446
a,197760,47.000,15.412,80.000,-0.744,18.131,-0.165
a,197765,47.000,15.501,80.000,1.347,16.009,-1.569
a,197770,47.000,15.642,80.000,1.699,17.902,0.904
a,197775,47.000,15.550,80.000,-0.027,15.902,2.583
a,197780,47.000,15.580,80.000,0.874,16.513,-0.928
a,197785,47.000,15.395,80.000,-0.729,17.337,2.889
a,197790,47.000,15.505,80.000,1.470,16.894,2.064
a,197795,47.000,15.601,80.000,1.347,17.444,-1.982
a,197800,47.000,15.630,80.000,0.813,18.818,-0.424
a,197805,47.000,15.624,80.000,0.584,16.161,0.293
a,197810,47.000,15.752,80.000,1.561,16.680,4.079
a,197815,47.000,15.654,80.000,-0.133,17.138,-0.241
a,197820,47.000,15.784,80.000,1.561,17.306,-0.256
a,197825,47.000,15.812,80.000,0.783,17.474,1.377
a,197830,47.000,15.953,80.000,1.622,17.123,0.828
a,197835,47.000,15.927,80.000,0.340,18.558,-1.539
a,197840,47.000,16.113,80.000,1.943,16.253,-1.630
a,197845,47.000,16.438,80.000,2.920,18.955,0.812
a,197850,47.000,16.562,80.000,1.409,16.589,1.362
a,197855,47.000,16.783,80.000,2.111,16.955,0.431
a,197860,47.000,16.884,80.000,1.180,18.604,0.553
a,197865,47.000,16.909,80.000,0.615,17.398,-0.272
a,197870,47.000,17.319,80.000,3.439,19.001,1.057
a,197875,47.000,17.614,80.000,2.554,18.268,-0.394
a,197880,47.000,17.841,80.000,2.034,16.360,2.934
a,197885,47.000,18.173,80.000,2.767,17.658,0.950
a,197890,47.000,18.524,80.000,2.889,16.848,-2.317
a,197895,47.000,18.937,80.000,3.271,19.337,0.003
a,197900,47.000,19.256,80.000,2.554,17.337,1.225
a,197905,47.000,19.718,80.000,3.576,17.948,2.400
a,197910,47.000,19.962,80.000,1.912,17.444,3.591
a,197915,47.000,20.532,80.000,4.309,16.680,0.034
a,197920,47.000,21.072,80.000,4.004,18.879,0.721
a,197925,47.000,21.433,80.000,2.630,17.398,1.728
a,197930,47.000,21.949,80.000,3.729,18.879,1.362
a,197935,47.000,22.218,80.000,1.836,19.398,1.118
a,197940,47.000,22.624,80.000,2.844,18.497,0.629
a,197945,47.000,23.187,80.000,3.943,20.299,-1.050
a,197950,47.000,23.380,80.000,1.134,20.696,1.728
a,197955,47.000,23.751,80.000,2.431,21.871,0.721
a,197960,47.000,24.060,80.000,1.897,24.345,-0.348
a,197965,47.000,24.239,80.000,0.920,24.177,1.362
a,197970,47.000,24.547,80.000,1.836,26.085,-0.623
a,197975,47.000,24.570,80.000,-0.317,27.001,1.988
a,197980,47.000,24.508,80.000,-0.912,24.894,3.270
a,197985,47.000,24.528,80.000,-0.317,27.383,1.973
a,197990,47.000,24.498,80.000,-0.683,27.688,0.934
a,197996,47.000,24.526,80.000,-0.240,27.215,2.171
a,198000,47.000,24.474,80.000,-0.851,29.291,4.721
a,198005,47.000,24.345,80.000,-1.385,27.413,0.644
a,198010,47.000,24.467,80.000,0.477,28.940,0.247
a,198015,47.000,24.405,80.000,-0.882,28.604,4.141
a,198020,47.000,24.562,80.000,0.783,25.780,3.041
a,198025,47.000,24.736,80.000,0.874,28.146,3.530
a,198030,47.000,24.697,80.000,-0.698,26.238,1.957
a,198035,47.000,24.912,80.000,1.164,29.123,1.316
a,198040,47.000,25.047,80.000,0.569,28.360,-4.821
a,198045,47.000,25.427,80.000,2.370,27.826,1.942
a,198050,47.000,25.558,80.000,0.492,28.085,1.423
a,198055,47.000,25.802,80.000,1.347,26.451,-0.455
a,198060,47.000,25.916,80.000,0.325,29.444,1.912
a,198065,47.000,26.096,80.000,0.828,27.826,-1.356
a,198070,47.000,26.309,80.000,1.027,30.436,2.125
a,198075,47.000,26.475,80.000,0.691,28.146,3.392
a,198080,47.000,26.672,80.000,0.889,29.749,2.018
a,198085,47.000,26.708,80.000,-0.301,28.604,1.102
a,198090,47.000,27.126,80.000,2.523,29.306,1.225
a,198095,47.000,27.324,80.000,0.874,28.116,1.560
a,198100,47.000,27.547,80.000,1.027,29.261,1.820
a,198105,47.000,27.717,80.000,0.645,26.925,1.759
a,198110,47.000,27.985,80.000,1.317,30.787,0.324
a,198115,47.000,28.113,80.000,0.294,28.253,1.118
a,198120,47.000,28.618,80.000,3.042,31.245,-0.623
a,198125,47.000,28.776,80.000,0.431,30.482,3.057
a,198130,47.000,29.071,80.000,1.439,30.451,1.362
a,198135,47.000,29.094,80.000,-0.622,32.146,0.675
a,198140,47.000,29.456,80.000,1.912,31.184,-1.050
a,198145,47.000,29.802,80.000,1.744,32.650,1.484
a,198150,47.000,30.107,80.000,1.439,30.833,2.965
a,198155,47.000,30.538,80.000,2.309,33.413,3.820
a,198161,47.000,30.910,80.000,1.836,33.841,0.278
a,198165,47.000,30.945,80.000,-0.683,32.436,5.392
a,198170,47.000,31.281,80.000,1.561,32.497,0.171
a,198175,47.000,31.500,80.000,0.645,34.116,1.118
a,198180,47.000,31.705,80.000,0.538,33.841,1.591
a,198185,47.000,31.798,80.000,-0.317,34.558,2.232
a,198190,47.000,32.040,80.000,0.813,32.955,0.232
a,198195,47.000,32.432,80.000,1.867,35.703,0.950
a,198200,47.000,32.617,80.000,0.325,34.696,2.568
a,198205,47.000,32.679,80.000,-0.591,33.902,2.934
a,198210,47.000,33.065,80.000,1.790,36.024,1.423
a,198215,47.000,33.039,80.000,-1.294,35.612,-1.600
a,198220,47.000,33.373,80.000,1.378,37.245,0.690
a,198225,47.000,33.328,80.000,-1.477,38.940,5.133
a,198230,47.000,33.232,80.000,-1.843,38.909,4.736
a,198235,47.000,33.267,80.000,-0.866,41.001,1.515
a,198240,47.000,33.158,80.000,-1.935,41.429,-1.569
a,198245,47.000,33.085,80.000,-1.630,40.589,2.110
a,198250,47.000,32.959,80.000,-2.011,41.184,-0.195
a,198255,47.000,32.734,80.000,-2.729,42.467,4.202
a,198260,47.000,32.641,80.000,-1.691,40.345,0.141
a,198265,47.000,32.609,80.000,-1.233,41.108,-1.707
a,198270,47.000,32.466,80.000,-1.996,37.932,-1.279
a,198275,47.000,32.386,80.000,-1.538,40.787,1.392
a,198280,47.000,32.026,80.000,-3.599,41.001,1.805
a,198285,47.000,31.963,80.000,-1.340,39.963,-0.745
a,198290,47.000,31.730,80.000,-2.591,41.612,0.751
a,198295,47.000,31.456,80.000,-2.851,40.238,-0.394
a,198300,47.000,31.176,80.000,-2.882,42.299,1.041
a,198305,47.000,30.997,80.000,-2.088,41.810,1.499
a,198310,47.000,30.805,80.000,-2.118,38.711,0.064
a,198315,47.000,30.590,80.000,-2.286,40.238,0.705
a,198320,47.000,30.202,80.000,-3.538,40.726,-1.188
a,198325,47.000,29.687,80.000,-4.424,40.543,0.919
a,198330,47.000,29.218,80.000,-4.057,43.200,-0.898
a,198335,47.000,28.547,80.000,-5.462,40.864,-0.333
a,198340,47.000,28.028,80.000,-4.271,42.131,-0.424
a,198345,47.000,27.232,80.000,-6.271,42.192,0.293
a,198350,47.000,26.372,80.000,-6.622,40.100,-0.455
a,198355,47.000,25.787,80.000,-4.515,42.222,-0.211
a,198360,47.000,25.171,80.000,-4.668,41.673,-0.455
a,198365,47.000,24.699,80.000,-3.508,39.261,-0.424
a,198370,47.000,24.281,80.000,-3.049,38.635,-0.363
a,198375,47.000,23.657,80.000,-4.515,37.795,1.133
a,198380,47.000,23.239,80.000,-2.866,32.146,-0.837
a,198385,47.000,23.436,80.000,1.760,31.077,0.675
a,198390,47.000,23.481,80.000,0.630,28.009,1.621
a,198395,47.000,23.720,80.000,2.111,24.161,-1.295
a,198400,47.000,24.188,80.000,3.760,24.451,-0.760
a,198405,47.000,24.435,80.000,2.111,21.154,-0.302
a,198410,47.000,25.087,80.000,5.073,21.841,-0.211
a,198415,47.000,25.618,80.000,4.065,24.345,2.476
a,198420,47.000,25.911,80.000,2.263,21.734,-0.852
a,198425,47.000,26.533,80.000,4.645,24.070,2.446
a,198430,47.000,26.843,80.000,2.248,24.894,-0.088
a,198435,47.000,27.201,80.000,2.569,24.513,-2.211
a,198441,47.000,27.567,80.000,2.554,27.062,1.347
a,198445,47.000,27.546,80.000,-0.347,27.245,1.469
a,198450,47.000,27.608,80.000,0.294,24.665,-3.401
a,198455,47.000,27.920,80.000,2.080,29.719,0.476
a,198460,47.000,27.899,80.000,-0.408,29.184,3.011
a,198465,47.000,28.113,80.000,1.317,30.558,1.225
a,198470,47.000,28.210,80.000,0.431,29.826,0.492
a,198475,47.000,28.219,80.000,-0.225,29.337,1.316
a,198480,47.000,28.263,80.000,0.004,32.390,3.652
a,198485,47.000,28.068,80.000,-1.767,32.284,1.011
a,198490,47.000,27.934,80.000,-1.294,32.222,-1.508
a,198495,47.000,27.797,80.000,-1.309,33.169,-0.363
a,198500,47.000,27.594,80.000,-1.798,34.604,-0.027
a,198505,47.000,27.431,80.000,-1.446,32.192,-0.409
a,198510,47.000,27.379,80.000,-0.622,33.261,-0.150
a,198515,47.000,27.015,80.000,-2.912,32.284,2.828
a,198520,47.000,26.998,80.000,-0.286,31.276,-1.783
a,198525,47.000,26.700,80.000,-2.362,31.047,1.759
a,198530,47.000,26.593,80.000,-0.927,31.658,-1.447
a,198535,47.000,26.225,80.000,-2.866,33.444,-4.470
a,198540,47.000,25.918,80.000,-2.347,31.841,1.118
a,198545,47.000,25.731,80.000,-1.446,33.062,-0.027
a,198550,47.000,25.350,80.000,-2.851,31.764,1.591
a,198555,47.000,25.069,80.000,-2.057,31.047,2.217
a,198560,47.000,24.650,80.000,-3.049,31.490,0.156
a,198565,47.000,24.343,80.000,-2.179,31.520,0.629
a,198570,47.000,23.940,80.000,-2.836,29.535,-1.783
a,198575,47.000,23.827,80.000,-0.668,31.490,2.202
a,198580,47.000,23.428,80.000,-2.790,32.390,1.759
a,198585,47.000,22.872,80.000,-3.889,30.833,-2.546
a,198590,47.000,22.340,80.000,-3.691,33.490,1.072
a,198595,47.000,22.028,80.000,-1.981,31.551,0.202
a,198600,47.000,21.574,80.000,-2.988,30.604,0.507
a,198605,47.000,20.780,80.000,-5.446,29.291,2.415
a,198610,47.000,20.298,80.000,-3.049,28.436,-1.936
a,198615,47.000,20.123,80.000,-0.759,31.566,0.018
a,198620,47.000,19.712,80.000,-2.439,27.001,3.545
a,198625,47.000,19.522,80.000,-0.759,26.451,0.476
a,198630,47.000,19.401,80.000,-0.240,26.451,2.476
a,198635,47.000,19.153,80.000,-1.141,23.612,1.805
a,198640,47.000,19.330,80.000,2.034,23.154,-2.623
a,198645,47.000,19.445,80.000,1.546,22.680,1.438
a,198650,47.000,19.633,80.000,2.080,21.627,0.324
a,198655,47.000,19.715,80.000,1.302,18.467,1.118
a,198660,47.000,20.161,80.000,3.958,20.024,-3.585
a,198665,47.000,20.542,80.000,3.424,19.429,-2.058
a,198670,47.000,21.140,80.000,4.981,19.474,0.370
a,198675,47.000,21.456,80.000,2.828,18.879,3.087
a,198680,47.000,21.846,80.000,3.332,18.421,-0.379
a,198685,47.000,22.108,80.000,2.325,19.398,-0.974
a,198690,47.000,22.519,80.000,3.378,21.001,-1.218
a,198695,47.000,22.928,80.000,3.286,22.467,2.034
a,198700,47.000,23.348,80.000,3.347,20.543,0.431
a,198705,47.000,23.578,80.000,1.867,22.177,1.927
a,198710,47.000,23.618,80.000,0.447,21.108,0.736
a,198715,47.000,23.847,80.000,1.805,23.963,0.339
a,198720,47.000,23.994,80.000,1.180,22.879,-0.440
a,198725,47.000,24.343,80.000,2.630,25.108,0.278
a,198730,47.000,24.379,80.000,0.294,23.917,2.782
a,198735,47.000,24.488,80.000,0.828,23.658,0.186
a,198740,47.000,24.370,80.000,-0.866,23.551,0.247
a,198745,47.000,24.608,80.000,1.760,25.749,0.003
a,198750,47.000,24.554,80.000,-0.439,25.917,0.812
a,198755,47.000,24.769,80.000,1.561,26.299,-0.043
a,198760,47.000,24.610,80.000,-1.248,27.520,1.133
a,198765,47.000,24.393,80.000,-1.660,28.039,-0.409
a,198770,47.000,24.051,80.000,-2.591,29.566,-1.875
a,198775,47.000,23.805,80.000,-1.813,28.070,-3.279
a,198780,47.000,23.716,80.000,-0.653,30.299,0.492
a,198785,47.000,23.478,80.000,-1.721,28.314,1.102
a,198790,47.000,23.342,80.000,-0.943,28.467,2.767
a,198795,47.000,22.996,80.000,-2.485,28.009,-0.516
a,198800,47.000,22.922,80.000,-0.439,28.986,-1.157
a,198805,47.000,22.659,80.000,-1.813,27.566,1.774
a,198810,47.000,22.761,80.000,0.905,28.772,-3.661
a,198815,47.000,22.343,80.000,-2.958,28.222,1.606
a,198820,47.000,22.117,80.000,-1.492,28.284,0.950
a,198825,47.000,21.722,80.000,-2.714,28.314,2.644
a,198830,47.000,21.613,80.000,-0.546,27.032,-0.272
a,198835,47.000,21.341,80.000,-1.752,28.085,-0.791
a,198840,47.000,21.156,80.000,-1.065,26.406,0.476
a,198845,47.000,20.862,80.000,-1.874,27.871,2.232
a,198850,47.000,20.476,80.000,-2.485,24.665,0.141
a,198855,47.000,20.179,80.000,-1.798,26.177,-0.730
a,198860,47.000,19.899,80.000,-1.645,25.566,-1.142
a,198865,47.000,19.836,80.000,-0.042,28.604,-2.531
a,198870,47.000,19.642,80.000,-0.988,26.329,-0.608
a,198875,47.000,19.250,80.000,-2.454,27.841,-0.577
a,198880,47.000,18.961,80.000,-1.630,25.993,0.538
a,198885,47.000,18.975,80.000,0.615,27.566,-0.699
a,198890,47.000,18.834,80.000,-0.485,23.780,0.324
a,198895,47.000,18.831,80.000,0.554,22.665,0.522
a,198900,47.000,18.927,80.000,1.271,23.230,0.507
a,198905,47.000,18.853,80.000,0.050,19.062,0.996
a,198910,47.000,19.162,80.000,2.874,20.161,-0.058
a,198915,47.000,19.389,80.000,2.233,19.474,-1.997
a,198920,47.000,19.886,80.000,4.218,18.467,-1.020
a,198925,47.000,19.936,80.000,0.859,16.513,-0.088
a,198930,47.000,20.150,80.000,2.034,18.986,-0.043
a,198935,47.000,20.248,80.000,1.134,20.650,2.919
a,198940,47.000,20.494,80.000,2.187,22.222,0.217
a,198945,47.000,20.416,80.000,-0.240,22.222,1.621
a,198950,47.000,20.275,80.000,-0.683,20.757,1.255
a,198955,47.000,20.237,80.000,0.065,22.467,-2.211
a,198960,47.000,20.223,80.000,0.263,21.658,1.087
a,198965,47.000,20.321,80.000,1.088,21.001,1.942
a,198970,47.000,20.451,80.000,1.317,21.322,0.461
a,198975,47.000,20.511,80.000,0.798,19.230,-1.188
a,198981,47.000,20.738,80.000,2.004,21.413,1.133
a,198985,47.000,20.622,80.000,-0.561,20.787,-1.890
a,198990,47.000,20.876,80.000,2.172,22.711,1.744
a,198995,47.000,20.865,80.000,0.187,21.490,1.850
a,199000,47.000,21.035,80.000,1.515,22.543,-0.546
a,199005,47.000,20.781,80.000,-1.630,21.230,1.499
a,199010,47.000,20.835,80.000,0.660,22.299,-0.974
a,199015,47.000,20.699,80.000,-0.775,24.268,-2.317
a,199020,47.000,20.855,80.000,1.409,24.284,0.095
a,199025,47.000,20.770,80.000,-0.393,23.520,-0.730
a,199030,47.000,20.423,80.000,-2.317,22.467,0.996
a,199035,47.000,20.181,80.000,-1.523,24.131,0.629
a,199040,47.000,19.854,80.000,-2.103,22.574,1.225
a,199045,47.000,19.793,80.000,-0.118,24.207,-0.211
a,199050,47.000,19.923,80.000,1.317,22.879,-0.898
a,199055,47.000,19.668,80.000,-1.538,21.734,2.996
a,199060,47.000,19.709,80.000,0.676,21.551,2.431
a,199065,47.000,19.444,80.000,-1.584,20.513,-1.539
a,199070,47.000,19.522,80.000,0.966,22.574,-2.348
a,199075,47.000,19.357,80.000,-0.820,20.299,-1.432
a,199080,47.000,19.395,80.000,0.676,21.795,1.255
a,199085,47.000,19.264,80.000,-0.576,21.490,1.102
a,199090,47.000,18.985,80.000,-1.691,23.200,0.308
a,199096,47.000,18.913,80.000,-0.133,24.345,0.003
a,199100,47.000,18.505,80.000,-2.607,23.062,0.431
a,199105,47.000,18.207,80.000,-1.767,24.650,0.660
a,199110,47.000,17.972,80.000,-1.248,22.986,2.293
a,199115,47.000,17.509,80.000,-2.897,21.276,-1.737
a,199120,47.000,17.344,80.000,-0.668,23.337,-2.104
a,199125,47.000,17.364,80.000,0.737,22.146,3.850
a,199130,47.000,17.073,80.000,-1.553,19.932,-1.646
a,199135,47.000,16.959,80.000,-0.225,20.680,-0.821
a,199140,47.000,16.697,80.000,-1.294,19.047,-0.653
a,199145,47.000,16.199,80.000,-3.034,20.070,-0.913
a,199150,47.000,15.967,80.000,-1.019,21.184,-3.172
a,199155,47.000,15.568,80.000,-2.240,21.077,-2.592
a,199160,47.000,15.025,80.000,-3.309,24.131,0.919
a,199165,47.000,14.639,80.000,-2.088,24.589,2.049
a,199170,47.000,13.928,80.000,-4.454,23.551,0.018
a,199175,47.000,13.226,80.000,-4.317,23.795,0.950
a,199180,47.000,12.377,80.000,-5.324,22.925,-0.348
a,199185,47.000,11.580,80.000,-4.866,24.039,0.003
a,199190,47.000,11.131,80.000,-2.179,21.490,-0.317
a,199195,47.000,10.668,80.000,-2.210,19.306,-0.546
a,199200,47.000,10.435,80.000,-0.469,18.665,0.217
a,199205,47.000,10.210,80.000,-0.362,16.436,1.041
a,199211,47.000,10.114,80.000,0.630,14.039,1.774
a,199215,47.000,10.074,80.000,1.073,11.673,-1.279
a,199220,47.000,10.274,80.000,2.859,10.451,2.003
a,199225,47.000,10.693,80.000,4.447,9.917,-0.546
a,199230,47.000,11.064,80.000,4.050,8.146,-1.692
a,199235,47.000,11.521,80.000,4.645,7.062,2.446
a,199240,47.000,12.123,80.000,5.653,7.138,-1.661
a,199245,47.000,12.620,80.000,4.783,8.589,-1.340
a,199250,47.000,13.237,80.000,5.592,9.993,1.331
a,199255,47.000,13.574,80.000,3.424,10.314,2.889
a,199260,47.000,13.847,80.000,2.905,10.513,-5.279
a,199265,47.000,13.923,80.000,1.393,12.192,-1.233
a,199270,47.000,14.110,80.000,2.172,14.161,-0.088
a,199275,47.000,14.098,80.000,0.676,13.291,-0.348
a,199280,47.000,14.049,80.000,0.401,13.688,0.034
a,199285,47.000,14.136,80.000,1.393,14.513,-1.432
a,199290,47.000,14.577,80.000,4.004,14.833,-1.111
a,199295,47.000,14.684,80.000,1.485,13.368,-0.027
a,199300,47.000,14.769,80.000,1.302,13.688,3.240
a,199305,47.000,15.167,80.000,3.592,15.429,-0.440
a,199310,47.000,15.469,80.000,2.844,13.917,-0.150
a,199315,47.000,15.628,80.000,1.760,13.154,1.011
a,199320,47.000,15.987,80.000,3.195,14.803,2.125
a,199325,47.000,16.218,80.000,2.218,14.100,-1.233
a,199330,47.000,16.565,80.000,3.042,14.513,2.278
a,199335,47.000,16.916,80.000,3.042,13.368,0.324
a,199340,47.000,17.180,80.000,2.355,13.795,-0.088
a,199345,47.000,17.437,80.000,2.233,16.986,-0.775
a,199350,47.000,17.845,80.000,3.302,18.558,2.217
a,199355,47.000,18.255,80.000,3.256,19.719,2.690
a,199360,47.000,18.217,80.000,-0.088,18.177,-0.760
a,199365,47.000,18.282,80.000,0.660,20.024,3.744
a,199370,47.000,18.439,80.000,1.332,20.100,1.454
a,199375,47.000,18.246,80.000,-1.294,21.902,2.415
a,199380,47.000,17.941,80.000,-2.103,21.810,1.255
a,199385,47.000,17.616,80.000,-2.225,22.665,2.797
a,199390,47.000,17.415,80.000,-1.278,23.932,-0.348
a,199395,47.000,16.956,80.000,-3.156,22.925,0.049
a,199400,47.000,16.806,80.000,-0.805,22.284,-1.386
a,199405,47.000,16.787,80.000,0.187,22.253,0.873
a,199410,47.000,16.981,80.000,1.760,22.360,-0.119
a,199415,47.000,17.157,80.000,1.622,20.894,-0.104
a,199420,47.000,17.168,80.000,0.401,19.337,2.232
a,199425,47.000,16.971,80.000,-1.141,19.230,2.095
a,199430,47.000,16.831,80.000,-0.714,20.055,-0.058
a,199435,47.000,16.829,80.000,0.294,23.413,0.217
a,199440,47.000,16.725,80.000,-0.439,21.184,1.270
a,199445,47.000,16.568,80.000,-0.820,21.276,0.996
a,199450,47.000,16.347,80.000,-1.278,21.383,0.904
a,199455,47.000,16.270,80.000,-0.195,22.146,0.064
a,199460,47.000,16.360,80.000,1.057,21.184,-3.432
a,199465,47.000,16.500,80.000,1.424,20.894,-0.241
a,199470,47.000,16.564,80.000,0.859,19.780,0.446
a,199475,47.000,16.870,80.000,2.630,20.833,2.583
a,199480,47.000,17.275,80.000,3.332,20.299,0.843
a,199485,47.000,17.425,80.000,1.409,19.016,1.072
a,199490,47.000,17.428,80.000,0.294,19.749,2.141
a,199495,47.000,17.470,80.000,0.569,21.429,3.606
a,199500,47.000,17.504,80.000,0.508,20.787,-0.379
a,199505,47.000,17.412,80.000,-0.424,20.833,-1.951
a,199511,47.000,17.524,80.000,1.088,21.306,2.568
a,199515,47.000,17.665,80.000,1.286,21.917,5.087
a,199520,47.000,17.895,80.000,1.943,20.971,-1.554
a,199525,47.000,17.986,80.000,0.889,20.680,2.492
a,199530,47.000,18.049,80.000,0.660,21.169,3.560
a,199535,47.000,18.347,80.000,2.401,21.566,-1.814
a,199540,47.000,18.573,80.000,1.836,21.169,-1.142
a,199545,47.000,18.623,80.000,0.508,21.184,1.759
a,199550,47.000,18.660,80.000,0.416,20.451,3.423
a,199555,47.000,18.822,80.000,1.347,19.474,0.736
a,199560,47.000,18.892,80.000,0.645,20.589,1.484
a,199565,47.000,19.082,80.000,1.500,22.222,-1.783
a,199570,47.000,19.441,80.000,2.752,21.429,-1.188
a,199575,47.000,19.571,80.000,1.027,19.993,-0.073
a,199580,47.000,19.797,80.000,1.699,22.467,-1.081
a,199585,47.000,20.113,80.000,2.325,24.238,-0.287
a,199590,47.000,20.127,80.000,0.050,24.161,2.232
a,199595,47.000,20.186,80.000,0.370,25.612,0.553
a,199600,47.000,20.328,80.000,0.981,26.268,-2.714
a,199605,47.000,20.266,80.000,-0.500,22.406,-2.287
a,199610,47.000,20.335,80.000,0.462,24.024,3.469
a,199615,47.000,20.736,80.000,2.920,23.505,-0.485
a,199620,47.000,20.973,80.000,1.683,21.978,0.950
a,199625,47.000,21.179,80.000,1.439,22.039,5.118
a,199630,47.000,21.394,80.000,1.500,20.207,2.324
a,199635,47.000,21.573,80.000,1.195,21.841,2.079
a,199640,47.000,21.874,80.000,2.065,23.642,2.690
a,199645,47.000,21.944,80.000,0.340,22.299,0.980
a,199650,47.000,22.049,80.000,0.584,22.925,-0.821
a,199655,47.000,22.160,80.000,0.615,24.238,-1.676
a,199660,47.000,22.401,80.000,1.531,27.322,4.797
a,199665,47.000,22.522,80.000,0.630,26.375,1.835
a,199670,47.000,22.427,80.000,-0.958,25.291,-0.440
a,199675,47.000,22.277,80.000,-1.385,27.795,1.912
a,199680,47.000,22.157,80.000,-1.111,25.535,2.202
a,199685,47.000,22.078,80.000,-0.805,27.108,-1.096
a,199690,47.000,22.463,80.000,2.660,25.780,-0.165
a,199695,47.000,22.487,80.000,-0.042,24.894,1.255
a,199700,47.000,22.739,80.000,1.653,24.787,0.644
a,199705,47.000,22.695,80.000,-0.561,25.001,1.805
a,199710,47.000,22.834,80.000,0.767,27.764,-1.172
a,199715,47.000,22.734,80.000,-1.004,26.574,2.690
a,199720,47.000,22.788,80.000,0.157,27.169,1.545
a,199725,47.000,22.751,80.000,-0.500,25.215,-1.508
a,199730,47.000,22.859,80.000,0.569,26.207,1.973
a,199735,47.000,23.345,80.000,3.363,26.864,1.392
a,199740,47.000,23.402,80.000,0.157,24.284,1.988
a,199745,47.000,23.693,80.000,1.882,25.826,3.392
a,199750,47.000,23.908,80.000,1.302,24.024,-0.226
a,199755,47.000,24.090,80.000,1.042,24.451,-1.325
a,199760,47.000,24.516,80.000,2.813,25.780,-0.791
a,199765,47.000,24.668,80.000,0.752,25.535,0.721
a,199770,47.000,24.815,80.000,0.676,27.352,1.896
a,199775,47.000,25.158,80.000,2.126,27.413,-1.004
a,199780,47.000,25.087,80.000,-0.988,27.688,0.156
a,199785,47.000,25.377,80.000,1.699,28.787,5.942
a,199790,47.000,25.441,80.000,-0.011,29.398,-0.058
a,199795,47.000,25.397,80.000,-0.820,29.856,1.270
a,199800,47.000,25.411,80.000,-0.362,28.772,0.644
a,199805,47.000,25.358,80.000,-0.851,29.200,0.873
a,199811,47.000,25.547,80.000,0.920,31.764,0.263
a,199815,47.000,25.657,80.000,0.309,32.055,0.583
a,199820,47.000,25.410,80.000,-2.301,29.826,-3.646
a,199825,47.000,25.255,80.000,-1.599,30.131,1.438
a,199830,47.000,25.362,80.000,0.386,29.368,4.934
a,199835,47.000,25.322,80.000,-0.698,28.070,-2.959
a,199840,47.000,25.283,80.000,-0.698,29.688,-2.806
a,199845,47.000,25.483,80.000,1.073,30.436,4.690
a,199850,47.000,25.641,80.000,0.767,28.772,4.812
a,199855,47.000,25.556,80.000,-1.065,30.314,-2.470
a,199860,47.000,25.609,80.000,-0.042,31.978,3.026
a,199865,47.000,25.492,80.000,-1.294,30.482,3.606
a,199870,47.000,25.190,80.000,-2.637,30.482,0.400
a,199875,47.000,25.155,80.000,-0.622,30.940,0.492
a,199880,47.000,25.253,80.000,0.386,29.932,2.568
a,199885,47.000,25.295,80.000,-0.042,29.612,-1.554
a,199890,47.000,25.518,80.000,1.286,31.322,-4.134
a,199895,47.000,25.829,80.000,1.928,30.589,3.148
a,199900,47.000,25.831,80.000,-0.378,29.535,1.667
a,199905,47.000,25.741,80.000,-1.065,30.238,-0.485
a,199910,47.000,25.761,80.000,-0.240,30.940,7.484
a,199915,47.000,25.605,80.000,-1.538,30.268,-3.432
a,199920,47.000,25.488,80.000,-1.233,31.184,0.599
a,199925,47.000,25.751,80.000,1.592,31.490,-0.531
a,199930,47.000,25.907,80.000,0.813,29.047,0.660
a,199936,47.000,25.839,80.000,-0.866,29.261,-0.211
a,199940,47.000,25.991,80.000,0.767,29.719,-1.096
a,199945,47.000,26.070,80.000,0.202,30.619,-0.272
a,199950,47.000,26.017,80.000,-0.790,31.871,-0.104
a,199955,47.000,25.855,80.000,-1.584,31.734,-0.165
a,199960,47.000,25.779,80.000,-0.927,31.703,1.209
a,199965,47.000,25.655,80.000,-1.263,31.673,-0.867
a,199970,47.000,25.751,80.000,0.370,32.742,-0.287
a,199975,47.000,25.979,80.000,1.363,30.894,1.545
a,199980,47.000,25.927,80.000,-0.714,29.123,0.996
a,199985,47.000,25.935,80.000,-0.271,30.070,0.873
a,199990,47.000,25.955,80.000,-0.179,30.482,2.492
a,199995,47.000,26.092,80.000,0.676,31.413,-0.226
a,200000,47.000,26.178,80.000,0.279,31.902,-1.356
a,200005,47.000,25.988,80.000,-1.767,31.459,-4.898
a,200010,47.000,26.084,80.000,0.370,32.299,-2.165
a,200015,47.000,26.241,80.000,0.844,29.856,2.950
a,200020,47.000,26.471,80.000,1.363,30.619,2.171
a,200025,47.000,26.572,80.000,0.386,30.971,1.576
a,200030,47.000,26.768,80.000,1.088,29.963,2.125
a,200035,47.000,26.727,80.000,-0.668,28.635,4.675
a,200040,47.000,26.761,80.000,-0.133,30.558,0.629
a,200045,47.000,27.009,80.000,1.454,31.215,-1.462
a,200050,47.000,27.077,80.000,0.096,31.138,-0.623
a,200055,47.000,27.225,80.000,0.676,31.810,0.828
a,200060,47.000,27.323,80.000,0.294,32.085,0.919
a,200065,47.000,27.336,80.000,-0.347,32.039,2.339
a,200070,47.000,27.550,80.000,1.164,30.726,1.392
a,200076,47.000,27.628,80.000,0.126,31.673,1.850
a,200080,47.000,27.762,80.000,0.538,31.520,0.446
a,200085,47.000,27.951,80.000,0.935,31.352,-1.844
a,200090,47.000,28.261,80.000,1.821,31.306,-3.569
a,200095,47.000,28.476,80.000,1.103,29.429,-1.172
a,200100,47.000,28.598,80.000,0.355,33.276,4.125
a,200105,47.000,28.809,80.000,1.027,31.734,1.377
a,200110,47.000,28.870,80.000,-0.133,34.085,1.057
a,200115,47.000,29.099,80.000,1.103,34.207,-1.172
a,200120,47.000,29.160,80.000,-0.164,34.909,0.583
a,200125,47.000,29.345,80.000,0.767,34.146,-0.669
a,200130,47.000,29.440,80.000,0.080,33.734,2.812
a,200135,47.000,29.703,80.000,1.332,33.658,3.362
a,200140,47.000,29.671,80.000,-0.866,32.085,1.744
a,200145,47.000,29.662,80.000,-0.683,32.665,-0.928
a,200150,47.000,29.462,80.000,-2.103,32.772,1.270
a,200155,47.000,29.497,80.000,-0.332,33.551,0.400
a,200160,47.000,29.777,80.000,1.485,33.337,1.087
a,200165,47.000,29.800,80.000,-0.439,32.925,-1.447
a,200170,47.000,29.950,80.000,0.477,34.940,0.721
a,200175,47.000,29.984,80.000,-0.378,33.764,2.003
a,200180,47.000,30.183,80.000,0.828,35.963,-0.699
a,200185,47.000,30.237,80.000,-0.240,33.581,0.263
a,200191,47.000,30.205,80.000,-0.897,35.016,-0.226
a,200195,47.000,30.111,80.000,-1.324,33.688,2.278
a,200200,47.000,29.892,80.000,-2.240,34.314,3.652
a,200205,47.000,29.769,80.000,-1.492,33.658,2.568
a,200210,47.000,29.613,80.000,-1.752,36.451,-0.669
a,200215,47.000,29.825,80.000,0.996,36.543,1.728
a,200220,47.000,29.908,80.000,0.050,34.390,3.087
a,200225,47.000,30.069,80.000,0.615,35.184,-0.867
a,200230,47.000,29.837,80.000,-2.301,34.589,3.209
a,200235,47.000,29.790,80.000,-0.897,33.948,2.797
a,200240,47.000,29.509,80.000,-2.622,34.253,-0.867
a,200245,47.000,29.405,80.000,-1.278,35.291,-0.531
a,200250,47.000,29.124,80.000,-2.576,34.345,1.820
a,200255,47.000,29.085,80.000,-0.759,36.299,0.095
a,200260,47.000,28.792,80.000,-2.607,33.841,2.370
a,200265,47.000,28.542,80.000,-2.286,36.574,1.820
a,200270,47.000,28.214,80.000,-2.805,34.345,0.034
a,200275,47.000,28.085,80.000,-1.309,36.161,0.965
a,200280,47.000,27.768,80.000,-2.653,33.337,-4.043
a,200285,47.000,27.741,80.000,-0.515,37.352,0.950
a,200290,47.000,27.517,80.000,-1.950,35.581,3.560
a,200295,47.000,27.463,80.000,-0.668,36.100,2.553
a,200300,47.000,27.089,80.000,-3.019,34.635,0.629
a,200305,47.000,27.006,80.000,-0.820,34.986,0.293
a,200310,47.000,26.735,80.000,-2.179,33.123,0.950
a,200315,47.000,26.774,80.000,0.126,34.497,0.232
a,200321,47.000,26.580,80.000,-1.584,32.680,0.492
a,200325,47.000,26.540,80.000,-0.424,33.459,2.614
a,200331,47.000,26.460,80.000,-0.729,34.284,3.255
a,200335,47.000,26.305,80.000,-1.263,32.818,-3.111
a,200340,47.000,26.095,80.000,-1.660,34.085,1.087
a,200345,47.000,26.080,80.000,-0.195,33.703,-0.226
a,200350,47.000,25.711,80.000,-2.820,34.177,2.736
a,200355,47.000,25.500,80.000,-1.614,34.207,0.049
a,200360,47.000,25.039,80.000,-3.431,33.719,-2.287
a,200365,47.000,24.664,80.000,-2.744,33.444,-0.562
a,200371,47.000,24.475,80.000,-1.340,34.604,0.232
a,200375,47.000,24.188,80.000,-2.011,31.108,-0.287
a,200380,47.000,23.851,80.000,-2.362,31.566,0.079
a,200385,47.000,23.751,80.000,-0.576,29.932,1.087
a,200390,47.000,23.736,80.000,0.065,29.291,0.431
a,200395,47.000,23.757,80.000,0.340,26.680,-0.943
a,200400,47.000,23.990,80.000,1.882,27.200,-0.791
a,200405,47.000,23.921,80.000,-0.378,25.535,1.499
a,200410,47.000,24.036,80.000,0.981,25.322,-1.157
a,200415,47.000,24.120,80.000,0.691,27.352,-1.356
a,200420,47.000,24.342,80.000,1.714,25.108,1.576
a,200425,47.000,24.310,80.000,-0.210,25.505,2.934
a,200430,47.000,24.558,80.000,1.836,27.001,1.209
a,200435,47.000,24.451,80.000,-0.836,26.299,1.789
a,200440,47.000,24.669,80.000,1.561,27.459,-1.264
a,200445,47.000,24.539,80.000,-1.065,27.245,0.507
a,200450,47.000,24.671,80.000,0.889,27.077,2.003
a,200455,47.000,24.643,80.000,-0.347,28.284,1.484
a,200460,47.000,24.592,80.000,-0.515,28.009,1.072
a,200465,47.000,24.719,80.000,0.783,28.497,0.308
a,200470,47.000,24.598,80.000,-1.065,26.513,-1.966
a,200475,47.000,24.646,80.000,0.187,27.444,-0.485
a,200480,47.000,24.608,80.000,-0.485,28.467,2.965
a,200485,47.000,24.641,80.000,0.050,26.696,-3.615
a,200490,47.000,24.567,80.000,-0.775,28.329,-1.676
a,200495,47.000,24.579,80.000,-0.118,26.253,0.263
a,200500,47.000,24.584,80.000,-0.225,29.398,-0.180
a,200505,47.000,24.617,80.000,-0.011,28.039,0.736
a,200510,47.000,24.718,80.000,0.477,27.948,0.934
a,200515,47.000,24.508,80.000,-1.843,27.215,1.912
a,200520,47.000,24.577,80.000,0.218,29.429,2.370
a,200525,47.000,24.516,80.000,-0.775,29.398,-1.386
a,200530,47.000,24.826,80.000,1.973,29.444,-1.295
a,200535,47.000,25.029,80.000,1.134,29.138,0.660
a,200540,47.000,25.202,80.000,0.889,28.070,0.736
a,200545,47.000,25.048,80.000,-1.553,27.703,0.431
a,200550,47.000,25.242,80.000,1.027,27.551,-0.424
a,200555,47.000,25.254,80.000,-0.362,28.619,3.759
a,200560,47.000,25.386,80.000,0.538,26.589,-0.211
a,200565,47.000,25.351,80.000,-0.759,29.154,-0.088
a,200570,47.000,25.532,80.000,0.859,28.146,0.828
a,200575,47.000,25.553,80.000,-0.378,29.062,-0.226
a,200580,47.000,25.512,80.000,-0.805,25.581,1.469
a,200585,47.000,25.666,80.000,0.615,27.902,-0.943
a,200590,47.000,25.743,80.000,0.019,27.291,3.087
a,200595,47.000,25.781,80.000,-0.301,28.528,2.308
a,200600,47.000,25.623,80.000,-1.752,27.077,-1.447
a,200605,47.000,25.702,80.000,0.004,28.253,-0.730
a,200610,47.000,25.581,80.000,-1.492,27.795,-3.692
a,200615,47.000,25.684,80.000,0.157,29.093,2.736
a,200620,47.000,25.680,80.000,-0.653,29.154,6.828
a,200625,47.000,25.752,80.000,-0.088,28.253,1.026
a,200630,47.000,25.613,80.000,-1.675,28.436,-2.898
a,200635,47.000,25.665,80.000,-0.240,27.826,1.866
a,200640,47.000,25.690,80.000,-0.454,28.085,2.141
a,200645,47.000,25.802,80.000,0.187,27.306,0.461
a,200650,47.000,25.868,80.000,-0.195,28.940,-0.714
a,200655,47.000,25.783,80.000,-1.309,27.032,0.644
a,200660,47.000,25.873,80.000,-0.027,28.909,-2.608
a,200665,47.000,25.796,80.000,-1.263,27.154,-0.898
a,200670,47.000,26.081,80.000,1.393,29.413,-1.218
a,200675,47.000,26.082,80.000,-0.729,27.841,2.247
a,200680,47.000,26.170,80.000,-0.088,27.108,-1.218
a,200685,47.000,25.963,80.000,-2.301,28.177,-1.264
a,200690,47.000,25.930,80.000,-0.988,28.253,-1.050
a,200695,47.000,25.933,80.000,-0.759,30.680,-2.592
a,200700,47.000,25.913,80.000,-0.927,29.291,-0.073
a,200705,47.000,25.836,80.000,-1.355,30.375,1.301
a,200710,47.000,25.874,80.000,-0.515,30.650,-0.317
a,200715,47.000,25.726,80.000,-1.874,28.879,0.812
a,200720,47.000,25.835,80.000,0.034,29.291,-1.035
a,200725,47.000,25.688,80.000,-1.874,28.467,2.034
a,200730,47.000,25.765,80.000,-0.210,28.360,2.461
a,200735,47.000,25.545,80.000,-2.393,26.696,-0.302
a,200741,47.000,25.374,80.000,-2.011,26.146,1.011
a,200745,47.000,25.444,80.000,-0.240,28.467,0.278
a,200750,47.000,25.632,80.000,0.615,28.284,0.873
a,200755,47.000,25.846,80.000,0.783,29.062,1.774
a,200760,47.000,25.842,80.000,-0.851,27.169,-0.791
a,200765,47.000,25.871,80.000,-0.622,28.222,1.270
a,200770,47.000,25.985,80.000,0.004,27.658,-3.875
a,200775,47.000,25.902,80.000,-1.477,27.658,-0.653
a,200780,47.000,26.116,80.000,0.722,28.604,-2.043
a,200785,47.000,25.977,80.000,-1.920,28.192,2.858
a,200790,47.000,26.013,80.000,-0.622,28.558,1.133
a,200795,47.000,25.798,80.000,-2.500,29.337,-0.180
a,200800,47.000,25.760,80.000,-1.172,29.398,-0.409
a,200805,47.000,25.673,80.000,-1.538,29.932,-0.714
a,200810,47.000,25.672,80.000,-0.882,28.436,-1.676
a,200815,47.000,25.437,80.000,-2.622,28.528,3.377
a,200821,47.000,25.221,80.000,-2.454,27.734,0.705
a,200825,47.000,25.041,80.000,-2.179,29.306,0.904
a,200830,47.000,24.711,80.000,-3.263,27.734,0.797
a,200835,47.000,24.749,80.000,-0.530,29.429,-0.806
a,200840,47.000,24.716,80.000,-1.065,29.688,0.705
a,200845,47.000,24.563,80.000,-1.950,28.665,2.751
a,200850,47.000,24.308,80.000,-2.698,28.742,-0.791
a,200855,47.000,24.145,80.000,-1.996,29.398,-1.401
a,200860,47.000,23.866,80.000,-2.836,28.253,0.797
a,200865,47.000,23.903,80.000,-0.469,28.497,0.965
a,200870,47.000,23.455,80.000,-4.072,28.116,1.805
a,200875,47.000,23.079,80.000,-3.492,27.734,3.667
a,200881,47.000,22.625,80.000,-4.042,27.948,2.629
a,200885,47.000,21.985,80.000,-5.370,27.917,2.828
a,200890,47.000,21.614,80.000,-3.324,28.360,-2.974
a,200895,47.000,21.139,80.000,-4.072,29.184,-0.501
a,200900,47.000,20.692,80.000,-3.798,27.688,0.079
a,200905,47.000,20.313,80.000,-3.263,27.795,1.255
a,200910,47.000,20.075,80.000,-2.164,26.161,-3.462
a,200915,47.000,19.817,80.000,-2.301,25.887,4.828
a,200920,47.000,19.445,80.000,-3.095,23.612,1.377
a,200925,47.000,19.177,80.000,-2.286,23.062,-0.470
a,200930,47.000,18.764,80.000,-3.340,22.192,1.942
a,200935,47.000,18.568,80.000,-1.691,21.551,-1.050
a,200940,47.000,18.241,80.000,-2.637,20.513,1.820
a,200945,47.000,18.073,80.000,-1.446,21.077,-0.745
a,200950,47.000,17.730,80.000,-2.744,21.597,0.507
a,200955,47.000,17.232,80.000,-3.843,19.749,1.835
a,200960,47.000,16.947,80.000,-2.256,22.421,-0.424
a,200965,47.000,16.436,80.000,-3.889,20.314,0.247
a,200970,47.000,16.196,80.000,-1.859,21.352,-0.302
a,200975,47.000,15.658,80.000,-4.042,21.077,2.202
a,200980,47.000,15.143,80.000,-3.798,18.222,2.583
a,200985,47.000,14.708,80.000,-3.187,20.375,-2.211
a,200990,47.000,14.159,80.000,-3.966,17.597,-0.027
a,200995,47.000,14.012,80.000,-0.958,18.742,-1.859
a,201000,47.000,13.557,80.000,-3.248,18.848,1.438
a,201005,47.000,13.137,80.000,-2.897,14.406,-0.653
a,201011,47.000,12.894,80.000,-1.584,16.955,-1.081
a,201015,47.000,12.432,80.000,-3.172,14.070,-0.333
a,201020,47.000,12.280,80.000,-0.836,14.207,-3.172
a,201025,47.000,12.064,80.000,-1.340,16.146,1.011
a,201030,47.000,11.523,80.000,-3.706,13.016,1.728
a,201035,47.000,11.229,80.000,-1.828,12.421,-0.623
a,201040,47.000,10.854,80.000,-2.439,14.100,-2.898
a,201045,47.000,10.400,80.000,-2.973,12.177,-0.424
a,201050,47.000,9.995,80.000,-2.591,13.368,0.141
a,201055,47.000,9.275,80.000,-4.897,12.497,-0.150
a,201060,47.000,8.735,80.000,-3.477,10.894,0.232
a,201065,47.000,8.313,80.000,-2.591,12.848,-1.310
a,201070,47.000,7.658,80.000,-4.271,11.383,-1.508
a,201075,47.000,7.111,80.000,-3.416,10.726,-0.333
a,201080,47.000,6.440,80.000,-4.286,9.917,-3.050
a,201085,47.000,5.789,80.000,-4.057,8.177,-3.462
a,201090,47.000,5.429,80.000,-1.859,8.513,-1.569
a,201095,47.000,4.720,80.000,-4.408,6.543,-0.837
a,201101,47.000,4.025,80.000,-4.225,4.100,-1.432
a,201105,47.000,3.467,80.000,-3.172,6.253,-1.035
a,201110,47.000,2.888,80.000,-3.278,4.619,1.377
a,201115,47.000,2.596,80.000,-1.095,3.688,-0.867
a,201120,47.000,2.155,80.000,-2.225,5.627,0.690
a,201125,47.000,1.427,80.000,-4.286,2.146,2.018
a,201130,47.000,0.974,80.000,-2.225,5.322,1.499
a,201135,47.000,0.388,80.000,-3.156,2.222,4.904
a,201140,47.000,-0.078,80.000,-2.225,1.993,0.278
a,201145,47.000,-0.821,80.000,-4.256,1.993,-3.905
a,201150,47.000,-1.538,80.000,-4.011,2.421,3.301
a,201155,47.000,-1.737,80.000,-0.133,3.200,1.805
a,201160,47.000,-2.412,80.000,-3.630,0.451,2.324
a,201165,47.000,-3.166,80.000,-4.149,-1.472,0.858
a,201170,47.000,-3.695,80.000,-2.424,-2.251,0.660
a,201175,47.000,-4.048,80.000,-1.111,0.116,1.102
a,201180,47.000,-4.681,80.000,-3.141,-3.121,-3.447
a,201185,47.000,-4.975,80.000,-0.576,-3.976,0.904
a,201190,47.000,-5.597,80.000,-3.004,-4.907,-1.264
a,201195,47.000,-5.889,80.000,-0.500,-5.900,-4.058
a,201200,47.000,-6.088,80.000,0.172,-4.846,-1.401
a,201205,47.000,-6.492,80.000,-1.340,-5.961,0.308
a,201210,47.000,-6.863,80.000,-1.065,-7.610,0.263
a,201215,47.000,-7.023,80.000,0.508,-7.655,0.217
a,201220,47.000,-7.266,80.000,-0.103,-8.862,3.850
a,201225,47.000,-7.500,80.000,-0.027,-10.312,1.576
a,201230,47.000,-7.478,80.000,1.867,-10.709,1.133
a,201235,47.000,-7.480,80.000,1.653,-10.190,1.072
a,201240,47.000,-7.792,80.000,-0.653,-12.694,2.705
a,201245,47.000,-7.794,80.000,1.638,-11.121,4.415
a,201250,47.000,-7.856,80.000,1.149,-10.358,-1.203
a,201255,47.000,-7.940,80.000,0.966,-11.136,-0.440
a,201260,47.000,-8.304,80.000,-1.141,-9.564,-0.119
a,201265,47.000,-8.648,80.000,-0.958,-11.411,1.225
a,201270,47.000,-8.871,80.000,-0.088,-8.999,-1.096
a,201275,47.000,-9.384,80.000,-2.210,-11.136,-0.012
a,201280,47.000,-9.631,80.000,-0.225,-10.083,1.011
a,201285,47.000,-10.246,80.000,-2.943,-10.602,0.538
a,201290,47.000,-10.577,80.000,-0.790,-12.007,3.255
a,201296,47.000,-10.831,80.000,-0.195,-12.526,-2.012
a,201300,47.000,-11.253,80.000,-1.446,-12.831,0.828
a,201305,47.000,-11.510,80.000,-0.195,-13.564,1.408
a,201310,47.000,-11.946,80.000,-1.523,-13.106,1.759
a,201315,47.000,-12.285,80.000,-0.759,-15.762,0.385
a,201320,47.000,-12.434,80.000,0.645,-14.205,0.064
a,201325,47.000,-12.839,80.000,-1.248,-15.625,1.392
a,201330,47.000,-13.194,80.000,-0.866,-15.915,0.217
a,201335,47.000,-13.463,80.000,-0.225,-14.892,-0.669
a,201340,47.000,-13.733,80.000,-0.210,-16.739,1.805
a,201345,47.000,-13.765,80.000,1.546,-16.327,1.820
a,201350,47.000,-14.087,80.000,-0.622,-16.892,2.079
a,201355,47.000,-14.313,80.000,0.126,-18.938,1.133
a,201360,47.000,-14.528,80.000,0.187,-17.823,-2.485
a,201365,47.000,-14.754,80.000,0.111,-19.075,-1.447
a,201370,47.000,-14.790,80.000,1.500,-17.762,2.370
a,201375,47.000,-15.083,80.000,-0.408,-19.152,1.179
a,201380,47.000,-15.360,80.000,-0.271,-20.327,2.583
a,201385,47.000,-15.615,80.000,-0.133,-18.236,2.049
a,201390,47.000,-15.874,80.000,-0.133,-20.327,-3.401
a,201395,47.000,-15.892,80.000,1.653,-20.739,1.454
a,201400,47.000,-15.990,80.000,1.027,-19.426,-0.348
a,201405,47.000,-16.326,80.000,-0.729,-22.190,3.102
a,201410,47.000,-16.372,80.000,1.424,-21.839,-0.867
a,201415,47.000,-16.321,80.000,2.111,-20.251,-0.379
a,201420,47.000,-16.231,80.000,2.386,-22.297,1.896
a,201425,47.000,-16.084,80.000,2.767,-22.495,1.194
a,201430,47.000,-16.250,80.000,0.431,-24.205,0.232
a,201435,47.000,-16.162,80.000,2.294,-22.953,0.034
a,201440,47.000,-15.949,80.000,3.149,-20.403,2.828
a,201445,47.000,-15.835,80.000,2.401,-23.121,-0.592
a,201450,47.000,-15.608,80.000,3.195,-22.632,3.072
a,201455,47.000,-15.629,80.000,1.317,-23.716,0.889
a,201460,47.000,-15.292,80.000,3.928,-21.594,1.591
a,201465,47.000,-15.089,80.000,2.889,-23.197,4.370
a,201470,47.000,-14.885,80.000,2.828,-21.243,3.072
a,201475,47.000,-14.972,80.000,0.645,-22.388,1.133
a,201480,47.000,-14.614,80.000,3.912,-21.167,-2.577
a,201485,47.000,-14.525,80.000,1.867,-21.701,1.866
a,201490,47.000,-14.152,80.000,3.958,-22.984,-0.180
a,201495,47.000,-13.727,80.000,4.279,-22.923,-0.546
a,201500,47.000,-13.584,80.000,2.111,-21.869,0.873
a,201505,47.000,-13.506,80.000,1.607,-23.472,2.247
a,201510,47.000,-13.291,80.000,2.569,-20.571,-1.859
a,201515,47.000,-13.125,80.000,2.172,-21.091,-0.195
a,201520,47.000,-12.727,80.000,3.851,-20.327,1.072
a,201525,47.000,-12.610,80.000,1.714,-21.197,1.912
a,201530,47.000,-12.434,80.000,2.111,-20.190,-0.867
a,201535,47.000,-12.303,80.000,1.729,-19.396,-1.233
a,201540,47.000,-11.834,80.000,4.218,-20.052,0.385
a,201545,47.000,-11.640,80.000,2.111,-19.976,0.736
a,201550,47.000,-11.437,80.000,2.172,-22.281,0.797
a,201555,47.000,-11.135,80.000,2.844,-19.839,0.049
a,201560,47.000,-10.949,80.000,1.943,-20.602,0.782
a,201565,47.000,-10.696,80.000,2.416,-21.228,0.263
a,201570,47.000,-10.519,80.000,1.790,-19.426,2.385
a,201575,47.000,-10.440,80.000,1.027,-18.373,2.324
a,201581,47.000,-10.418,80.000,0.584,-18.266,0.110
a,201585,47.000,-10.427,80.000,0.294,-14.403,1.545
a,201590,47.000,-10.368,80.000,0.783,-13.884,1.591
a,201595,47.000,-10.593,80.000,-1.355,-12.556,2.553
a,201600,47.000,-10.910,80.000,-2.011,-12.907,0.965
a,201605,47.000,-11.116,80.000,-1.172,-12.526,0.858
a,201611,47.000,-11.123,80.000,0.340,-13.747,-0.653
a,201615,47.000,-11.007,80.000,1.271,-16.159,0.171
a,201620,47.000,-10.973,80.000,0.645,-16.877,2.308
a,201625,47.000,-11.110,80.000,-0.607,-19.381,0.705
a,201630,47.000,-11.141,80.000,0.187,-19.106,1.057
a,201635,47.000,-11.117,80.000,0.554,-16.251,1.102
a,201640,47.000,-11.172,80.000,-0.057,-15.152,-0.714
a,201645,47.000,-11.119,80.000,0.722,-13.778,0.675
a,201650,47.000,-11.040,80.000,0.889,-13.121,3.087
a,201655,47.000,-10.919,80.000,1.195,-13.457,1.637
a,201660,47.000,-10.884,80.000,0.538,-14.205,1.728
a,201665,47.000,-10.792,80.000,0.981,-16.877,2.385
a,201670,47.000,-10.653,80.000,1.302,-16.113,0.370
a,201675,47.000,-10.708,80.000,-0.164,-15.976,2.431
a,201680,47.000,-10.485,80.000,1.897,-15.640,2.599
a,201685,47.000,-10.359,80.000,1.134,-14.968,0.690
a,201690,47.000,-10.090,80.000,2.187,-16.281,1.484
a,201696,47.000,-9.769,80.000,2.523,-15.136,0.461
a,201700,47.000,-9.772,80.000,0.111,-16.846,-0.440
a,201705,47.000,-9.511,80.000,2.050,-14.862,1.057
a,201710,47.000,-9.485,80.000,0.309,-16.846,0.644
a,201715,47.000,-9.194,80.000,2.279,-16.632,1.408
a,201720,47.000,-9.060,80.000,1.057,-13.610,1.057
a,201725,47.000,-9.050,80.000,0.157,-15.701,1.255
a,201730,47.000,-8.829,80.000,1.683,-12.877,-2.623
a,201735,47.000,-8.874,80.000,-0.286,-13.289,-1.936
a,201740,47.000,-8.726,80.000,1.164,-14.556,-2.531
a,201745,47.000,-8.497,80.000,1.714,-10.678,1.759
a,201750,47.000,-8.593,80.000,-0.683,-13.350,0.339
a,201755,47.000,-8.405,80.000,1.439,-13.564,2.476
a,201760,47.000,-7.965,80.000,3.271,-10.984,-2.150
a,201765,47.000,-7.791,80.000,1.271,-12.862,1.225
a,201770,47.000,-7.627,80.000,1.210,-14.022,0.751
a,201775,47.000,-7.435,80.000,1.378,-12.281,0.018
a,201780,47.000,-7.437,80.000,-0.057,-13.396,-2.485
a,201785,47.000,-7.101,80.000,2.416,-9.900,1.102
a,201790,47.000,-7.098,80.000,-0.103,-7.884,3.148
a,201795,47.000,-7.297,80.000,-1.523,-13.686,-0.195
a,201800,47.000,-7.216,80.000,0.554,-11.274,-2.302
a,201805,47.000,-7.014,80.000,1.424,-8.694,0.797
a,201810,47.000,-7.004,80.000,0.019,-11.961,0.904
a,201815,47.000,-6.749,80.000,1.836,-11.335,1.072
a,201820,47.000,-6.654,80.000,0.660,-13.686,-1.004
a,201825,47.000,-6.205,80.000,3.256,-11.716,1.591
a,201830,47.000,-5.729,80.000,3.409,-11.136,0.904
a,201835,47.000,-5.497,80.000,1.561,-11.518,0.125
a,201840,47.000,-5.284,80.000,1.409,-12.068,0.599
a,201845,47.000,-5.102,80.000,1.118,-8.800,-0.638
a,201850,47.000,-4.989,80.000,0.630,-10.923,1.667
a,201855,47.000,-4.644,80.000,2.325,-9.121,0.354
a,201860,47.000,-4.823,80.000,-1.553,-11.900,1.438
a,201865,47.000,-4.528,80.000,1.943,-8.510,0.064
a,201870,47.000,-4.388,80.000,0.752,-6.602,1.423
a,201875,47.000,-4.394,80.000,-0.317,-8.251,-1.340
a,201880,47.000,-4.356,80.000,0.050,-10.190,0.889
a,201885,47.000,-4.579,80.000,-1.904,-8.556,1.530
a,201890,47.000,-4.507,80.000,0.309,-7.900,1.118
a,201895,47.000,-4.405,80.000,0.538,-8.083,-4.348
a,201900,47.000,-4.592,80.000,-1.614,-7.671,-0.012
a,201905,47.000,-4.638,80.000,-0.515,-9.258,-0.379
a,201910,47.000,-4.581,80.000,0.233,-7.518,-0.669
a,201915,47.000,-4.684,80.000,-0.943,-7.274,1.973
a,201920,47.000,-4.428,80.000,1.729,-7.289,0.141
a,201925,47.000,-4.485,80.000,-0.591,-8.174,2.064
a,201930,47.000,-4.390,80.000,0.538,-7.961,-0.394
a,201935,47.000,-4.429,80.000,-0.469,-6.678,-1.600
a,201940,47.000,-4.477,80.000,-0.485,-9.426,0.782
a,201945,47.000,-4.254,80.000,1.500,-6.953,1.530
a,201950,47.000,-4.497,80.000,-1.920,-10.739,-0.501
a,201955,47.000,-4.547,80.000,-0.485,-8.907,1.667
a,201960,47.000,-4.609,80.000,-0.576,-6.541,-0.363
a,201965,47.000,-4.748,80.000,-1.126,-7.793,-0.806
a,201970,47.000,-4.502,80.000,1.744,-7.060,-2.653
a,201975,47.000,-4.513,80.000,-0.179,-7.503,2.904
a,201980,47.000,-4.454,80.000,0.355,-8.205,2.278
a,201986,47.000,-4.158,80.000,2.111,-7.747,-1.554
a,201990,47.000,-4.203,80.000,-0.454,-7.365,2.980
a,201995,47.000,-3.796,80.000,2.905,-6.541,0.095
a,202000,47.000,-3.740,80.000,0.263,-7.136,2.324
a,202005,47.000,-3.569,80.000,1.134,-7.961,2.339
a,202010,47.000,-3.579,80.000,-0.256,-5.518,-1.875
a,202015,47.000,-3.640,80.000,-0.622,-5.381,0.171
a,202020,47.000,-3.348,80.000,2.004,-5.411,1.637
a,202025,47.000,-3.437,80.000,-0.836,-6.007,3.225
a,202030,47.000,-3.385,80.000,0.248,-7.549,-2.211
a,202035,47.000,-3.370,80.000,-0.057,-5.243,0.217
a,202040,47.000,-3.354,80.000,-0.011,-8.129,0.538
a,202045,47.000,-3.079,80.000,1.882,-5.197,-1.997
a,202050,47.000,-3.074,80.000,-0.133,-6.144,2.064
a,202055,47.000,-3.054,80.000,0.004,-7.549,2.049
a,202060,47.000,-3.125,80.000,-0.683,-6.632,-0.073
a,202065,47.000,-3.152,80.000,-0.332,-7.136,-1.768
a,202070,47.000,-2.852,80.000,2.080,-5.594,-2.104
a,202075,47.000,-2.832,80.000,-0.027,-5.472,2.721
a,202080,47.000,-2.753,80.000,0.431,-6.495,2.538
a,202085,47.000,-2.864,80.000,-0.988,-5.335,0.767
a,202090,47.000,-2.737,80.000,0.798,-6.465,-2.012
a,202095,47.000,-2.456,80.000,1.912,-4.297,-0.684
a,202100,47.000,-2.321,80.000,0.813,-4.923,1.591
a,202105,47.000,-2.171,80.000,0.905,-4.862,-4.073
a,202110,47.000,-2.278,80.000,-1.004,-4.846,-3.401
a,202115,47.000,-2.033,80.000,1.638,-5.778,-2.027
a,202120,47.000,-1.792,80.000,1.561,-3.778,-1.661
a,202125,47.000,-1.735,80.000,0.202,-5.945,1.225
a,202130,47.000,-1.628,80.000,0.554,-4.510,-1.020
a,202135,47.000,-1.764,80.000,-1.233,-5.869,1.011
a,202140,47.000,-1.620,80.000,0.859,-6.007,0.767
a,202145,47.000,-1.468,80.000,0.905,-4.953,-3.279
a,202150,47.000,-1.358,80.000,0.584,-5.060,-1.264
a,202155,47.000,-1.076,80.000,1.836,-4.052,0.828
a,202160,47.000,-1.274,80.000,-1.737,-5.106,1.728
a,202165,47.000,-1.112,80.000,0.981,-6.159,-3.050
a,202170,47.000,-0.850,80.000,1.668,-2.999,-1.417
a,202175,47.000,-0.741,80.000,0.538,-4.968,0.812
a,202180,47.000,-0.577,80.000,0.920,-3.594,1.881
a,202185,47.000,-0.718,80.000,-1.340,-4.129,-0.485
a,202190,47.000,-0.598,80.000,0.615,-4.465,-1.905
a,202195,47.000,-0.388,80.000,1.241,-1.060,0.125
a,202200,47.000,-0.347,80.000,0.004,-4.159,3.408
a,202205,47.000,-0.245,80.000,0.447,-2.877,-2.195
a,202210,47.000,-0.286,80.000,-0.607,-4.083,0.064
a,202215,47.000,-0.206,80.000,0.309,-4.617,-1.478
a,202220,47.000,-0.320,80.000,-1.141,-3.839,3.057
a,202225,47.000,-0.214,80.000,0.492,-2.113,-1.921
a,202230,47.000,-0.484,80.000,-2.301,-2.495,1.530
a,202235,47.000,-0.611,80.000,-1.202,-2.144,0.904
a,202240,47.000,-0.544,80.000,0.248,-1.686,-2.119
a,202246,47.000,-0.612,80.000,-0.744,-2.068,-0.256
a,202250,47.000,-0.659,80.000,-0.591,-1.029,2.858
a,202255,47.000,-0.816,80.000,-1.385,-2.007,2.858
a,202260,47.000,-0.867,80.000,-0.576,-2.342,0.705
a,202265,47.000,-1.104,80.000,-1.935,-2.388,-0.180
a,202270,47.000,-1.040,80.000,0.309,-1.228,-1.249
a,202275,47.000,-0.920,80.000,0.737,-2.587,1.637
a,202280,47.000,-0.980,80.000,-0.622,-1.335,1.774
a,202285,47.000,-1.072,80.000,-0.820,-3.228,-0.791
a,202290,47.000,-1.208,80.000,-1.156,-1.381,-1.111
a,202295,47.000,-1.185,80.000,0.065,-3.213,-0.088
a,202300,47.000,-1.132,80.000,0.263,-1.167,0.507
a,202305,47.000,-0.920,80.000,1.439,-1.136,1.759
a,202310,47.000,-0.998,80.000,-0.729,-1.335,2.415
a,202316,47.000,-0.983,80.000,-0.027,-1.900,1.652
a,202320,47.000,-1.253,80.000,-2.118,-2.724,1.118
a,202325,47.000,-1.343,80.000,-0.744,-3.121,1.026
a,202330,47.000,-1.505,80.000,-1.294,-1.274,4.873
a,202335,47.000,-1.461,80.000,0.279,-2.388,-0.531
a,202340,47.000,-1.497,80.000,-0.332,-1.991,0.324
a,202345,47.000,-1.499,80.000,-0.072,-1.610,2.751
a,202350,47.000,-1.638,80.000,-1.080,-2.312,2.049
a,202355,47.000,-1.748,80.000,-0.866,-0.373,-3.401
a,202360,47.000,-1.761,80.000,-0.118,-1.442,-1.539
a,202365,47.000,-1.638,80.000,0.889,-0.984,1.683
a,202370,47.000,-1.563,80.000,0.523,-1.655,-1.218
a,202375,47.000,-1.576,80.000,-0.133,-1.762,0.263
a,202380,47.000,-1.525,80.000,0.340,-1.274,0.446
a,202385,47.000,-1.543,80.000,-0.164,-2.174,0.049
a,202390,47.000,-1.648,80.000,-0.820,-0.648,0.370
a,202395,47.000,-1.499,80.000,1.073,-0.709,0.476
a,202400,47.000,-1.566,80.000,-0.515,-2.663,1.423
a,202405,47.000,-1.576,80.000,-0.103,-1.228,1.713
a,202410,47.000,-1.838,80.000,-1.950,-2.632,2.034
a,202415,47.000,-1.731,80.000,0.798,-1.197,-0.852
a,202420,47.000,-1.843,80.000,-0.805,-3.594,1.805
a,202425,47.000,-1.648,80.000,1.454,-1.442,0.278
a,202430,47.000,-1.802,80.000,-1.141,-2.037,-0.302
a,202435,47.000,-1.735,80.000,0.508,-1.426,1.484
a,202440,47.000,-2.032,80.000,-2.179,-2.739,-0.317
a,202445,47.000,-1.945,80.000,0.691,-1.930,-0.913
a,202450,47.000,-2.134,80.000,-1.355,-2.923,2.156
a,202455,47.000,-1.876,80.000,1.973,-1.518,-2.073
a,202460,47.000,-2.015,80.000,-1.004,-1.991,1.301
a,202465,47.000,-1.985,80.000,0.263,-1.121,0.996
a,202470,47.000,-2.162,80.000,-1.294,0.192,-1.707
a,202475,47.000,-2.121,80.000,0.370,-1.961,-1.982
a,202480,47.000,-2.132,80.000,-0.042,0.055,-0.165
a,202485,47.000,-2.120,80.000,0.157,-1.762,-0.485
a,202490,47.000,-2.169,80.000,-0.317,-0.510,-1.600
a,202495,47.000,-2.511,80.000,-2.454,-3.258,-0.424
a,202500,47.000,-2.550,80.000,-0.195,-0.159,-1.508
a,202505,47.000,-2.852,80.000,-2.118,-2.556,1.347
a,202510,47.000,-2.749,80.000,0.905,-1.167,-3.997
a,202515,47.000,-2.961,80.000,-1.446,-0.617,5.637
a,202520,47.000,-3.059,80.000,-0.576,-1.549,-0.852
a,202525,47.000,-3.304,80.000,-1.645,-1.411,-2.455
a,202530,47.000,-3.384,80.000,-0.378,-3.350,-2.455
a,202535,47.000,-3.362,80.000,0.370,-2.007,-0.608
a,202540,47.000,-3.519,80.000,-0.943,-3.152,2.919
a,202545,47.000,-3.624,80.000,-0.561,-2.113,-0.760
a,202550,47.000,-3.974,80.000,-2.347,-3.167,0.843
a,202555,47.000,-3.922,80.000,0.676,-3.320,-3.004
a,202560,47.000,-3.966,80.000,-0.057,-2.862,-0.623
a,202565,47.000,-4.094,80.000,-0.668,-3.152,-2.592
a,202570,47.000,-4.233,80.000,-0.744,-2.862,-1.905
a,202575,47.000,-4.370,80.000,-0.714,-2.800,-2.027
a,202580,47.000,-4.565,80.000,-1.126,-3.182,-1.936
a,202585,47.000,-4.807,80.000,-1.477,-1.442,-0.867
a,202591,47.000,-5.016,80.000,-1.172,-3.854,1.057
a,202595,47.000,-5.065,80.000,0.019,-3.106,-0.119
a,202600,47.000,-5.321,80.000,-1.477,-6.266,-0.027
a,202605,47.000,-5.154,80.000,1.683,-5.655,-2.867
a,202610,47.000,-5.137,80.000,0.584,-8.587,1.026
a,202615,47.000,-4.897,80.000,2.218,-7.900,0.629
a,202620,47.000,-4.896,80.000,0.431,-9.289,2.690
a,202625,47.000,-4.822,80.000,0.996,-10.816,-0.333
a,202630,47.000,-4.392,80.000,3.592,-8.999,-2.241
a,202635,47.000,-4.096,80.000,2.554,-9.106,1.805
a,202640,47.000,-3.904,80.000,1.729,-7.518,-2.287
a,202645,47.000,-3.921,80.000,0.141,-6.510,-2.363
a,202650,47.000,-3.781,80.000,1.317,-7.884,0.079
a,202655,47.000,-3.750,80.000,0.462,-4.709,1.560
a,202660,47.000,-3.681,80.000,0.767,-7.411,-0.592
a,202665,47.000,-3.356,80.000,2.676,-8.694,-2.317
a,202670,47.000,-3.315,80.000,0.554,-10.465,-1.951
a,202675,47.000,-2.858,80.000,3.592,-7.258,-0.165
a,202680,47.000,-2.685,80.000,1.454,-9.396,-0.516
a,202685,47.000,-2.158,80.000,4.050,-8.144,-1.814
a,202690,47.000,-1.879,80.000,2.126,-5.869,2.583
a,202695,47.000,-1.642,80.000,1.790,-6.602,1.423
a,202700,47.000,-1.324,80.000,2.355,-5.442,-0.928
a,202705,47.000,-1.263,80.000,0.447,-7.930,-0.974
a,202710,47.000,-0.783,80.000,3.515,-5.716,0.889
a,202715,47.000,-0.268,80.000,3.714,-4.862,0.690
a,202720,47.000,-0.008,80.000,1.790,-6.327,3.270
a,202725,47.000,0.397,80.000,2.844,-7.121,-0.974
a,202730,47.000,0.473,80.000,0.370,-7.518,0.476
a,202735,47.000,0.549,80.000,0.370,-7.503,-1.386
a,202740,47.000,0.666,80.000,0.599,-2.068,-2.608
a,202745,47.000,0.639,80.000,-0.469,-2.388,0.873
a,202751,47.000,0.546,80.000,-0.958,-1.274,-2.241
a,202755,47.000,0.277,80.000,-2.271,-0.022,-0.501
a,202760,47.000,0.249,80.000,-0.439,-0.022,-1.875
a,202765,47.000,0.241,80.000,-0.317,2.390,2.354
a,202770,47.000,-0.076,80.000,-2.591,1.474,-0.165
a,202775,47.000,-0.121,80.000,-0.500,-1.136,-3.905
a,202780,47.000,-0.106,80.000,-0.042,-1.930,-0.837
a,202785,47.000,-0.108,80.000,-0.164,-2.144,1.194
a,202790,47.000,0.018,80.000,0.798,-2.449,-1.081
a,202795,47.000,-0.080,80.000,-0.897,-0.602,1.072
a,202800,47.000,0.045,80.000,0.767,-0.816,-1.798
a,202805,47.000,-0.066,80.000,-1.004,0.711,2.446
a,202810,47.000,-0.057,80.000,-0.088,-0.373,-0.440
a,202815,47.000,-0.081,80.000,-0.347,1.306,2.522
a,202820,47.000,-0.220,80.000,-1.172,-1.167,0.568
a,202825,47.000,-0.214,80.000,-0.088,-0.129,1.392
a,202830,47.000,-0.257,80.000,-0.439,-0.755,-5.004
a,202835,47.000,-0.076,80.000,1.241,-1.365,-1.676
a,202840,47.000,-0.127,80.000,-0.515,-0.617,0.583
a,202845,47.000,-0.124,80.000,-0.088,-1.472,1.438
a,202851,47.000,-0.092,80.000,0.111,-0.678,-0.531
a,202856,47.000,-0.149,80.000,-0.530,-1.610,-2.241
a,202860,47.000,-0.001,80.000,0.981,-0.251,-3.066
a,202865,47.000,0.089,80.000,0.538,-0.846,0.308
a,202870,47.000,0.263,80.000,1.149,0.024,-2.241
a,202875,47.000,0.079,80.000,-1.523,-0.571,0.431
a,202880,47.000,0.132,80.000,0.279,-1.243,-2.119
a,202885,47.000,0.179,80.000,0.187,1.444,0.950
a,202890,47.000,0.186,80.000,-0.088,-0.495,0.828
a,202895,47.000,0.153,80.000,-0.378,-0.113,-0.455
a,202900,47.000,-0.116,80.000,-2.118,-0.678,2.370
a,202905,47.000,-0.051,80.000,0.370,0.360,-1.585
a,202910,47.000,-0.058,80.000,-0.164,0.925,1.301
a,202915,47.000,0.123,80.000,1.241,-0.266,1.011
a,202920,47.000,0.105,80.000,-0.256,0.009,-0.837
a,202925,47.000,0.072,80.000,-0.332,-2.281,1.194
a,202931,47.000,0.098,80.000,0.111,-2.739,-0.745
a,202935,47.000,0.006,80.000,-0.775,-1.365,-0.577
a,202940,47.000,0.198,80.000,1.317,0.329,3.621
a,202945,47.000,-0.003,80.000,-1.584,-2.037,1.469
a,202950,47.000,-0.052,80.000,-0.469,0.879,-1.386
a,202955,47.000,-0.248,80.000,-1.538,-0.052,-1.859
a,202960,47.000,-0.354,80.000,-0.836,-0.678,4.980
a,202965,47.000,-0.491,80.000,-1.080,1.138,4.324
a,202970,47.000,-0.625,80.000,-0.988,-2.938,0.705
a,202975,47.000,-0.540,80.000,0.615,-0.052,-0.027
a,202980,47.000,-0.500,80.000,0.263,0.894,1.881
a,202985,47.000,-0.242,80.000,1.882,0.116,0.705
a,202990,47.000,-0.067,80.000,1.241,0.009,-0.424
a,202995,47.000,-0.159,80.000,-0.759,-0.022,1.179
a,203000,47.000,-0.199,80.000,-0.347,-0.617,1.988
a,203005,47.000,-0.324,80.000,-0.988,0.467,0.415
a,203010,47.000,-0.161,80.000,1.164,-0.327,2.690
a,203015,47.000,-0.172,80.000,-0.118,-1.381,0.889
a,203020,47.000,-0.101,80.000,0.492,-2.251,-1.753
a,203025,47.000,-0.101,80.000,-0.072,0.497,-3.783
a,203030,47.000,0.031,80.000,0.920,-0.220,-0.073
a,203035,47.000,0.263,80.000,1.622,1.627,3.377
a,203040,47.000,0.268,80.000,-0.057,-0.648,0.996
a,203046,47.000,0.241,80.000,-0.286,-1.091,-0.714
a,203050,47.000,0.104,80.000,-1.111,0.192,0.904
a,203056,47.000,-0.121,80.000,-1.737,-0.999,1.148
a,203060,47.000,-0.042,80.000,0.554,-1.121,-1.279
a,203065,47.000,0.064,80.000,0.722,0.467,-1.172
a,203070,47.000,0.090,80.000,0.141,-1.869,4.217
a,203075,47.000,0.008,80.000,-0.683,0.680,5.912
a,203080,47.000,0.207,80.000,1.409,0.268,-4.104
a,203085,47.000,0.383,80.000,1.210,1.383,0.324
a,203090,47.000,0.470,80.000,0.554,-1.335,-0.119
a,203095,47.000,0.594,80.000,0.813,-0.113,0.934
a,203100,47.000,0.466,80.000,-1.049,-1.228,1.515
a,203105,47.000,0.670,80.000,1.409,-0.602,-3.157
a,203110,47.000,0.729,80.000,0.309,0.085,-0.073
a,203115,47.000,0.664,80.000,-0.607,-0.052,1.133
a,203120,47.000,0.693,80.000,0.080,0.955,1.973
a,203126,47.000,0.806,80.000,0.706,0.787,1.805
a,203130,47.000,0.752,80.000,-0.515,-1.579,0.079
a,203135,47.000,0.936,80.000,1.225,0.787,1.805
a,203140,47.000,1.111,80.000,1.180,-2.007,-1.050
a,203145,47.000,1.302,80.000,1.241,0.543,0.934
a,203150,47.000,1.264,80.000,-0.439,-1.655,-0.546
a,203155,47.000,1.555,80.000,1.973,0.451,-0.333
a,203160,47.000,1.617,80.000,0.248,0.757,-2.531
a,203165,47.000,1.830,80.000,1.378,-0.816,2.324
a,203170,47.000,1.966,80.000,0.752,1.658,-0.165
a,203175,47.000,1.760,80.000,-1.767,-0.434,1.194
a,203180,47.000,1.991,80.000,1.500,-0.190,-1.997
a,203185,47.000,2.070,80.000,0.340,0.711,-0.837
a,203190,47.000,2.237,80.000,1.012,-1.869,-2.119
a,203195,47.000,2.561,80.000,2.126,1.276,-1.157
a,203200,47.000,2.501,80.000,-0.729,-0.892,-2.485
a,203205,47.000,2.797,80.000,1.912,-0.113,-3.692
a,203210,47.000,2.901,80.000,0.431,2.116,0.110
a,203215,47.000,2.976,80.000,0.218,0.986,-2.867
a,203220,47.000,3.213,80.000,1.393,2.925,-2.027
a,203225,47.000,3.156,80.000,-0.805,2.955,-0.791
a,203230,47.000,3.157,80.000,-0.332,0.268,-2.043
a,203235,47.000,3.384,80.000,1.317,2.909,0.431
a,203240,47.000,3.307,80.000,-0.958,2.528,0.705
a,203246,47.000,3.298,80.000,-0.424,1.551,-1.630
a,203250,47.000,3.106,80.000,-1.798,3.123,0.507
a,203256,47.000,2.901,80.000,-1.828,1.978,-2.150
a,203261,47.000,3.094,80.000,1.180,1.719,-1.859
a,203265,47.000,3.088,80.000,-0.271,0.024,0.751
a,203270,47.000,3.059,80.000,-0.408,-0.159,0.232
a,203275,47.000,2.983,80.000,-0.744,1.658,0.385
a,203280,47.000,2.991,80.000,-0.072,0.329,-2.470
a,203285,47.000,3.268,80.000,1.928,2.222,0.293
a,203290,47.000,3.220,80.000,-0.485,2.177,-0.379
a,203295,47.000,3.142,80.000,-0.653,0.222,1.896
a,203300,47.000,3.125,80.000,-0.195,2.467,-1.478
a,203305,47.000,2.956,80.000,-1.263,0.497,-2.669
a,203310,47.000,3.093,80.000,1.027,2.116,1.820
a,203315,47.000,2.869,80.000,-1.630,1.245,-0.363
a,203320,47.000,2.544,80.000,-2.301,-0.923,-0.577
a,203325,47.000,2.529,80.000,0.019,2.116,1.240
a,203330,47.000,2.584,80.000,0.554,2.909,0.644
a,203335,47.000,2.432,80.000,-0.927,0.024,-2.195
a,203340,47.000,2.206,80.000,-1.462,2.314,-2.577
a,203346,47.000,1.833,80.000,-2.500,2.055,0.721
a,203350,47.000,1.644,80.000,-1.049,0.085,-1.524
a,203355,47.000,1.658,80.000,0.462,3.016,-3.722
a,203360,47.000,1.402,80.000,-1.492,0.848,2.095
a,203365,47.000,1.309,80.000,-0.225,-0.358,0.125
a,203370,47.000,1.142,80.000,-0.775,2.177,-0.562
a,203375,47.000,1.132,80.000,0.462,-0.052,-3.737
a,203380,47.000,0.989,80.000,-0.530,1.795,-1.295
a,203385,47.000,0.679,80.000,-1.737,2.009,-0.012
a,203390,47.000,0.631,80.000,0.263,1.337,-0.348
a,203395,47.000,0.494,80.000,-0.378,1.902,0.812
a,203400,47.000,0.180,80.000,-1.630,-0.495,0.736
a,203405,47.000,0.156,80.000,0.569,0.360,1.499
a,203410,47.000,0.109,80.000,0.416,-0.358,-1.921
a,203415,47.000,-0.132,80.000,-0.973,-2.251,-5.264
a,203420,47.000,-0.191,80.000,0.386,0.467,-1.997
a,203425,47.000,-0.043,80.000,1.928,1.993,0.293
a,203430,47.000,-0.367,80.000,-1.569,0.925,2.095
a,203435,47.000,-0.584,80.000,-0.698,-0.984,3.316
a,203440,47.000,-0.817,80.000,-0.790,0.711,1.973
a,203445,47.000,-0.766,80.000,1.347,0.299,-1.890
a,203450,47.000,-0.944,80.000,-0.362,2.680,1.057
a,203455,47.000,-1.347,80.000,-1.966,-0.083,1.362
a,203460,47.000,-1.485,80.000,0.034,1.368,-1.004
a,203465,47.000,-1.942,80.000,-2.286,0.894,-0.088
a,203470,47.000,-2.090,80.000,0.065,0.436,-0.898
a,203475,47.000,-2.153,80.000,0.737,-0.159,-2.256
a,203480,47.000,-2.502,80.000,-1.355,-1.732,0.812
a,203485,47.000,-2.842,80.000,-1.217,-2.877,-2.974
a,203490,47.000,-2.749,80.000,2.019,-1.411,-0.730
a,203495,47.000,-2.870,80.000,0.447,-1.930,-0.775
a,203500,47.000,-2.908,80.000,1.073,-1.961,3.423
a,203505,47.000,-3.147,80.000,-0.378,-3.564,0.278
a,203510,47.000,-3.039,80.000,2.233,-3.732,-2.119
a,203515,47.000,-2.961,80.000,1.989,-2.068,-2.043
a,203520,47.000,-2.982,80.000,1.286,-5.274,4.629
a,203525,47.000,-2.758,80.000,3.088,-3.014,1.973
a,203530,47.000,-2.752,80.000,1.470,-3.610,-4.302
a,203535,47.000,-2.573,80.000,2.767,-5.060,1.179
a,203540,47.000,-2.286,80.000,3.546,-3.762,1.316
a,203545,47.000,-2.316,80.000,1.195,-5.091,3.713
a,203550,47.000,-2.152,80.000,2.630,-4.541,-0.119
a,203555,47.000,-2.226,80.000,0.859,-4.297,-0.348
a,203560,47.000,-2.055,80.000,2.691,-4.190,-3.753
a,203565,47.000,-2.010,80.000,1.729,-3.213,-1.798
a,203570,47.000,-1.897,80.000,2.263,-4.999,-0.791
a,203575,47.000,-1.677,80.000,3.042,-3.778,0.934
a,203580,47.000,-1.699,80.000,1.256,-5.839,1.606
a,203585,47.000,-1.421,80.000,3.470,-3.839,-2.989
a,203590,47.000,-1.248,80.000,2.691,-5.732,-4.333
a,203595,47.000,-0.760,80.000,4.996,-4.266,2.782
a,203600,47.000,-0.406,80.000,3.973,-5.136,-1.340
a,203605,47.000,-0.119,80.000,3.439,-4.648,2.934
a,203610,47.000,0.149,80.000,3.286,-5.442,-2.577
a,203615,47.000,0.311,80.000,2.477,-4.785,-0.928
a,203620,47.000,0.743,80.000,4.477,-4.923,-2.867
a,203625,47.000,1.064,80.000,3.592,-3.396,-2.394
a,203630,47.000,1.693,80.000,5.836,-1.762,2.141
a,203635,47.000,2.104,80.000,4.172,-2.862,0.079
a,203640,47.000,2.514,80.000,4.126,-1.961,3.591
a,203645,47.000,2.852,80.000,3.576,-3.106,0.278
a,203650,47.000,3.358,80.000,4.783,-2.174,-0.989
a,203655,47.000,4.094,80.000,6.447,-2.388,-2.272
a,203660,47.000,4.765,80.000,5.897,-2.495,-0.959
a,203666,47.000,5.478,80.000,6.172,-4.052,-0.653
a,203670,47.000,6.117,80.000,5.561,-4.129,0.018
a,203675,47.000,6.903,80.000,6.569,-1.686,-0.684
a,203680,47.000,7.665,80.000,6.309,-1.060,0.934
a,203685,47.000,8.281,80.000,5.149,-0.022,-0.760
a,203690,47.000,8.901,80.000,5.118,1.413,-0.287
a,203695,47.000,9.611,80.000,5.699,4.314,1.866
a,203700,47.000,10.058,80.000,3.683,5.001,-0.104
a,203705,47.000,10.393,80.000,2.798,7.230,1.576
a,203710,47.000,10.731,80.000,2.798,8.268,3.072
a,203715,47.000,10.773,80.000,0.584,8.726,0.461
a,203720,47.000,10.896,80.000,1.180,10.803,-0.821
a,203725,47.000,10.850,80.000,-0.057,10.787,-0.485
a,203730,47.000,10.910,80.000,0.737,12.177,-2.226
a,203735,47.000,11.101,80.000,1.744,10.803,-2.608
a,203740,47.000,11.321,80.000,1.943,12.299,0.797
a,203745,47.000,11.685,80.000,3.012,12.009,0.385
a,203750,47.000,11.953,80.000,2.279,12.284,1.881
a,203755,47.000,12.128,80.000,1.592,11.627,-1.417
a,203760,47.000,12.502,80.000,3.057,12.528,0.629
a,203765,47.000,12.778,80.000,2.325,12.009,1.179
a,203770,47.000,13.179,80.000,3.225,13.444,0.263
a,203775,47.000,13.425,80.000,2.065,12.421,1.484
a,203780,47.000,13.880,80.000,3.592,14.406,0.263
a,203785,47.000,14.242,80.000,2.874,14.207,0.919
a,203790,47.000,14.534,80.000,2.355,13.200,6.141
a,203795,47.000,14.946,80.000,3.225,13.612,-0.088
a,203800,47.000,15.380,80.000,3.378,13.016,-1.539
a,203805,47.000,15.874,80.000,3.790,14.345,2.308
a,203810,47.000,16.432,80.000,4.233,13.368,2.003
a,203815,47.000,16.962,80.000,3.973,15.764,-0.027
a,203821,47.000,17.586,80.000,4.630,15.291,-0.012
a,203825,47.000,17.873,80.000,2.111,14.268,5.942
a,203830,47.000,18.325,80.000,3.302,15.902,2.293
a,203835,47.000,18.729,80.000,2.920,16.467,0.553
a,203840,47.000,19.155,80.000,3.057,17.276,0.308
a,203845,47.000,19.629,80.000,3.363,19.291,1.973
a,203850,47.000,20.147,80.000,3.668,19.566,4.873
a,203855,47.000,20.417,80.000,1.790,19.856,1.774
a,203860,47.000,20.772,80.000,2.416,20.558,2.324
a,203865,47.000,20.924,80.000,0.889,21.184,2.599
a,203870,47.000,21.303,80.000,2.569,23.077,1.194
a,203875,47.000,21.588,80.000,1.867,22.009,1.744
a,203880,47.000,21.984,80.000,2.660,23.917,3.087
a,203885,47.000,22.317,80.000,2.202,22.085,1.408
a,203890,47.000,22.871,80.000,3.790,26.055,0.247
a,203895,47.000,23.238,80.000,2.386,24.589,3.041
a,203900,47.000,23.682,80.000,2.935,25.245,1.896
a,203905,47.000,24.047,80.000,2.340,24.619,2.003
a,203910,47.000,24.316,80.000,1.607,25.291,-0.669
a,203915,47.000,24.881,80.000,3.790,26.406,-0.363
a,203920,47.000,25.245,80.000,2.248,27.871,0.354
a,203925,47.000,25.643,80.000,2.492,27.200,0.079
a,203930,47.000,25.853,80.000,1.073,28.848,0.828
a,203935,47.000,26.371,80.000,3.317,29.444,-2.821
a,203940,47.000,26.738,80.000,2.126,29.581,-3.279
a,203945,47.000,27.158,80.000,2.462,30.558,-1.325
a,203950,47.000,27.414,80.000,1.164,32.604,2.308
a,203955,47.000,27.656,80.000,1.042,31.047,-2.134
a,203960,47.000,27.844,80.000,0.599,31.795,2.171
a,203965,47.000,28.182,80.000,1.699,30.894,-0.531
a,203970,47.000,28.453,80.000,1.134,32.848,-0.195
a,203975,47.000,29.055,80.000,3.546,33.658,2.370
a,203980,47.000,29.298,80.000,0.828,31.917,3.728
a,203985,47.000,29.675,80.000,1.790,32.528,1.072
a,203990,47.000,29.976,80.000,1.164,33.597,1.927
a,203995,47.000,30.536,80.000,3.042,33.871,0.293
a,204000,47.000,30.836,80.000,1.073,32.009,-0.256
a,204005,47.000,31.519,80.000,3.851,34.451,2.553
a,204010,47.000,32.162,80.000,3.485,33.261,4.202
a,204015,47.000,32.812,80.000,3.470,33.474,-0.638
a,204020,47.000,33.222,80.000,1.622,32.543,0.034
a,204025,47.000,33.889,80.000,3.454,35.123,-2.989
a,204030,47.000,34.410,80.000,2.309,34.497,2.858
a,204035,47.000,35.178,80.000,4.050,36.696,3.270
a,204040,47.000,35.672,80.000,1.958,35.474,2.308
a,204045,47.000,36.324,80.000,3.042,37.948,2.950
a,204050,47.000,36.740,80.000,1.241,37.276,0.751
a,204055,47.000,37.251,80.000,1.882,39.047,-2.150
a,204060,47.000,37.599,80.000,0.615,39.398,0.996
a,204065,47.000,37.931,80.000,0.462,39.612,5.026
a,204070,47.000,38.522,80.000,2.325,41.948,-1.035
a,204075,47.000,38.724,80.000,-0.622,42.482,-4.302
a,204080,47.000,39.081,80.000,0.508,42.680,3.011
a,204085,47.000,39.472,80.000,0.706,45.184,1.683
a,204090,47.000,39.781,80.000,0.050,45.642,2.507
a,204096,47.000,40.013,80.000,-0.576,48.146,-1.127
a,204100,47.000,39.935,80.000,-2.882,47.948,0.141
a,204105,47.000,39.957,80.000,-2.164,51.184,3.499
a,204110,47.000,39.589,80.000,-5.034,50.070,4.263
a,204115,47.000,39.232,80.000,-4.912,51.673,-3.386
a,204120,47.000,38.798,80.000,-5.462,53.688,5.515
a,204125,47.000,38.465,80.000,-4.653,53.245,-0.043
a,204130,47.000,37.740,80.000,-7.492,52.238,-0.424
a,204135,47.000,37.124,80.000,-6.622,53.871,2.278
a,204140,47.000,36.528,80.000,-6.408,55.368,0.263
a,204145,47.000,36.004,80.000,-5.782,53.215,0.522
a,204150,47.000,35.497,80.000,-5.599,53.658,0.889
a,204155,47.000,35.082,80.000,-4.851,53.627,1.576
a,204160,47.000,34.619,80.000,-5.156,53.413,3.011
a,204165,47.000,34.210,80.000,-4.698,52.604,1.591
a,204170,47.000,33.605,80.000,-6.088,51.429,0.980
a,204175,47.000,33.124,80.000,-5.111,52.619,0.156
a,204180,47.000,32.328,80.000,-7.401,52.650,3.011
a,204185,47.000,31.711,80.000,-5.966,51.154,1.316
a,204190,47.000,31.085,80.000,-5.981,52.680,-0.577
a,204195,47.000,30.318,80.000,-6.927,50.390,-0.714
a,204200,47.000,29.593,80.000,-6.561,51.810,2.629
a,204205,47.000,29.015,80.000,-5.355,48.879,-2.272
a,204210,47.000,28.866,80.000,-2.072,45.016,-0.913
a,204215,47.000,28.665,80.000,-2.393,39.932,0.568
a,204220,47.000,29.008,80.000,1.714,35.322,3.652
a,204225,47.000,29.360,80.000,1.760,32.680,0.767
a,204231,47.000,29.954,80.000,3.531,29.856,5.057
a,204235,47.000,30.575,80.000,3.653,30.513,-0.638
a,204240,47.000,31.216,80.000,3.714,30.971,1.560
a,204245,47.000,31.893,80.000,3.897,31.673,0.354
a,204250,47.000,32.404,80.000,2.569,32.360,0.736
a,204255,47.000,33.059,80.000,3.561,33.719,-1.203
a,204260,47.000,33.533,80.000,2.141,33.352,2.644
a,204265,47.000,34.208,80.000,3.546,36.268,-0.211
a,204270,47.000,34.576,80.000,1.180,36.299,3.362
a,204275,47.000,34.887,80.000,0.706,37.551,7.194
a,204280,47.000,35.084,80.000,-0.164,36.955,0.385
a,204285,47.000,35.263,80.000,-0.332,37.566,0.522
a,204290,47.000,35.644,80.000,1.164,35.856,-3.554
a,204295,47.000,36.158,80.000,2.096,37.139,1.469
a,204300,47.000,36.770,80.000,2.767,36.192,1.026
a,204305,47.000,37.181,80.000,1.225,35.368,1.835
a,204310,47.000,37.576,80.000,1.057,36.207,1.774
a,204315,47.000,37.771,80.000,-0.485,36.864,0.996
a,204320,47.000,38.254,80.000,1.622,38.039,-0.608
a,204325,47.000,38.636,80.000,0.783,41.032,-5.554
a,204330,47.000,39.013,80.000,0.691,42.131,-1.524
a,204335,47.000,38.950,80.000,-2.607,42.192,2.064
a,204340,47.000,38.872,80.000,-2.714,43.520,1.392
a,204345,47.000,38.496,80.000,-4.943,45.459,2.690
a,204350,47.000,38.116,80.000,-4.943,47.688,2.904
a,204355,47.000,37.337,80.000,-7.874,49.200,-0.409
a,204360,47.000,36.785,80.000,-6.133,52.085,0.492
a,204365,47.000,35.804,80.000,-9.248,52.222,3.225
a,204370,47.000,34.883,80.000,-8.714,53.734,-0.119
a,204375,47.000,33.778,80.000,-9.935,51.368,0.919
a,204380,47.000,32.716,80.000,-9.508,52.345,-1.524
a,204385,47.000,31.558,80.000,-10.103,52.619,-0.058
a,204390,47.000,30.451,80.000,-9.614,53.688,3.408
a,204395,47.000,29.044,80.000,-11.691,51.978,2.003
a,204400,47.000,27.721,80.000,-10.927,52.222,2.003
a,204405,47.000,26.022,80.000,-13.538,49.963,3.194
a,204410,47.000,24.766,80.000,-10.088,50.589,-3.401
a,204415,47.000,23.061,80.000,-13.294,51.322,1.744
a,204420,47.000,21.784,80.000,-9.920,49.688,1.408
a,204425,47.000,20.381,80.000,-10.683,45.719,1.866
a,204430,47.000,19.341,80.000,-7.813,42.680,0.003
a,204435,47.000,18.411,80.000,-6.866,38.909,-0.256
a,204440,47.000,17.666,80.000,-5.355,34.421,1.331
a,204445,47.000,17.088,80.000,-3.996,29.719,-0.211
a,204450,47.000,16.936,80.000,-0.759,25.948,2.125
a,204455,47.000,16.813,80.000,-0.515,22.360,0.141
a,204460,47.000,17.212,80.000,3.378,19.474,-2.134
a,204465,47.000,17.661,80.000,3.729,15.383,0.125
a,204470,47.000,18.579,80.000,7.134,14.161,2.400
a,204475,47.000,19.252,80.000,5.210,12.604,2.049
a,204480,47.000,19.989,80.000,5.607,10.726,0.202
a,204485,47.000,20.807,80.000,6.080,12.329,-0.150
a,204490,47.000,21.593,80.000,5.744,11.276,0.400
a,204495,47.000,22.425,80.000,5.928,14.940,-3.111
a,204500,47.000,22.881,80.000,3.012,16.574,2.873
a,204505,47.000,23.278,80.000,2.508,17.032,4.553
a,204510,47.000,23.516,80.000,1.210,21.322,-0.012
a,204515,47.000,23.509,80.000,-0.653,22.177,-0.043
a,204520,47.000,23.344,80.000,-1.889,26.024,-1.554
a,204525,47.000,23.208,80.000,-1.675,26.971,1.744
a,204530,47.000,22.830,80.000,-3.477,28.192,1.057
a,204535,47.000,22.262,80.000,-4.851,27.627,3.438
a,204540,47.000,21.632,80.000,-5.248,27.138,1.377
a,204545,47.000,20.966,80.000,-5.492,29.780,-0.134
a,204550,47.000,20.581,80.000,-3.355,30.375,-0.989
a,204555,47.000,19.794,80.000,-6.271,27.490,1.545
a,204560,47.000,19.166,80.000,-5.019,27.245,0.553
a,204565,47.000,18.344,80.000,-6.378,25.810,-0.241
a,204570,47.000,17.741,80.000,-4.668,24.482,-4.592
a,204575,47.000,17.140,80.000,-4.607,25.337,2.385
a,204580,47.000,16.536,80.000,-4.561,23.306,1.728
a,204585,47.000,15.974,80.000,-4.210,24.528,1.026
a,204590,47.000,14.960,80.000,-7.523,24.757,0.644
a,204595,47.000,14.007,80.000,-6.958,23.505,-3.066
a,204600,47.000,12.849,80.000,-8.378,22.543,-2.669
a,204605,47.000,12.034,80.000,-5.767,25.429,-2.027
a,204610,47.000,10.859,80.000,-8.332,23.337,1.438
a,204615,47.000,9.820,80.000,-7.217,22.665,-0.165
a,204620,47.000,8.592,80.000,-8.500,21.138,-1.417
a,204625,47.000,7.659,80.000,-6.179,19.306,-2.867
a,204630,47.000,6.762,80.000,-5.828,18.070,-2.730
a,204635,47.000,6.058,80.000,-4.286,15.215,0.522
a,204640,47.000,5.356,80.000,-4.225,15.108,3.774
a,204645,47.000,4.651,80.000,-4.149,11.016,0.263
a,204650,47.000,4.273,80.000,-1.691,12.177,-5.569
a,204655,47.000,3.715,80.000,-2.943,6.467,0.064
a,204660,47.000,3.851,80.000,2.218,6.925,-0.821
a,204665,47.000,3.655,80.000,-0.271,5.245,0.705
a,204670,47.000,3.588,80.000,0.722,1.368,-1.768
a,204675,47.000,3.455,80.000,0.202,2.146,1.286
a,204680,47.000,3.552,80.000,1.912,0.009,-1.921
a,204685,47.000,3.639,80.000,1.775,1.306,-3.111
a,204690,47.000,3.707,80.000,1.622,-0.953,2.110
a,204695,47.000,3.623,80.000,0.431,1.062,2.400
a,204700,47.000,3.364,80.000,-0.866,0.009,0.370
a,204705,47.000,3.051,80.000,-1.309,2.818,0.415
a,204710,47.000,2.762,80.000,-1.111,2.039,-4.577
a,204715,47.000,2.292,80.000,-2.469,3.856,1.759
a,204720,47.000,2.013,80.000,-1.034,3.642,1.087
a,204725,47.000,1.423,80.000,-3.324,2.818,-0.821
a,204730,47.000,0.976,80.000,-2.225,2.986,0.141
a,204735,47.000,0.309,80.000,-3.828,2.253,-0.150
a,204740,47.000,-0.176,80.000,-2.408,0.375,-3.692
a,204745,47.000,-0.820,80.000,-3.584,2.421,0.431
a,204750,47.000,-1.266,80.000,-2.072,1.795,0.828
a,204755,47.000,-2.026,80.000,-4.378,1.520,0.599
a,204760,47.000,-2.699,80.000,-3.645,-0.923,-0.272
a,204765,47.000,-3.489,80.000,-4.485,0.650,-1.218
a,204770,47.000,-4.178,80.000,-3.660,-0.999,1.347
a,204775,47.000,-4.849,80.000,-3.492,-0.266,-2.852
a,204780,47.000,-5.480,80.000,-3.126,-2.388,-0.363
a,204785,47.000,-6.149,80.000,-3.370,-1.823,0.583
a,204790,47.000,-7.020,80.000,-4.805,-4.220,1.484
a,204795,47.000,-7.702,80.000,-3.355,-2.724,-3.233
a,204800,47.000,-8.586,80.000,-4.775,-5.732,0.308
a,204805,47.000,-9.098,80.000,-1.966,-4.602,-0.775
a,204810,47.000,-9.749,80.000,-2.943,-7.549,-1.508
a,204815,47.000,-10.446,80.000,-3.248,-6.938,-2.837
a,204820,47.000,-11.006,80.000,-2.164,-9.976,-3.188
a,204825,47.000,-11.365,80.000,-0.653,-8.907,1.667
a,204830,47.000,-11.917,80.000,-2.042,-12.113,0.644
a,204835,47.000,-12.331,80.000,-0.988,-12.877,-0.592
a,204840,47.000,-12.956,80.000,-2.530,-14.022,0.980
a,204845,47.000,-13.428,80.000,-1.324,-17.060,3.316
a,204850,47.000,-13.869,80.000,-1.095,-16.266,1.270
a,204855,47.000,-14.169,80.000,-0.011,-17.762,0.110
a,204860,47.000,-14.471,80.000,-0.042,-17.564,0.889
a,204865,47.000,-14.916,80.000,-1.080,-19.487,3.805
a,204870,47.000,-15.154,80.000,0.462,-18.907,-3.203
a,204875,47.000,-15.542,80.000,-0.637,-20.892,-0.424
a,204880,47.000,-15.482,80.000,2.676,-20.052,0.538
a,204885,47.000,-15.700,80.000,0.569,-20.022,3.576
a,204890,47.000,-15.778,80.000,1.622,-21.945,0.202
a,204895,47.000,-16.087,80.000,-0.133,-21.228,1.621
a,204900,47.000,-16.176,80.000,1.531,-23.503,-1.692
a,204905,47.000,-16.288,80.000,1.302,-21.381,3.194
a,204910,47.000,-16.315,80.000,1.928,-23.121,-0.348
a,204915,47.000,-16.202,80.000,2.920,-21.701,-0.959
a,204920,47.000,-16.495,80.000,-0.118,-23.411,0.614
a,204925,47.000,-16.852,80.000,-0.607,-22.434,1.087
a,204930,47.000,-17.174,80.000,-0.332,-22.465,-1.722
a,204935,47.000,-17.282,80.000,1.241,-21.732,0.858
a,204940,47.000,-17.405,80.000,1.134,-23.640,0.354
a,204945,47.000,-17.797,80.000,-0.882,-23.640,5.423
a,204951,47.000,-18.162,80.000,-0.668,-23.686,4.202
a,204955,47.000,-18.461,80.000,-0.164,-24.694,1.225
a,204960,47.000,-18.720,80.000,0.141,-24.449,-1.432
a,204965,47.000,-18.952,80.000,0.309,-22.739,0.308
a,204970,47.000,-19.110,80.000,0.874,-24.159,-0.684
a,204975,47.000,-19.501,80.000,-0.866,-24.724,2.461
a,204980,47.000,-19.810,80.000,-0.240,-25.243,0.767
a,204985,47.000,-19.996,80.000,0.676,-25.045,1.438
a,204990,47.000,-20.438,80.000,-1.217,-26.266,1.591
a,204995,47.000,-20.713,80.000,0.034,-25.839,-2.287
a,205000,47.000,-20.732,80.000,1.928,-26.220,-0.027
a,205005,47.000,-21.083,80.000,-0.546,-26.785,2.950
a,205010,47.000,-21.279,80.000,0.615,-27.762,-0.501
a,205015,47.000,-21.617,80.000,-0.454,-26.984,3.942
a,205020,47.000,-21.590,80.000,2.263,-27.274,-4.180
a,205025,47.000,-21.746,80.000,0.874,-27.518,-1.172
a,205030,47.000,-21.649,80.000,2.752,-28.755,-1.646
a,205035,47.000,-21.765,80.000,1.134,-29.075,0.828
a,205040,47.000,-21.716,80.000,2.355,-29.747,-0.134
a,205045,47.000,-21.830,80.000,1.088,-28.587,-2.775
a,205050,47.000,-21.658,80.000,3.225,-30.968,3.026
a,205055,47.000,-21.609,80.000,2.248,-29.640,0.965
a,205060,47.000,-21.390,80.000,3.485,-30.419,-1.142
a,205065,47.000,-21.371,80.000,1.928,-28.663,0.950
a,205070,47.000,-21.359,80.000,1.851,-29.503,2.186
a,205075,47.000,-21.445,80.000,1.088,-27.900,2.415
a,205080,47.000,-21.435,80.000,1.805,-30.449,-0.562
a,205085,47.000,-21.445,80.000,1.607,-28.007,2.293
a,205090,47.000,-21.300,80.000,2.737,-28.800,2.751
a,205095,47.000,-21.334,80.000,1.378,-28.968,1.057
a,205100,47.000,-21.352,80.000,1.485,-30.174,0.125
a,205105,47.000,-21.459,80.000,0.783,-28.373,1.347
a,205110,47.000,-21.360,80.000,2.325,-30.098,-0.424
a,205115,47.000,-21.352,80.000,1.592,-28.755,0.293
a,205120,47.000,-21.178,80.000,2.813,-29.610,0.736
a,205125,47.000,-21.188,80.000,1.409,-29.396,3.270
a,205130,47.000,-21.177,80.000,1.546,-30.266,0.034
a,205135,47.000,-21.284,80.000,0.645,-29.426,2.110
a,205140,47.000,-21.140,80.000,2.492,-29.533,0.904
a,205145,47.000,-21.176,80.000,1.118,-28.587,1.652
a,205151,47.000,-20.973,80.000,2.859,-27.930,2.263
a,205155,47.000,-21.004,80.000,1.088,-28.312,3.988
a,205160,47.000,-20.928,80.000,1.897,-29.610,1.118
a,205165,47.000,-21.047,80.000,0.431,-28.755,1.102
a,205170,47.000,-20.881,80.000,2.554,-28.984,-0.027
a,205175,47.000,-20.879,80.000,1.317,-29.442,-0.211
a,205180,47.000,-20.667,80.000,2.874,-29.747,1.988
a,205185,47.000,-20.685,80.000,1.134,-29.075,1.789
a,205190,47.000,-20.604,80.000,1.867,-29.640,2.705
a,205195,47.000,-20.518,80.000,1.882,-27.991,-1.692
a,205200,47.000,-20.262,80.000,3.134,-29.258,1.225
a,205205,47.000,-19.913,80.000,3.790,-28.800,-0.058
a,205210,47.000,-19.699,80.000,2.767,-30.678,2.568
a,205215,47.000,-19.422,80.000,3.195,-29.686,2.812
a,205220,47.000,-19.017,80.000,4.096,-28.663,1.041
a,205225,47.000,-18.712,80.000,3.302,-27.793,3.240
a,205230,47.000,-18.420,80.000,3.195,-30.678,0.873
a,205235,47.000,-18.134,80.000,3.088,-27.930,2.415
a,205240,47.000,-18.037,80.000,1.683,-29.854,0.736
a,205245,47.000,-17.682,80.000,3.546,-27.304,1.270
a,205250,47.000,-17.435,80.000,2.722,-28.113,-2.943
a,205255,47.000,-17.009,80.000,4.019,-28.113,-1.325
a,205260,47.000,-16.708,80.000,3.027,-26.953,4.186
a,205265,47.000,-16.566,80.000,1.836,-28.098,-0.241
a,205270,47.000,-16.212,80.000,3.378,-26.709,-1.768
a,205275,47.000,-15.909,80.000,2.966,-27.167,1.850
a,205280,47.000,-15.459,80.000,4.004,-26.144,0.583
a,205285,47.000,-15.216,80.000,2.416,-24.510,1.728
a,205290,47.000,-15.104,80.000,1.424,-25.381,-0.073
a,205295,47.000,-14.981,80.000,1.454,-21.808,-1.630
a,205300,47.000,-14.928,80.000,0.935,-22.785,1.133
a,205305,47.000,-14.730,80.000,1.973,-19.320,-0.287
a,205310,47.000,-14.792,80.000,0.050,-21.029,1.652
a,205315,47.000,-14.742,80.000,0.889,-21.197,2.354
a,205320,47.000,-14.886,80.000,-0.546,-20.923,0.064
a,205326,47.000,-14.916,80.000,0.325,-21.869,2.171
a,205330,47.000,-14.541,80.000,3.347,-22.526,-0.730
a,205335,47.000,-14.345,80.000,1.989,-23.442,-1.142
a,205340,47.000,-13.889,80.000,3.897,-23.289,1.362
a,205345,47.000,-13.810,80.000,1.073,-24.129,1.423
a,205350,47.000,-13.614,80.000,1.897,-21.228,-0.409
a,205355,47.000,-13.486,80.000,1.363,-20.648,-2.180
a,205360,47.000,-13.202,80.000,2.538,-22.007,-2.837
a,205365,47.000,-13.143,80.000,0.798,-18.770,-0.470
a,205370,47.000,-13.007,80.000,1.378,-19.426,-0.150
a,205375,47.000,-12.561,80.000,3.668,-19.533,1.973
a,205380,47.000,-12.311,80.000,2.187,-20.984,0.141
a,205385,47.000,-11.698,80.000,4.828,-18.800,0.431
a,205390,47.000,-11.441,80.000,2.141,-19.991,2.446
a,205396,47.000,-11.177,80.000,2.172,-19.869,0.980
a,205400,47.000,-10.809,80.000,2.920,-19.243,1.408
a,205405,47.000,-10.572,80.000,1.897,-18.694,0.828
a,205410,47.000,-10.119,80.000,3.454,-16.297,-1.447
a,205415,47.000,-10.083,80.000,0.325,-15.900,2.522
a,205420,47.000,-10.027,80.000,0.462,-15.457,2.690
a,205425,47.000,-9.959,80.000,0.523,-12.312,-0.684
a,205430,47.000,-9.895,80.000,0.523,-14.755,-0.806
a,205435,47.000,-9.535,80.000,2.706,-13.961,-0.577
a,205440,47.000,-9.501,80.000,0.263,-13.961,1.820
a,205445,47.000,-9.525,80.000,-0.133,-16.220,2.675
a,205450,47.000,-9.261,80.000,1.989,-14.419,-1.310
a,205455,47.000,-9.039,80.000,1.653,-13.991,0.064
a,205460,47.000,-8.576,80.000,3.439,-15.213,1.057
a,205465,47.000,-8.302,80.000,1.973,-13.747,0.919
a,205470,47.000,-8.186,80.000,0.813,-16.113,1.576
a,205475,47.000,-7.780,80.000,2.935,-14.419,2.400
a,205480,47.000,-7.480,80.000,2.096,-12.862,1.850
a,205485,47.000,-7.245,80.000,1.638,-16.510,-2.882
a,205490,47.000,-6.823,80.000,2.981,-14.449,-1.676
a,205495,47.000,-6.633,80.000,1.210,-12.907,-0.989
a,205500,47.000,-6.121,80.000,3.546,-10.113,1.011
a,205505,47.000,-6.084,80.000,0.004,-11.472,-0.501
a,205510,47.000,-5.779,80.000,2.004,-12.602,-0.409
a,205515,47.000,-5.572,80.000,1.210,-8.831,-0.470
a,205520,47.000,-5.576,80.000,-0.347,-10.220,2.751
a,205525,47.000,-5.257,80.000,2.065,-10.510,-2.608
a,205531,47.000,-4.921,80.000,2.172,-10.648,0.018
a,205536,47.000,-4.757,80.000,0.874,-11.442,1.805
a,205540,47.000,-4.422,80.000,2.111,-9.320,-0.898
a,205545,47.000,-4.218,80.000,1.103,-7.991,-0.211
a,205550,47.000,-3.942,80.000,1.638,-9.106,-1.798
a,205555,47.000,-3.588,80.000,2.172,-6.846,0.354
a,205560,47.000,-3.416,80.000,0.813,-8.556,0.553
a,205565,47.000,-3.174,80.000,1.317,-7.655,0.919
a,205570,47.000,-3.151,80.000,-0.332,-6.892,-1.142
a,205575,47.000,-2.712,80.000,2.752,-5.839,-2.913
a,205580,47.000,-2.547,80.000,0.691,-6.388,-2.287
a,205585,47.000,-2.101,80.000,2.752,-5.167,-3.478
a,205590,47.000,-1.840,80.000,1.332,-4.236,2.828
a,205595,47.000,-1.568,80.000,1.439,-7.304,-4.531
a,205600,47.000,-1.077,80.000,2.996,-3.503,-2.317
a,205605,47.000,-0.933,80.000,0.401,-5.106,1.270
a,205610,47.000,-0.574,80.000,1.989,-4.434,-0.501
a,205615,47.000,-0.453,80.000,0.187,-3.320,-2.928
a,205620,47.000,-0.405,80.000,-0.362,-3.258,-0.791
a,205625,47.000,0.071,80.000,2.813,-2.281,0.247
a,205630,47.000,0.204,80.000,0.248,-3.228,2.141
a,205635,47.000,0.418,80.000,0.859,-4.617,-0.134
a,205640,47.000,0.613,80.000,0.676,-1.716,-0.119
a,205645,47.000,0.650,80.000,-0.485,-3.258,-0.470
a,205650,47.000,1.131,80.000,2.798,-1.655,0.782
a,205655,47.000,1.245,80.000,0.050,-2.495,0.751
a,205660,47.000,1.462,80.000,0.828,-3.258,1.057
a,205665,47.000,1.569,80.000,-0.042,0.161,-0.058
a,205670,47.000,1.717,80.000,0.279,-0.846,-0.562
a,205675,47.000,2.061,80.000,1.699,1.444,1.392
a,205680,47.000,2.104,80.000,-0.546,1.032,1.973
a,205685,47.000,2.112,80.000,-0.790,0.513,0.767
a,205690,47.000,2.041,80.000,-1.385,2.177,1.621
a,205695,47.000,2.073,80.000,-0.576,0.955,-1.111
a,205700,47.000,2.227,80.000,0.309,2.787,0.751
a,205705,47.000,2.318,80.000,-0.133,0.818,3.087
a,205710,47.000,2.410,80.000,-0.133,1.764,1.408
a,205715,47.000,2.271,80.000,-1.828,0.742,1.194
a,205720,47.000,2.509,80.000,0.981,1.368,-1.172
a,205725,47.000,2.698,80.000,0.615,0.955,-5.310
a,205730,47.000,3.040,80.000,1.744,1.001,4.446
a,205736,47.000,3.415,80.000,1.958,1.169,-2.592
a,205740,47.000,3.464,80.000,-0.500,1.795,5.820
a,205745,47.000,3.617,80.000,0.294,1.245,0.522
a,205750,47.000,3.576,80.000,-1.156,1.826,-1.295
a,205755,47.000,3.966,80.000,2.050,2.192,-1.111
a,205760,47.000,4.212,80.000,0.935,3.169,3.515
a,205765,47.000,4.415,80.000,0.630,1.276,2.049
a,205770,47.000,4.237,80.000,-2.210,1.932,0.308
a,205775,47.000,4.356,80.000,0.034,1.200,-0.684
a,205781,47.000,4.655,80.000,1.347,3.169,-1.982
a,205785,47.000,4.847,80.000,0.554,1.383,0.553
a,205790,47.000,5.136,80.000,1.241,3.062,-0.379
a,205795,47.000,5.124,80.000,-0.988,1.658,-0.348
a,205800,47.000,5.344,80.000,0.737,2.421,-1.478
a,205805,47.000,5.479,80.000,0.080,3.474,4.095
a,205810,47.000,5.819,80.000,1.607,2.635,-1.783
a,205815,47.000,5.956,80.000,0.065,3.932,3.392
a,205820,47.000,5.981,80.000,-0.744,2.055,3.469
a,205825,47.000,6.150,80.000,0.309,4.131,-1.890
a,205830,47.000,6.177,80.000,-0.744,3.612,-1.340
a,205835,47.000,6.528,80.000,1.653,4.757,3.286
a,205840,47.000,6.691,80.000,0.233,4.757,6.705
a,205845,47.000,6.902,80.000,0.615,2.329,-0.027
a,205850,47.000,6.993,80.000,-0.317,4.940,-0.546
a,205855,47.000,7.076,80.000,-0.347,2.360,-2.943
a,205860,47.000,7.306,80.000,0.691,7.444,0.202
a,205865,47.000,7.310,80.000,-0.973,5.520,4.690
a,205870,47.000,7.443,80.000,-0.011,5.734,-0.821
a,205875,47.000,7.326,80.000,-1.874,7.016,-0.302
a,205880,47.000,7.349,80.000,-0.805,5.780,1.515
a,205885,47.000,7.528,80.000,0.340,8.421,0.904
a,205890,47.000,7.628,80.000,-0.240,6.787,-0.424
a,205895,47.000,7.789,80.000,0.202,7.642,-2.088
a,205900,47.000,7.574,80.000,-2.546,4.177,2.889
a,205905,47.000,7.703,80.000,0.019,5.948,0.110
a,205910,47.000,7.705,80.000,-0.927,6.329,0.125
a,205915,47.000,8.096,80.000,1.958,6.879,-2.699
a,205920,47.000,8.235,80.000,0.050,7.581,2.919
a,205925,47.000,8.239,80.000,-0.927,5.520,-0.195
a,205930,47.000,8.297,80.000,-0.546,7.581,0.125
a,205935,47.000,8.476,80.000,0.370,7.016,0.721
a,205941,47.000,8.618,80.000,0.065,8.284,1.225
a,205945,47.000,8.583,80.000,-1.248,8.421,1.759
a,205950,47.000,8.599,80.000,-0.851,7.795,1.316
a,205955,47.000,8.279,80.000,-3.340,8.589,0.217
a,205960,47.000,8.206,80.000,-1.446,7.658,-0.440
a,205965,47.000,8.335,80.000,0.034,10.207,-1.233
a,205970,47.000,8.317,80.000,-1.034,7.749,2.110
a,205975,47.000,8.337,80.000,-0.729,7.658,-2.745
a,205980,47.000,8.171,80.000,-2.118,8.726,1.026
a,205985,47.000,8.076,80.000,-1.538,6.574,-3.371
a,205990,47.000,8.215,80.000,0.187,9.077,2.049
a,205995,47.000,8.074,80.000,-1.874,7.505,1.194
a,206000,47.000,7.986,80.000,-1.477,9.108,-0.119
a,206005,47.000,7.804,80.000,-2.133,7.505,-1.478
a,206010,47.000,7.973,80.000,0.477,9.291,-1.615
a,206015,47.000,7.835,80.000,-1.813,9.352,2.873
a,206020,47.000,7.674,80.000,-1.935,7.123,-0.821
a,206025,47.000,7.481,80.000,-2.179,9.963,-0.669
a,206030,47.000,7.185,80.000,-2.912,9.780,0.308
a,206035,47.000,7.217,80.000,-0.439,9.734,0.034
a,206040,47.000,6.993,80.000,-2.317,8.574,-1.356
a,206045,47.000,6.841,80.000,-1.737,7.368,0.354
a,206050,47.000,6.439,80.000,-3.584,8.589,1.469
a,206055,47.000,6.310,80.000,-1.492,7.169,0.568
a,206060,47.000,6.089,80.000,-2.179,9.322,-0.638
a,206065,47.000,5.922,80.000,-1.721,6.742,0.675
a,206070,47.000,5.719,80.000,-1.981,8.619,2.629
a,206075,47.000,5.317,80.000,-3.416,7.123,1.973
a,206080,47.000,5.126,80.000,-1.828,8.909,-2.333
a,206085,47.000,4.852,80.000,-2.393,7.093,-0.470
a,206090,47.000,4.904,80.000,0.065,6.574,-1.203
a,206095,47.000,4.774,80.000,-1.309,8.513,0.721
a,206100,47.000,4.359,80.000,-3.370,5.047,-1.905
a,206105,47.000,4.213,80.000,-1.370,8.375,-1.600
a,206110,47.000,3.819,80.000,-3.172,7.749,0.125
a,206115,47.000,3.672,80.000,-1.309,8.345,-1.066
a,206120,47.000,3.353,80.000,-2.591,9.841,-1.142
a,206125,47.000,2.697,80.000,-5.004,6.360,-1.325
a,206130,47.000,2.309,80.000,-2.973,8.833,-1.050
a,206135,47.000,1.846,80.000,-3.477,8.375,1.286
a,206140,47.000,1.421,80.000,-3.111,5.245,-2.363
a,206145,47.000,1.073,80.000,-2.500,5.673,0.599
a,206150,47.000,0.515,80.000,-3.996,3.642,1.148
a,206155,47.000,0.261,80.000,-1.660,1.551,0.751
a,206160,47.000,0.182,80.000,-0.362,3.368,-2.119
a,206165,47.000,-0.074,80.000,-1.630,0.116,1.194
a,206170,47.000,-0.105,80.000,0.065,0.222,5.698
a,206175,47.000,-0.375,80.000,-1.706,-0.495,-3.936
a,206180,47.000,-0.536,80.000,-0.836,-3.152,3.637
a,206185,47.000,-0.276,80.000,2.279,-1.732,-3.356
a,206190,47.000,-0.306,80.000,0.096,-2.007,1.331
a,206195,47.000,-0.327,80.000,0.187,-4.648,-0.058
a,206200,47.000,-0.283,80.000,0.660,-3.747,-0.577
a,206205,47.000,-0.395,80.000,-0.515,-3.075,1.530
a,206210,47.000,-0.239,80.000,1.454,-1.472,0.705
a,206215,47.000,-0.469,80.000,-1.431,-0.739,1.637
a,206220,47.000,-0.777,80.000,-1.981,-1.732,-0.165
a,206225,47.000,-0.990,80.000,-1.278,1.337,0.889
a,206230,47.000,-1.325,80.000,-2.133,-1.625,-0.760
a,206235,47.000,-1.321,80.000,0.401,-0.739,-4.867
a,206240,47.000,-1.536,80.000,-1.233,0.055,3.530
a,206245,47.000,-1.888,80.000,-2.195,-3.045,3.545
a,206250,47.000,-2.057,80.000,-0.820,-2.205,-0.989
a,206255,47.000,-2.488,80.000,-2.729,-3.503,-0.531
a,206260,47.000,-2.465,80.000,0.660,-1.869,-0.775
a,206265,47.000,-2.752,80.000,-1.660,-0.739,2.644
a,206270,47.000,-3.051,80.000,-1.691,-3.594,-2.012
a,206275,47.000,-3.372,80.000,-1.859,-1.029,-1.417
a,206280,47.000,-3.847,80.000,-2.943,-3.839,-1.249
a,206285,47.000,-4.019,80.000,-0.668,-1.610,-1.325
a,206290,47.000,-4.387,80.000,-2.118,-1.381,-0.272
a,206295,47.000,-4.778,80.000,-2.240,-2.907,4.507
a,206300,47.000,-5.143,80.000,-2.011,-2.632,-0.272
a,206305,47.000,-5.368,80.000,-0.912,-5.029,-3.020
a,206310,47.000,-5.371,80.000,0.752,-5.350,0.186
a,206315,47.000,-5.429,80.000,0.340,-5.869,-1.646
a,206320,47.000,-5.340,80.000,1.409,-4.327,-0.043
a,206325,47.000,-5.536,80.000,-0.668,-8.724,-1.478
a,206330,47.000,-5.475,80.000,1.241,-8.663,-0.821
a,206335,47.000,-5.238,80.000,2.508,-6.678,-1.661
a,206340,47.000,-5.241,80.000,0.706,-7.610,1.805
a,206345,47.000,-5.005,80.000,2.462,-7.411,-0.837
a,206351,47.000,-4.975,80.000,0.905,-7.549,-2.333
a,206355,47.000,-4.858,80.000,1.546,-8.556,1.347
a,206360,47.000,-4.791,80.000,1.134,-6.678,3.194
a,206365,47.000,-5.004,80.000,-0.973,-5.029,3.408
a,206370,47.000,-5.128,80.000,-0.271,-7.411,-0.317
a,206375,47.000,-5.418,80.000,-1.508,-6.388,-3.524
a,206380,47.000,-5.850,80.000,-2.485,-10.709,-1.417
a,206385,47.000,-5.843,80.000,0.752,-5.549,1.454
a,206390,47.000,-5.991,80.000,-0.408,-5.243,1.896
a,206395,47.000,-6.257,80.000,-1.233,-8.862,4.110
a,206401,47.000,-6.471,80.000,-0.851,-7.167,-0.562
a,206405,47.000,-6.842,80.000,-1.950,-10.373,2.553
a,206410,47.000,-7.170,80.000,-1.630,-8.556,2.431
a,206415,47.000,-7.398,80.000,-0.851,-8.877,0.675
a,206420,47.000,-7.610,80.000,-0.729,-7.472,-3.585
a,206425,47.000,-7.910,80.000,-1.340,-10.052,0.934
a,206430,47.000,-8.014,80.000,0.111,-7.991,1.606
a,206435,47.000,-8.378,80.000,-1.782,-9.991,-0.623
a,206441,47.000,-8.519,80.000,-0.118,-8.800,-0.363
a,206445,47.000,-8.758,80.000,-0.851,-8.068,-0.226
a,206451,47.000,-9.044,80.000,-1.126,-10.251,-2.775
a,206455,47.000,-9.536,80.000,-2.607,-9.945,1.347
a,206460,47.000,-9.673,80.000,0.080,-9.106,2.553
a,206465,47.000,-10.023,80.000,-1.446,-11.106,-0.775
a,206470,47.000,-10.262,80.000,-0.576,-10.022,-0.272
a,206475,47.000,-10.715,80.000,-2.103,-12.068,0.293
a,206480,47.000,-10.919,80.000,-0.210,-10.403,-3.951
a,206485,47.000,-11.188,80.000,-0.637,-12.694,-4.195
a,206490,47.000,-11.080,80.000,2.202,-12.342,-3.630
a,206495,47.000,-11.275,80.000,-0.027,-14.129,4.018
a,206500,47.000,-11.187,80.000,2.126,-16.388,-0.531
a,206505,47.000,-11.219,80.000,1.241,-16.602,-1.646
a,206510,47.000,-11.053,80.000,2.752,-18.526,-2.928
a,206515,47.000,-10.844,80.000,3.042,-17.747,-0.119
a,206520,47.000,-10.575,80.000,3.485,-17.930,-0.104
a,206525,47.000,-10.416,80.000,2.615,-15.762,-0.562
a,206530,47.000,-10.393,80.000,1.622,-17.365,2.354
a,206535,47.000,-10.352,80.000,1.729,-14.724,0.553
a,206540,47.000,-10.410,80.000,1.012,-15.029,-1.554
a,206545,47.000,-10.369,80.000,1.729,-12.587,0.110
a,206550,47.000,-10.426,80.000,1.027,-14.022,0.934
a,206555,47.000,-10.565,80.000,0.431,-13.365,1.988
a,206560,47.000,-10.712,80.000,0.416,-14.999,-1.630
a,206565,47.000,-10.915,80.000,0.019,-14.068,0.873
a,206570,47.000,-10.794,80.000,2.462,-14.968,1.499
a,206575,47.000,-10.955,80.000,0.401,-17.762,1.805
a,206580,47.000,-10.646,80.000,3.882,-15.396,-2.882
a,206585,47.000,-10.535,80.000,2.386,-14.510,3.301
a,206590,47.000,-10.346,80.000,2.981,-17.091,-1.478
a,206595,47.000,-10.393,80.000,1.210,-15.350,0.629
a,206600,47.000,-10.207,80.000,2.951,-15.808,-1.859
a,206605,47.000,-10.188,80.000,1.699,-14.663,-2.150
a,206610,47.000,-10.006,80.000,2.905,-14.419,0.156
a,206615,47.000,-9.977,80.000,1.760,-14.556,0.904
a,206620,47.000,-9.927,80.000,1.943,-15.671,0.553
a,206625,47.000,-10.006,80.000,0.981,-15.213,1.591
a,206630,47.000,-9.825,80.000,2.935,-15.808,-2.730
a,206635,47.000,-9.720,80.000,2.355,-15.457,-0.837
a,206640,47.000,-9.348,80.000,4.340,-15.808,-3.447
a,206645,47.000,-9.272,80.000,2.111,-15.381,-2.394
a,206650,47.000,-9.126,80.000,2.645,-16.007,3.820
a,206655,47.000,-8.986,80.000,2.554,-13.640,1.988
a,206660,47.000,-8.685,80.000,3.775,-15.381,-1.401
a,206665,47.000,-8.400,80.000,3.622,-14.907,-1.264
a,206670,47.000,-8.172,80.000,3.195,-16.083,-0.211
a,206675,47.000,-8.107,80.000,1.973,-16.022,0.476
a,206680,47.000,-7.825,80.000,3.576,-15.487,0.049
a,206685,47.000,-7.631,80.000,2.905,-15.381,0.644
a,206690,47.000,-7.419,80.000,3.042,-15.778,0.186
a,206695,47.000,-7.258,80.000,2.630,-14.663,0.232
a,206700,47.000,-7.042,80.000,3.042,-15.457,0.782
a,206705,47.000,-6.955,80.000,2.050,-12.587,1.194
a,206710,47.000,-6.777,80.000,2.722,-12.739,-2.501
a,206715,47.000,-6.693,80.000,1.989,-9.869,-0.485
a,206720,47.000,-6.737,80.000,1.057,-11.381,0.156
a,206725,47.000,-6.742,80.000,1.347,-9.625,0.492
a,206730,47.000,-6.935,80.000,-0.011,-10.755,-2.134
a,206735,47.000,-6.815,80.000,2.325,-9.549,1.011
a,206740,47.000,-6.793,80.000,1.592,-9.075,-0.669
a,206745,47.000,-6.772,80.000,1.607,-10.113,-1.646
a,206750,47.000,-6.629,80.000,2.508,-9.121,-0.699
a,206755,47.000,-6.664,80.000,1.225,-11.854,2.018
a,206760,47.000,-6.484,80.000,2.828,-11.472,1.621
a,206765,47.000,-6.409,80.000,2.034,-10.862,1.515
a,206770,47.000,-6.216,80.000,2.935,-12.480,-3.371
a,206775,47.000,-5.766,80.000,4.798,-9.671,1.957
a,206780,47.000,-5.493,80.000,3.470,-11.762,0.736
a,206785,47.000,-5.281,80.000,2.981,-10.251,-0.073
a,206790,47.000,-5.049,80.000,3.149,-11.961,-0.699
a,206796,47.000,-4.706,80.000,3.943,-11.136,-1.585
a,206800,47.000,-4.457,80.000,3.195,-8.632,0.599
a,206805,47.000,-4.095,80.000,4.019,-9.213,-1.050
a,206810,47.000,-4.090,80.000,1.347,-8.632,-1.462
a,206815,47.000,-3.711,80.000,4.141,-9.487,-0.821
a,206820,47.000,-3.170,80.000,5.302,-8.007,-1.432
a,206825,47.000,-2.861,80.000,3.531,-7.579,-1.844
a,206830,47.000,-2.291,80.000,5.424,-6.251,1.057
a,206835,47.000,-2.112,80.000,2.492,-6.785,1.805
a,206840,47.000,-1.653,80.000,4.569,-7.549,-2.333
a,206845,47.000,-1.182,80.000,4.599,-5.716,-0.867
a,206850,47.000,-0.752,80.000,4.279,-7.060,-0.043
a,206855,47.000,-0.278,80.000,4.554,-5.213,1.148
a,206860,47.000,-0.134,80.000,2.080,-5.487,0.324
a,206865,47.000,0.210,80.000,3.561,-5.136,-1.737
a,206870,47.000,0.617,80.000,3.973,-2.526,-1.692
a,206875,47.000,0.818,80.000,2.416,-2.388,2.553
a,206880,47.000,1.076,80.000,2.828,-1.029,3.057
a,206885,47.000,1.024,80.000,0.523,-1.991,-1.569
a,206890,47.000,1.368,80.000,3.485,-0.984,-1.020
a,206895,47.000,1.805,80.000,4.126,0.986,3.530
a,206900,47.000,2.135,80.000,3.332,-1.411,2.751
a,206905,47.000,2.555,80.000,3.973,-0.984,0.751
a,206910,47.000,2.756,80.000,2.325,-0.510,-0.241
a,206915,47.000,3.223,80.000,4.279,0.650,0.583
a,206920,47.000,3.634,80.000,3.821,1.719,1.240
a,206925,47.000,4.015,80.000,3.592,0.253,-0.745
a,206930,47.000,4.350,80.000,3.195,3.215,1.759
a,206935,47.000,4.585,80.000,2.447,1.993,2.385
a,206940,47.000,5.033,80.000,4.019,2.711,-1.508
a,206945,47.000,5.299,80.000,2.645,2.390,-1.692
a,206950,47.000,5.756,80.000,4.065,1.490,1.072
a,206955,47.000,6.300,80.000,4.645,4.909,1.881
a,206960,47.000,6.629,80.000,3.042,2.177,2.354
a,206966,47.000,7.266,80.000,5.286,3.963,0.721
a,206970,47.000,7.705,80.000,3.775,4.238,4.828
a,206975,47.000,8.435,80.000,5.912,3.261,0.095
a,206980,47.000,9.032,80.000,4.844,5.658,0.370
a,206985,47.000,9.526,80.000,4.050,4.513,-1.233
a,206990,47.000,10.393,80.000,6.752,7.398,0.675
a,206996,47.000,10.823,80.000,3.454,6.497,-1.646
a,207000,47.000,11.451,80.000,4.905,6.253,-0.104
a,207005,47.000,12.133,80.000,5.225,9.108,0.247
a,207010,47.000,12.529,80.000,3.073,7.932,2.141
a,207015,47.000,13.257,80.000,5.500,9.261,-0.272
a,207020,47.000,13.901,80.000,4.813,10.513,-3.386
a,207025,47.000,14.330,80.000,3.195,8.375,1.927
a,207030,47.000,14.937,80.000,4.462,11.841,-0.913
a,207035,47.000,15.221,80.000,2.034,11.490,1.789
a,207040,47.000,16.045,80.000,6.004,14.070,-4.913
a,207045,47.000,16.909,80.000,6.202,17.016,0.858
a,207050,47.000,17.627,80.000,5.073,15.673,-0.348
a,207055,47.000,18.245,80.000,4.279,15.810,1.240
a,207060,47.000,18.610,80.000,2.386,14.558,-0.241
a,207065,47.000,19.365,80.000,5.225,18.177,-1.844
a,207070,47.000,19.798,80.000,2.767,20.055,2.507
a,207075,47.000,20.513,80.000,4.828,20.619,0.553
a,207080,47.000,20.912,80.000,2.431,21.810,1.133
a,207085,47.000,21.471,80.000,3.653,18.558,-1.340
a,207090,47.000,22.233,80.000,5.088,21.413,0.446
a,207095,47.000,22.894,80.000,4.309,19.780,2.354
a,207100,47.000,23.719,80.000,5.470,21.230,-2.104
a,207105,47.000,24.233,80.000,3.118,20.161,2.782
a,207110,47.000,25.037,80.000,5.225,22.436,0.079
a,207115,47.000,25.613,80.000,3.485,21.948,0.370
a,207120,47.000,26.485,80.000,5.622,24.787,1.896
a,207125,47.000,27.047,80.000,3.256,25.230,3.744
a,207130,47.000,27.815,80.000,4.752,25.917,2.370
a,207135,47.000,28.312,80.000,2.676,27.688,-0.546
a,207140,47.000,28.942,80.000,3.653,26.864,0.980
a,207145,47.000,29.759,80.000,4.966,30.161,1.087
a,207150,47.000,30.161,80.000,1.867,28.192,1.118
a,207155,47.000,30.764,80.000,3.332,30.299,0.797
a,207160,47.000,31.104,80.000,1.332,31.658,3.973
a,207165,47.000,31.690,80.000,3.149,32.879,1.362
a,207170,47.000,32.267,80.000,3.042,33.658,0.812
a,207175,47.000,32.628,80.000,1.409,34.833,3.163
a,207180,47.000,33.046,80.000,1.805,36.574,4.308
a,207185,47.000,33.307,80.000,0.599,37.139,3.621
a,207190,47.000,33.775,80.000,2.126,37.215,3.667
a,207195,47.000,34.269,80.000,2.279,36.818,-0.608
a,207200,47.000,34.760,80.000,2.202,39.062,1.728
a,207205,47.000,35.305,80.000,2.569,37.902,1.270
a,207210,47.000,35.601,80.000,0.676,38.390,0.476
a,207215,47.000,36.180,80.000,2.767,37.932,0.339
a,207220,47.000,36.735,80.000,2.523,39.566,2.385
a,207225,47.000,37.127,80.000,1.271,39.184,0.247
a,207230,47.000,37.674,80.000,2.386,40.299,-0.043
a,207235,47.000,38.177,80.000,1.989,42.971,3.148
a,207240,47.000,38.486,80.000,0.508,42.818,-0.409
a,207245,47.000,38.910,80.000,1.317,45.764,2.278
a,207250,47.000,39.055,80.000,-0.775,45.459,6.553
a,207255,47.000,39.361,80.000,0.401,47.001,2.308
a,207260,47.000,39.476,80.000,-1.049,49.093,1.576
a,207265,47.000,39.584,80.000,-1.080,48.284,3.072
a,207270,47.000,39.911,80.000,0.523,50.253,4.538
a,207275,47.000,39.918,80.000,-1.859,49.932,5.194
a,207280,47.000,40.083,80.000,-0.668,50.207,3.011
a,207285,47.000,39.933,80.000,-3.004,49.826,3.301
a,207290,47.000,40.021,80.000,-1.187,48.925,-1.768
a,207295,47.000,40.104,80.000,-1.233,50.909,6.690
a,207300,47.000,40.365,80.000,0.111,49.383,2.782
a,207305,47.000,40.585,80.000,-0.210,49.993,4.889
a,207310,47.000,40.595,80.000,-1.752,47.856,4.064
a,207315,47.000,40.883,80.000,0.294,51.001,1.713
a,207320,47.000,40.955,80.000,-1.278,47.902,3.209
a,207325,47.000,41.397,80.000,1.439,50.253,1.530
a,207330,47.000,41.558,80.000,-0.683,51.108,5.744
a,207335,47.000,41.736,80.000,-0.546,50.497,3.179
a,207340,47.000,41.922,80.000,-0.515,52.375,1.805
a,207345,47.000,42.028,80.000,-1.095,51.322,0.873
a,207350,47.000,42.406,80.000,0.905,53.245,3.973
a,207355,47.000,42.561,80.000,-0.775,52.848,4.736
a,207360,47.000,42.762,80.000,-0.424,52.619,4.583
a,207365,47.000,42.787,80.000,-1.737,53.032,1.912
a,207370,47.000,43.012,80.000,-0.240,53.001,1.026
a,207375,47.000,43.339,80.000,0.492,54.558,3.377
a,207380,47.000,43.515,80.000,-0.637,53.627,4.110
a,207385,47.000,43.663,80.000,-0.866,55.368,2.965
a,207390,47.000,43.469,80.000,-3.385,54.421,1.683
a,207395,47.000,43.540,80.000,-1.401,56.085,5.835
a,207400,47.000,43.524,80.000,-2.057,57.429,2.110
a,207406,47.000,43.427,80.000,-2.622,56.513,4.736
a,207410,47.000,43.333,80.000,-2.591,58.055,1.194
a,207415,47.000,43.210,80.000,-2.775,57.459,2.370
a,207420,47.000,43.159,80.000,-2.195,56.543,2.476
a,207425,47.000,42.969,80.000,-3.202,56.406,2.003
a,207430,47.000,42.907,80.000,-2.225,56.497,1.087
a,207435,47.000,42.934,80.000,-1.553,57.780,6.125
a,207440,47.000,42.729,80.000,-3.233,55.673,6.858
a,207445,47.000,42.774,80.000,-1.370,57.352,3.835
a,207450,47.000,42.900,80.000,-0.729,55.215,3.118
a,207455,47.000,42.971,80.000,-1.156,56.299,4.767
a,207460,47.000,42.824,80.000,-2.729,53.764,3.637
a,207465,47.000,42.807,80.000,-1.752,54.421,3.423
a,207470,47.000,42.745,80.000,-2.072,54.940,1.255
a,207475,47.000,42.985,80.000,0.172,55.826,4.858
a,207480,47.000,43.080,80.000,-0.912,55.139,3.866
a,207485,47.000,43.175,80.000,-0.912,55.749,2.492
a,207490,47.000,43.023,80.000,-2.729,54.085,4.247
a,207495,47.000,43.158,80.000,-0.591,56.451,4.812
a,207500,47.000,43.134,80.000,-1.782,56.375,-0.760
a,207505,47.000,43.319,80.000,-0.240,58.406,1.728
a,207510,47.000,43.191,80.000,-2.546,56.482,4.339
a,207515,47.000,43.126,80.000,-2.057,56.680,3.621
a,207520,47.000,42.832,80.000,-3.721,55.887,-0.302
a,207525,47.000,42.820,80.000,-1.630,58.848,1.133
a,207530,47.000,42.683,80.000,-2.515,56.299,4.965
a,207535,47.000,42.667,80.000,-1.614,58.497,-0.821
a,207540,47.000,42.556,80.000,-2.286,56.406,1.606
a,207545,47.000,42.503,80.000,-1.859,58.711,3.728
a,207550,47.000,42.235,80.000,-3.416,56.909,2.049
a,207555,47.000,42.142,80.000,-2.118,59.932,-0.180
a,207560,47.000,41.817,80.000,-3.798,58.131,0.156
a,207565,47.000,41.836,80.000,-1.217,59.474,3.957
a,207570,47.000,41.596,80.000,-3.111,57.749,3.515
a,207575,47.000,41.379,80.000,-2.927,59.062,-2.195
a,207580,47.000,41.020,80.000,-3.950,59.520,-2.852
a,207585,47.000,40.804,80.000,-2.820,57.734,2.690
a,207590,47.000,40.358,80.000,-4.515,59.032,0.247
a,207595,47.000,40.203,80.000,-2.286,58.222,0.797
a,207600,47.000,39.736,80.000,-4.576,57.429,1.499
a,207605,47.000,39.169,80.000,-5.233,55.673,3.057
a,207611,47.000,38.617,80.000,-5.049,55.505,2.690
a,207615,47.000,38.063,80.000,-5.004,55.566,-0.989
a,207620,47.000,37.501,80.000,-5.019,57.047,0.660
a,207626,47.000,36.967,80.000,-4.759,58.406,1.148
a,207630,47.000,36.329,80.000,-5.462,57.459,0.583
a,207635,47.000,35.407,80.000,-7.477,56.299,3.392
a,207640,47.000,34.664,80.000,-6.072,58.222,-1.417
a,207645,47.000,33.818,80.000,-6.744,57.154,1.438
a,207650,47.000,33.168,80.000,-5.187,56.299,0.339
a,207655,47.000,32.274,80.000,-6.927,56.131,0.705
a,207660,47.000,31.597,80.000,-5.187,53.368,1.713
a,207665,47.000,30.920,80.000,-5.111,52.650,0.965
a,207670,47.000,30.674,80.000,-1.782,47.093,-1.096
a,207675,47.000,30.753,80.000,0.676,44.467,0.049
a,207680,47.000,31.018,80.000,2.096,39.016,2.400
a,207685,47.000,31.533,80.000,3.928,37.642,1.148
a,207690,47.000,31.948,80.000,3.164,33.902,-0.302
a,207695,47.000,32.649,80.000,5.210,35.077,-0.272
a,207700,47.000,33.129,80.000,3.500,33.306,2.660
a,207705,47.000,33.983,80.000,6.202,34.848,1.041
a,207710,47.000,34.461,80.000,3.302,34.833,2.934
a,207715,47.000,35.031,80.000,3.928,35.093,-0.272
a,207720,47.000,35.278,80.000,1.439,37.032,3.515
a,207725,47.000,35.812,80.000,3.531,37.383,-0.760
a,207730,47.000,36.200,80.000,2.355,40.177,0.217
a,207735,47.000,36.630,80.000,2.630,39.093,-0.226
a,207740,47.000,36.815,80.000,0.737,41.322,2.675
a,207745,47.000,36.793,80.000,-0.775,38.116,-2.256
a,207750,47.000,37.172,80.000,2.172,39.780,-0.104
a,207755,47.000,37.383,80.000,0.889,39.963,-0.333
a,207760,47.000,37.778,80.000,2.248,37.948,2.247
a,207765,47.000,38.164,80.000,2.126,39.261,1.515
a,207770,47.000,38.404,80.000,1.012,37.978,-0.684
a,207775,47.000,38.915,80.000,2.951,41.841,0.079
a,207780,47.000,39.064,80.000,0.233,40.375,-0.501
a,207785,47.000,39.406,80.000,1.653,40.238,0.980
a,207790,47.000,39.304,80.000,-1.706,42.680,3.652
a,207795,47.000,39.230,80.000,-1.492,43.245,2.110
a,207800,47.000,39.039,80.000,-2.393,47.734,0.003
a,207805,47.000,38.597,80.000,-4.210,45.505,-0.165
a,207810,47.000,38.285,80.000,-3.233,49.306,0.538
a,207816,47.000,37.541,80.000,-6.378,48.284,3.163
a,207821,47.000,36.870,80.000,-5.782,50.558,1.133
a,207825,47.000,35.882,80.000,-8.057,50.742,0.018
a,207830,47.000,35.108,80.000,-6.378,52.375,0.141
a,207835,47.000,34.143,80.000,-7.675,50.375,2.889
a,207840,47.000,33.149,80.000,-7.798,50.971,4.705
a,207845,47.000,31.839,80.000,-9.996,48.848,-1.493
a,207850,47.000,30.824,80.000,-7.721,53.169,-0.943
a,207855,47.000,29.711,80.000,-8.362,54.742,-0.104
a,207860,47.000,28.433,80.000,-9.416,51.016,2.889
a,207865,47.000,26.822,80.000,-11.752,51.123,1.591
a,207870,47.000,24.979,80.000,-13.294,51.077,3.057
a,207875,47.000,23.310,80.000,-11.798,49.993,3.637
a,207880,47.000,21.903,80.000,-9.691,50.803,-0.241
a,207885,47.000,20.599,80.000,-8.729,46.619,2.385
a,207890,47.000,19.746,80.000,-5.187,39.780,1.652
a,207896,47.000,18.795,80.000,-5.813,38.116,3.225
a,207900,47.000,18.064,80.000,-4.042,33.154,0.476
a,207905,47.000,17.669,80.000,-1.477,31.734,-2.043
a,207910,47.000,17.983,80.000,3.867,26.192,0.828
a,207915,47.000,18.184,80.000,3.012,22.528,1.133
a,207920,47.000,18.390,80.000,3.057,17.474,0.492
a,207925,47.000,18.919,80.000,5.409,17.169,-1.340
a,207930,47.000,19.543,80.000,6.080,12.848,0.614
a,207935,47.000,20.459,80.000,8.126,14.757,0.996
a,207940,47.000,21.121,80.000,6.141,12.436,1.683
a,207945,47.000,21.809,80.000,6.233,13.535,0.476
a,207950,47.000,22.325,80.000,4.844,14.864,-0.394
a,207955,47.000,22.591,80.000,2.889,16.406,-0.592
a,207960,47.000,23.126,80.000,4.798,20.650,-0.287
a,207965,47.000,23.387,80.000,2.660,22.787,0.095
a,207970,47.000,23.612,80.000,2.340,23.261,1.408
a,207975,47.000,23.458,80.000,-0.469,21.047,3.728
a,207980,47.000,23.618,80.000,1.821,23.688,2.660
a,207985,47.000,23.524,80.000,-0.088,23.856,0.354
a,207990,47.000,23.720,80.000,2.034,25.963,0.843
a,207995,47.000,23.468,80.000,-1.294,24.314,2.232
a,208000,47.000,23.252,80.000,-1.049,26.925,4.034
a,208005,47.000,22.690,80.000,-3.599,27.322,3.270
a,208010,47.000,22.227,80.000,-2.836,29.016,-0.577
a,208015,47.000,21.730,80.000,-3.034,28.635,-2.241
a,208020,47.000,21.174,80.000,-3.446,29.719,0.354
a,208025,47.000,20.961,80.000,-0.851,29.444,-1.050
a,208030,47.000,20.446,80.000,-3.034,26.345,2.568
a,208035,47.000,20.079,80.000,-1.904,27.108,-0.134
a,208040,47.000,19.715,80.000,-1.828,25.077,-1.768
a,208045,47.000,19.155,80.000,-3.248,24.177,3.118
a,208050,47.000,18.901,80.000,-0.927,24.451,0.492
a,208055,47.000,18.505,80.000,-1.966,24.207,-1.081
a,208060,47.000,18.247,80.000,-0.958,27.948,0.125
a,208065,47.000,17.824,80.000,-2.149,26.864,1.484
a,208070,47.000,17.138,80.000,-4.072,26.650,2.797
a,208075,47.000,16.519,80.000,-3.508,27.032,-0.150
a,208080,47.000,15.776,80.000,-4.362,25.719,2.996
a,208085,47.000,15.258,80.000,-2.637,27.032,1.347
a,208090,47.000,14.878,80.000,-1.553,24.803,-0.913
a,208095,47.000,14.469,80.000,-1.737,24.894,1.621
a,208100,47.000,14.360,80.000,0.538,22.360,0.980
a,208105,47.000,14.017,80.000,-1.172,19.749,1.683
a,208110,47.000,13.923,80.000,0.706,18.986,2.095
a,208115,47.000,13.801,80.000,0.523,16.146,-1.233
a,208120,47.000,13.930,80.000,2.386,15.810,-0.058
a,208125,47.000,14.230,80.000,3.638,13.826,-2.989
a,208130,47.000,14.765,80.000,5.317,14.833,2.217
a,208135,47.000,15.341,80.000,5.592,10.482,1.102
a,208140,47.000,15.746,80.000,4.233,11.276,4.873
a,208145,47.000,16.182,80.000,4.401,11.948,-0.684
a,208150,47.000,16.312,80.000,2.050,12.436,-1.066
a,208155,47.000,16.612,80.000,3.256,15.352,1.515
a,208160,47.000,16.819,80.000,2.523,14.803,1.637
a,208165,47.000,17.178,80.000,3.592,17.093,-0.638
a,208170,47.000,17.468,80.000,3.027,16.406,-1.142
a,208175,47.000,17.530,80.000,1.302,15.948,1.606
a,208180,47.000,17.797,80.000,2.813,15.566,-0.867
a,208185,47.000,18.071,80.000,2.813,15.948,-1.111
a,208190,47.000,18.341,80.000,2.767,14.665,1.545
a,208195,47.000,18.651,80.000,3.012,15.169,1.683
a,208200,47.000,18.929,80.000,2.722,16.268,2.079
a,208205,47.000,19.117,80.000,2.019,15.917,-1.539
a,208210,47.000,19.198,80.000,1.164,18.528,-0.531
a,208215,47.000,19.196,80.000,0.538,18.116,1.301
a,208220,47.000,19.334,80.000,1.546,20.024,0.186
a,208225,47.000,19.144,80.000,-0.897,19.856,0.889
a,208230,47.000,19.161,80.000,0.615,22.940,0.247
a,208235,47.000,19.120,80.000,0.172,22.909,4.125
a,208240,47.000,18.730,80.000,-2.393,21.520,2.690
a,208245,47.000,18.481,80.000,-1.340,23.887,-0.241
a,208250,47.000,18.196,80.000,-1.553,21.551,-0.394
a,208255,47.000,18.161,80.000,0.294,23.932,0.095
a,208260,47.000,18.074,80.000,-0.057,21.047,0.675
a,208265,47.000,17.983,80.000,-0.088,21.276,-0.394
a,208270,47.000,17.999,80.000,0.737,19.535,2.186
a,208275,47.000,17.887,80.000,-0.240,20.406,1.744
a,208281,47.000,17.606,80.000,-1.477,20.131,-1.004
a,208286,47.000,17.582,80.000,0.416,23.154,-1.997
a,208290,47.000,17.275,80.000,-1.675,22.711,4.431
a,208295,47.000,17.312,80.000,0.874,24.268,-3.401
a,208300,47.000,16.998,80.000,-1.721,23.306,0.690
a,208305,47.000,16.704,80.000,-1.538,22.940,-1.218
a,208310,47.000,16.614,80.000,0.034,20.207,-0.806
a,208315,47.000,16.571,80.000,0.370,21.597,0.660
a,208320,47.000,16.682,80.000,1.515,20.375,0.110
a,208325,47.000,16.611,80.000,0.157,19.856,2.705
a,208330,47.000,16.661,80.000,1.073,18.635,0.125
a,208335,47.000,16.602,80.000,0.233,19.887,0.629
a,208340,47.000,16.594,80.000,0.615,20.070,-0.638
a,208345,47.000,16.457,80.000,-0.362,21.047,0.370
a,208350,47.000,16.454,80.000,0.630,21.658,-2.348
a,208355,47.000,16.534,80.000,1.210,23.993,-1.508
a,208360,47.000,16.400,80.000,-0.378,23.047,0.690
a,208365,47.000,16.251,80.000,-0.485,23.368,1.530
a,208370,47.000,16.107,80.000,-0.408,21.169,-5.142
a,208375,47.000,15.951,80.000,-0.485,21.184,0.996
a,208380,47.000,16.252,80.000,2.905,21.520,0.415
a,208385,47.000,16.261,80.000,0.737,18.329,2.370
a,208390,47.000,16.521,80.000,2.584,18.635,-2.699
a,208395,47.000,16.587,80.000,1.134,17.398,1.331
a,208400,47.000,16.888,80.000,2.844,18.528,-1.340
a,208405,47.000,17.020,80.000,1.546,18.696,0.034
a,208411,47.000,17.143,80.000,1.485,17.276,-2.134
a,208415,47.000,17.205,80.000,0.996,18.222,1.102
a,208420,47.000,17.425,80.000,2.126,20.513,1.805
a,208425,47.000,17.456,80.000,0.722,18.772,0.400
a,208430,47.000,17.721,80.000,2.431,20.406,-1.417
a,208435,47.000,17.836,80.000,1.317,17.902,0.385
a,208440,47.000,18.158,80.000,2.813,19.429,-1.401
a,208445,47.000,18.474,80.000,2.752,17.337,4.736
a,208450,47.000,18.811,80.000,2.844,19.444,0.614
a,208455,47.000,19.080,80.000,2.325,17.841,-2.226
a,208460,47.000,19.285,80.000,1.790,20.055,1.744
a,208465,47.000,19.566,80.000,2.355,17.826,-1.768
a,208470,47.000,19.950,80.000,3.057,20.085,-0.608
a,208475,47.000,20.260,80.000,2.477,19.154,4.782
a,208480,47.000,20.676,80.000,3.225,19.306,3.026
a,208485,47.000,20.898,80.000,1.744,18.879,-2.714
a,208490,47.000,21.464,80.000,4.248,20.971,-0.180
a,208495,47.000,21.784,80.000,2.355,21.413,1.225
a,208500,47.000,22.305,80.000,3.821,21.215,1.820
a,208505,47.000,22.424,80.000,0.752,23.047,2.675
a,208510,47.000,22.554,80.000,0.844,22.329,2.263
a,208515,47.000,22.668,80.000,0.676,25.245,-0.363
a,208520,47.000,22.875,80.000,1.363,24.726,-3.142
a,208525,47.000,23.078,80.000,1.271,27.642,0.889
a,208530,47.000,23.451,80.000,2.554,25.322,2.629
a,208535,47.000,23.552,80.000,0.492,24.909,4.583
a,208540,47.000,23.735,80.000,1.103,24.864,-2.272
a,208545,47.000,23.992,80.000,1.622,25.887,-4.791
a,208550,47.000,24.363,80.000,2.462,24.619,0.583
a,208555,47.000,24.674,80.000,1.958,26.085,1.652
a,208560,47.000,24.971,80.000,1.836,24.971,0.507
a,208565,47.000,25.132,80.000,0.783,26.955,1.377
a,208570,47.000,25.308,80.000,0.859,28.803,0.660
a,208575,47.000,25.347,80.000,-0.164,28.635,1.301
a,208580,47.000,25.677,80.000,1.973,30.406,-0.256
a,208585,47.000,25.584,80.000,-1.172,28.146,3.041
a,208590,47.000,25.712,80.000,0.492,28.284,2.767
a,208595,47.000,25.659,80.000,-0.866,28.390,1.148
a,208600,47.000,25.840,80.000,0.889,28.574,-0.379
a,208605,47.000,26.039,80.000,0.981,30.131,3.408
a,208610,47.000,26.247,80.000,1.057,28.696,2.018
a,208615,47.000,26.547,80.000,1.714,29.047,1.957
a,208620,47.000,26.687,80.000,0.508,28.726,1.560
a,208625,47.000,26.967,80.000,1.515,30.482,0.064
a,208630,47.000,27.085,80.000,0.309,29.154,3.560
a,208635,47.000,27.200,80.000,0.263,30.070,6.278
a,208640,47.000,27.549,80.000,2.004,29.505,2.629
a,208645,47.000,27.511,80.000,-0.897,29.993,5.347
a,208650,47.000,27.712,80.000,0.874,31.001,3.850
a,208655,47.000,27.794,80.000,-0.042,32.284,0.186
a,208660,47.000,27.931,80.000,0.370,31.856,0.293
a,208665,47.000,28.125,80.000,0.783,32.711,2.690
a,208670,47.000,28.270,80.000,0.416,31.306,3.621
a,208675,47.000,28.413,80.000,0.386,32.253,2.278
a,208680,47.000,28.581,80.000,0.554,32.909,3.942
a,208685,47.000,28.905,80.000,1.699,33.123,3.957
a,208690,47.000,29.159,80.000,1.149,32.925,4.171
a,208695,47.000,29.599,80.000,2.523,32.284,0.003
a,208700,47.000,29.643,80.000,-0.454,32.055,4.767
a,208705,47.000,29.883,80.000,0.981,34.253,2.354
a,208710,47.000,29.989,80.000,-0.042,34.833,3.454
a,208715,47.000,30.072,80.000,-0.195,33.169,0.263
a,208720,47.000,30.275,80.000,0.691,33.902,-1.432
a,208725,47.000,30.609,80.000,1.653,33.261,0.308
a,208730,47.000,30.917,80.000,1.409,35.505,0.507
a,208735,47.000,31.035,80.000,0.004,33.276,-0.867
a,208740,47.000,31.203,80.000,0.340,35.780,0.873
a,208745,47.000,31.164,80.000,-1.187,34.345,1.377
a,208750,47.000,31.574,80.000,2.111,37.932,-2.272
a,208755,47.000,31.702,80.000,-0.011,37.795,-0.027
a,208760,47.000,31.796,80.000,-0.271,38.528,1.805
a,208765,47.000,31.688,80.000,-1.767,37.734,0.858
a,208770,47.000,31.781,80.000,-0.256,38.284,-3.814
a,208775,47.000,31.875,80.000,-0.240,37.703,0.415
a,208780,47.000,32.287,80.000,2.096,39.444,3.469
a,208785,47.000,32.697,80.000,2.080,35.749,0.507
a,208790,47.000,33.046,80.000,1.592,36.436,0.675
a,208795,47.000,33.264,80.000,0.615,34.314,1.118
a,208800,47.000,33.498,80.000,0.691,37.245,-0.791
a,208805,47.000,33.915,80.000,2.034,36.513,1.148
a,208810,47.000,34.272,80.000,1.546,37.276,-0.577
a,208815,47.000,34.728,80.000,2.248,37.215,-0.287
a,208820,47.000,34.998,80.000,0.813,39.123,3.209
a,208825,47.000,35.308,80.000,1.103,37.871,0.919
a,208830,47.000,35.647,80.000,1.271,39.688,2.522
a,208835,47.000,35.782,80.000,-0.256,39.444,-1.966
a,208840,47.000,36.146,80.000,1.409,41.398,2.828
a,208845,47.000,36.246,80.000,-0.546,39.627,2.232
a,208850,47.000,36.318,80.000,-0.790,42.100,1.957
a,208855,47.000,36.041,80.000,-3.370,42.619,0.675
a,208860,47.000,36.031,80.000,-1.370,44.635,-2.653
a,208865,47.000,35.858,80.000,-2.576,45.230,2.629
a,208870,47.000,35.911,80.000,-0.866,45.291,1.331
a,208875,47.000,35.645,80.000,-3.248,47.276,2.278
a,208880,47.000,35.513,80.000,-2.210,47.245,3.331
a,208885,47.000,35.245,80.000,-3.202,47.841,-0.027
a,208890,47.000,35.064,80.000,-2.500,47.001,0.293
a,208895,47.000,34.838,80.000,-2.805,46.833,-0.027
a,208900,47.000,34.715,80.000,-1.981,45.184,2.186
a,208905,47.000,34.602,80.000,-1.904,46.482,0.873
a,208910,47.000,34.366,80.000,-2.775,44.833,2.003
a,208915,47.000,34.380,80.000,-0.912,47.658,2.125
a,208920,47.000,34.344,80.000,-1.248,44.360,0.202
a,208925,47.000,34.216,80.000,-1.920,45.261,2.324
a,208930,47.000,34.174,80.000,-1.263,45.276,1.148
a,208935,47.000,33.967,80.000,-2.469,44.665,3.255
a,208940,47.000,33.653,80.000,-3.217,43.978,1.667
a,208945,47.000,33.579,80.000,-1.416,45.184,0.461
a,208950,47.000,33.655,80.000,-0.271,43.978,1.163
a,208955,47.000,33.584,80.000,-1.385,45.535,2.217
a,208960,47.000,33.498,80.000,-1.462,43.963,2.110
a,208965,47.000,33.373,80.000,-1.767,46.513,-0.134
a,208970,47.000,33.346,80.000,-0.988,44.284,-0.485
a,208975,47.000,33.282,80.000,-1.278,45.474,0.079
a,208980,47.000,33.172,80.000,-1.584,43.764,0.553
a,208985,47.000,33.065,80.000,-1.553,44.772,1.240
a,208990,47.000,33.163,80.000,-0.027,45.520,2.034
a,208995,47.000,33.332,80.000,0.523,42.497,-0.898
a,209000,47.000,33.515,80.000,0.584,45.154,-2.440
a,209005,47.000,33.523,80.000,-0.683,41.780,-0.775
a,209010,47.000,33.592,80.000,-0.271,44.390,1.652
a,209015,47.000,33.851,80.000,1.164,42.604,-0.531
a,209020,47.000,33.961,80.000,0.034,42.406,-1.340
a,209025,47.000,34.379,80.000,2.325,40.757,-0.699
a,209030,47.000,34.817,80.000,2.416,42.329,0.385
a,209035,47.000,35.243,80.000,2.325,38.940,0.782
a,209040,47.000,35.736,80.000,2.752,41.032,-1.569
a,209045,47.000,36.057,80.000,1.424,40.787,5.713
a,209050,47.000,36.612,80.000,3.134,40.757,5.392
a,209055,47.000,37.013,80.000,1.928,41.291,2.339
a,209060,47.000,37.522,80.000,2.706,40.177,-1.661
a,209065,47.000,38.155,80.000,3.546,42.482,-0.165
a,209070,47.000,38.523,80.000,1.515,42.787,1.942
a,209075,47.000,38.999,80.000,2.279,43.200,0.721
a,209080,47.000,39.337,80.000,1.241,41.184,-1.462
a,209085,47.000,40.013,80.000,3.683,43.658,-0.043
a,209090,47.000,40.583,80.000,2.859,41.215,3.041
a,209095,47.000,41.444,80.000,4.981,40.100,-0.546
a,209100,47.000,41.867,80.000,1.653,39.444,1.408
a,209105,47.000,42.535,80.000,3.454,38.390,-1.493
a,209110,47.000,43.395,80.000,4.767,41.734,5.301
a,209115,47.000,44.103,80.000,3.561,41.566,4.354
a,209120,47.000,44.710,80.000,2.737,42.238,0.782
a,209125,47.000,45.191,80.000,1.683,48.253,0.797
a,209130,47.000,45.405,80.000,-0.332,47.627,0.614
a,209135,47.000,45.648,80.000,-0.149,50.360,3.316
a,209140,47.000,45.364,80.000,-4.072,50.833,5.377
a,209145,47.000,45.120,80.000,-3.767,54.222,3.560
a,209150,47.000,44.405,80.000,-7.233,56.192,4.018
a,209155,47.000,43.696,80.000,-7.126,58.955,1.896
a,209160,47.000,42.430,80.000,-11.202,63.108,5.118
a,209165,47.000,41.343,80.000,-9.721,63.001,0.690
a,209170,47.000,40.009,80.000,-11.446,66.070,2.660
a,209175,47.000,38.454,80.000,-12.897,63.841,1.087
a,209180,47.000,37.273,80.000,-9.966,66.207,0.812
a,209185,47.000,35.765,80.000,-12.225,64.390,3.683
a,209190,47.000,34.180,80.000,-12.607,62.787,1.316
a,209195,47.000,32.724,80.000,-11.477,64.390,0.507
a,209200,47.000,31.013,80.000,-13.202,63.597,3.805
a,209205,47.000,29.280,80.000,-13.141,61.154,1.270
a,209210,47.000,27.796,80.000,-11.156,65.932,0.003
a,209215,47.000,26.010,80.000,-13.202,62.604,3.591
a,209220,47.000,24.519,80.000,-10.775,58.848,0.110
a,209225,47.000,23.095,80.000,-10.088,56.268,1.728
a,209230,47.000,21.732,80.000,-9.416,50.390,0.767
a,209235,47.000,21.182,80.000,-3.217,47.306,1.423
a,209240,47.000,20.681,80.000,-2.714,38.604,3.683
a,209245,47.000,20.745,80.000,1.592,32.360,0.690
a,209250,47.000,20.977,80.000,2.844,29.001,0.339
a,209255,47.000,21.261,80.000,3.241,24.375,1.148
a,209260,47.000,22.050,80.000,6.920,24.787,1.805
a,209265,47.000,22.849,80.000,6.966,18.467,1.087
a,209270,47.000,23.975,80.000,9.271,19.184,-0.363
a,209275,47.000,24.804,80.000,6.920,19.261,3.331
a,209280,47.000,26.006,80.000,9.592,17.749,-1.218
a,209285,47.000,26.995,80.000,7.867,17.658,1.392
a,209290,47.000,28.089,80.000,8.492,19.887,2.308
a,209295,47.000,28.841,80.000,5.805,21.627,1.255
a,209300,47.000,29.462,80.000,4.722,22.925,0.339
a,209305,47.000,30.222,80.000,5.683,22.742,-0.791
a,209310,47.000,31.074,80.000,6.233,26.299,2.553
a,209315,47.000,31.575,80.000,3.531,25.474,1.392
a,209320,47.000,32.030,80.000,3.118,27.413,2.278
a,209325,47.000,32.206,80.000,0.935,30.589,0.705
a,209330,47.000,32.395,80.000,0.996,31.245,0.996
a,209335,47.000,32.376,80.000,-0.607,33.780,4.767
a,209340,47.000,32.283,80.000,-1.187,35.077,3.988
a,209345,47.000,32.127,80.000,-1.660,35.184,-0.394
a,209350,47.000,31.767,80.000,-3.202,38.146,2.614
a,209355,47.000,31.493,80.000,-2.530,38.085,0.553
a,209360,47.000,30.958,80.000,-4.454,38.986,1.225
a,209365,47.000,30.450,80.000,-4.210,38.574,-0.165
a,209370,47.000,29.775,80.000,-5.416,40.375,0.400
a,209375,47.000,29.005,80.000,-6.057,39.993,1.667
a,209380,47.000,28.567,80.000,-3.538,40.619,-0.806
a,209385,47.000,27.786,80.000,-6.027,39.566,1.316
a,209390,47.000,27.153,80.000,-4.836,37.978,1.087
a,209395,47.000,26.638,80.000,-3.904,37.520,0.644
a,209400,47.000,25.836,80.000,-5.981,36.925,0.263
a,209405,47.000,25.393,80.000,-3.263,38.192,1.133
a,209410,47.000,24.982,80.000,-3.019,39.581,1.102
a,209415,47.000,24.173,80.000,-5.920,38.070,2.767
a,209421,47.000,23.459,80.000,-5.111,35.856,-1.798
a,209425,47.000,22.669,80.000,-5.645,37.932,-0.562
a,209430,47.000,22.193,80.000,-3.233,36.238,0.843
a,209435,47.000,21.580,80.000,-4.210,36.192,1.209
a,209440,47.000,21.074,80.000,-3.340,33.444,1.209
a,209445,47.000,20.727,80.000,-2.118,32.543,0.034
a,209450,47.000,20.443,80.000,-1.599,29.474,1.789
a,209455,47.000,20.680,80.000,2.294,27.200,-2.043
a,209460,47.000,21.040,80.000,3.195,23.780,0.690
a,209465,47.000,21.271,80.000,2.202,21.841,1.667
a,209470,47.000,21.747,80.000,3.973,20.833,0.721
a,209475,47.000,22.026,80.000,2.477,17.642,2.217
a,209480,47.000,22.495,80.000,3.836,17.413,-1.020
a,209485,47.000,23.332,80.000,6.462,18.909,-0.363
a,209490,47.000,23.823,80.000,3.790,18.665,2.843
a,209495,47.000,24.453,80.000,4.737,19.429,6.339
a,209500,47.000,24.998,80.000,4.019,19.184,-1.615
a,209505,47.000,25.802,80.000,5.851,20.207,0.064
a,209510,47.000,26.312,80.000,3.546,21.902,2.873
a,209515,47.000,26.650,80.000,2.218,20.070,-0.302
a,209520,47.000,27.164,80.000,3.439,22.390,-0.287
a,209525,47.000,27.537,80.000,2.325,23.154,1.194
a,209530,47.000,27.895,80.000,2.157,22.909,4.034
a,209535,47.000,28.248,80.000,2.034,25.749,0.705
a,209540,47.000,28.195,80.000,-1.049,27.688,3.316
a,209545,47.000,28.111,80.000,-1.278,27.826,0.263
a,209550,47.000,28.009,80.000,-1.477,32.925,-0.531
a,209555,47.000,27.358,80.000,-5.523,31.459,-1.859
a,209560,47.000,26.994,80.000,-3.355,33.841,4.583
a,209566,47.000,26.624,80.000,-3.385,35.261,3.209
a,209570,47.000,26.091,80.000,-4.561,35.154,-0.409
a,209575,47.000,25.678,80.000,-3.630,35.993,2.232
a,209580,47.000,25.015,80.000,-5.416,33.337,4.522
a,209585,47.000,24.493,80.000,-4.286,31.871,2.415
a,209590,47.000,24.125,80.000,-3.111,32.818,-0.806
a,209595,47.000,23.691,80.000,-3.538,30.467,-0.898
a,209600,47.000,23.454,80.000,-2.042,29.932,-0.287
a,209605,47.000,23.051,80.000,-3.278,31.566,3.118
a,209610,47.000,22.409,80.000,-5.004,30.451,0.629
a,209615,47.000,22.000,80.000,-3.217,30.680,-3.142
a,209620,47.000,21.535,80.000,-3.614,31.566,0.996
a,209625,47.000,20.872,80.000,-5.019,29.291,1.362
a,209630,47.000,20.354,80.000,-3.889,30.131,0.843
a,209635,47.000,19.576,80.000,-5.767,29.291,0.980
a,209640,47.000,19.024,80.000,-3.996,27.062,-1.188
a,209645,47.000,18.818,80.000,-1.401,28.116,3.713
a,209650,47.000,18.276,80.000,-3.843,24.971,2.492
a,209655,47.000,17.809,80.000,-3.233,23.719,-0.775
a,209661,47.000,17.646,80.000,-0.958,24.513,-0.928
a,209665,47.000,17.399,80.000,-1.553,22.421,0.782
a,209671,47.000,17.499,80.000,1.042,20.894,-0.837
a,209675,47.000,17.587,80.000,0.920,21.047,-0.562
a,209680,47.000,17.804,80.000,1.882,18.039,-0.699
a,209685,47.000,18.006,80.000,1.729,17.612,1.179
a,209690,47.000,18.197,80.000,1.622,16.436,1.362
a,209695,47.000,18.591,80.000,3.088,16.528,0.904
a,209700,47.000,18.668,80.000,0.691,14.345,-0.180
a,209705,47.000,19.024,80.000,2.722,16.116,-0.913
a,209710,47.000,19.079,80.000,0.431,16.314,-0.119
a,209715,47.000,19.079,80.000,0.004,15.780,-4.211
a,209720,47.000,19.421,80.000,2.477,19.429,-1.233
a,209725,47.000,19.504,80.000,0.508,19.337,1.789
a,209730,47.000,19.713,80.000,1.409,19.810,0.522
a,209735,47.000,19.753,80.000,0.141,18.253,-1.951
a,209740,47.000,19.735,80.000,-0.317,18.604,-0.852
a,209745,47.000,19.859,80.000,0.691,22.009,0.431
a,209750,47.000,19.700,80.000,-1.416,20.024,0.568
a,209755,47.000,19.563,80.000,-1.263,21.627,-1.982
a,209760,47.000,19.360,80.000,-1.737,20.696,-0.485
a,209765,47.000,19.411,80.000,0.126,22.497,1.835
a,209770,47.000,19.055,80.000,-2.882,20.696,0.934
a,209775,47.000,18.893,80.000,-1.416,20.803,-0.409
a,209780,47.000,18.450,80.000,-3.492,20.894,1.973
a,209785,47.000,18.392,80.000,-0.607,21.138,-1.783
a,209790,47.000,18.223,80.000,-1.431,20.558,-1.264
a,209795,47.000,17.959,80.000,-2.103,18.375,-1.111
a,209800,47.000,17.947,80.000,-0.240,20.345,1.866
a,209805,47.000,17.505,80.000,-3.416,17.871,0.767
a,209810,47.000,17.249,80.000,-2.027,20.314,-3.279
a,209815,47.000,16.670,80.000,-4.424,21.948,0.599
a,209820,47.000,16.338,80.000,-2.561,23.551,1.179
a,209825,47.000,15.817,80.000,-3.904,20.589,-0.485
a,209830,47.000,15.439,80.000,-2.805,21.245,0.690
a,209835,47.000,14.857,80.000,-4.271,19.810,0.446
a,209840,47.000,14.603,80.000,-1.782,18.696,-1.630
a,209845,47.000,14.295,80.000,-2.179,19.719,0.125
a,209850,47.000,14.128,80.000,-1.095,18.039,-1.203
a,209855,47.000,13.934,80.000,-1.309,18.818,-0.195
a,209860,47.000,13.681,80.000,-1.721,17.932,0.904
a,209865,47.000,13.536,80.000,-0.912,17.138,-1.722
a,209870,47.000,13.315,80.000,-1.477,17.902,-2.363
a,209875,47.000,13.164,80.000,-0.927,15.948,-1.447
a,209880,47.000,12.790,80.000,-2.607,17.688,0.629
a,209885,47.000,12.305,80.000,-3.355,14.131,1.988
a,209890,47.000,12.182,80.000,-0.668,16.146,-1.722
a,209895,47.000,11.799,80.000,-2.561,13.551,-0.455
a,209900,47.000,11.843,80.000,0.645,12.436,2.629
a,209905,47.000,11.671,80.000,-0.988,12.543,0.476
a,209910,47.000,11.406,80.000,-1.645,10.131,-1.630
a,209915,47.000,11.318,80.000,-0.332,11.215,-1.020
a,209920,47.000,11.088,80.000,-1.401,11.245,-1.249
a,209925,47.000,11.110,80.000,0.477,11.948,-1.111
a,209930,47.000,10.796,80.000,-2.042,12.055,-0.195
a,209935,47.000,10.425,80.000,-2.439,11.306,-2.989
a,209940,47.000,10.027,80.000,-2.637,13.566,0.461
a,209945,47.000,9.607,80.000,-2.744,10.726,-4.837
a,209950,47.000,9.556,80.000,-0.011,13.688,-2.501
a,209955,47.000,9.074,80.000,-3.202,12.329,2.354
a,209960,47.000,8.764,80.000,-1.889,11.413,-3.401
a,209965,47.000,8.438,80.000,-1.996,12.467,-1.859
a,209970,47.000,7.894,80.000,-3.569,10.314,-1.325
a,209975,47.000,7.798,80.000,-0.225,11.413,1.011
a,209980,47.000,7.338,80.000,-2.912,10.207,0.171
a,209985,47.000,6.876,80.000,-2.866,7.337,-0.837
a,209990,47.000,6.559,80.000,-1.767,8.726,0.263
a,209995,47.000,6.014,80.000,-3.416,5.734,-0.119
a,210000,47.000,5.870,80.000,-0.408,6.680,0.095
a,210005,47.000,5.453,80.000,-2.439,6.925,1.530
a,210010,47.000,4.988,80.000,-2.744,4.451,1.179
a,210015,47.000,4.767,80.000,-0.927,6.848,-0.470
a,210020,47.000,4.312,80.000,-2.653,6.085,-0.653
a,210025,47.000,3.859,80.000,-2.591,4.558,0.217
a,210030,47.000,3.356,80.000,-2.958,6.574,1.881
a,210035,47.000,2.803,80.000,-3.263,4.314,0.934
a,210040,47.000,2.421,80.000,-1.996,7.673,-0.791
a,210045,47.000,1.685,80.000,-4.561,4.131,0.232
a,210050,47.000,1.120,80.000,-3.233,3.887,0.767
a,210055,47.000,0.380,80.000,-4.485,3.658,-1.798
a,210061,47.000,-0.312,80.000,-4.057,3.200,-0.959
a,210065,47.000,-0.881,80.000,-3.080,1.719,0.538
a,210070,47.000,-1.190,80.000,-1.111,1.230,0.889
a,210075,47.000,-1.754,80.000,-2.988,0.818,0.950
a,210080,47.000,-2.299,80.000,-2.775,-1.930,0.492
a,210085,47.000,-2.785,80.000,-2.317,-0.846,0.034
a,210090,47.000,-3.072,80.000,-0.805,-1.869,-1.600
a,210095,47.000,-3.351,80.000,-0.744,-1.487,0.858
a,210100,47.000,-3.999,80.000,-3.431,-4.846,-1.921
a,210105,47.000,-4.325,80.000,-1.019,-3.808,-0.485
a,210110,47.000,-4.827,80.000,-2.332,-1.976,3.087
a,210115,47.000,-5.240,80.000,-1.614,-4.236,-1.569
a,210120,47.000,-5.647,80.000,-1.584,-2.434,-0.134
a,210125,47.000,-6.146,80.000,-2.225,-3.396,-0.455
a,210130,47.000,-6.824,80.000,-3.508,-5.579,0.736
a,210135,47.000,-7.116,80.000,-0.607,-4.480,0.767
a,210140,47.000,-7.358,80.000,-0.225,-5.304,0.599
a,210145,47.000,-7.669,80.000,-0.698,-8.907,2.049
a,210150,47.000,-7.811,80.000,0.554,-8.236,-1.921
a,210155,47.000,-8.002,80.000,0.218,-11.243,-3.066
a,210160,47.000,-7.917,80.000,2.233,-10.297,-1.524
a,210165,47.000,-8.029,80.000,0.752,-11.518,1.912
a,210170,47.000,-8.080,80.000,1.210,-13.075,0.217
a,210175,47.000,-8.057,80.000,1.699,-10.678,-2.027
a,210180,47.000,-8.196,80.000,0.492,-11.961,2.156
a,210185,47.000,-8.073,80.000,2.401,-11.075,0.919
a,210190,47.000,-8.280,80.000,-0.088,-10.113,-0.134
a,210195,47.000,-8.550,80.000,-0.561,-10.724,2.812
a,210200,47.000,-8.741,80.000,0.004,-8.144,3.286
a,210205,47.000,-8.997,80.000,-0.485,-8.068,-0.333
a,210210,47.000,-9.373,80.000,-1.340,-11.136,0.354
a,210215,47.000,-9.410,80.000,1.195,-10.800,-1.615
a,210220,47.000,-9.839,80.000,-1.721,-12.251,1.301
a,210225,47.000,-9.872,80.000,1.241,-12.632,0.079
a,210230,47.000,-10.037,80.000,0.233,-12.098,-0.485
a,210235,47.000,-10.325,80.000,-0.668,-14.007,1.652
a,210240,47.000,-10.357,80.000,1.241,-14.037,0.996
a,210245,47.000,-10.551,80.000,0.004,-12.831,1.973
a,210250,47.000,-10.634,80.000,0.859,-15.625,-0.943
a,210255,47.000,-10.433,80.000,2.920,-13.976,1.087
a,210260,47.000,-10.550,80.000,0.538,-15.426,1.438
a,210265,47.000,-10.578,80.000,1.195,-15.976,1.789
a,210270,47.000,-10.827,80.000,-0.485,-14.984,-0.256
a,210275,47.000,-10.906,80.000,0.798,-15.747,-1.081
a,210280,47.000,-10.824,80.000,1.943,-13.640,-0.501
a,210285,47.000,-11.067,80.000,-0.469,-15.533,1.102
a,210290,47.000,-11.183,80.000,0.447,-13.716,-0.730
a,210295,47.000,-11.540,80.000,-1.340,-14.083,-0.394
a,210300,47.000,-11.591,80.000,0.951,-14.617,-4.165
a,210305,47.000,-11.643,80.000,0.920,-14.068,3.179
a,210310,47.000,-11.819,80.000,0.004,-15.487,3.438
a,210315,47.000,-11.753,80.000,1.790,-15.274,2.079
a,210320,47.000,-11.969,80.000,-0.317,-16.602,-1.295
a,210325,47.000,-11.987,80.000,1.134,-15.106,2.660
a,210330,47.000,-12.131,80.000,0.187,-15.136,0.125
a,210335,47.000,-12.025,80.000,2.034,-15.701,0.034
a,210340,47.000,-12.181,80.000,0.050,-14.342,2.415
a,210346,47.000,-12.373,80.000,-0.210,-16.068,1.637
a,210350,47.000,-12.535,80.000,-0.011,-13.442,-1.279
a,210355,47.000,-12.579,80.000,0.889,-15.594,-0.256
a,210360,47.000,-12.499,80.000,1.760,-13.533,3.102
a,210365,47.000,-12.554,80.000,0.767,-16.052,3.499
a,210370,47.000,-12.575,80.000,0.996,-15.808,-0.424
a,210375,47.000,-12.798,80.000,-0.485,-18.449,1.942
a,210380,47.000,-12.761,80.000,1.424,-16.327,-1.279
a,210385,47.000,-12.822,80.000,0.676,-16.648,1.515
a,210390,47.000,-12.520,80.000,3.347,-15.976,-1.692
a,210395,47.000,-12.512,80.000,1.118,-16.984,3.698
a,210400,47.000,-12.516,80.000,1.027,-17.762,0.018
a,210405,47.000,-12.605,80.000,0.370,-16.648,0.232
a,210410,47.000,-12.538,80.000,1.531,-18.587,-2.379
a,210415,47.000,-12.403,80.000,1.989,-16.052,-0.669
a,210420,47.000,-12.268,80.000,1.958,-16.709,3.392
a,210425,47.000,-12.339,80.000,0.416,-17.991,-0.714
a,210430,47.000,-12.015,80.000,3.317,-16.648,-0.928
a,210435,47.000,-11.881,80.000,1.851,-16.495,1.973
a,210440,47.000,-11.704,80.000,2.172,-19.045,-0.531
a,210445,47.000,-11.630,80.000,1.378,-19.381,1.194
a,210450,47.000,-11.272,80.000,3.439,-17.610,2.263
a,210455,47.000,-11.164,80.000,1.546,-18.968,1.652
a,210460,47.000,-10.876,80.000,2.844,-18.281,-1.630
a,210465,47.000,-10.725,80.000,1.760,-16.144,-0.150
a,210470,47.000,-10.271,80.000,3.958,-14.907,0.171
a,210475,47.000,-10.093,80.000,1.867,-16.465,1.255
a,210480,47.000,-9.550,80.000,4.538,-15.839,-0.821
a,210485,47.000,-9.268,80.000,2.523,-16.068,1.454
a,210490,47.000,-8.806,80.000,3.821,-16.113,1.377
a,210495,47.000,-8.339,80.000,3.805,-16.953,-0.516
a,210500,47.000,-8.020,80.000,2.630,-15.381,-0.012
a,210505,47.000,-7.460,80.000,4.386,-16.923,-1.340
a,210510,47.000,-6.788,80.000,5.118,-14.724,-0.669
a,210515,47.000,-6.397,80.000,2.966,-15.503,2.156
a,210520,47.000,-6.012,80.000,2.859,-14.663,0.263
a,210525,47.000,-5.418,80.000,4.370,-15.762,-2.974
a,210530,47.000,-4.856,80.000,4.050,-14.480,-0.470
a,210536,47.000,-4.530,80.000,2.202,-12.068,4.171
a,210540,47.000,-3.955,80.000,4.004,-11.961,-1.249
a,210545,47.000,-3.662,80.000,1.851,-12.449,-1.814
a,210550,47.000,-3.326,80.000,2.096,-8.831,4.186
a,210555,47.000,-3.168,80.000,0.737,-8.663,2.522
a,210560,47.000,-3.143,80.000,-0.301,-5.518,-0.379
a,210565,47.000,-3.002,80.000,0.554,-6.083,3.667
a,210570,47.000,-3.208,80.000,-2.027,-6.220,-1.890
a,210575,47.000,-3.350,80.000,-1.508,-7.701,-0.577
a,210580,47.000,-3.517,80.000,-1.737,-3.289,-3.096
a,210585,47.000,-3.511,80.000,-0.408,-5.213,0.583
a,210590,47.000,-3.820,80.000,-2.729,-6.190,1.377
a,210595,47.000,-3.973,80.000,-1.538,-6.755,-2.562
a,210600,47.000,-3.911,80.000,0.050,-4.419,-0.409
a,210605,47.000,-3.808,80.000,0.340,-4.617,1.225
a,210610,47.000,-3.672,80.000,0.584,-5.381,0.736
a,210615,47.000,-3.599,80.000,0.111,-6.007,-0.837
a,210620,47.000,-3.344,80.000,1.454,-6.678,-0.226
a,210625,47.000,-3.447,80.000,-1.233,-6.510,1.408
a,210630,47.000,-3.253,80.000,0.966,-5.487,0.705
a,210635,47.000,-3.359,80.000,-1.278,-5.091,3.392
a,210640,47.000,-3.242,80.000,0.386,-5.167,-0.730
a,210645,47.000,-3.445,80.000,-1.981,-5.945,2.308
a,210650,47.000,-3.244,80.000,1.042,-5.732,-1.035
a,210655,47.000,-3.213,80.000,-0.225,-5.213,0.980
a,210660,47.000,-3.080,80.000,0.554,-6.541,1.347
a,210665,47.000,-3.283,80.000,-1.935,-7.121,0.843
a,210670,47.000,-3.246,80.000,-0.118,-6.892,-1.875
a,210675,47.000,-3.320,80.000,-0.958,-5.335,0.339
a,210680,47.000,-3.018,80.000,1.851,-5.625,-0.501
a,210685,47.000,-3.036,80.000,-0.546,-5.045,0.980
a,210690,47.000,-2.905,80.000,0.584,-5.869,-1.905
a,210695,47.000,-3.110,80.000,-1.920,-5.411,2.797
a,210700,47.000,-3.054,80.000,0.065,-6.510,-1.279
a,210705,47.000,-3.101,80.000,-0.714,-5.335,0.339
a,210710,47.000,-2.867,80.000,1.409,-6.770,0.278
a,210715,47.000,-2.755,80.000,0.462,-4.724,2.476
a,210720,47.000,-2.711,80.000,-0.027,-6.510,3.469
a,210725,47.000,-2.766,80.000,-0.775,-4.465,-2.180
a,210730,47.000,-2.766,80.000,-0.332,-6.403,0.018
a,210735,47.000,-2.535,80.000,1.363,-3.839,3.362
a,210740,47.000,-2.431,80.000,0.447,-6.984,-1.310
a,210745,47.000,-2.373,80.000,0.065,-4.526,0.003
a,210750,47.000,-2.394,80.000,-0.485,-6.648,1.102
a,210755,47.000,-2.220,80.000,0.935,-3.472,-1.783
a,210760,47.000,-2.265,80.000,-0.668,-6.388,1.713
a,210765,47.000,-2.010,80.000,1.546,-4.297,-3.508
a,210770,47.000,-2.101,80.000,-1.034,-4.297,1.652
a,210775,47.000,-2.146,80.000,-0.668,-5.136,1.805
a,210780,47.000,-2.277,80.000,-1.309,-3.808,-1.554
a,210785,47.000,-2.116,80.000,0.905,-5.045,0.141
a,210790,47.000,-2.125,80.000,-0.378,-4.862,3.163
a,210795,47.000,-2.006,80.000,0.584,-4.938,0.538
a,210800,47.000,-2.109,80.000,-1.065,-4.403,0.767
a,210805,47.000,-2.049,80.000,0.172,-5.991,-0.653
a,210811,47.000,-1.945,80.000,0.492,-4.999,-2.134
a,210815,47.000,-1.930,80.000,-0.179,-4.159,-1.249
a,210820,47.000,-1.830,80.000,0.477,-5.854,0.049
a,210825,47.000,-1.838,80.000,-0.347,-4.617,2.003
a,210831,47.000,-1.946,80.000,-1.049,-6.510,-0.745
a,210835,47.000,-1.869,80.000,0.309,-4.190,-1.997
a,210840,47.000,-1.995,80.000,-1.172,-5.808,-0.073
a,210845,47.000,-1.787,80.000,1.317,-5.381,-1.615
a,210850,47.000,-1.895,80.000,-1.034,-6.083,1.026
a,210855,47.000,-1.803,80.000,0.447,-4.648,-2.104
a,210860,47.000,-1.834,80.000,-0.454,-5.442,3.850
a,210865,47.000,-1.430,80.000,2.783,-5.350,-4.241
a,210870,47.000,-1.354,80.000,0.309,-5.762,0.705
a,210875,47.000,-1.099,80.000,1.638,-5.732,-1.188
a,210880,47.000,-1.153,80.000,-0.683,-4.800,-3.432
a,210885,47.000,-1.005,80.000,0.828,-4.968,0.599
a,210890,47.000,-0.630,80.000,2.477,-2.739,2.141
a,210895,47.000,-0.473,80.000,0.828,-3.533,3.576
a,210900,47.000,-0.336,80.000,0.691,-4.892,0.843
a,210905,47.000,-0.425,80.000,-0.988,-5.289,0.629
a,210910,47.000,-0.413,80.000,-0.225,-4.434,0.476
a,210915,47.000,-0.216,80.000,1.118,-2.571,-1.432
a,210920,47.000,-0.146,80.000,0.187,-3.823,-0.088
a,210925,47.000,0.017,80.000,0.859,-2.938,1.362
a,210930,47.000,0.049,80.000,-0.103,-4.190,1.912
a,210935,47.000,0.277,80.000,1.317,-1.579,-1.447
a,210940,47.000,0.312,80.000,-0.118,-2.419,-0.333
a,210945,47.000,0.676,80.000,2.294,-0.373,-1.249
a,210950,47.000,0.620,80.000,-0.836,-0.953,1.774
a,210955,47.000,0.639,80.000,-0.271,-1.136,2.476
a,210960,47.000,0.650,80.000,-0.347,0.925,-2.959
a,210965,47.000,0.624,80.000,-0.607,0.375,0.125
a,210970,47.000,0.945,80.000,1.973,0.436,0.919
a,210975,47.000,0.885,80.000,-0.866,-0.816,1.789
a,210980,47.000,0.949,80.000,0.080,-1.121,1.484
a,210985,47.000,0.851,80.000,-1.141,0.070,0.141
a,210990,47.000,0.730,80.000,-1.278,-1.610,3.148
a,210995,47.000,0.757,80.000,-0.164,-0.816,0.568
a,211000,47.000,1.100,80.000,2.172,0.024,-2.653
a,211005,47.000,1.204,80.000,0.386,-1.060,3.423
a,211010,47.000,1.413,80.000,1.134,0.650,-0.409
a,211015,47.000,1.438,80.000,-0.240,-0.297,0.950
a,211020,47.000,1.611,80.000,0.859,0.574,0.568
a,211025,47.000,1.688,80.000,0.141,0.070,-0.837
a,211030,47.000,1.921,80.000,1.271,1.474,0.538
a,211035,47.000,2.057,80.000,0.554,0.009,0.767
a,211040,47.000,2.082,80.000,-0.271,-0.113,0.614
a,211045,47.000,2.134,80.000,-0.072,0.070,3.194
a,211050,47.000,2.055,80.000,-1.034,-0.083,3.072
a,211055,47.000,2.314,80.000,1.470,0.787,-4.730
a,211060,47.000,2.455,80.000,0.584,-0.113,-1.203
a,211065,47.000,2.782,80.000,1.928,2.329,1.683
a,211070,47.000,2.951,80.000,0.752,0.268,-0.241
a,211075,47.000,2.934,80.000,-0.653,1.688,0.476
a,211080,47.000,3.137,80.000,0.981,2.085,5.286
a,211085,47.000,3.024,80.000,-1.355,-0.052,1.408
a,211090,47.000,3.156,80.000,0.462,1.795,-3.875
a,211095,47.000,3.202,80.000,-0.164,0.268,-0.119
a,211100,47.000,3.197,80.000,-0.561,2.039,1.698
a,211105,47.000,3.441,80.000,1.286,2.726,0.675
a,211110,47.000,3.366,80.000,-1.065,-0.266,0.812
a,211115,47.000,3.475,80.000,0.294,1.368,1.667
a,211120,47.000,3.381,80.000,-1.202,0.543,0.125
a,211125,47.000,3.371,80.000,-0.576,1.917,-0.379
a,211130,47.000,3.477,80.000,0.309,0.222,-1.279
a,211135,47.000,3.641,80.000,0.722,1.368,0.171
a,211140,47.000,4.075,80.000,2.706,1.719,-1.188
a,211145,47.000,4.199,80.000,0.386,0.299,3.163
a,211150,47.000,4.406,80.000,0.966,2.055,-0.791
a,211155,47.000,4.562,80.000,0.584,1.795,-0.623
a,211160,47.000,4.740,80.000,0.722,2.467,0.705
a,211165,47.000,5.106,80.000,2.111,2.253,0.934
a,211170,47.000,5.411,80.000,1.607,3.490,-0.669
a,211175,47.000,5.662,80.000,1.180,3.368,1.286
a,211180,47.000,5.825,80.000,0.508,3.887,0.644
a,211185,47.000,6.014,80.000,0.691,3.459,-2.302
a,211190,47.000,6.118,80.000,0.050,3.581,-0.440
a,211195,47.000,6.313,80.000,0.737,2.039,0.018
a,211200,47.000,6.594,80.000,1.317,5.535,-2.195
a,211205,47.000,6.880,80.000,1.347,4.940,0.446
a,211210,47.000,6.828,80.000,-1.172,3.505,0.171
a,211215,47.000,6.970,80.000,0.263,5.169,2.522
a,211220,47.000,6.942,80.000,-0.988,4.528,-1.478
a,211225,47.000,7.201,80.000,1.118,6.467,-0.592
a,211230,47.000,7.088,80.000,-1.660,6.818,2.965
a,211235,47.000,7.089,80.000,-0.790,7.016,1.606
a,211240,47.000,6.762,80.000,-3.187,4.665,-3.814
a,211245,47.000,6.740,80.000,-0.897,6.345,-4.684
a,211250,47.000,6.772,80.000,-0.500,7.337,-1.890
a,211255,47.000,6.743,80.000,-0.927,5.291,-0.898
a,211260,47.000,6.649,80.000,-1.370,3.535,-0.669
a,211265,47.000,6.834,80.000,0.691,5.597,0.049
a,211270,47.000,6.860,80.000,-0.500,5.200,-0.928
a,211275,47.000,6.878,80.000,-0.546,4.848,0.263
a,211280,47.000,6.709,80.000,-1.935,4.971,-1.004
a,211285,47.000,6.968,80.000,1.241,7.642,0.202
a,211290,47.000,6.864,80.000,-1.462,6.146,3.377
a,211295,47.000,6.887,80.000,-0.485,5.352,-1.050
a,211300,47.000,6.659,80.000,-2.347,5.322,-1.493
a,211305,47.000,6.763,80.000,0.141,6.329,-0.730
a,211311,47.000,6.792,80.000,-0.439,7.459,1.179
a,211315,47.000,7.008,80.000,0.966,6.787,-1.142
a,211320,47.000,7.072,80.000,-0.195,7.673,0.049
a,211325,47.000,7.154,80.000,-0.057,6.818,-0.363
a,211330,47.000,7.123,80.000,-0.897,7.444,0.721
a,211335,47.000,7.221,80.000,0.080,6.467,-2.531
a,211340,47.000,7.067,80.000,-1.782,5.276,2.705
a,211345,47.000,7.166,80.000,0.096,7.032,0.202
a,211350,47.000,7.150,80.000,-0.744,5.871,-0.577
a,211355,47.000,7.214,80.000,-0.149,6.360,-2.226
a,211360,47.000,7.056,80.000,-1.798,6.467,0.018
a,211365,47.000,7.019,80.000,-0.866,5.535,0.263
a,211370,47.000,6.865,80.000,-1.752,7.261,0.614
a,211375,47.000,6.816,80.000,-0.927,6.299,-0.043
a,211381,47.000,6.762,80.000,-0.958,6.085,-0.043
a,211385,47.000,6.581,80.000,-1.874,5.383,0.873
a,211390,47.000,6.316,80.000,-2.485,6.253,-1.188
a,211395,47.000,6.111,80.000,-1.981,4.161,-0.485
a,211400,47.000,6.031,80.000,-1.065,7.169,-2.363
a,211405,47.000,5.852,80.000,-1.767,6.268,2.064
a,211410,47.000,5.747,80.000,-1.233,8.635,0.308
a,211415,47.000,5.374,80.000,-3.172,6.116,-1.340
a,211420,47.000,5.151,80.000,-2.027,7.474,-1.432
a,211425,47.000,4.710,80.000,-3.584,4.864,0.690
a,211430,47.000,4.379,80.000,-2.729,5.932,1.347
a,211435,47.000,4.047,80.000,-2.714,6.848,2.675
a,211440,47.000,3.833,80.000,-1.798,6.971,0.568
a,211445,47.000,3.334,80.000,-3.859,4.864,-1.142
a,211450,47.000,3.097,80.000,-1.859,3.963,-1.875
a,211455,47.000,2.705,80.000,-2.988,5.154,1.896
a,211460,47.000,2.372,80.000,-2.500,4.833,0.217
a,211465,47.000,1.850,80.000,-3.889,6.635,0.629
a,211470,47.000,1.042,80.000,-5.935,4.650,0.522
a,211475,47.000,0.433,80.000,-4.393,7.261,-0.211
a,211480,47.000,-0.374,80.000,-5.782,6.009,0.324
a,211485,47.000,-0.867,80.000,-3.370,5.688,0.278
a,211490,47.000,-1.647,80.000,-5.431,4.955,1.805
a,211495,47.000,-2.402,80.000,-5.141,3.123,-0.058
a,211500,47.000,-3.179,80.000,-5.233,3.093,1.805
a,211505,47.000,-3.816,80.000,-4.057,-1.411,-0.852
a,211511,47.000,-4.072,80.000,-1.187,-0.022,-2.226
a,211515,47.000,-4.684,80.000,-3.782,-2.144,3.789
a,211520,47.000,-5.014,80.000,-1.630,-2.556,1.896
a,211525,47.000,-5.511,80.000,-2.836,-3.029,0.370
a,211530,47.000,-5.792,80.000,-1.156,-5.533,-0.959
a,211535,47.000,-6.033,80.000,-0.851,-5.075,1.347
a,211540,47.000,-6.287,80.000,-0.912,-6.831,-0.638
a,211545,47.000,-6.837,80.000,-3.065,-8.724,2.797
a,211550,47.000,-7.014,80.000,-0.256,-8.480,-2.546
a,211555,47.000,-7.227,80.000,-0.530,-7.839,-0.562
a,211560,47.000,-7.441,80.000,-0.500,-9.396,-0.959
a,211565,47.000,-7.549,80.000,0.294,-9.289,0.263
a,211570,47.000,-7.846,80.000,-1.095,-10.571,0.599
a,211575,47.000,-7.805,80.000,1.439,-11.854,-4.455
a,211580,47.000,-7.696,80.000,1.943,-12.480,-1.753
a,211585,47.000,-7.617,80.000,1.683,-12.480,-0.302
a,211590,47.000,-7.395,80.000,2.722,-12.113,-1.157
a,211595,47.000,-7.471,80.000,0.462,-10.984,4.339
a,211600,47.000,-7.713,80.000,-0.759,-12.465,0.064
a,211605,47.000,-7.890,80.000,-0.271,-11.136,0.217
a,211610,47.000,-7.812,80.000,1.622,-11.060,-0.211
a,211615,47.000,-7.950,80.000,-0.011,-10.755,0.461
a,211620,47.000,-8.148,80.000,-0.439,-10.953,1.179
a,211625,47.000,-8.243,80.000,0.309,-9.457,-0.608
a,211630,47.000,-8.418,80.000,-0.256,-11.365,-0.546
a,211635,47.000,-8.471,80.000,0.630,-9.930,3.484
a,211640,47.000,-8.710,80.000,-0.729,-11.411,-1.386
a,211645,47.000,-8.846,80.000,0.050,-11.625,0.110
a,211650,47.000,-9.227,80.000,-1.767,-10.999,2.690
a,211655,47.000,-9.643,80.000,-1.981,-12.312,1.850
a,211660,47.000,-9.708,80.000,0.615,-9.182,-1.600
a,211665,47.000,-9.841,80.000,0.126,-10.403,0.492
a,211670,47.000,-9.887,80.000,0.783,-11.701,0.950
a,211675,47.000,-10.184,80.000,-1.065,-12.968,1.484
a,211680,47.000,-10.262,80.000,0.584,-13.564,-0.516
a,211685,47.000,-10.188,80.000,1.683,-11.930,0.751
a,211690,47.000,-10.132,80.000,1.561,-14.495,0.431
a,211695,47.000,-9.990,80.000,2.172,-13.610,-0.333
a,211700,47.000,-10.154,80.000,-0.103,-15.274,3.133
a,211705,47.000,-9.937,80.000,2.706,-13.396,-0.455
a,211711,47.000,-9.939,80.000,1.027,-12.190,2.843
a,211715,47.000,-9.840,80.000,1.790,-13.884,3.225
a,211720,47.000,-9.874,80.000,0.767,-12.907,0.186
a,211725,47.000,-9.957,80.000,0.401,-12.907,2.507
a,211730,47.000,-9.832,80.000,1.928,-12.098,0.538
a,211735,47.000,-9.772,80.000,1.439,-13.350,2.553
a,211740,47.000,-9.489,80.000,3.073,-13.503,-1.646
a,211745,47.000,-9.385,80.000,1.714,-13.884,3.194
a,211750,47.000,-9.459,80.000,0.386,-15.152,2.629
a,211755,47.000,-9.344,80.000,1.775,-14.159,-1.753
a,211760,47.000,-9.223,80.000,1.805,-14.358,-0.623
a,211765,47.000,-8.969,80.000,2.767,-14.587,1.576
a,211770,47.000,-8.853,80.000,1.683,-13.014,3.316
a,211775,47.000,-8.814,80.000,1.118,-14.663,-1.310
a,211780,47.000,-8.758,80.000,1.210,-12.678,-0.302
a,211785,47.000,-8.692,80.000,1.271,-12.862,0.568
a,211790,47.000,-8.415,80.000,2.813,-12.113,-2.012
a,211795,47.000,-8.292,80.000,1.653,-14.037,1.255
a,211800,47.000,-8.148,80.000,1.790,-13.457,2.415
a,211805,47.000,-8.203,80.000,0.309,-15.106,4.644
a,211810,47.000,-7.913,80.000,2.844,-13.778,-1.737
a,211815,47.000,-7.761,80.000,1.790,-13.594,-0.134
a,211820,47.000,-7.425,80.000,3.134,-14.266,-0.119
a,211825,47.000,-7.329,80.000,1.302,-12.938,1.912
a,211830,47.000,-7.232,80.000,1.302,-13.884,0.247
a,211835,47.000,-6.927,80.000,2.813,-12.236,-0.943
a,211840,47.000,-6.763,80.000,1.744,-13.289,1.713
a,211845,47.000,-6.293,80.000,3.973,-12.236,-1.768
a,211850,47.000,-6.237,80.000,0.859,-12.968,-2.394
a,211855,47.000,-6.101,80.000,1.454,-14.083,1.041
a,211860,47.000,-5.863,80.000,2.172,-11.732,0.797
a,211865,47.000,-5.567,80.000,2.599,-14.694,0.370
a,211870,47.000,-4.969,80.000,4.783,-12.526,-0.531
a,211875,47.000,-4.771,80.000,1.760,-13.304,2.263
a,211880,47.000,-4.479,80.000,2.431,-12.831,0.232
a,211885,47.000,-4.456,80.000,0.370,-10.358,1.057
a,211890,47.000,-4.457,80.000,0.202,-11.487,-0.943
a,211895,47.000,-4.488,80.000,-0.042,-8.678,1.881
a,211900,47.000,-4.444,80.000,0.492,-7.121,2.843
a,211905,47.000,-4.574,80.000,-0.820,-5.060,0.828
a,211911,47.000,-4.612,80.000,-0.118,-6.113,-0.180
a,211915,47.000,-4.701,80.000,-0.454,-8.526,-4.699
a,211920,47.000,-4.695,80.000,0.218,-4.816,2.232
a,211925,47.000,-4.845,80.000,-0.927,-6.266,-1.462
a,211931,47.000,-4.732,80.000,1.057,-7.060,-1.768
a,211935,47.000,-4.755,80.000,0.004,-4.816,-0.760
a,211940,47.000,-4.474,80.000,2.279,-6.052,0.873
a,211945,47.000,-4.425,80.000,0.554,-7.884,0.064
a,211950,47.000,-4.326,80.000,0.935,-10.022,0.232
a,211955,47.000,-4.181,80.000,1.241,-7.121,0.110
a,211960,47.000,-4.055,80.000,1.103,-8.938,1.133
a,211965,47.000,-3.751,80.000,2.386,-7.014,-0.195
a,211970,47.000,-3.441,80.000,2.401,-7.610,-0.546
a,211975,47.000,-3.294,80.000,1.180,-8.419,0.293
a,211980,47.000,-3.160,80.000,1.042,-6.923,-0.485
a,211985,47.000,-3.302,80.000,-1.019,-6.571,-1.249
a,211990,47.000,-3.185,80.000,0.935,-7.793,-1.936
a,211996,47.000,-3.098,80.000,0.676,-5.518,2.782
a,212000,47.000,-3.053,80.000,0.386,-7.793,-0.592
a,212005,47.000,-3.304,80.000,-1.828,-6.327,-0.989
a,212010,47.000,-3.209,80.000,0.767,-6.587,-1.875
a,212015,47.000,-3.106,80.000,0.813,-5.350,1.316
a,212020,47.000,-2.961,80.000,1.118,-6.541,2.110
a,212025,47.000,-2.862,80.000,0.752,-5.381,0.736
a,212030,47.000,-2.951,80.000,-0.622,-7.136,-2.058
a,212035,47.000,-2.678,80.000,2.050,-5.304,-0.577
a,212040,47.000,-2.809,80.000,-0.958,-7.243,-0.577
a,212045,47.000,-2.814,80.000,0.004,-7.503,-1.249
a,212050,47.000,-2.828,80.000,-0.088,-5.106,0.339
a,212055,47.000,-2.912,80.000,-0.607,-4.480,-1.004
a,212060,47.000,-2.781,80.000,1.012,-5.640,1.362
a,212065,47.000,-2.827,80.000,-0.347,-3.152,2.186
a,212070,47.000,-2.463,80.000,2.722,-4.571,-0.974
a,212075,47.000,-2.436,80.000,0.187,-4.999,3.163
a,212080,47.000,-2.169,80.000,1.973,-5.884,0.858
a,212085,47.000,-2.223,80.000,-0.439,-5.182,-0.073
a,212090,47.000,-2.028,80.000,1.424,-5.671,-1.783
a,212095,47.000,-1.849,80.000,1.256,-3.029,-0.775
a,212100,47.000,-1.840,80.000,0.004,-5.594,-1.279
a,212105,47.000,-1.786,80.000,0.340,-4.785,-2.150
a,212110,47.000,-1.813,80.000,-0.286,-3.640,0.385
a,212115,47.000,-1.632,80.000,1.286,-5.152,-2.440
a,212120,47.000,-1.502,80.000,0.874,-4.205,-0.821
a,212125,47.000,-1.435,80.000,0.431,-6.999,-2.531
a,212130,47.000,-1.213,80.000,1.561,-5.136,-0.302
a,212135,47.000,-1.182,80.000,0.111,-4.755,0.003
a,212140,47.000,-1.006,80.000,1.210,-6.694,-0.562
a,212145,47.000,-0.743,80.000,1.805,-3.701,0.232
a,212150,47.000,-0.622,80.000,0.752,-5.518,0.324
a,212155,47.000,-0.354,80.000,1.805,-3.426,0.385
a,212160,47.000,-0.447,80.000,-0.897,-3.365,0.629
a,212165,47.000,-0.292,80.000,0.966,-4.373,-1.478
a,212170,47.000,-0.131,80.000,0.966,-1.320,0.690
a,212175,47.000,-0.062,80.000,0.294,-3.472,0.095
a,212180,47.000,0.043,80.000,0.538,-1.762,-0.730
a,212186,47.000,0.097,80.000,0.141,-0.892,-0.180
a,212190,47.000,0.280,80.000,1.118,-2.434,-0.058
a,212195,47.000,0.220,80.000,-0.714,-1.457,-1.127
a,212200,47.000,0.229,80.000,-0.179,-2.709,0.980
a,212205,47.000,0.299,80.000,0.248,0.497,1.728
a,212210,47.000,-0.062,80.000,-2.927,-1.487,2.461
a,212215,47.000,-0.061,80.000,-0.210,-0.648,-4.760
a,212220,47.000,-0.200,80.000,-1.263,1.245,-1.172
a,212225,47.000,-0.256,80.000,-0.622,0.222,2.308
a,212230,47.000,-0.373,80.000,-1.049,-0.403,1.163
a,212235,47.000,-0.734,80.000,-2.836,-0.709,-1.447
a,212240,47.000,-0.789,80.000,-0.530,-0.862,-0.531
a,212245,47.000,-0.846,80.000,-0.546,0.986,0.308
a,212250,47.000,-0.823,80.000,0.065,-0.174,1.683
a,212255,47.000,-1.011,80.000,-1.523,1.826,1.301
a,212260,47.000,-1.220,80.000,-1.630,-0.480,-1.447
a,212265,47.000,-1.517,80.000,-2.271,1.337,-2.516
a,212270,47.000,-1.771,80.000,-1.904,-0.052,2.232
a,212275,47.000,-1.741,80.000,0.218,1.276,-2.775
a,212280,47.000,-1.952,80.000,-1.538,-1.411,-0.791
a,212285,47.000,-2.183,80.000,-1.675,-0.541,-1.310
a,212290,47.000,-2.259,80.000,-0.469,-2.342,-1.661
a,212295,47.000,-2.216,80.000,0.386,0.009,-1.035
a,212300,47.000,-2.281,80.000,-0.408,-0.495,0.751
a,212305,47.000,-2.332,80.000,-0.301,-0.923,1.713
a,212310,47.000,-2.299,80.000,0.340,-1.304,-1.188
a,212315,47.000,-2.365,80.000,-0.378,-2.632,-1.035
a,212320,47.000,-2.296,80.000,0.599,-1.045,-1.768
a,212325,47.000,-2.438,80.000,-0.958,-1.381,-1.295
a,212330,47.000,-2.503,80.000,-0.362,-2.098,-0.516
a,212335,47.000,-2.544,80.000,-0.210,-0.159,-0.989
a,212340,47.000,-2.868,80.000,-2.301,0.253,-0.928
a,212345,47.000,-3.024,80.000,-1.004,-0.510,2.858
a,212350,47.000,-3.326,80.000,-2.057,-2.251,1.621
a,212355,47.000,-3.442,80.000,-0.653,-1.381,-0.043
a,212361,47.000,-3.498,80.000,-0.195,-1.579,-0.913
a,212365,47.000,-3.635,80.000,-0.775,-2.388,-1.340
a,212370,47.000,-3.698,80.000,-0.225,-2.220,0.247
a,212375,47.000,-3.805,80.000,-0.515,-3.991,2.339
a,212380,47.000,-3.807,80.000,0.248,-2.251,1.774
a,212385,47.000,-4.098,80.000,-1.859,-5.304,-1.142
a,212390,47.000,-4.079,80.000,0.477,-5.686,-2.134
a,212395,47.000,-3.947,80.000,1.302,-4.892,-3.203
a,212400,47.000,-3.850,80.000,1.027,-5.579,-0.241
a,212405,47.000,-3.804,80.000,0.645,-5.732,1.957
a,212410,47.000,-3.683,80.000,1.164,-4.083,1.469
a,212415,47.000,-3.779,80.000,-0.424,-6.327,2.003
a,212420,47.000,-3.734,80.000,0.615,-5.381,-0.440
a,212425,47.000,-3.689,80.000,0.630,-7.136,-2.638
a,212430,47.000,-3.641,80.000,0.599,-3.045,1.637
a,212435,47.000,-3.757,80.000,-0.607,-5.213,0.354
a,212440,47.000,-3.684,80.000,0.798,-3.945,-0.928
a,212445,47.000,-3.903,80.000,-1.355,-5.442,2.553
a,212450,47.000,-3.804,80.000,1.027,-5.915,-0.440
a,212455,47.000,-3.749,80.000,0.660,-3.854,3.835
a,212460,47.000,-3.782,80.000,0.034,-6.098,-0.394
a,212465,47.000,-3.634,80.000,1.363,-4.968,-2.898
a,212470,47.000,-3.500,80.000,1.225,-4.068,-1.554
a,212475,47.000,-3.357,80.000,1.302,-5.976,-0.226
a,212481,47.000,-3.121,80.000,1.958,-4.724,3.011
a,212485,47.000,-3.153,80.000,-0.042,-6.495,0.110
a,212490,47.000,-3.173,80.000,0.034,-4.342,-0.546
a,212495,47.000,-3.043,80.000,1.164,-6.007,0.095
a,212500,47.000,-2.800,80.000,1.973,-4.724,0.583
a,212505,47.000,-2.633,80.000,1.393,-5.778,-0.821
a,212510,47.000,-2.477,80.000,1.286,-5.213,-0.501
a,212515,47.000,-2.617,80.000,-0.912,-6.266,3.072
a,212520,47.000,-2.280,80.000,2.615,-4.403,-3.401
a,212525,47.000,-2.153,80.000,1.027,-5.167,-0.470
a,212530,47.000,-1.717,80.000,3.317,-5.442,-0.699
a,212535,47.000,-1.556,80.000,1.210,-4.800,0.141
a,212540,47.000,-1.470,80.000,0.676,-7.411,1.179
a,212546,47.000,-1.322,80.000,1.118,-6.388,3.026
a,212550,47.000,-1.038,80.000,2.111,-6.632,-0.867
a,212555,47.000,-0.567,80.000,3.439,-4.724,0.018
a,212560,47.000,-0.328,80.000,1.699,-7.029,0.873
a,212565,47.000,-0.013,80.000,2.218,-4.953,-0.043
a,212570,47.000,0.126,80.000,0.874,-4.755,-0.623
a,212575,47.000,0.573,80.000,3.134,-3.533,0.324
a,212580,47.000,0.818,80.000,1.592,-3.900,-0.104
a,212585,47.000,1.185,80.000,2.477,-4.510,-1.188
a,212590,47.000,1.430,80.000,1.515,-2.236,0.614
a,212595,47.000,1.645,80.000,1.302,-5.075,0.095
a,212600,47.000,2.052,80.000,2.676,-3.014,-0.837
a,212605,47.000,2.429,80.000,2.462,-6.220,-1.203
a,212610,47.000,2.997,80.000,3.805,-3.793,-0.027
a,212615,47.000,3.293,80.000,1.760,-6.052,0.705
a,212620,47.000,3.695,80.000,2.492,-4.266,1.576
a,212625,47.000,3.732,80.000,-0.256,-3.533,-0.821
a,212630,47.000,4.159,80.000,2.615,-0.892,-1.127
a,212635,47.000,4.159,80.000,-0.622,0.955,0.141
a,212640,47.000,4.385,80.000,1.042,3.016,-2.104
a,212645,47.000,4.286,80.000,-1.385,3.016,-0.256
a,212650,47.000,4.174,80.000,-1.477,4.421,0.110
a,212655,47.000,3.945,80.000,-2.317,4.161,0.690
a,212660,47.000,3.738,80.000,-2.133,4.787,-1.936
a,212665,47.000,3.570,80.000,-1.843,8.100,-4.653
a,212670,47.000,3.361,80.000,-2.088,4.864,1.805
a,212675,47.000,3.387,80.000,-0.301,3.749,0.492
a,212680,47.000,3.207,80.000,-1.782,0.879,-2.058
a,212685,47.000,3.415,80.000,1.118,0.375,-1.035
a,212690,47.000,3.524,80.000,0.355,1.658,2.125
a,212695,47.000,3.679,80.000,0.676,2.100,-0.256
a,212700,47.000,3.509,80.000,-1.721,1.093,0.339
a,212705,47.000,3.639,80.000,0.492,3.429,-0.959
a,212710,47.000,3.494,80.000,-1.538,2.436,-3.020
a,212715,47.000,3.563,80.000,0.050,4.482,0.095
a,212720,47.000,3.362,80.000,-1.966,4.787,0.446
a,212725,47.000,3.370,80.000,-0.362,3.016,0.522
a,212730,47.000,3.358,80.000,-0.500,2.986,0.003
a,212735,47.000,3.457,80.000,0.340,1.062,-1.142
a,212740,47.000,3.559,80.000,0.355,1.963,-3.615
a,212746,47.000,3.422,80.000,-1.431,2.116,2.171
a,212750,47.000,3.652,80.000,1.302,3.154,-0.363
a,212755,47.000,3.598,80.000,-0.805,1.719,-1.218
a,212760,47.000,3.438,80.000,-1.614,4.284,0.553
a,212765,47.000,3.341,80.000,-1.095,1.719,-1.661
a,212770,47.000,3.432,80.000,0.309,2.390,-2.455
a,212775,47.000,3.388,80.000,-0.683,1.581,-0.745
a,212780,47.000,3.442,80.000,0.019,3.459,0.003
a,212785,47.000,3.207,80.000,-2.088,1.169,1.576
a,212790,47.000,3.037,80.000,-1.584,1.520,-0.333
a,212795,47.000,2.767,80.000,-2.301,1.871,-1.295
a,212800,47.000,2.667,80.000,-1.019,2.421,-1.004
a,212805,47.000,2.550,80.000,-1.141,3.795,2.538
a,212810,47.000,2.538,80.000,-0.347,3.398,1.881
a,212815,47.000,2.450,80.000,-0.897,3.016,0.141
a,212821,47.000,2.204,80.000,-2.042,1.612,0.095
a,212825,47.000,2.027,80.000,-1.523,3.368,0.767
a,212830,47.000,2.020,80.000,-0.240,3.352,-0.837
a,212835,47.000,1.746,80.000,-2.210,3.016,-0.119
a,212840,47.000,1.647,80.000,-0.866,2.116,0.415
a,212845,47.000,1.240,80.000,-3.126,0.558,1.225
a,212850,47.000,1.182,80.000,-0.500,1.444,-3.172
a,212855,47.000,0.895,80.000,-2.179,0.711,-0.638
a,212860,47.000,0.889,80.000,-0.088,3.230,1.942
a,212865,47.000,0.527,80.000,-2.729,2.482,0.996
a,212870,47.000,0.301,80.000,-1.660,1.764,1.270
a,212875,47.000,-0.067,80.000,-2.714,3.535,-1.020
a,212880,47.000,-0.385,80.000,-2.271,0.879,-1.233
a,212885,47.000,-0.678,80.000,-2.103,4.696,0.110
a,212890,47.000,-1.038,80.000,-2.530,2.574,-0.455
a,212895,47.000,-1.354,80.000,-2.195,4.558,2.644
a,212900,47.000,-1.972,80.000,-4.362,0.986,2.385
a,212905,47.000,-2.343,80.000,-2.469,2.116,-2.959
a,212910,47.000,-2.841,80.000,-3.340,-1.182,-3.982
a,212915,47.000,-2.821,80.000,0.523,1.749,-1.066
a,212920,47.000,-3.070,80.000,-1.462,-0.403,3.652
a,212925,47.000,-3.272,80.000,-1.065,-2.205,0.003
a,212930,47.000,-3.669,80.000,-2.485,-2.526,-0.913
a,212935,47.000,-3.771,80.000,-0.240,-4.174,0.415
a,212940,47.000,-3.763,80.000,0.554,-2.388,2.202
a,212945,47.000,-3.761,80.000,0.538,-5.274,1.225
a,212950,47.000,-3.853,80.000,-0.164,-5.136,0.965
a,212955,47.000,-4.056,80.000,-0.973,-6.220,2.247
a,212960,47.000,-4.092,80.000,0.263,-4.724,2.186
a,212965,47.000,-4.161,80.000,0.034,-6.007,-3.630
a,212970,47.000,-3.967,80.000,1.973,-4.831,-0.195
a,212975,47.000,-4.077,80.000,-0.301,-5.945,3.163
a,212980,47.000,-4.100,80.000,0.355,-6.159,1.652
a,212985,47.000,-4.380,80.000,-1.553,-6.403,0.705
a,212990,47.000,-4.354,80.000,0.737,-5.472,-1.020
a,212995,47.000,-4.503,80.000,-0.576,-5.625,-1.462
a,213000,47.000,-4.384,80.000,1.424,-5.549,0.186
a,213005,47.000,-4.628,80.000,-1.278,-6.007,2.202
a,213010,47.000,-4.676,80.000,0.202,-6.648,0.095
a,213015,47.000,-4.984,80.000,-1.737,-5.808,-2.546
a,213021,47.000,-5.286,80.000,-1.630,-8.251,1.484
a,213025,47.000,-5.339,80.000,0.218,-6.648,2.247
a,213030,47.000,-5.244,80.000,1.317,-6.831,1.087
a,213035,47.000,-5.290,80.000,0.263,-7.304,0.476
a,213040,47.000,-5.196,80.000,1.302,-7.320,-1.554
a,213045,47.000,-5.298,80.000,-0.179,-6.831,-0.943
a,213050,47.000,-5.082,80.000,2.172,-5.976,0.507
a,213055,47.000,-5.248,80.000,-0.683,-5.915,0.797
a,213060,47.000,-5.258,80.000,0.492,-7.381,-0.592
a,213065,47.000,-5.328,80.000,0.034,-5.839,-1.310
a,213070,47.000,-5.305,80.000,0.737,-7.304,1.912
a,213075,47.000,-5.030,80.000,2.584,-5.869,-2.577
a,213080,47.000,-4.927,80.000,1.271,-5.945,0.232
a,213086,47.000,-4.928,80.000,0.508,-8.068,1.606
a,213090,47.000,-4.944,80.000,0.370,-6.388,-0.730
a,213095,47.000,-5.206,80.000,-1.446,-7.197,0.644
a,213100,47.000,-5.195,80.000,0.584,-5.594,1.347
a,213105,47.000,-5.163,80.000,0.752,-7.197,1.179
a,213110,47.000,-5.170,80.000,0.447,-6.327,0.385
a,213115,47.000,-5.310,80.000,-0.515,-8.465,-4.150
a,213120,47.000,-5.267,80.000,0.813,-5.915,0.247
a,213125,47.000,-5.423,80.000,-0.637,-7.884,-1.524
a,213130,47.000,-5.229,80.000,1.943,-6.541,-1.417
a,213135,47.000,-5.272,80.000,0.172,-6.648,1.072
a,213140,47.000,-5.207,80.000,0.981,-7.930,-0.485
a,213145,47.000,-5.186,80.000,0.630,-6.709,2.186
a,213150,47.000,-5.079,80.000,1.256,-6.678,-1.264
a,213155,47.000,-5.055,80.000,0.630,-6.739,-1.982
a,213160,47.000,-5.043,80.000,0.538,-6.892,1.408
a,213165,47.000,-4.899,80.000,1.485,-5.335,-0.119
a,213170,47.000,-5.113,80.000,-1.141,-8.510,-0.027
a,213175,47.000,-5.134,80.000,0.279,-6.083,-1.875
a,213180,47.000,-5.218,80.000,-0.164,-8.312,-0.226
a,213185,47.000,-5.164,80.000,0.828,-5.900,1.026
a,213190,47.000,-5.185,80.000,0.294,-7.808,1.408
a,213196,47.000,-5.085,80.000,1.180,-7.121,1.255
a,213200,47.000,-5.393,80.000,-1.843,-8.236,2.354
a,213205,47.000,-5.557,80.000,-0.775,-5.701,-0.394
a,213210,47.000,-5.819,80.000,-1.477,-6.770,-1.157
a,213215,47.000,-5.679,80.000,1.531,-6.739,-1.264
a,213220,47.000,-5.757,80.000,-0.103,-6.602,3.072
a,213225,47.000,-5.777,80.000,0.340,-7.274,5.454
a,213230,47.000,-5.897,80.000,-0.408,-7.686,0.644
a,213235,47.000,-5.823,80.000,1.042,-7.060,-1.172
a,213240,47.000,-5.849,80.000,0.294,-7.762,0.446
a,213245,47.000,-5.575,80.000,2.508,-7.320,-2.409
a,213250,47.000,-5.650,80.000,-0.088,-9.152,-0.546
a,213255,47.000,-5.606,80.000,0.783,-7.579,1.652
a,213260,47.000,-5.765,80.000,-0.729,-8.113,2.018
a,213265,47.000,-5.545,80.000,2.080,-6.602,1.057
a,213270,47.000,-5.614,80.000,-0.072,-8.037,-3.615
a,213275,47.000,-5.284,80.000,2.874,-7.274,0.996
a,213280,47.000,-5.324,80.000,0.111,-8.281,3.102
a,213286,47.000,-5.309,80.000,0.523,-8.663,0.934
a,213290,47.000,-5.422,80.000,-0.454,-6.999,-2.638
a,213295,47.000,-5.257,80.000,1.622,-7.243,1.499
a,213300,47.000,-5.284,80.000,0.172,-6.862,0.202
a,213305,47.000,-5.155,80.000,1.347,-8.281,-1.218
a,213310,47.000,-5.173,80.000,0.233,-7.442,1.377
a,213315,47.000,-5.198,80.000,0.202,-9.289,1.408
a,213320,47.000,-5.221,80.000,0.202,-7.518,1.347
a,213325,47.000,-5.141,80.000,0.981,-9.487,-1.676
a,213330,47.000,-4.993,80.000,1.454,-7.518,-0.440
a,213335,47.000,-4.863,80.000,1.317,-8.770,0.354
a,213340,47.000,-4.873,80.000,0.248,-7.945,3.041
a,213345,47.000,-4.862,80.000,0.431,-9.396,-0.363
a,213350,47.000,-4.907,80.000,-0.011,-7.884,0.660
a,213355,47.000,-4.756,80.000,1.454,-8.312,-0.669
a,213360,47.000,-4.845,80.000,-0.362,-7.381,0.858
a,213365,47.000,-4.547,80.000,2.508,-6.083,-1.264
a,213370,47.000,-4.614,80.000,-0.225,-6.892,-1.814
a,213375,47.000,-4.355,80.000,2.187,-5.915,-1.111
a,213380,47.000,-4.420,80.000,-0.240,-6.739,1.102
a,213385,47.000,-4.248,80.000,1.515,-5.823,-2.867
a,213390,47.000,-4.090,80.000,1.409,-6.816,-1.585
a,213395,47.000,-4.008,80.000,0.828,-7.029,0.843
a,213400,47.000,-4.010,80.000,0.202,-7.747,0.767
a,213405,47.000,-3.799,80.000,1.775,-7.610,-1.096
a,213410,47.000,-3.515,80.000,2.309,-8.434,-2.470
a,213415,47.000,-3.373,80.000,1.210,-7.564,0.904
a,213420,47.000,-2.929,80.000,3.439,-7.930,-5.478
a,213425,47.000,-2.819,80.000,0.935,-9.350,0.583
a,213430,47.000,-2.814,80.000,0.126,-8.342,0.339
a,213435,47.000,-2.796,80.000,0.202,-6.068,1.225
a,213440,47.000,-2.876,80.000,-0.500,-8.312,-1.615
a,213445,47.000,-2.649,80.000,1.775,-6.877,-1.127
a,213450,47.000,-2.666,80.000,-0.057,-7.442,2.064
a,213455,47.000,-2.253,80.000,3.103,-4.342,-2.058
a,213460,47.000,-2.128,80.000,0.951,-7.167,-1.982
a,213465,47.000,-2.097,80.000,0.233,-6.007,0.354
a,213470,47.000,-1.808,80.000,2.157,-7.655,-1.340
a,213475,47.000,-1.618,80.000,1.393,-7.304,-1.890
a,213480,47.000,-1.120,80.000,3.668,-7.884,-1.295
a,213485,47.000,-0.919,80.000,1.409,-7.839,2.156
a,213490,47.000,-0.503,80.000,2.996,-8.770,-0.516
a,213495,47.000,-0.353,80.000,0.951,-6.403,-2.699
a,213500,47.000,-0.062,80.000,1.989,-6.510,-0.470
a,213505,47.000,0.165,80.000,1.454,-4.159,-1.615
a,213510,47.000,0.119,80.000,-0.576,-5.029,-1.356
a,213515,47.000,-0.047,80.000,-1.492,-2.251,0.934
a,213520,47.000,-0.201,80.000,-1.385,-1.625,0.156
a,213525,47.000,-0.688,80.000,-3.843,-0.373,-1.203
a,213530,47.000,-1.049,80.000,-2.836,-1.243,1.530
a,213535,47.000,-1.432,80.000,-2.958,-1.060,1.759
a,213540,47.000,-1.326,80.000,0.722,-1.426,-0.943
a,213545,47.000,-1.496,80.000,-1.309,-4.083,0.965
a,213550,47.000,-1.453,80.000,0.294,-3.976,-0.043
a,213555,47.000,-1.661,80.000,-1.553,-4.923,0.202
a,213560,47.000,-1.717,80.000,-0.439,-2.251,-2.043
a,213565,47.000,-1.734,80.000,-0.133,-2.770,2.614
a,213571,47.000,-1.830,80.000,-0.729,-0.999,-2.379
a,213576,47.000,-2.089,80.000,-1.904,-3.121,-3.875
a,213580,47.000,-2.168,80.000,-0.576,-0.419,1.469
a,213585,47.000,-2.279,80.000,-0.775,-2.007,1.270
a,213590,47.000,-2.646,80.000,-2.653,-3.152,1.606
a,213595,47.000,-2.806,80.000,-1.095,-0.999,-1.569
a,213600,47.000,-3.005,80.000,-1.340,-3.213,-0.623
a,213605,47.000,-3.140,80.000,-0.866,-1.442,-0.119
a,213610,47.000,-3.056,80.000,0.783,-2.312,-0.119
a,213615,47.000,-3.244,80.000,-1.233,-2.663,3.896
a,213620,47.000,-3.398,80.000,-0.958,-3.213,-1.157
a,213625,47.000,-3.801,80.000,-2.775,-4.480,1.576
a,213630,47.000,-3.952,80.000,-0.882,-2.297,-1.753
a,213635,47.000,-4.248,80.000,-1.920,-4.098,2.476
a,213641,47.000,-4.331,80.000,-0.332,-2.342,1.270
a,213645,47.000,-4.460,80.000,-0.653,-3.793,0.629
a,213650,47.000,-4.787,80.000,-2.118,-2.388,2.003
a,213655,47.000,-5.139,80.000,-2.256,-3.182,1.759
a,213660,47.000,-5.663,80.000,-3.523,-0.892,-0.898
a,213665,47.000,-5.917,80.000,-1.446,-2.877,-2.882
a,213670,47.000,-6.206,80.000,-1.691,-1.426,0.568
a,213675,47.000,-6.390,80.000,-0.866,-3.503,-0.088
a,213680,47.000,-6.753,80.000,-2.149,-4.968,3.423
a,213685,47.000,-6.878,80.000,-0.332,-7.167,-2.058
a,213690,47.000,-6.963,80.000,-0.027,-7.060,1.759
a,213695,47.000,-6.674,80.000,2.767,-7.991,2.950
a,213700,47.000,-6.374,80.000,2.813,-8.663,0.522
a,213705,47.000,-5.794,80.000,4.874,-10.541,0.293
a,213711,47.000,-5.247,80.000,4.554,-10.648,-0.272
a,213715,47.000,-4.699,80.000,4.523,-12.800,0.003
a,213720,47.000,-4.445,80.000,2.279,-12.495,-0.195
a,213725,47.000,-3.929,80.000,4.157,-10.220,-0.791
a,213730,47.000,-3.621,80.000,2.554,-9.839,-2.592
a,213735,47.000,-3.048,80.000,4.462,-8.236,1.469
a,213740,47.000,-2.813,80.000,1.897,-8.877,1.591
a,213745,47.000,-2.434,80.000,2.951,-9.381,-0.195
a,213750,47.000,-2.355,80.000,0.676,-9.182,-0.073
a,213755,47.000,-1.854,80.000,3.790,-8.770,2.583
a,213760,47.000,-1.423,80.000,3.210,-7.747,-2.470
a,213765,47.000,-0.811,80.000,4.523,-9.197,-0.745
a,213770,47.000,-0.593,80.000,1.546,-10.266,1.102
a,213775,47.000,-0.334,80.000,1.805,-8.846,3.362
a,213780,47.000,-0.246,80.000,0.508,-7.610,0.583
a,213785,47.000,-0.078,80.000,1.073,-6.327,0.141
a,213791,47.000,0.208,80.000,1.882,-1.274,-1.737
a,213795,47.000,0.369,80.000,0.920,-1.243,2.812
a,213800,47.000,0.037,80.000,-2.729,-2.770,-0.073
a,213805,47.000,-0.007,80.000,-0.546,-2.632,2.583
a,213810,47.000,0.120,80.000,0.676,1.398,0.736
a,213815,47.000,0.140,80.000,-0.088,-1.365,-0.333
a,213820,47.000,0.087,80.000,-0.637,-0.785,-2.088
a,213825,47.000,0.013,80.000,-0.744,-3.808,1.148
a,213830,47.000,-0.035,80.000,-0.561,-1.350,-0.226
a,213835,47.000,-0.057,80.000,-0.378,-0.709,1.499
a,213840,47.000,-0.001,80.000,0.218,-1.106,-1.111
a,213845,47.000,0.066,80.000,0.279,0.955,4.156
a,213850,47.000,0.079,80.000,-0.103,-1.762,2.278
a,213855,47.000,0.126,80.000,0.141,-0.373,-1.462
a,213860,47.000,0.038,80.000,-0.851,-1.549,4.064
a,213865,47.000,0.143,80.000,0.569,0.574,3.270
a,213870,47.000,0.169,80.000,0.004,-1.197,-0.562
a,213875,47.000,0.208,80.000,0.080,-0.220,1.927
a,213880,47.000,0.302,80.000,0.508,-1.549,1.148
a,213885,47.000,0.373,80.000,0.309,0.497,-0.165
a,213890,47.000,0.562,80.000,1.195,-1.075,-1.386
a,213895,47.000,0.782,80.000,1.393,-0.449,0.171
a,213900,47.000,1.088,80.000,2.004,0.787,-0.302
a,213905,47.000,1.356,80.000,1.683,1.093,1.912
a,213910,47.000,1.529,80.000,0.966,0.329,1.392
a,213915,47.000,1.693,80.000,0.889,0.009,0.217
a,213920,47.000,1.806,80.000,0.462,2.772,1.576
a,213925,47.000,2.201,80.000,2.569,0.696,-0.119
a,213930,47.000,2.287,80.000,0.248,-0.129,0.278
a,213935,47.000,2.575,80.000,1.744,-0.236,1.835
a,213940,47.000,2.662,80.000,0.233,-0.373,-1.172
a,213945,47.000,3.042,80.000,2.401,-1.060,-1.524
a,213950,47.000,3.336,80.000,1.714,0.390,1.881
a,213955,47.000,3.733,80.000,2.462,-0.449,0.247
a,213961,47.000,4.163,80.000,2.645,1.551,-1.264
a,213965,47.000,4.263,80.000,0.157,1.474,2.751
a,213970,47.000,4.433,80.000,0.645,3.581,-0.470
a,213975,47.000,4.504,80.000,-0.088,3.077,-0.791
a,213980,47.000,4.836,80.000,1.821,4.680,1.591
a,213985,47.000,5.046,80.000,0.920,2.222,1.469
a,213990,47.000,5.297,80.000,1.195,3.077,-1.508
a,213995,47.000,5.273,80.000,-0.851,2.497,1.057
a,214000,47.000,5.634,80.000,2.004,3.291,2.385
a,214005,47.000,5.954,80.000,1.653,4.406,-0.211
a,214010,47.000,6.282,80.000,1.699,3.047,-0.088
a,214015,47.000,6.540,80.000,1.134,4.574,0.125
a,214020,47.000,6.666,80.000,0.157,3.047,1.087
a,214025,47.000,7.014,80.000,1.775,5.352,-1.172
a,214030,47.000,7.222,80.000,0.722,3.444,-1.371
a,214035,47.000,7.692,80.000,2.630,5.138,0.156
a,214040,47.000,7.789,80.000,-0.179,5.520,3.102
a,214045,47.000,8.030,80.000,0.889,5.520,0.538
a,214050,47.000,8.086,80.000,-0.515,6.742,-0.394
a,214055,47.000,8.315,80.000,0.783,6.100,2.736
a,214060,47.000,8.635,80.000,1.409,8.375,2.125
a,214065,47.000,8.851,80.000,0.645,6.390,0.476
a,214070,47.000,9.135,80.000,1.103,8.726,0.385
a,214075,47.000,9.207,80.000,-0.469,7.047,1.789
a,214080,47.000,9.531,80.000,1.363,10.375,-1.142
a,214086,47.000,9.559,80.000,-0.836,8.574,-1.554
a,214090,47.000,10.016,80.000,2.325,10.589,-0.180
a,214096,47.000,10.511,80.000,2.554,11.658,0.934
a,214100,47.000,10.849,80.000,1.378,9.383,0.263
a,214106,47.000,10.942,80.000,-0.469,9.948,-0.058
a,214110,47.000,11.178,80.000,0.599,9.108,-2.638
a,214115,47.000,11.561,80.000,1.638,11.948,-1.722
a,214120,47.000,11.844,80.000,0.905,9.261,-2.043
a,214125,47.000,12.202,80.000,1.424,10.360,0.339
a,214130,47.000,12.316,80.000,-0.408,9.963,0.293
a,214135,47.000,12.660,80.000,1.302,10.268,-0.837
a,214140,47.000,12.948,80.000,0.859,9.917,0.263
a,214145,47.000,13.219,80.000,0.706,10.558,1.957
a,214150,47.000,13.519,80.000,0.889,11.902,2.385
a,214155,47.000,13.856,80.000,1.149,11.413,-4.455
a,214160,47.000,14.140,80.000,0.706,13.261,-0.745
a,214165,47.000,14.362,80.000,0.263,11.184,-0.058
a,214171,47.000,14.725,80.000,1.241,15.474,2.736
a,214175,47.000,14.983,80.000,0.462,13.291,-1.050
a,214180,47.000,14.916,80.000,-1.966,13.917,-0.852
a,214185,47.000,15.134,80.000,0.141,16.024,-3.310
a,214190,47.000,15.328,80.000,-0.042,15.810,2.629
a,214195,47.000,15.489,80.000,-0.271,13.642,2.522
a,214200,47.000,15.487,80.000,-1.492,14.848,0.400
a,214205,47.000,15.664,80.000,-0.164,15.627,0.247
a,214210,47.000,15.751,80.000,-0.851,17.337,0.705
a,214215,47.000,15.821,80.000,-0.943,14.574,-5.310
a,214220,47.000,16.003,80.000,-0.118,15.322,-0.745
a,214225,47.000,16.093,80.000,-0.820,16.665,-0.913
a,214230,47.000,16.151,80.000,-1.034,15.459,-0.455
a,214235,47.000,16.294,80.000,-0.424,17.184,1.454
a,214240,47.000,16.189,80.000,-2.240,15.688,4.079
a,214245,47.000,16.165,80.000,-1.630,16.635,1.896
a,214250,47.000,16.083,80.000,-2.027,15.688,0.263
a,214255,47.000,16.329,80.000,0.386,18.772,-1.432
a,214260,47.000,16.440,80.000,-0.607,17.047,1.835
a,214265,47.000,16.312,80.000,-2.393,17.993,1.728
a,214270,47.000,16.437,80.000,-0.485,17.505,-2.592
a,214275,47.000,16.251,80.000,-2.790,17.688,-1.356
a,214280,47.000,16.408,80.000,-0.210,17.306,1.835
a,214285,47.000,16.184,80.000,-3.019,15.932,2.202
a,214290,47.000,16.280,80.000,-0.622,16.360,1.423
a,214295,47.000,16.096,80.000,-2.698,16.711,-1.432
a,214300,47.000,16.137,80.000,-0.988,15.551,-1.768
a,214305,47.000,16.254,80.000,-0.439,17.612,-2.348
a,214310,47.000,16.409,80.000,-0.164,17.932,1.942
a,214315,47.000,16.480,80.000,-0.805,18.696,-1.066
a,214320,47.000,16.448,80.000,-1.553,18.039,1.072
a,214325,47.000,16.397,80.000,-1.691,18.314,0.217
a,214330,47.000,16.364,80.000,-1.508,16.039,-4.134
a,214335,47.000,16.088,80.000,-3.309,17.093,0.431
a,214340,47.000,16.190,80.000,-0.485,18.116,-0.195
a,214345,47.000,15.962,80.000,-2.912,17.261,3.209
a,214350,47.000,15.774,80.000,-2.591,17.826,-0.760
a,214355,47.000,15.461,80.000,-3.477,16.650,-2.058
a,214360,47.000,15.012,80.000,-4.454,17.871,0.431
a,214365,47.000,14.777,80.000,-2.805,17.459,-5.020
a,214370,47.000,14.295,80.000,-4.591,17.184,-0.730
a,214375,47.000,14.207,80.000,-1.630,18.421,2.385
a,214380,47.000,13.667,80.000,-4.958,17.429,0.843
a,214385,47.000,13.286,80.000,-3.721,18.635,1.179
a,214390,47.000,12.549,80.000,-6.286,16.925,-0.562
a,214395,47.000,12.098,80.000,-4.088,17.337,1.469
a,214400,47.000,11.701,80.000,-3.614,15.047,-2.211
a,214405,47.000,11.373,80.000,-3.049,15.322,-0.974
a,214410,47.000,11.014,80.000,-3.233,14.589,1.225
a,214415,47.000,10.569,80.000,-3.843,15.276,1.469
a,214420,47.000,9.894,80.000,-5.477,14.192,2.660
a,214425,47.000,9.328,80.000,-4.622,16.467,-2.073
a,214430,47.000,8.575,80.000,-5.935,15.108,-3.066
a,214435,47.000,8.008,80.000,-4.500,17.688,-1.081
a,214440,47.000,7.326,80.000,-5.263,15.520,0.934
a,214445,47.000,6.656,80.000,-5.111,16.116,-1.524
a,214450,47.000,5.691,80.000,-7.187,13.505,0.003
a,214455,47.000,4.990,80.000,-5.141,14.039,-0.150
a,214460,47.000,4.177,80.000,-5.859,10.726,-3.386
a,214465,47.000,3.885,80.000,-1.889,8.726,0.293
a,214470,47.000,3.476,80.000,-2.729,8.482,-0.623
a,214475,47.000,3.146,80.000,-2.057,4.604,1.225
a,214480,47.000,2.778,80.000,-2.301,3.230,-0.882
a,214485,47.000,2.769,80.000,0.416,1.093,-2.424
a,214490,47.000,2.869,80.000,1.210,1.780,0.324
a,214495,47.000,2.920,80.000,0.844,-0.419,1.698
a,214500,47.000,3.036,80.000,1.302,0.131,1.774
a,214505,47.000,2.996,80.000,0.141,-1.136,-0.073
a,214510,47.000,3.099,80.000,1.164,1.047,1.591
a,214515,47.000,3.271,80.000,1.653,1.444,1.881
a,214520,47.000,3.110,80.000,-0.851,1.826,1.011
a,214525,47.000,2.772,80.000,-2.164,2.619,2.873
a,214530,47.000,2.540,80.000,-1.355,3.093,1.133
a,214535,47.000,1.964,80.000,-3.889,3.169,1.102
a,214540,47.000,1.729,80.000,-1.294,2.589,-1.905
a,214545,47.000,1.373,80.000,-2.179,2.803,0.278
a,214550,47.000,1.177,80.000,-0.958,1.795,-0.943
a,214555,47.000,0.658,80.000,-3.309,0.009,1.988
a,214560,47.000,0.463,80.000,-0.882,0.986,-3.432
a,214565,47.000,0.223,80.000,-1.202,1.291,-0.043
a,214570,47.000,0.192,80.000,0.370,0.360,-1.004
a,214575,47.000,-0.003,80.000,-0.866,1.490,-0.043
a,214580,47.000,-0.451,80.000,-2.698,-0.724,-0.974
a,214585,47.000,-0.549,80.000,-0.088,0.711,-1.035
a,214590,47.000,-0.834,80.000,-1.477,0.940,-0.287
a,214595,47.000,-0.910,80.000,0.111,-0.999,-0.730
a,214600,47.000,-0.973,80.000,0.202,-0.571,-1.630
a,214605,47.000,-1.311,80.000,-1.843,-0.602,1.713
a,214610,47.000,-1.643,80.000,-1.737,-2.816,-2.837
a,214615,47.000,-2.028,80.000,-2.133,-1.136,-1.371
a,214620,47.000,-2.370,80.000,-1.767,-2.587,0.247
a,214625,47.000,-2.505,80.000,-0.225,-0.541,1.545
a,214630,47.000,-2.749,80.000,-1.019,-2.007,0.782
a,214635,47.000,-2.973,80.000,-0.866,-0.480,0.431
a,214640,47.000,-3.256,80.000,-1.278,-2.541,-0.104
a,214645,47.000,-3.601,80.000,-1.706,-3.152,2.767
a,214650,47.000,-3.788,80.000,-0.515,-2.495,0.461
a,214655,47.000,-4.103,80.000,-1.431,-4.892,-2.791
a,214660,47.000,-4.359,80.000,-0.988,-3.396,1.606
a,214665,47.000,-4.815,80.000,-2.454,-3.106,0.095
a,214670,47.000,-4.914,80.000,0.202,-1.686,0.415
a,214675,47.000,-5.255,80.000,-1.553,-4.159,1.377
a,214680,47.000,-5.455,80.000,-0.469,-6.159,1.438
a,214685,47.000,-5.916,80.000,-2.393,-6.480,1.163
a,214690,47.000,-6.254,80.000,-1.416,-8.388,0.797
a,214695,47.000,-6.257,80.000,1.088,-7.991,-2.791
a,214700,47.000,-6.212,80.000,1.439,-9.091,2.522
a,214705,47.000,-6.113,80.000,1.805,-8.556,0.339
a,214710,47.000,-6.211,80.000,0.370,-11.915,1.179
a,214715,47.000,-6.001,80.000,2.615,-9.625,-1.066
a,214720,47.000,-5.927,80.000,1.576,-10.266,2.202
a,214725,47.000,-5.744,80.000,2.355,-9.533,-0.180
a,214730,47.000,-5.867,80.000,0.034,-8.495,0.095
a,214735,47.000,-5.884,80.000,0.828,-8.281,-0.806
a,214740,47.000,-6.098,80.000,-0.668,-6.678,-0.699
a,214745,47.000,-6.062,80.000,1.210,-7.854,0.934
a,214750,47.000,-6.058,80.000,0.951,-7.121,1.515
a,214755,47.000,-5.982,80.000,1.500,-9.671,-0.760
a,214760,47.000,-5.971,80.000,0.996,-9.564,2.141
a,214765,47.000,-6.059,80.000,0.263,-10.892,1.774
a,214770,47.000,-6.003,80.000,1.302,-8.495,-2.088
a,214775,47.000,-6.034,80.000,0.676,-11.289,-1.783
a,214780,47.000,-5.965,80.000,1.378,-9.045,1.621
a,214785,47.000,-6.142,80.000,-0.454,-9.320,3.454
a,214790,47.000,-6.130,80.000,0.935,-7.884,-0.531
a,214795,47.000,-6.314,80.000,-0.515,-9.396,-0.333
a,214800,47.000,-6.217,80.000,1.561,-7.732,-2.150
a,214805,47.000,-6.457,80.000,-0.943,-8.800,2.263
a,214810,47.000,-6.213,80.000,2.630,-6.617,-2.821
a,214815,47.000,-6.294,80.000,0.202,-7.884,0.278
a,214820,47.000,-6.268,80.000,0.996,-8.129,1.728
a,214825,47.000,-6.417,80.000,-0.332,-6.877,-1.157
a,214830,47.000,-6.442,80.000,0.630,-9.182,-2.058
a,214835,47.000,-6.417,80.000,0.966,-7.243,0.904
a,214840,47.000,-6.421,80.000,0.767,-9.640,-0.745
a,214845,47.000,-6.432,80.000,0.691,-8.281,-1.386
a,214850,47.000,-6.645,80.000,-0.790,-10.220,-0.134
a,214855,47.000,-6.712,80.000,0.279,-7.381,1.347
a,214860,47.000,-6.897,80.000,-0.576,-9.487,-1.921
a,214865,47.000,-6.831,80.000,1.271,-7.869,-0.272
a,214870,47.000,-7.013,80.000,-0.561,-9.335,1.133
a,214875,47.000,-7.070,80.000,0.370,-8.556,-0.226
a,214880,47.000,-7.352,80.000,-1.278,-10.617,0.568
a,214885,47.000,-7.279,80.000,1.363,-9.045,-1.310
a,214890,47.000,-7.273,80.000,0.859,-10.312,0.263
a,214895,47.000,-7.119,80.000,1.943,-9.549,-0.806
a,214900,47.000,-7.342,80.000,-0.866,-10.862,1.423
a,214905,47.000,-7.490,80.000,-0.286,-11.411,-0.516
a,214910,47.000,-7.563,80.000,0.233,-7.655,0.965
a,214915,47.000,-7.677,80.000,-0.042,-9.961,-0.760
a,214920,47.000,-7.584,80.000,1.470,-7.701,-0.959
a,214925,47.000,-7.574,80.000,0.859,-10.159,-1.157
a,214930,47.000,-7.733,80.000,-0.408,-8.999,0.889
a,214935,47.000,-7.685,80.000,1.149,-10.174,-1.157
a,214940,47.000,-7.572,80.000,1.607,-9.396,-0.913
a,214945,47.000,-7.578,80.000,0.722,-11.091,0.507
a,214950,47.000,-7.624,80.000,0.401,-9.091,1.240
a,214955,47.000,-7.783,80.000,-0.424,-10.678,2.125
a,214960,47.000,-7.793,80.000,0.676,-9.579,-0.424
a,214965,47.000,-8.066,80.000,-1.294,-8.388,-1.233
a,214970,47.000,-8.146,80.000,0.187,-9.884,0.293
a,214975,47.000,-8.395,80.000,-1.080,-9.258,1.774
a,214980,47.000,-8.487,80.000,0.126,-10.480,0.644
a,214985,47.000,-8.657,80.000,-0.469,-9.564,-1.478
a,214990,47.000,-8.646,80.000,0.920,-11.610,-0.058
a,214995,47.000,-8.733,80.000,0.172,-11.411,-1.081
a,215000,47.000,-8.708,80.000,1.027,-12.480,0.629
a,215005,47.000,-8.733,80.000,0.630,-11.564,-0.821
a,215010,47.000,-8.932,80.000,-0.637,-13.747,-0.775
a,215015,47.000,-8.843,80.000,1.485,-11.686,1.286
a,215020,47.000,-8.684,80.000,1.989,-11.823,2.690
a,215025,47.000,-8.278,80.000,3.805,-12.816,1.179
a,215030,47.000,-7.962,80.000,3.073,-11.426,-2.012
a,215035,47.000,-8.004,80.000,0.370,-11.381,0.705
a,215041,47.000,-7.965,80.000,0.981,-12.052,1.637
a,215045,47.000,-8.067,80.000,-0.057,-13.472,0.034
a,215050,47.000,-8.095,80.000,0.508,-14.083,-3.814
a,215055,47.000,-8.153,80.000,0.263,-12.205,1.392
a,215060,47.000,-7.975,80.000,2.004,-11.732,0.660
a,215065,47.000,-8.083,80.000,-0.133,-12.663,0.171
a,215070,47.000,-7.938,80.000,1.760,-12.984,-0.363
a,215075,47.000,-8.037,80.000,-0.088,-12.297,2.797
a,215080,47.000,-7.822,80.000,2.263,-12.785,-1.081
a,215085,47.000,-7.743,80.000,1.195,-10.999,3.240
a,215090,47.000,-7.774,80.000,0.401,-13.411,0.660
a,215095,47.000,-7.720,80.000,1.027,-13.121,2.110
a,215101,47.000,-7.817,80.000,-0.133,-10.602,1.118
a,215105,47.000,-7.701,80.000,1.454,-10.831,1.209
a,215110,47.000,-7.733,80.000,0.355,-12.144,-0.516
a,215115,47.000,-7.764,80.000,0.370,-12.281,2.736
a,215120,47.000,-7.850,80.000,-0.027,-13.472,3.988
a,215125,47.000,-7.967,80.000,-0.256,-13.152,-0.699
a,215130,47.000,-7.880,80.000,1.286,-14.709,-5.844
a,215135,47.000,-7.675,80.000,2.096,-10.251,2.247
a,215140,47.000,-7.410,80.000,2.523,-11.320,3.835
a,215145,47.000,-7.456,80.000,0.187,-11.564,1.744
a,215150,47.000,-7.563,80.000,-0.240,-13.320,1.484
a,215155,47.000,-7.628,80.000,0.050,-10.862,-0.134
a,215160,47.000,-7.453,80.000,1.851,-11.976,-1.203
a,215165,47.000,-7.277,80.000,1.821,-11.487,-2.546
a,215170,47.000,-7.030,80.000,2.355,-13.258,-6.424
a,215175,47.000,-6.967,80.000,0.951,-12.541,4.721
a,215180,47.000,-6.766,80.000,1.973,-13.961,-0.134
a,215185,47.000,-6.652,80.000,1.302,-12.877,-2.730
a,215190,47.000,-6.241,80.000,3.485,-13.304,-2.226
a,215195,47.000,-6.101,80.000,1.439,-13.594,-1.157
a,215200,47.000,-5.698,80.000,3.347,-12.190,-0.669
a,215205,47.000,-5.492,80.000,1.851,-12.495,-2.195
a,215210,47.000,-5.250,80.000,2.080,-11.442,-0.913
a,215215,47.000,-5.211,80.000,0.554,-11.869,1.255
a,215220,47.000,-5.193,80.000,0.370,-10.251,-0.195
a,215225,47.000,-4.959,80.000,1.989,-11.411,-3.951
a,215230,47.000,-4.745,80.000,1.805,-10.129,-0.394
a,215235,47.000,-4.231,80.000,4.004,-10.465,1.148
a,215241,47.000,-3.961,80.000,2.157,-12.388,-0.516
a,215245,47.000,-3.668,80.000,2.294,-11.304,-1.356
a,215250,47.000,-3.342,80.000,2.508,-11.411,-0.669
a,215255,47.000,-3.170,80.000,1.317,-10.449,1.102
a,215260,47.000,-3.231,80.000,-0.454,-8.251,-4.104
a,215265,47.000,-3.089,80.000,1.042,-6.205,-1.356
a,215270,47.000,-3.176,80.000,-0.683,-4.831,0.583
a,215275,47.000,-3.409,80.000,-1.767,-3.533,0.980
a,215280,47.000,-3.463,80.000,-0.393,-5.274,-0.898
a,215285,47.000,-3.719,80.000,-1.859,-6.617,-1.127
a,215290,47.000,-3.792,80.000,-0.485,-5.457,1.011
a,215295,47.000,-3.920,80.000,-0.851,-8.281,-0.363
a,215300,47.000,-3.827,80.000,0.798,-7.457,-1.630
a,215305,47.000,-3.608,80.000,1.714,-7.091,-4.073
a,215311,47.000,-3.602,80.000,0.126,-7.655,-0.134
a,215315,47.000,-3.508,80.000,0.752,-5.549,1.270
a,215320,47.000,-3.612,80.000,-0.714,-6.373,1.866
a,215325,47.000,-3.571,80.000,0.370,-6.083,-1.172
a,215330,47.000,-3.749,80.000,-1.233,-7.320,1.469
a,215335,47.000,-3.827,80.000,-0.500,-5.472,-1.447
a,215340,47.000,-3.639,80.000,1.500,-6.541,-2.562
a,215345,47.000,-3.573,80.000,0.584,-7.258,0.828
a,215350,47.000,-3.395,80.000,1.393,-5.411,3.835
a,215355,47.000,-3.234,80.000,1.256,-6.510,1.118
a,215360,47.000,-2.968,80.000,2.004,-5.762,-4.623
a,215365,47.000,-2.941,80.000,0.233,-7.136,0.064
a,215370,47.000,-2.818,80.000,0.935,-7.136,0.446
a,215375,47.000,-2.828,80.000,-0.057,-6.968,-1.004
a,215380,47.000,-2.752,80.000,0.584,-7.075,0.415
a,215385,47.000,-2.578,80.000,1.286,-5.640,0.202
a,215390,47.000,-2.548,80.000,0.202,-5.884,-0.226
a,215395,47.000,-2.375,80.000,1.256,-4.587,-0.088
a,215400,47.000,-2.059,80.000,2.294,-4.678,0.644
a,215405,47.000,-1.971,80.000,0.584,-5.915,1.163
a,215410,47.000,-1.637,80.000,2.401,-5.350,-3.401
a,215415,47.000,-1.463,80.000,1.195,-6.831,-2.501
a,215420,47.000,-1.459,80.000,-0.088,-6.480,-0.943
a,215426,47.000,-1.179,80.000,1.958,-5.762,-0.882
a,215430,47.000,-1.108,80.000,0.386,-6.236,-0.730
a,215435,47.000,-0.991,80.000,0.706,-4.312,-0.592
a,215440,47.000,-0.693,80.000,2.019,-3.320,-0.837
a,215445,47.000,-0.518,80.000,1.088,-4.037,-2.806
a,215450,47.000,-0.266,80.000,1.638,-2.984,-1.432
a,215455,47.000,-0.196,80.000,0.279,-4.129,0.034
a,215460,47.000,-0.157,80.000,0.034,-3.503,-0.821
a,215465,47.000,0.154,80.000,2.034,-2.358,-3.951
a,215470,47.000,0.260,80.000,0.523,-4.571,-1.508
a,215475,47.000,0.226,80.000,-0.530,-4.449,-0.730
a,215480,47.000,0.456,80.000,1.424,-3.075,-0.943
a,215485,47.000,0.786,80.000,2.157,-4.129,-2.470
a,215490,47.000,0.964,80.000,1.012,-5.091,-1.859
a,215495,47.000,1.210,80.000,1.485,-3.839,1.240
a,215500,47.000,1.608,80.000,2.569,-2.190,0.950
a,215505,47.000,1.767,80.000,0.752,-1.549,1.698
a,215510,47.000,1.704,80.000,-0.912,-0.785,-0.043
a,215515,47.000,1.645,80.000,-0.882,0.894,-1.554
a,215520,47.000,1.776,80.000,0.538,0.680,-3.844
a,215525,47.000,1.642,80.000,-1.446,1.429,2.828
a,215530,47.000,1.611,80.000,-0.683,3.841,-0.165
a,215535,47.000,1.569,80.000,-0.729,1.612,-3.737
a,215540,47.000,1.441,80.000,-1.340,-0.129,0.461
a,215545,47.000,1.486,80.000,-0.057,2.207,-0.562
a,215550,47.000,1.838,80.000,2.218,2.009,-0.714
a,215555,47.000,2.024,80.000,0.981,0.009,-1.386
a,215561,47.000,2.086,80.000,0.050,-0.373,1.728
a,215565,47.000,2.234,80.000,0.676,0.940,3.560
a,215570,47.000,2.263,80.000,-0.210,-0.220,1.545
a,215575,47.000,2.220,80.000,-0.744,0.543,0.476
a,215580,47.000,2.410,80.000,0.981,1.581,-1.493
a,215585,47.000,2.532,80.000,0.477,-0.113,-1.447
a,215590,47.000,2.539,80.000,-0.378,0.177,1.515
a,215595,47.000,2.818,80.000,1.622,1.306,-0.027
a,215600,47.000,3.090,80.000,1.561,0.421,-0.470
a,215605,47.000,3.168,80.000,0.096,0.467,3.087
a,215610,47.000,3.327,80.000,0.691,1.230,0.690
a,215615,47.000,3.459,80.000,0.477,0.909,0.522
a,215620,47.000,3.400,80.000,-0.958,2.055,1.148
a,215625,47.000,3.582,80.000,0.828,3.444,-2.379
a,215630,47.000,3.586,80.000,-0.469,0.574,0.370
a,215635,47.000,3.646,80.000,-0.057,0.879,-0.394
a,215640,47.000,4.041,80.000,2.401,3.169,-1.157
a,215645,47.000,4.295,80.000,1.347,1.093,-0.195
a,215651,47.000,4.388,80.000,0.126,1.261,2.461
a,215655,47.000,4.555,80.000,0.676,0.986,-0.058
a,215660,47.000,4.712,80.000,0.584,1.154,0.599
a,215665,47.000,4.654,80.000,-1.019,1.826,-2.043
a,215670,47.000,4.979,80.000,1.805,3.673,0.018
a,215675,47.000,5.098,80.000,0.263,2.589,0.950
a,215680,47.000,5.093,80.000,-0.668,3.474,4.476
a,215685,47.000,5.208,80.000,0.233,2.772,0.614
a,215690,47.000,5.031,80.000,-1.935,3.016,-0.211
a,215695,47.000,5.081,80.000,-0.225,3.261,0.278
a,215700,47.000,5.033,80.000,-0.958,3.490,0.843
a,215705,47.000,5.060,80.000,-0.393,3.932,-3.279
a,215711,47.000,4.781,80.000,-2.637,2.467,-0.150
a,215715,47.000,4.777,80.000,-0.576,3.734,-0.516
a,215720,47.000,4.700,80.000,-1.095,2.604,1.286
a,215725,47.000,4.452,80.000,-2.362,4.268,1.011
a,215730,47.000,4.537,80.000,0.126,5.001,1.026
a,215735,47.000,4.222,80.000,-2.820,3.077,-0.852
a,215740,47.000,4.246,80.000,-0.301,5.932,0.095
a,215745,47.000,4.342,80.000,0.263,4.024,2.858
a,215750,47.000,4.258,80.000,-1.095,5.032,1.163
a,215755,47.000,4.262,80.000,-0.408,4.192,1.927
a,215761,47.000,4.207,80.000,-0.851,4.482,-1.859
a,215765,47.000,4.204,80.000,-0.454,4.100,-2.974
a,215771,47.000,4.077,80.000,-1.385,5.734,0.217
a,215775,47.000,3.767,80.000,-2.683,2.864,-1.722
a,215780,47.000,3.585,80.000,-1.721,5.032,0.186
a,215785,47.000,3.446,80.000,-1.370,3.780,0.125
a,215790,47.000,3.172,80.000,-2.347,3.856,-0.592
a,215795,47.000,2.844,80.000,-2.729,5.291,0.828
a,215800,47.000,2.555,80.000,-2.378,3.322,-1.356
a,215805,47.000,2.163,80.000,-3.126,4.757,0.889
a,215810,47.000,2.040,80.000,-1.065,3.642,0.385
a,215815,47.000,1.780,80.000,-2.072,3.642,0.308
a,215820,47.000,1.432,80.000,-2.668,1.856,0.538
a,215825,47.000,0.993,80.000,-3.324,3.597,0.476
a,215830,47.000,0.774,80.000,-1.645,3.459,-0.211
a,215835,47.000,0.344,80.000,-3.187,4.161,-0.592
a,215840,47.000,-0.129,80.000,-3.462,3.841,0.415
a,215845,47.000,-0.695,80.000,-4.103,4.864,3.148
a,215850,47.000,-1.157,80.000,-3.263,3.948,1.148
a,215855,47.000,-1.822,80.000,-4.729,4.299,-0.470
a,215860,47.000,-2.225,80.000,-2.698,3.948,-2.302
a,215865,47.000,-2.667,80.000,-2.943,2.848,0.858
a,215870,47.000,-2.813,80.000,-0.683,1.474,1.240
a,215875,47.000,-3.207,80.000,-2.485,-0.739,1.255
a,215880,47.000,-3.369,80.000,-0.714,-1.793,3.377
a,215885,47.000,-3.759,80.000,-2.362,-4.373,2.583
a,215890,47.000,-3.739,80.000,0.722,-4.923,-5.539
a,215895,47.000,-3.733,80.000,0.615,-5.564,0.141
a,215900,47.000,-3.354,80.000,3.393,-7.091,5.041
a,215905,47.000,-3.410,80.000,0.126,-7.762,2.003
a,215910,47.000,-3.254,80.000,1.699,-8.358,-0.394
a,215915,47.000,-3.256,80.000,0.477,-5.762,2.079
a,215920,47.000,-2.985,80.000,2.492,-6.068,-0.333
a,215925,47.000,-2.933,80.000,0.828,-5.762,1.225
a,215930,47.000,-2.663,80.000,2.447,-6.571,2.293
a,215935,47.000,-2.626,80.000,0.660,-4.617,4.614
a,215940,47.000,-2.569,80.000,0.813,-5.442,-0.379
a,215945,47.000,-2.748,80.000,-0.958,-5.274,0.843
a,215950,47.000,-2.650,80.000,1.103,-3.915,-1.890
a,215955,47.000,-2.712,80.000,-0.088,-5.518,-0.562
a,215961,47.000,-2.337,80.000,3.149,-4.663,-1.279
a,215965,47.000,-2.244,80.000,1.027,-6.236,2.400
a,215970,47.000,-2.000,80.000,2.126,-5.594,-0.669
a,215975,47.000,-2.081,80.000,-0.301,-6.205,0.614
a,215980,47.000,-1.890,80.000,1.683,-3.991,0.308
a,215985,47.000,-1.747,80.000,1.317,-4.724,-0.165
a,215990,47.000,-1.361,80.000,3.088,-3.747,-0.241
a,215995,47.000,-1.152,80.000,1.744,-4.892,1.713
a,216000,47.000,-1.158,80.000,0.126,-5.106,0.538
a,216005,47.000,-0.891,80.000,2.157,-5.625,-2.088
a,216010,47.000,-0.760,80.000,1.103,-5.136,-0.440
a,216015,47.000,-0.387,80.000,2.874,-4.022,2.400
a,216020,47.000,-0.216,80.000,1.332,-4.022,1.683
a,216025,47.000,-0.070,80.000,1.134,-4.678,1.698
a,216030,47.000,0.171,80.000,1.821,-4.083,2.370
a,216035,47.000,0.346,80.000,1.302,-4.526,-0.394
a,216040,47.000,0.630,80.000,2.080,-3.426,-0.348
a,216045,47.000,0.734,80.000,0.722,-4.297,1.148
a,216050,47.000,1.206,80.000,3.439,-3.945,0.461
a,216055,47.000,1.456,80.000,1.760,-5.945,1.896
a,216060,47.000,1.788,80.000,2.325,-3.884,-0.806
a,216065,47.000,1.981,80.000,1.271,-5.350,-0.195
a,216070,47.000,2.276,80.000,2.004,-5.442,-0.043
a,216075,47.000,2.335,80.000,0.218,-3.854,3.591
a,216080,47.000,2.329,80.000,-0.301,-1.793,-0.394
a,216085,47.000,2.019,80.000,-2.576,0.360,2.767
a,216090,47.000,1.913,80.000,-1.049,2.803,-1.768
a,216095,47.000,1.629,80.000,-2.378,4.894,-1.172
a,216100,47.000,1.487,80.000,-1.263,2.528,-0.516
a,216105,47.000,1.454,80.000,-0.454,4.284,3.133
a,216110,47.000,1.144,80.000,-2.469,1.490,1.850
a,216115,47.000,1.168,80.000,0.050,0.803,-0.180
a,216120,47.000,0.985,80.000,-1.477,-0.297,0.141
a,216125,47.000,1.135,80.000,1.012,0.284,-0.592
a,216130,47.000,1.053,80.000,-0.698,-1.411,1.850
a,216135,47.000,0.910,80.000,-1.172,0.528,2.767
a,216140,47.000,0.600,80.000,-2.362,-1.029,2.217
a,216145,47.000,0.496,80.000,-0.851,2.711,0.568
a,216150,47.000,0.277,80.000,-1.675,1.047,1.194
a,216155,47.000,0.340,80.000,0.431,2.528,-3.386
a,216161,47.000,0.440,80.000,0.676,3.780,-4.501
a,216165,47.000,0.392,80.000,-0.378,0.009,-0.043
a,216170,47.000,0.335,80.000,-0.454,0.787,3.759
a,216175,47.000,0.044,80.000,-2.149,-1.900,-3.340
a,216180,47.000,-0.006,80.000,-0.378,1.749,1.240
a,216185,47.000,0.145,80.000,1.134,0.818,0.629
a,216190,47.000,-0.010,80.000,-1.141,-0.159,1.576
a,216195,47.000,0.004,80.000,0.126,0.131,1.255
a,216200,47.000,-0.257,80.000,-1.904,-0.251,0.049
a,216205,47.000,-0.230,80.000,0.233,1.200,0.064
a,216210,47.000,-0.478,80.000,-1.782,-0.617,-1.127
a,216215,47.000,-0.462,80.000,0.187,0.467,-0.302
a,216220,47.000,-0.657,80.000,-1.385,1.306,3.179
a,216225,47.000,-0.716,80.000,-0.362,0.955,-0.608
a,216230,47.000,-1.013,80.000,-2.118,1.795,-0.363
a,216235,47.000,-1.081,80.000,-0.378,0.055,-2.821
a,216240,47.000,-1.156,80.000,-0.439,1.871,-0.272
a,216245,47.000,-1.198,80.000,-0.164,-0.373,1.469
a,216250,47.000,-1.318,80.000,-0.759,1.429,1.515
a,216255,47.000,-1.559,80.000,-1.614,-1.029,1.270
a,216260,47.000,-1.573,80.000,0.065,1.261,-2.150
a,216265,47.000,-1.899,80.000,-2.240,0.772,-1.615
a,216270,47.000,-1.868,80.000,0.447,-0.205,-0.913
a,216275,47.000,-2.007,80.000,-0.820,0.161,-0.669
a,216280,47.000,-2.238,80.000,-1.462,-2.068,-3.356
a,216285,47.000,-2.277,80.000,-0.042,0.192,1.225
a,216290,47.000,-2.478,80.000,-1.217,-2.419,2.507
a,216295,47.000,-2.280,80.000,1.760,-1.915,1.454
a,216300,47.000,-2.312,80.000,0.050,-3.213,1.652
a,216305,47.000,-2.153,80.000,1.454,-3.121,-0.150
a,216310,47.000,-2.104,80.000,0.615,-2.632,-1.295
a,216315,47.000,-2.123,80.000,0.126,-4.129,-0.302
a,216320,47.000,-1.886,80.000,1.973,-0.923,-1.066
a,216325,47.000,-2.000,80.000,-0.622,-3.152,2.889
a,216330,47.000,-1.952,80.000,0.584,-3.121,-0.882
a,216335,47.000,-2.165,80.000,-1.370,-2.068,-2.424
a,216340,47.000,-2.105,80.000,0.691,-3.228,-0.714
a,216345,47.000,-2.142,80.000,-0.042,-2.663,0.034
a,216350,47.000,-1.992,80.000,1.363,-4.174,-1.783
a,216355,47.000,-1.847,80.000,1.271,-1.381,2.644
a,216360,47.000,-1.963,80.000,-0.653,-4.190,-0.348
a,216365,47.000,-1.759,80.000,1.699,-1.381,-1.249
a,216371,47.000,-1.889,80.000,-0.775,-3.197,0.186
a,216375,47.000,-1.636,80.000,2.050,-1.411,0.629
a,216380,47.000,-1.714,80.000,-0.424,-2.037,1.515
a,216385,47.000,-1.721,80.000,0.096,-0.862,0.370
a,216390,47.000,-1.739,80.000,0.050,-4.129,2.186
a,216395,47.000,-1.507,80.000,1.867,-1.060,2.125
a,216400,47.000,-1.382,80.000,1.073,-3.152,1.240
a,216405,47.000,-1.284,80.000,0.844,-1.869,2.141
a,216410,47.000,-1.366,80.000,-0.485,-3.503,1.255
a,216415,47.000,-1.375,80.000,0.034,-1.167,-2.546
a,216420,47.000,-1.404,80.000,-0.088,-3.472,-2.379
a,216425,47.000,-1.435,80.000,-0.088,-4.022,0.400
a,216430,47.000,-1.407,80.000,0.340,-3.167,1.499
a,216435,47.000,-1.343,80.000,0.615,-4.220,-0.730
a,216440,47.000,-1.552,80.000,-1.416,-3.884,1.942
a,216445,47.000,-1.661,80.000,-0.668,-2.984,3.713
a,216450,47.000,-1.663,80.000,0.126,-2.251,2.278
a,216455,47.000,-1.428,80.000,1.882,-2.159,-0.180
a,216460,47.000,-1.422,80.000,0.157,-1.518,0.965
a,216465,47.000,-1.492,80.000,-0.393,-3.686,1.087
a,216470,47.000,-1.493,80.000,0.111,-1.549,-1.142
a,216475,47.000,-1.637,80.000,-0.958,-1.671,0.079
a,216480,47.000,-1.357,80.000,2.187,-0.480,-0.211
a,216485,47.000,-1.353,80.000,0.141,-2.953,1.331
a,216490,47.000,-1.166,80.000,1.485,-1.915,1.423
a,216495,47.000,-1.070,80.000,0.783,-1.457,0.583
a,216500,47.000,-0.887,80.000,1.424,-2.052,-2.104
a,216505,47.000,-0.742,80.000,1.118,-2.327,-1.233
a,216510,47.000,-0.537,80.000,1.561,-2.770,1.835
a,216515,47.000,-0.292,80.000,1.836,-3.503,-2.058
a,216520,47.000,-0.356,80.000,-0.485,-3.350,1.118
a,216525,47.000,-0.194,80.000,1.180,-1.365,0.308
a,216530,47.000,-0.256,80.000,-0.485,-2.419,-0.546
a,216535,47.000,-0.053,80.000,1.485,-2.174,-0.669
a,216540,47.000,-0.141,80.000,-0.698,-2.465,1.713
a,216545,47.000,-0.147,80.000,-0.057,-3.503,-0.928
a,216550,47.000,-0.157,80.000,-0.118,-0.999,0.889
a,216555,47.000,-0.186,80.000,-0.225,-3.610,1.255
a,216560,47.000,-0.209,80.000,-0.195,-2.113,0.079
a,216565,47.000,-0.222,80.000,-0.118,-1.945,0.705
a,216570,47.000,-0.148,80.000,0.538,-2.663,3.683
a,216575,47.000,-0.293,80.000,-1.095,-2.602,-0.302
a,216580,47.000,-0.105,80.000,1.393,-2.632,-0.669
a,216585,47.000,-0.046,80.000,0.401,-1.961,-0.287
a,216590,47.000,0.229,80.000,2.019,-2.877,-1.921
a,216595,47.000,0.274,80.000,0.263,-1.762,2.660
a,216600,47.000,0.204,80.000,-0.576,-3.228,1.912
a,216605,47.000,0.378,80.000,1.225,-1.381,-3.371
a,216610,47.000,0.435,80.000,0.355,-2.877,1.957
a,216615,47.000,0.753,80.000,2.279,-2.495,1.576
a,216620,47.000,0.791,80.000,0.157,-1.518,0.553
a,216625,47.000,0.869,80.000,0.462,-2.174,3.392
a,216630,47.000,0.991,80.000,0.767,-0.999,0.690
a,216635,47.000,1.046,80.000,0.279,-3.091,-5.111
a,216640,47.000,1.431,80.000,2.706,-1.335,1.026
a,216645,47.000,1.599,80.000,1.042,-0.510,0.690
a,216650,47.000,1.739,80.000,0.828,-1.442,-1.050
a,216655,47.000,1.891,80.000,0.889,0.146,-3.356
a,216660,47.000,1.949,80.000,0.218,-3.029,-2.409
a,216665,47.000,2.510,80.000,3.912,-0.587,-2.226
a,216670,47.000,2.987,80.000,3.210,0.574,3.454
a,216675,47.000,3.034,80.000,0.034,-4.281,-0.730
a,216680,47.000,3.381,80.000,2.233,-1.869,-3.630
a,216685,47.000,3.598,80.000,1.210,-0.052,0.767
a,216690,47.000,3.988,80.000,2.477,-0.648,1.530
a,216695,47.000,4.175,80.000,0.905,1.993,-0.516
a,216700,47.000,3.928,80.000,-2.317,1.184,1.652
a,216705,47.000,3.988,80.000,-0.042,3.826,-1.081
a,216710,47.000,3.853,80.000,-1.492,4.619,0.141
a,216715,47.000,3.747,80.000,-1.248,3.612,-0.058
a,216720,47.000,3.686,80.000,-0.912,5.093,-1.401
a,216725,47.000,3.269,80.000,-3.508,2.772,0.721
a,216730,47.000,3.259,80.000,-0.439,2.589,-3.798
a,216735,47.000,3.203,80.000,-0.775,2.116,-0.684
a,216740,47.000,3.421,80.000,1.271,2.390,-0.226
a,216745,47.000,3.424,80.000,-0.362,3.612,1.499
a,216750,47.000,3.253,80.000,-1.614,1.306,-1.157
a,216755,47.000,3.116,80.000,-1.370,3.535,-1.035
a,216760,47.000,3.196,80.000,0.263,3.261,1.087
a,216765,47.000,3.031,80.000,-1.553,3.123,2.415
a,216770,47.000,2.963,80.000,-0.805,2.329,1.698
a,216775,47.000,2.717,80.000,-2.118,2.604,1.148
a,216780,47.000,2.420,80.000,-2.454,1.658,1.133
a,216785,47.000,2.414,80.000,-0.286,3.887,-0.821
a,216790,47.000,2.425,80.000,-0.133,2.284,-0.302
a,216795,47.000,2.498,80.000,0.294,4.131,0.889
a,216801,47.000,2.310,80.000,-1.614,2.085,4.461
a,216805,47.000,2.172,80.000,-1.217,1.932,-0.623
a,216811,47.000,1.838,80.000,-2.653,1.780,1.362
a,216815,47.000,1.750,80.000,-0.805,3.413,-1.310
a,216820,47.000,1.557,80.000,-1.553,1.413,0.644
a,216825,47.000,1.135,80.000,-3.233,1.917,0.828
a,216830,47.000,0.804,80.000,-2.500,1.322,3.652
a,216835,47.000,0.660,80.000,-1.095,3.169,0.064
a,216840,47.000,0.580,80.000,-0.591,1.230,3.087
a,216845,47.000,0.701,80.000,0.905,2.329,-1.264
a,216850,47.000,0.533,80.000,-1.248,1.169,1.591
a,216855,47.000,0.437,80.000,-0.698,1.719,2.064
a,216860,47.000,0.249,80.000,-1.370,2.024,0.141
a,216865,47.000,0.230,80.000,-0.103,2.253,-1.722
a,216870,47.000,0.102,80.000,-0.927,3.337,-2.043
a,216875,47.000,-0.123,80.000,-1.614,1.917,0.690
a,216880,47.000,-0.081,80.000,0.386,2.665,-1.508
a,216885,47.000,-0.245,80.000,-1.141,1.688,2.705
a,216890,47.000,-0.458,80.000,-1.492,2.299,-0.363
a,216895,47.000,-0.573,80.000,-0.714,-0.297,0.919
a,216900,47.000,-0.444,80.000,1.088,1.062,-3.325
a,216905,47.000,-0.538,80.000,-0.546,-1.655,2.034
a,216910,47.000,-0.446,80.000,0.844,-2.174,1.881
a,216915,47.000,-0.567,80.000,-0.744,-2.419,1.026
a,216920,47.000,-0.367,80.000,1.638,-1.381,-0.928
a,216925,47.000,-0.240,80.000,1.057,-0.541,0.202
a,216930,47.000,0.074,80.000,2.431,-0.831,2.431
a,216935,47.000,0.210,80.000,1.073,-0.984,-0.485
a,216940,47.000,0.287,80.000,0.645,-2.846,-0.302
a,216945,47.000,0.372,80.000,0.660,-0.205,-0.119
a,216950,47.000,0.548,80.000,1.317,0.451,-0.470
a,216955,47.000,0.435,80.000,-0.836,-0.052,-3.157
a,216960,47.000,0.872,80.000,3.225,1.764,-2.608
a,216965,47.000,0.792,80.000,-0.637,0.467,1.377
a,216970,47.000,0.916,80.000,0.874,1.368,-0.134
a,216975,47.000,0.724,80.000,-1.477,0.390,0.370
a,216980,47.000,0.821,80.000,0.706,-0.541,-3.508
a,216985,47.000,0.892,80.000,0.492,-0.403,-1.875
a,216990,47.000,1.154,80.000,1.928,-2.007,2.079
a,216995,47.000,1.177,80.000,0.111,-1.426,-1.249
a,217000,47.000,1.199,80.000,0.126,-2.632,-0.058
a,217005,47.000,1.169,80.000,-0.301,-0.022,1.331
a,217010,47.000,1.284,80.000,0.798,-1.029,-1.249
a,217015,47.000,1.364,80.000,0.508,-0.190,1.347
a,217020,47.000,1.534,80.000,1.180,-0.984,-0.287
a,217025,47.000,1.551,80.000,0.019,-0.373,-0.241
a,217030,47.000,1.710,80.000,1.073,-0.709,6.675
a,217035,47.000,1.687,80.000,-0.286,-0.938,-0.989
a,217040,47.000,1.830,80.000,0.966,-2.800,0.614
a,217045,47.000,1.960,80.000,0.828,-0.159,-0.073
a,217050,47.000,2.323,80.000,2.538,-0.098,-0.577
a,217055,47.000,2.371,80.000,0.172,-0.785,-0.119
a,217060,47.000,2.482,80.000,0.660,-3.152,-3.035
a,217065,47.000,2.439,80.000,-0.530,0.146,-1.814
a,217070,47.000,2.613,80.000,1.103,-0.724,-2.638
a,217075,47.000,2.742,80.000,0.722,1.062,1.377
a,217080,47.000,2.741,80.000,-0.225,-1.136,2.232
a,217085,47.000,2.860,80.000,0.645,0.925,1.942
a,217090,47.000,2.821,80.000,-0.515,-0.999,-0.195
a,217095,47.000,2.959,80.000,0.783,0.879,-0.104
a,217100,47.000,2.867,80.000,-0.927,0.039,-0.394
a,217105,47.000,2.759,80.000,-1.034,0.222,2.064
a,217110,47.000,2.664,80.000,-0.927,0.467,1.179
a,217115,47.000,2.799,80.000,0.783,1.200,0.446
a,217120,47.000,2.939,80.000,0.828,-0.220,-0.638
a,217125,47.000,2.992,80.000,0.157,0.558,0.171
a,217130,47.000,2.924,80.000,-0.714,-2.205,-0.485
a,217135,47.000,2.992,80.000,0.279,0.177,-1.737
a,217141,47.000,3.180,80.000,1.180,-0.892,0.278
a,217145,47.000,3.081,80.000,-0.988,0.284,1.102
a,217150,47.000,2.983,80.000,-0.943,-1.075,-3.646
a,217155,47.000,2.711,80.000,-2.225,-1.243,-3.081
a,217160,47.000,2.729,80.000,-0.072,1.780,-2.119
a,217165,47.000,2.545,80.000,-1.538,-0.862,-1.997
a,217170,47.000,2.612,80.000,0.309,1.810,-0.180
a,217175,47.000,2.355,80.000,-2.072,0.009,0.339
a,217180,47.000,2.323,80.000,-0.393,1.535,0.232
a,217185,47.000,2.045,80.000,-2.210,0.925,-0.669
a,217190,47.000,1.863,80.000,-1.431,-1.167,-1.310
a,217195,47.000,1.719,80.000,-1.156,0.497,-1.432
a,217200,47.000,1.772,80.000,0.340,-0.541,-1.142
a,217205,47.000,1.669,80.000,-0.851,1.887,0.522
a,217210,47.000,1.547,80.000,-0.973,0.818,-3.707
a,217215,47.000,1.252,80.000,-2.256,2.100,0.858
a,217220,47.000,1.244,80.000,-0.088,1.581,-0.806
a,217225,47.000,1.083,80.000,-1.202,0.085,1.102
a,217230,47.000,0.977,80.000,-0.790,1.581,0.858
a,217235,47.000,0.708,80.000,-1.966,-0.541,2.095
a,217240,47.000,0.364,80.000,-2.515,1.062,0.202
a,217245,47.000,0.130,80.000,-1.630,-1.045,-6.119
a,217250,47.000,0.096,80.000,-0.179,3.016,-2.211
a,217255,47.000,-0.119,80.000,-1.492,1.535,0.507
a,217260,47.000,-0.255,80.000,-0.866,-0.373,0.232
a,217265,47.000,-0.556,80.000,-2.072,-0.617,-0.195
a,217270,47.000,-0.967,80.000,-2.866,-0.251,-2.669
a,217275,47.000,-1.368,80.000,-2.759,1.413,-3.417
a,217280,47.000,-1.505,80.000,-0.759,1.368,1.377
a,217285,47.000,-1.952,80.000,-3.049,0.955,2.828
a,217290,47.000,-2.256,80.000,-1.920,-0.434,2.996
a,217295,47.000,-2.777,80.000,-3.492,-0.800,-0.485
a,217300,47.000,-2.994,80.000,-1.187,-0.785,-1.783
a,217305,47.000,-3.445,80.000,-2.912,-0.113,-0.088
a,217310,47.000,-3.564,80.000,-0.393,-1.381,-1.539
a,217315,47.000,-3.970,80.000,-2.500,-1.793,1.530
a,217320,47.000,-4.296,80.000,-1.859,-3.472,-0.806
a,217325,47.000,-4.756,80.000,-2.820,-3.197,-1.325
a,217330,47.000,-4.881,80.000,-0.271,-4.510,2.812
a,217335,47.000,-5.004,80.000,-0.256,-4.862,-0.623
a,217340,47.000,-4.934,80.000,1.210,-6.602,-0.898
a,217345,47.000,-5.080,80.000,-0.424,-6.068,0.171
a,217350,47.000,-5.059,80.000,0.859,-8.388,-2.088
a,217355,47.000,-5.151,80.000,0.004,-8.388,3.225
a,217360,47.000,-5.053,80.000,1.439,-10.052,-1.264
a,217365,47.000,-4.768,80.000,2.767,-7.029,3.011
a,217371,47.000,-4.606,80.000,1.805,-6.373,3.087
a,217375,47.000,-4.528,80.000,1.164,-6.678,2.079
a,217380,47.000,-4.749,80.000,-1.049,-8.342,1.744
a,217385,47.000,-4.785,80.000,0.309,-5.304,0.278
a,217390,47.000,-4.885,80.000,-0.149,-7.365,4.278
a,217395,47.000,-4.819,80.000,1.057,-4.938,-1.859
a,217400,47.000,-4.896,80.000,0.004,-6.480,0.141
a,217405,47.000,-4.788,80.000,1.363,-5.976,4.003
a,217410,47.000,-4.917,80.000,-0.362,-9.396,-0.226
a,217415,47.000,-4.716,80.000,2.065,-7.106,-1.997
a,217420,47.000,-4.664,80.000,0.935,-7.625,-0.379
a,217425,47.000,-4.387,80.000,2.569,-6.007,-0.882
a,217430,47.000,-4.494,80.000,-0.286,-8.434,0.263
a,217435,47.000,-4.542,80.000,0.141,-6.709,-1.462
a,217440,47.000,-4.732,80.000,-0.897,-7.808,1.621
a,217445,47.000,-4.672,80.000,0.935,-4.800,2.476
a,217450,47.000,-4.649,80.000,0.676,-7.320,-2.455
a,217456,47.000,-4.539,80.000,1.302,-6.052,0.141
a,217460,47.000,-4.397,80.000,1.546,-7.732,-2.409
a,217465,47.000,-4.279,80.000,1.317,-6.297,0.705
a,217470,47.000,-4.318,80.000,0.172,-8.419,-0.577
a,217475,47.000,-4.301,80.000,0.554,-6.190,-1.829
a,217480,47.000,-4.262,80.000,0.737,-8.144,-1.111
a,217485,47.000,-4.413,80.000,-0.683,-7.594,2.003
a,217490,47.000,-4.187,80.000,2.111,-6.632,-0.837
a,217495,47.000,-4.198,80.000,0.340,-8.281,1.331
a,217500,47.000,-4.168,80.000,0.630,-6.648,4.507
a,217505,47.000,-4.040,80.000,1.347,-6.785,-0.302
a,217511,47.000,-4.017,80.000,0.554,-7.320,0.767
a,217515,47.000,-3.939,80.000,0.951,-6.999,-3.050
a,217520,47.000,-3.893,80.000,0.706,-6.785,2.736
a,217525,47.000,-3.805,80.000,0.996,-6.144,0.980
a,217530,47.000,-3.641,80.000,1.561,-7.014,-0.027
a,217535,47.000,-3.599,80.000,0.630,-6.862,-1.707
a,217540,47.000,-3.645,80.000,-0.027,-7.167,-2.211
a,217545,47.000,-3.772,80.000,-0.607,-7.900,-0.470
a,217550,47.000,-3.620,80.000,1.454,-7.320,-0.898
a,217555,47.000,-3.556,80.000,0.813,-9.228,-3.921
a,217560,47.000,-3.414,80.000,1.363,-7.732,-0.791
a,217565,47.000,-3.042,80.000,3.042,-7.381,1.652
a,217570,47.000,-2.839,80.000,1.760,-8.037,0.980
a,217575,47.000,-2.814,80.000,0.416,-8.144,-0.211
a,217580,47.000,-2.749,80.000,0.691,-7.075,-0.317
a,217585,47.000,-2.754,80.000,0.172,-7.411,1.255
a,217590,47.000,-2.817,80.000,-0.271,-6.373,3.362
a,217595,47.000,-2.775,80.000,0.523,-7.167,0.217
a,217600,47.000,-2.753,80.000,0.370,-7.320,0.003
a,217605,47.000,-2.831,80.000,-0.378,-6.923,2.141
a,217610,47.000,-2.791,80.000,0.492,-5.701,-0.195
a,217615,47.000,-2.717,80.000,0.737,-6.098,-0.669
a,217620,47.000,-2.475,80.000,1.973,-5.762,-0.363
a,217625,47.000,-2.223,80.000,2.034,-6.755,0.904
a,217630,47.000,-2.081,80.000,1.225,-9.579,-2.134
a,217635,47.000,-1.969,80.000,0.966,-8.388,0.614
a,217640,47.000,-1.812,80.000,1.286,-7.869,0.568
a,217645,47.000,-1.509,80.000,2.355,-8.327,0.339
a,217650,47.000,-1.352,80.000,1.256,-9.503,2.034
a,217655,47.000,-1.304,80.000,0.416,-9.045,-0.882
a,217660,47.000,-1.102,80.000,1.546,-7.793,-2.455
a,217665,47.000,-0.961,80.000,1.057,-6.541,2.431
a,217670,47.000,-0.836,80.000,0.905,-4.862,1.011
a,217675,47.000,-1.064,80.000,-1.737,-3.396,-2.455
a,217680,47.000,-1.276,80.000,-1.614,-1.564,-0.653
a,217685,47.000,-1.374,80.000,-0.744,-1.671,0.858
a,217690,47.000,-1.402,80.000,-0.225,-0.465,-0.791
a,217695,47.000,-1.412,80.000,-0.088,-0.846,-2.104
a,217700,47.000,-1.614,80.000,-1.492,-1.976,0.644
a,217705,47.000,-1.794,80.000,-1.294,-2.663,1.423
a,217710,47.000,-1.861,80.000,-0.424,-3.411,-0.730
a,217715,47.000,-1.807,80.000,0.492,-4.342,-0.470
a,217720,47.000,-1.635,80.000,1.347,-3.610,-0.943
a,217725,47.000,-1.526,80.000,0.874,-4.434,-0.898
a,217730,47.000,-1.667,80.000,-0.973,-5.900,-2.562
a,217735,47.000,-1.790,80.000,-0.836,-4.892,-3.524
a,217740,47.000,-1.855,80.000,-0.408,-3.472,-3.554
a,217745,47.000,-1.982,80.000,-0.851,-3.747,5.530
a,217750,47.000,-2.186,80.000,-1.431,-2.251,0.339
a,217755,47.000,-2.300,80.000,-0.714,-3.900,-2.043
a,217760,47.000,-2.354,80.000,-0.256,-4.663,-2.363
a,217765,47.000,-2.221,80.000,1.118,-2.541,-1.646
a,217770,47.000,-1.993,80.000,1.790,-1.686,-0.058
a,217775,47.000,-2.058,80.000,-0.378,-3.839,3.026
a,217780,47.000,-2.345,80.000,-1.996,-5.564,0.400
a,217785,47.000,-2.541,80.000,-1.324,-2.571,1.744
a,217790,47.000,-2.470,80.000,0.676,-1.945,1.179
a,217795,47.000,-2.520,80.000,-0.225,-3.442,1.347
a,217800,47.000,-2.753,80.000,-1.553,-4.342,-0.180
a,217806,47.000,-3.103,80.000,-2.408,-3.778,3.163
a,217810,47.000,-3.324,80.000,-1.416,-2.877,1.621
a,217815,47.000,-3.372,80.000,-0.118,-2.846,-0.959
a,217820,47.000,-3.549,80.000,-1.049,-4.571,-3.646
a,217826,47.000,-3.897,80.000,-2.317,-2.632,0.217
a,217830,47.000,-4.200,80.000,-1.935,-3.365,-0.134
a,217835,47.000,-4.223,80.000,0.157,-2.739,-2.959
a,217840,47.000,-4.488,80.000,-1.599,-5.152,2.843
a,217845,47.000,-4.902,80.000,-2.683,-4.892,2.156
a,217850,47.000,-5.155,80.000,-1.446,-5.213,-0.333
a,217855,47.000,-5.653,80.000,-3.217,-6.190,-0.409
a,217860,47.000,-6.136,80.000,-3.080,-4.159,-0.638
a,217865,47.000,-6.560,80.000,-2.607,-3.442,-0.241
a,217870,47.000,-7.028,80.000,-2.866,-5.045,-0.760
a,217875,47.000,-7.426,80.000,-2.317,-3.579,0.003
a,217880,47.000,-7.576,80.000,-0.454,-2.281,2.400
a,217885,47.000,-7.727,80.000,-0.408,-5.686,1.179
a,217890,47.000,-8.047,80.000,-1.630,-7.869,2.690
a,217895,47.000,-8.416,80.000,-1.950,-9.197,3.118
a,217900,47.000,-8.349,80.000,1.332,-10.297,-0.577
a,217905,47.000,-8.203,80.000,1.928,-12.113,-3.111
a,217910,47.000,-8.110,80.000,1.500,-12.052,-0.714
a,217915,47.000,-7.878,80.000,2.523,-12.419,0.324
a,217920,47.000,-7.373,80.000,4.508,-12.251,2.354
a,217925,47.000,-6.931,80.000,3.989,-13.503,3.118
a,217930,47.000,-6.913,80.000,0.798,-13.884,-4.165
a,217935,47.000,-6.566,80.000,3.195,-10.816,1.698
a,217940,47.000,-6.328,80.000,2.340,-10.923,5.225
a,217945,47.000,-6.274,80.000,0.935,-10.129,3.347
a,217950,47.000,-6.208,80.000,1.012,-10.083,-0.608
a,217955,47.000,-6.345,80.000,-0.485,-11.411,3.744
a,217960,47.000,-6.329,80.000,0.645,-10.709,1.576